eef_pos_x,eef_pos_y,eef_pos_z,eef_vel_0,eef_vel_1,eef_vel_2,eef_rpy_roll,eef_rpy_pitch,eef_rpy_yaw,target_pos_x,target_pos_y,target_pos_z,target_rpy_roll,target_rpy_pitch,target_rpy_yaw,drone_pos_x,drone_pos_y,drone_pos_z
-0.009512408023356794,0.6417836088889514,2.0611134218000067,-0.01179115649026574,-0.00046628783675807496,1.3019795941610467e-05,-1.5714169666454738,-0.0007125284614311056,1.123552299515985,0.10289999842643738,0.40549999475479126,1.6497999429702759,-1.5707963267948966,0.0,1.5707963267948966,-7.980176182871897e-05,0.008890715440119747,2.1548886421218394
-0.009509522109349007,0.6416245713003426,2.0615363390523704,-0.01729853887364352,-0.0005007579272287277,-2.177003861488048e-05,-1.571438863928531,-0.0007195682389458113,1.1235185200242679,0.10289999842643738,0.40549999475479126,1.6497999429702759,-1.5707963267948966,0.0,1.5707963267948966,-7.824313208922732e-05,0.00877163776354616,2.1552994586629293
-0.00950474805358806,0.6413478471362603,2.062309213250093,-0.03362765292052167,-0.0006271069206312477,0.00010341528242976214,-1.5714723023603876,-0.0007353723109799759,1.1233293997955158,0.10289999842643738,0.40549999475479126,1.6497999429702759,-1.5707963267948966,0.0,1.5707963267948966,-7.482077693852714e-05,0.008510881686483517,2.156124110645968
-0.009491988932349172,0.6409962081232323,2.0632694349684417,-0.03974914381562215,-0.0007003764087012513,0.0004679368929670537,-1.571486003326938,-0.000793411893226903,1.1228177208362426,0.10289999842643738,0.40549999475479126,1.6497999429702759,-1.5707963267948966,0.0,1.5707963267948966,-7.14598406353048e-05,0.008175146579936165,2.1570497540179385
-0.009472227774044556,0.6406567073760435,2.064059128912586,-0.034740741181343515,-0.0007310973517678532,0.00037178579340610776,-1.5714777311822177,-0.0008609754502701961,1.1220432549365964,0.10289999842643738,0.40549999475479126,1.6497999429702759,-1.5707963267948966,0.0,1.5707963267948966,-6.935097831247021e-05,0.007847247601929076,2.157817642906452
-0.00945734191513262,0.6404355931413881,2.064484520624925,-0.03016790425943773,-0.0007102689934319023,0.0003138045721591887,-1.5714711625072506,-0.0009071970045475553,1.1214285277013127,0.10289999842643738,0.40549999475479126,1.6497999429702759,-1.5707963267948966,0.0,1.5707963267948966,-6.822396555291468e-05,0.007631410030593838,2.1582509339227927
-0.00943926291066604,0.640194153625524,2.064882253936556,-0.025264878184126007,-0.000665350637877196,0.0002104682498112357,-1.5714570724167092,-0.0009762007018996322,1.1206992229387827,0.10289999842643738,0.40549999475479126,1.6497999429702759,-1.5707963267948966,0.0,1.5707963267948966,-6.709741441681656e-05,0.007391265260133466,2.158664322242345
-0.00941438038223946,0.6398837936142722,2.065296184988222,-0.020069309093135555,-0.0005710042436944022,0.00014731225297348282,-1.5714300127373053,-0.0010633375465496364,1.1197100015258172,0.10289999842643738,0.40549999475479126,1.6497999429702759,-1.5707963267948966,0.0,1.5707963267948966,-6.56845803924978e-05,0.007076251751965438,2.1590961356046763
-0.009395331259183622,0.6396589957619281,2.065527569370569,-0.01719419625936397,-0.0004994052908027803,9.822160172749043e-05,-1.5714150725739444,-0.0011221383643142957,1.1189667534447936,0.10289999842643738,0.40549999475479126,1.6497999429702759,-1.5707963267948966,0.0,1.5707963267948966,-6.467824669392426e-05,0.006844452644666576,2.159324752626591
-0.009371067384633107,0.6393951287913354,2.0657210484139688,-0.013601763362779294,-0.0004229792203581994,0.00010986272288593739,-1.571394504540914,-0.001211806751421296,1.1180776809504795,0.10289999842643738,0.40549999475479126,1.6497999429702759,-1.5707963267948966,0.0,1.5707963267948966,-6.352041200046632e-05,0.006566883419231974,2.1594911388027707
-0.009350602044405527,0.6391874817004247,2.0658054921321667,-0.011193104911867832,-0.00039511063937380044,7.408958701497808e-05,-1.571370757264527,-0.0012793741018599647,1.1173856196761784,0.10289999842643738,0.40549999475479126,1.6497999429702759,-1.5707963267948966,0.0,1.5707963267948966,-6.265080038624176e-05,0.0063450469101236,2.1595515988939775
-0.009323853516978588,0.6389614854704134,2.06582914401541,-0.00900817860852277,-0.0002545027566428462,0.0004267821048094874,-1.5713561542750385,-0.0013459893112321986,1.1166613877182012,0.10289999842643738,0.40549999475479126,1.6497999429702759,-1.5707963267948966,0.0,1.5707963267948966,-6.234908387340962e-05,0.006081267308749127,2.1595347612236497
-0.009292786689262375,0.6387614095012277,2.0657909083011647,-0.006480330342990077,-1.5193699205461245e-05,0.0004818620608842006,-1.5713571872964283,-0.0014219237555939124,1.1160616173879698,0.10289999842643738,0.40549999475479126,1.6497999429702759,-1.5707963267948966,0.0,1.5707963267948966,-6.298553611024567e-05,0.0058947215091657,2.159464557573842
-0.00925464055449991,0.6385455059698366,2.0656838008059006,-0.003520492683861846,0.00028183642231665673,0.0003450648972608167,-1.5713591087117431,-0.0015060246536879873,1.1154466325303969,0.10289999842643738,0.40549999475479126,1.6497999429702759,-1.5707963267948966,0.0,1.5707963267948966,-6.416039178580816e-05,0.005667500687312334,2.1593120333227414
-0.009214887384791556,0.6383361254896898,2.0655130964122397,-0.0007709884940650369,0.0005384517485600262,0.00022039719604252948,-1.5713665864606536,-0.0015765871847923663,1.1148730750465017,0.10289999842643738,0.40549999475479126,1.6497999429702759,-1.5707963267948966,0.0,1.5707963267948966,-6.46606698827764e-05,0.005446798031164407,2.1590862463411993
-0.009169880921729906,0.6381149303348814,2.065254236532191,0.00205201876793049,0.0007075562395724013,0.00010765722249823428,-1.5713837586962023,-0.001668459981697623,1.1142892100586326,0.10289999842643738,0.40549999475479126,1.6497999429702759,-1.5707963267948966,0.0,1.5707963267948966,-6.607133293231598e-05,0.0052116814207811835,2.1587608479761924
-0.009128429637941768,0.6379239961840535,2.0649567683173986,0.0039821712769778,0.0007499789227158011,6.682346967699694e-05,-1.5713946146248607,-0.0017515897871733799,1.113800573394955,0.10289999842643738,0.40549999475479126,1.6497999429702759,-1.5707963267948966,0.0,1.5707963267948966,-6.731565969230798e-05,0.005005015713806383,2.1583952856620123
-0.009086647849221308,0.6377413541377688,2.0646033377050754,0.005688126721456015,0.0006895476056551821,4.5214116158586376e-05,-1.5714051387689394,-0.0018204878298919702,1.1133490475119845,0.10289999842643738,0.40549999475479126,1.6497999429702759,-1.5707963267948966,0.0,1.5707963267948966,-6.856965132688175e-05,0.004805400755200836,2.1579682287902173
-0.00904824432248822,0.6375839960046215,2.0642383210978745,0.006980254969913608,0.0006130531485337284,6.248431229812313e-05,-1.5714221408497344,-0.001891850808191542,1.1129659071124345,0.10289999842643738,0.40549999475479126,1.6497999429702759,-1.5707963267948966,0.0,1.5707963267948966,-6.899784020721472e-05,0.004631820608005841,2.1575318505822607
-0.00899740261510167,0.6373917859846981,2.0636719361535616,0.010123209901129072,-0.0005461374660641634,-4.5494583759243386e-05,-1.5714379818901154,-0.0019930822222926636,1.1124597717089841,0.10289999842643738,0.40549999475479126,1.6497999429702759,-1.5707963267948966,0.0,1.5707963267948966,-6.969060549625046e-05,0.0044084035681499194,2.156882010166706
-0.00896388563002727,0.637276486255039,2.063240728872063,0.011340871974786466,0.0010208766591245368,0.00011372450245761471,-1.5714385159322648,-0.002053978105512222,1.1121092892069995,0.10289999842643738,0.40549999475479126,1.6497999429702759,-1.5707963267948966,0.0,1.5707963267948966,-7.06418421932484e-05,0.004264201544241056,2.156406934149726
-0.008921250928879906,0.637143961280913,2.0626498493120584,0.012053648615401128,0.0014399331920999878,-2.9579732665937943e-06,-1.5714394318102127,-0.00214153696777597,1.1116707246779067,0.10289999842643738,0.40549999475479126,1.6497999429702759,-1.5707963267948966,0.0,1.5707963267948966,-7.118914414504797e-05,0.004090081635664998,2.155772058887295
-0.008879733980523611,0.6370247071033341,2.0620043053204506,0.01236299688116625,0.0017935996268262347,-9.634424636839213e-05,-1.5714445194082844,-0.002237449425131821,1.1112369111567406,0.10289999842643738,0.40549999475479126,1.6497999429702759,-1.5707963267948966,0.0,1.5707963267948966,-7.197575931607267e-05,0.003923045902158336,2.155091552110874
-0.008839359447703695,0.6369169587556289,2.0613079350052694,0.01239040407487479,0.0019915132222361924,-8.869653978927147e-05,-1.571444723407377,-0.0023156158733637078,1.1108121865933138,0.10289999842643738,0.40549999475479126,1.6497999429702759,-1.5707963267948966,0.0,1.5707963267948966,-7.167327510293782e-05,0.003747825740942004,2.154294632431406
-0.008798232713103406,0.6368075362208441,2.0604871997087675,0.012977475197885288,0.001974890487240963,-0.00035338291232105167,-1.5714451694350033,-0.0024046803882145085,1.1103473637988714,0.10289999842643738,0.40549999475479126,1.6497999429702759,-1.5707963267948966,0.0,1.5707963267948966,-7.137154390315509e-05,0.00359636687753669,2.153528646525941
-0.008760602886392212,0.6366984195922336,2.0595287392182633,0.014380811321802519,0.0019399497948520824,-0.000380860626745039,-1.5714441852141054,-0.0025162489254171305,1.1098438497115288,0.10289999842643738,0.40549999475479126,1.6497999429702759,-1.5707963267948966,0.0,1.5707963267948966,-6.958587469583591e-05,0.0034101506123417257,2.152479030257087
-0.008733132659416517,0.6366159856623519,2.0586856198257735,0.015448818728106826,0.001883410826439615,-0.0003111203161054574,-1.5714312768583423,-0.0025971462679530433,1.109433331538718,0.10289999842643738,0.40549999475479126,1.6497999429702759,-1.5707963267948966,0.0,1.5707963267948966,-6.775833523470281e-05,0.003287980905518239,2.1517179579180072
-0.008707565882896943,0.6365401448225203,2.0578088106182975,0.016387649420404583,0.0018029845856370125,-0.0002339924043936023,-1.5714175844716374,-0.0026845210528838592,1.1090303961635457,0.10289999842643738,0.40549999475479126,1.6497999429702759,-1.5707963267948966,0.0,1.5707963267948966,-6.534131275946824e-05,0.0031586472604772293,2.150841171048436
-0.008688030440732313,0.6364852560842239,2.0570842883399885,0.017000123378679684,0.001723908546919721,-0.0001866499491026216,-1.571408467796363,-0.002762613442775841,1.1087163530333446,0.10289999842643738,0.40549999475479126,1.6497999429702759,-1.5707963267948966,0.0,1.5707963267948966,-6.315424080196521e-05,0.0030599569169256825,2.150118189518685
-0.008666863880533834,0.6364303568632007,2.0562458163186026,0.017667492188428544,0.0016372700287154134,-0.0001072280692532855,-1.5713914912444082,-0.0028410016020399276,1.1083749861910683,0.10289999842643738,0.40549999475479126,1.6497999429702759,-1.5707963267948966,0.0,1.5707963267948966,-6.049309729659548e-05,0.002953922920875479,2.149282527582724
-0.008637239715129,0.6363614857093982,2.0549947802913913,0.01813263362669937,0.0003439357428071549,-7.696482563307152e-05,-1.571355765562952,-0.002952843329158128,1.1079011852370924,0.10289999842643738,0.40549999475479126,1.6497999429702759,-1.5707963267948966,0.0,1.5707963267948966,-5.56445117947431e-05,0.0028100925570320335,2.148037580311114
-0.008623438071291643,0.6363337430169776,2.054402385039837,0.018273638129463643,0.001498338905918887,5.580703923045489e-05,-1.5713409848101474,-0.0030135072239518834,1.1076882101878849,0.10289999842643738,0.40549999475479126,1.6497999429702759,-1.5707963267948966,0.0,1.5707963267948966,-5.3341035002950845e-05,0.0027371864915193126,2.147349849847759
-0.008593117836822185,0.6362838461312513,2.0530867824440047,0.018520691018198462,0.0014173592170843609,-2.0640797292117952e-05,-1.5713067594696926,-0.003131090853090157,1.107245362354889,0.10289999842643738,0.40549999475479126,1.6497999429702759,-1.5707963267948966,0.0,1.5707963267948966,-4.829670718880886e-05,0.0026101544173562,2.1460484868070875
-0.008569753598738005,0.6362570124440583,2.052151372682154,0.018655812021615082,0.0014388280464587174,0.0004213314169351866,-1.5712783412457374,-0.003207592846721674,1.106951695048314,0.10289999842643738,0.40549999475479126,1.6497999429702759,-1.5707963267948966,0.0,1.5707963267948966,-4.577893313451939e-05,0.002537210635945087,2.1452331674316105
-0.008533974112166411,0.6362344597746588,2.051090700526836,0.0185230047016684,0.0014119791361257683,0.0006318958609236979,-1.571255097316066,-0.0033125947430359126,1.1066317475616314,0.10289999842643738,0.40549999475479126,1.6497999429702759,-1.5707963267948966,0.0,1.5707963267948966,-4.3253290220592364e-05,0.0024515614211522573,2.144204781904048
-0.008496443086750991,0.6362212999212769,2.0501198250740638,0.0182030870013621,0.0013512104543451965,0.000572137998639158,-1.5712404290663915,-0.0034014910138280285,1.106351562580242,0.10289999842643738,0.40549999475479126,1.6497999429702759,-1.5707963267948966,0.0,1.5707963267948966,-4.1546163909755e-05,0.002379720946867502,2.1432710329717657
-0.008451290388989563,0.6362138302913289,2.0490262039381055,0.0179240036796996,0.0012844395237778979,0.0004624945314736784,-1.5712198407086553,-0.003498397310283785,1.1060497101931497,0.10289999842643738,0.40549999475479126,1.6497999429702759,-1.5707963267948966,0.0,1.5707963267948966,-4.0581577709121985e-05,0.002305642001323738,2.1422243266459673
-0.008408050364826617,0.63621169646444,2.0480305524777522,0.01779284993002226,0.0012486610050196623,0.0003777324882290111,-1.5712015194746203,-0.0036018312193242252,1.1057830737205454,0.10289999842643738,0.40549999475479126,1.6497999429702759,-1.5707963267948966,0.0,1.5707963267948966,-3.920287841468586e-05,0.0022440149035884184,2.14127473976102
-0.008353009606894326,0.6362157605246084,2.0468002570827046,0.01779371622601543,0.001230776720027545,0.0003009749887468486,-1.5711874705453808,-0.0037244744718716305,1.1054599458146237,0.10289999842643738,0.40549999475479126,1.6497999429702759,-1.5707963267948966,0.0,1.5707963267948966,-3.764939833403399e-05,0.002174894071146928,2.140105998248789
-0.008301121923050497,0.6362266773475921,2.0456703702302192,0.0177914101645369,0.0012180840961715676,0.0002791773539661733,-1.571171291238507,-0.0038254748627775115,1.105172541025031,0.10289999842643738,0.40549999475479126,1.6497999429702759,-1.5707963267948966,0.0,1.5707963267948966,-3.605886998991785e-05,0.002112296260244396,2.138929468884647
-0.008241421010532698,0.636244374275679,2.0444185625095974,0.01774701394413025,0.0011812880299951671,0.0002647027342769753,-1.5711533525020032,-0.0039560531738001,1.104860271228767,0.10289999842643738,0.40549999475479126,1.6497999429702759,-1.5707963267948966,0.0,1.5707963267948966,-3.453162010769698e-05,0.0020609380686287685,2.137853891198869
-0.008191443801295578,0.6362632449051405,2.0433880438380765,0.01787037424857001,0.001134294584671642,0.00021157737808380982,-1.571146590523849,-0.004062156855309418,1.1046088533626897,0.10289999842643738,0.40549999475479126,1.6497999429702759,-1.5707963267948966,0.0,1.5707963267948966,-3.351829366022429e-05,0.0020190699997433594,2.13688298723795
-0.008135237261608419,0.6362901073853818,2.0422363143022833,0.01790987785628479,0.001073145579576414,0.00021890647573826952,-1.5711379165269914,-0.004169737283675534,1.1043376720352982,0.10289999842643738,0.40549999475479126,1.6497999429702759,-1.5707963267948966,0.0,1.5707963267948966,-3.201278760397822e-05,0.0019732791661669054,2.1356946777471553
-0.008071914155317123,0.6363251131011805,2.0409642386373106,0.017729457044981217,0.0009968439491285595,0.00019594758476412945,-1.5711212965569044,-0.004302598626775289,1.1040481355709408,0.10289999842643738,0.40549999475479126,1.6497999429702759,-1.5707963267948966,0.0,1.5707963267948966,-2.9871663554043976e-05,0.0019367193881523503,2.1346136439875787
-0.00800815329892254,0.6363651313909757,2.039688456105835,0.01754221209709493,0.000927762097727287,0.0001790670809255848,-1.5711107523082302,-0.004432385463056576,1.103764701237473,0.10289999842643738,0.40549999475479126,1.6497999429702759,-1.5707963267948966,0.0,1.5707963267948966,-2.771545203080628e-05,0.0019019529469613584,2.1334258567688145
-0.007961758582494326,0.6363984905662207,2.038758688480699,0.017218611830450724,0.0008754039579830771,0.00017367980181361346,-1.5711037663097633,-0.004517632803795024,1.1035642411659858,0.10289999842643738,0.40549999475479126,1.6497999429702759,-1.5707963267948966,0.0,1.5707963267948966,-2.58533449195196e-05,0.001880148278265284,2.132564284985427
-0.007890718615829784,0.636464107296441,2.037230600206788,0.018834582046365282,0.0006786687105720078,-9.515673952707312e-05,-1.5710690523752708,-0.004675237759920403,1.1032142512701184,0.10289999842643738,0.40549999475479126,1.6497999429702759,-1.5707963267948966,0.0,1.5707963267948966,-2.0671126260289813e-05,0.0018496330024079719,2.131173469049961
-0.00785638386890716,0.6365062373204672,2.036395430623728,0.018775488556100266,0.0005020950989895668,-0.00013688981493715713,-1.5710417679089228,-0.004761317455496794,1.1030033186224157,0.10289999842643738,0.40549999475479126,1.6497999429702759,-1.5707963267948966,0.0,1.5707963267948966,-1.7177600515312066e-05,0.0018353867246554642,2.1304320775448695
-0.00781289453756238,0.6365752756337233,2.035195415457633,0.018226445055418504,0.00025416010977194237,-0.00032911968675124897,-1.5709917463591139,-0.004871279440343379,1.1026846510841475,0.10289999842643738,0.40549999475479126,1.6497999429702759,-1.5707963267948966,0.0,1.5707963267948966,-1.1851845209119689e-05,0.001818096199794819,2.129382222007235
-0.0077695663045712765,0.636670358815411,2.033749459829949,0.017086107766074318,-6.586865556768616e-05,-0.0002789792160621235,-1.5709004426778796,-0.0050176053977271096,1.1022816042712944,0.10289999842643738,0.40549999475479126,1.6497999429702759,-1.5707963267948966,0.0,1.5707963267948966,-3.1851364301422444e-06,0.0018022484452741277,2.1281367443384767
-0.007742388138606836,0.6367373334424659,2.0327868684688517,0.016114523803238533,-0.0001982448445000459,2.991143507357887e-05,-1.5708304518897573,-0.005119773574435715,1.1020034444929245,0.10289999842643738,0.40549999475479126,1.6497999429702759,-1.5707963267948966,0.0,1.5707963267948966,2.7598771576594673e-06,0.0017948826842314866,2.1273153955226145
-0.007704922602944127,0.6368220630601134,2.0315888269976936,0.015613166715743343,-0.00026544510279927365,0.00034927472970882614,-1.5707436533586605,-0.005230984160251584,1.1016529140308813,0.10289999842643738,0.40549999475479126,1.6497999429702759,-1.5707963267948966,0.0,1.5707963267948966,9.886400930234126e-06,0.0017894523193763068,2.1263008491884494
-0.007663702116690194,0.6369092895990147,2.0303965530340204,0.01526832387867329,-0.0002485363376852182,0.00046714594625898553,-1.5706486636927794,-0.005348089874650075,1.1013048055972843,0.10289999842643738,0.40549999475479126,1.6497999429702759,-1.5707963267948966,0.0,1.5707963267948966,1.6807673331229433e-05,0.0017877557784592227,2.1253017301130708
-0.007620481223332447,0.6369976662105823,2.0292146501307577,0.015127992056348507,-0.00018007627083005339,0.0004528487662590412,-1.5705488954486166,-0.005474264120662209,1.1009563745490083,0.10289999842643738,0.40549999475479126,1.6497999429702759,-1.5707963267948966,0.0,1.5707963267948966,2.386939877262426e-05,0.0017895251379010661,2.1243169714894874
-0.007567968518552426,0.6371060779267057,2.0278117200596246,0.015041830589703781,-6.508070856292473e-05,0.00041506512547847055,-1.5704353570280107,-0.0056105125774417175,1.1005302668708836,0.10289999842643738,0.40549999475479126,1.6497999429702759,-1.5707963267948966,0.0,1.5707963267948966,3.280078711094058e-05,0.0017957016556934386,2.1231511410044703
-0.007532562779881724,0.6371816007794049,2.0268855849760197,0.015188658279006633,-1.1162472916394003e-06,0.00039173344886540086,-1.5703564677608046,-0.00570579357168155,1.1002436724688431,0.10289999842643738,0.40549999475479126,1.6497999429702759,-1.5707963267948966,0.0,1.5707963267948966,3.9085254205456275e-05,0.0018020260593777935,2.1223836381636385
-0.007487929243618223,0.6372777763413362,2.0257387574521912,0.015126747781900662,-0.000846083884224371,0.000375739110224725,-1.570253476690976,-0.0058318848347012064,1.0998875946626119,0.10289999842643738,0.40549999475479126,1.6497999429702759,-1.5707963267948966,0.0,1.5707963267948966,4.7310890225071644e-05,0.0018123520972509579,2.1214364478448258
-0.0074387980349847425,0.6373852442789475,2.0244922174613658,0.014999193378250819,-0.0007344556145171293,0.0003863629980078514,-1.5701448843466166,-0.005957139200715389,1.0994954857891677,0.10289999842643738,0.40549999475479126,1.6497999429702759,-1.5707963267948966,0.0,1.5707963267948966,5.6681317028349395e-05,0.0018267101344408459,2.1204097383689047
-0.007398406470359454,0.6374765205788658,2.0234823139521514,0.014781788225187942,-0.0005140642687685507,0.0003944549032902905,-1.5700547957564581,-0.006062123249073625,1.0991751522377444,0.10289999842643738,0.40549999475479126,1.6497999429702759,-1.5707963267948966,0.0,1.5707963267948966,6.469628447157828e-05,0.0018406344166491473,2.1195823333406683
-0.007353299814415902,0.6375809394772176,2.0223717758599937,0.014156959802839885,-0.00028417601376969467,0.0003809665461725239,-1.569946704400555,-0.006187946786705645,1.098819015024898,0.10289999842643738,0.40549999475479126,1.6497999429702759,-1.5707963267948966,0.0,1.5707963267948966,7.402562911073751e-05,0.0018583821812745245,2.1186763927173837
-0.007303933555168508,0.637697186025731,2.021166107211023,0.013454216027523959,-0.00012685828982193984,0.0003896100484312721,-1.5698329301064702,-0.00631411296854445,1.0984218089068754,0.10289999842643738,0.40549999475479126,1.6497999429702759,-1.5707963267948966,0.0,1.5707963267948966,8.483384322072921e-05,0.0018806790107033294,2.1176962245982676
-0.007263391151411516,0.6377945190866057,2.02019005019203,0.013136464676890834,-0.00010810685927612345,0.0003894439932235839,-1.5697465873033691,-0.006415867307326906,1.0980948108527406,0.10289999842643738,0.40549999475479126,1.6497999429702759,-1.5707963267948966,0.0,1.5707963267948966,9.406747098344394e-05,0.0019009308338447722,2.1169089559616414
-0.007208453172316953,0.637926214020219,2.0189090692435503,0.011812328379002392,-0.00016329072457659132,0.0004308205457476638,-1.5696344995739657,-0.006557659612905553,1.0976718342830396,0.10289999842643738,0.40549999475479126,1.6497999429702759,-1.5707963267948966,0.0,1.5707963267948966,0.00010725410216997052,0.001930819789967877,2.1158783170259454
-0.007170997799783675,0.6380131200543522,2.018072955737507,0.01175059129707755,-0.0001864480621540976,0.00046003050562235377,-1.5695708701706073,-0.006644280055336793,1.0974032406558485,0.10289999842643738,0.40549999475479126,1.6497999429702759,-1.5707963267948966,0.0,1.5707963267948966,0.00011604207603712843,0.0019525378555428842,2.1152036053900147
-0.007123494940064886,0.6381221861981623,2.0170418721235666,0.012367602990664923,-0.00021420182557270684,0.00044708949314416565,-1.5695022711585733,-0.0067518807051181184,1.0970743889061572,0.10289999842643738,0.40549999475479126,1.6497999429702759,-1.5707963267948966,0.0,1.5707963267948966,0.00012733748167342943,0.0019810430105573606,2.1143756742554185
-0.007075458919677749,0.6382328818252575,2.016027015757169,0.012791095688962613,-0.0002427670063637763,0.00044516130280616677,-1.5694314945538235,-0.006867573305822994,1.0967555761490781,0.10289999842643738,0.40549999475479126,1.6497999429702759,-1.5707963267948966,0.0,1.5707963267948966,0.00013902964669773715,0.0020108135722591383,2.1135649536376473
-0.007032169744666758,0.6383326292729865,2.0151299604665924,0.012862746593444697,-0.0002769442380247013,0.0004329962553653676,-1.569364174196343,-0.0069661659505166895,1.0964759160934983,0.10289999842643738,0.40549999475479126,1.6497999429702759,-1.5707963267948966,0.0,1.5707963267948966,0.0001498919923207564,0.0020386892104053995,2.112849970766989
-0.006978964699635385,0.6384551610059271,2.0140546975863733,0.012607517603889012,-0.00030868512636167666,0.0004597548036418098,-1.5692895919767835,-0.007084310675780081,1.0961379790175605,0.10289999842643738,0.40549999475479126,1.6497999429702759,-1.5707963267948966,0.0,1.5707963267948966,0.00016390836590142045,0.0020741396141138605,2.111994963998961
-0.00693412992106111,0.6385602755211824,2.013183413406844,0.013672275212872172,-0.0002890067979355808,0.0005296438966040626,-1.5692197773588517,-0.00719185455467386,1.0958549878211787,0.10289999842643738,0.40549999475479126,1.6497999429702759,-1.5707963267948966,0.0,1.5707963267948966,0.00017689666489490005,0.0021069263515407282,2.111238088419419
-0.006869854552340634,0.6387201150724542,2.0119326898620735,0.012984390606254772,-0.00015128665408983916,0.00034811251701157583,-1.5690729154017342,-0.007338939105852482,1.0954372186005634,0.10289999842643738,0.40549999475479126,1.6497999429702759,-1.5707963267948966,0.0,1.5707963267948966,0.00019413257349017502,0.002150185695468535,2.1102852189838437
-0.00682282885454492,0.6388455959242446,2.010991691971582,0.011323640552471707,3.0486895814648998e-05,0.0003713408288910927,-1.5689379163521546,-0.0074501168619898195,1.0951429837888567,0.10289999842643738,0.40549999475479126,1.6497999429702759,-1.5707963267948966,0.0,1.5707963267948966,0.0002067727310392703,0.0021813607844803845,2.1096450067363843
-0.006786046228104461,0.6389482627003653,2.010257464363187,0.009691789807270595,8.73875657827432e-05,0.00030818601855984047,-1.5688231489819802,-0.007546556313954511,1.0949372239052044,0.10289999842643738,0.40549999475479126,1.6497999429702759,-1.5707963267948966,0.0,1.5707963267948966,0.00021986200835820102,0.0022137368656906325,2.1090190761043695
-0.006737603012235859,0.6390874283999768,2.00927877102961,0.008350312903948026,0.0001170206466589523,0.0003602218743281218,-1.568657185639166,-0.00765579279956885,1.0947011000046554,0.10289999842643738,0.40549999475479126,1.6497999429702759,-1.5707963267948966,0.0,1.5707963267948966,0.0002368638652553144,0.0022551002437390215,2.1082745864219117
-0.006692717591468754,0.6392093053930392,2.0084189416427174,0.008177070144822114,0.00022686539910239794,0.0005746516356924971,-1.5685074376916672,-0.007739258985470343,1.0945395588446925,0.10289999842643738,0.40549999475479126,1.6497999429702759,-1.5707963267948966,0.0,1.5707963267948966,0.0002505775929222244,0.0022899885605169217,2.107681258421914
-0.00664767909531414,0.6393171360904297,2.007667195637305,0.008966755299564626,0.00041980614037968704,0.0009501623315714508,-1.5683662854587104,-0.007819762378907136,1.0944415038431914,0.10289999842643738,0.40549999475479126,1.6497999429702759,-1.5707963267948966,0.0,1.5707963267948966,0.0002638921388642458,0.0023253782665014137,2.1071051762339694
-0.0065876895669076275,0.639444641415667,2.0067795806748547,0.009917626621275042,0.0005620494222450021,0.0007522549190901906,-1.5681728890898208,-0.007891950819115756,1.0943920030438758,0.10289999842643738,0.40549999475479126,1.6497999429702759,-1.5707963267948966,0.0,1.5707963267948966,0.00028081870770664595,0.0023730346853239053,2.106364688828351
-0.00653814430873878,0.639542649514113,2.0060865255918565,0.01007310786868534,0.0006079682007441322,0.0007516547065400623,-1.5680033699959328,-0.00793888425461109,1.094413447824858,0.10289999842643738,0.40549999475479126,1.6497999429702759,-1.5707963267948966,0.0,1.5707963267948966,0.0002920792112539517,0.002405301178673034,2.10588839828947
-0.00647171017600339,0.6396569827287324,2.0052826570222146,0.010193081493617816,0.0008037244136995863,0.0009931490765049697,-1.5677942255202784,-0.008029885851566831,1.0945161923765307,0.10289999842643738,0.40549999475479126,1.6497999429702759,-1.5707963267948966,0.0,1.5707963267948966,0.00030691752765878556,0.002450310945590471,2.1052536880122292
-0.00640362348349066,0.639757572124459,2.0045864739446113,0.011004172679022714,0.0012139018160624907,0.0012164704687764167,-1.5675862580980129,-0.008119919662007202,1.0946800462418822,0.10289999842643738,0.40549999475479126,1.6497999429702759,-1.5707963267948966,0.0,1.5707963267948966,0.00031949815433349063,0.002491468531787004,2.1046970452227423
-0.006318869779124158,0.6398680091895786,2.0038460330113734,0.012173710145947843,0.0017682764514655874,0.0012947980233711863,-1.5673432683505266,-0.00823886938907048,1.094903097585004,0.10289999842643738,0.40549999475479126,1.6497999429702759,-1.5707963267948966,0.0,1.5707963267948966,0.00033203505513461747,0.0025359707017331757,2.104109078357786
-0.006253125350652455,0.6399494252789049,2.003323709798797,0.011889166538824193,0.002119588256878552,0.0010376495668069782,-1.5671594602268923,-0.00835387806380794,1.0950818926553931,0.10289999842643738,0.40549999475479126,1.6497999429702759,-1.5707963267948966,0.0,1.5707963267948966,0.0003408943804212301,0.0025678453926081045,2.103695974926636
-0.006173884089769226,0.6400520755034296,2.0026941330262873,0.010870584930724458,0.0023572663884486628,0.00042855421550996143,-1.5669131980085311,-0.008481243896435675,1.0953392452668291,0.10289999842643738,0.40549999475479126,1.6497999429702759,-1.5707963267948966,0.0,1.5707963267948966,0.0003529222433232617,0.002607739907885691,2.1031967256689708
-0.006088454721928098,0.6401814608057991,2.0019184216743686,0.008893485131564257,0.0024308367038942203,-0.0005849552555040832,-1.5665475304174477,-0.008604752512645142,1.0957444683691273,0.10289999842643738,0.40549999475479126,1.6497999429702759,-1.5707963267948966,0.0,1.5707963267948966,0.0003725478746415961,0.002660235884438111,2.1025802328349092
-0.006054621425283529,0.6402483321959501,2.001522695569361,0.008161182257226113,0.002394611353333765,-0.000913754907209007,-1.5663295091900742,-0.008663381330268116,1.0959973679998471,0.10289999842643738,0.40549999475479126,1.6497999429702759,-1.5707963267948966,0.0,1.5707963267948966,0.00038526833775958275,0.0026888541369982488,2.1022655880103382
-0.006022777986968657,0.6403421570366249,2.0009823351994815,0.007749985831386487,0.002231104434329319,-0.0013520385240061309,-1.5659927427569278,-0.008708531901056915,1.0963990251084792,0.10289999842643738,0.40549999475479126,1.6497999429702759,-1.5707963267948966,0.0,1.5707963267948966,0.0004065048673525325,0.0027297084382159535,2.1018362478185817
-0.006012416267614378,0.6404325207844441,2.000470172432058,0.008501733318164126,0.00206147552673733,-0.001561108146411543,-1.5656184972553855,-0.008696034547834408,1.0968408573859048,0.10289999842643738,0.40549999475479126,1.6497999429702759,-1.5707963267948966,0.0,1.5707963267948966,0.00043162136986828284,0.0027700894067693447,2.101430316053007
-0.0060152868924431115,0.6405188609458261,1.9999840232033732,0.008725692657042566,0.001376885713670841,-0.0008615070145522567,-1.5652352542219088,-0.00866756416034864,1.0973064323792805,0.10289999842643738,0.40549999475479126,1.6497999429702759,-1.5707963267948966,0.0,1.5707963267948966,0.00046251414840003854,0.0028135583848763997,2.1010070059744788
-0.006015865939165174,0.6406021824072032,1.9995267762236777,0.008855369403656886,0.0024084724542999133,0.00021047082316087503,-1.5648649757634026,-0.008628125210905502,1.0978048098645385,0.10289999842643738,0.40549999475479126,1.6497999429702759,-1.5707963267948966,0.0,1.5707963267948966,0.000489960103772277,0.0028523790470177147,2.100643677527446
-0.006007297349546727,0.6406844201603581,1.9990960128165347,0.00882327014531695,0.002682558972108857,0.0009157167847107668,-1.5644966387508932,-0.008566851551385923,1.0983475976028942,0.10289999842643738,0.40549999475479126,1.6497999429702759,-1.5707963267948966,0.0,1.5707963267948966,0.0005137618543103559,0.0028865516075738122,2.10033737490909
-0.00599318806791949,0.6407561988276314,1.9987324465440521,0.008459530445062965,0.002601706068543437,0.0009805212574768023,-1.5641633691140049,-0.008529718014270493,1.0988705297356187,0.10289999842643738,0.40549999475479126,1.6497999429702759,-1.5707963267948966,0.0,1.5707963267948966,0.0005396098793726424,0.002923728630382031,2.100019057489868
-0.005972439177563972,0.6408571960045192,1.9982491692828388,0.00794511720651711,0.0022419107723004824,0.0007152776403141478,-1.5636883422840937,-0.008451795662867134,1.0996650896713516,0.10289999842643738,0.40549999475479126,1.6497999429702759,-1.5707963267948966,0.0,1.5707963267948966,0.0005714516536745796,0.002967124852775779,2.0996591553050883
-0.005962950629763697,0.6409256120843557,1.9979397671781574,0.008578189804220258,0.0019716342780677983,0.00036727822142848093,-1.563351486634241,-0.008347650051047761,1.10024257903209,0.10289999842643738,0.40549999475479126,1.6497999429702759,-1.5707963267948966,0.0,1.5707963267948966,0.0005966836265203734,0.0029985596982305823,2.09940175843336
-0.005961386596066646,0.6410133636850955,1.9975436767710046,0.00988480671930161,0.0018003149241113004,8.501412471272579e-05,-1.5628804527598343,-0.00821194411081283,1.1010344077146308,0.10289999842643738,0.40549999475479126,1.6497999429702759,-1.5707963267948966,0.0,1.5707963267948966,0.0006328202091628858,0.0030382995738279595,2.099075818269842
-0.005963798364705203,0.6410803580227616,1.9972556249757272,0.009969186998417166,0.001864948885981791,0.0005128696664008697,-1.5625248149252309,-0.00811257115344155,1.101639403197785,0.10289999842643738,0.40549999475479126,1.6497999429702759,-1.5707963267948966,0.0,1.5707963267948966,0.0006611287474265518,0.003066226083473569,2.098843189690459
-0.005962564974875884,0.6411420012262703,1.9970077774483772,0.009321117102446035,0.0020292792764167104,0.0008326470077888663,-1.562208168472502,-0.008012030374533907,1.1021926160978963,0.10289999842643738,0.40549999475479126,1.6497999429702759,-1.5707963267948966,0.0,1.5707963267948966,0.000686032096572789,0.0030899263188396,2.0986451697576016
-0.005956559328611393,0.6412116372147705,1.996739688987974,0.008587433884593114,0.0022370616716080763,0.0010966450700947586,-1.5618502170027115,-0.007921494158359632,1.102841486636581,0.10289999842643738,0.40549999475479126,1.6497999429702759,-1.5707963267948966,0.0,1.5707963267948966,0.0007170906094872096,0.0031183185396149015,2.0984091353618237
-0.005942020980896702,0.6412963440296382,1.9964246148160685,0.008106684284026545,0.0017035933235211092,0.0011922889738425013,-1.561418190221129,-0.007868039391535575,1.1036692048518773,0.10289999842643738,0.40549999475479126,1.6497999429702759,-1.5707963267948966,0.0,1.5707963267948966,0.0007482400150402823,0.0031451443363648846,2.0981827589909297
-0.00592196880507457,0.6413735324790732,1.996150784662252,0.007100262989625688,0.002370858393405598,0.0014774633968359589,-1.5610273787577134,-0.007825940760978867,1.1044645941549858,0.10289999842643738,0.40549999475479126,1.6497999429702759,-1.5707963267948966,0.0,1.5707963267948966,0.0007820552681336708,0.003172884119113051,2.09794250792247
-0.0058865156377869345,0.6414481023929335,1.9958942765618999,0.006427559937333333,0.0024722575462970396,0.0022601620373643924,-1.560636276657245,-0.007821667514822384,1.105306706552477,0.10289999842643738,0.40549999475479126,1.6497999429702759,-1.5707963267948966,0.0,1.5707963267948966,0.000808138143015544,0.0031944381917394507,2.097751420752395
-0.005805577188239009,0.6415372206172703,1.9955800863513171,0.006203524055978311,0.0026551578630491343,0.0026192890344373765,-1.560148447649858,-0.007912310218688212,1.1064544235622327,0.10289999842643738,0.40549999475479126,1.6497999429702759,-1.5707963267948966,0.0,1.5707963267948966,0.0008421458860861085,0.00322359017146784,2.0974909218096762
-0.005751946047325629,0.6415827558269598,1.9954181749159803,0.006006088968842632,0.002129897839536321,0.0021422615552358954,-1.5599017499438863,-0.007967109852208942,1.10708829480624,0.10289999842643738,0.40549999475479126,1.6497999429702759,-1.5707963267948966,0.0,1.5707963267948966,0.0008598187692361688,0.0032381514063843566,2.0973573015318587
-0.005671993611431855,0.6416508482108686,1.9951765279712514,0.0056435249922362615,0.0029547997871578577,0.001092103773420354,-1.5595182802103291,-0.008062007417681816,1.1081008349344637,0.10289999842643738,0.40549999475479126,1.6497999429702759,-1.5707963267948966,0.0,1.5707963267948966,0.0008892658894267108,0.0032594419834028727,2.097159405573461
-0.0056143965305192655,0.6417019817527212,1.9949928988863046,0.005163431864873029,0.003259026208129428,0.0005149595973740096,-1.5592061963101072,-0.008151734639241681,1.1089471422227732,0.10289999842643738,0.40549999475479126,1.6497999429702759,-1.5707963267948966,0.0,1.5707963267948966,0.0009159622058394268,0.0032754159665333575,2.0970104542450736
-0.005563293801405252,0.6417502132600261,1.9948222863602498,0.004877529091707747,0.0036137198503042125,0.0004227799819995148,-1.5589047537241367,-0.008198328745447903,1.1098124967870513,0.10289999842643738,0.40549999475479126,1.6497999429702759,-1.5707963267948966,0.0,1.5707963267948966,0.0009480818638520472,0.0032915025362426544,2.096858064529789
-0.005499248184951398,0.641808571490692,1.994627028826457,0.00471352255317163,0.004030178631805728,0.000992901183980685,-1.5585434264344793,-0.008227554890011035,1.1108890196087913,0.10289999842643738,0.40549999475479126,1.6497999429702759,-1.5707963267948966,0.0,1.5707963267948966,0.0009811048776870689,0.003305445636533126,2.0967163370695285
-0.005429158449386697,0.6418550865204671,1.9944676822567802,0.004112608315971055,0.0036352778430433345,0.00157818200028844,-1.558232191309334,-0.008275654238166119,1.111888272291076,0.10289999842643738,0.40549999475479126,1.6497999429702759,-1.5707963267948966,0.0,1.5707963267948966,0.0010168856303282366,0.0033188794643072028,2.096570246391421
-0.005316567140846554,0.6419004107677505,1.9942920197934904,0.0042828250004535075,0.003590269221624193,0.0021090815647913336,-1.5578737263965312,-0.008331224456148867,1.1132357618570867,0.10289999842643738,0.40549999475479126,1.6497999429702759,-1.5707963267948966,0.0,1.5707963267948966,0.0010544687649219602,0.003331620984431283,2.0964195441614013
-0.005213962226479487,0.6419296480314424,1.9941600654846905,0.005549360071855679,0.0028732899003311692,0.0013270831960366383,-1.5575832334542803,-0.008386806729274277,1.1144102522208579,0.10289999842643738,0.40549999475479126,1.6497999429702759,-1.5707963267948966,0.0,1.5707963267948966,0.0010894563845634316,0.003340716614267487,2.0962896220012777
-0.0051602548604992885,0.641942537056579,1.9940916505302337,0.006119082211635894,0.0029280539990313888,0.0012712390863088615,-1.55742236448698,-0.008429667815007758,1.1150606500631106,0.10289999842643738,0.40549999475479126,1.6497999429702759,-1.5707963267948966,0.0,1.5707963267948966,0.0011128427194822663,0.0033449293846722354,2.096212686184176
-0.0050715029245042235,0.6419616964945914,1.9939827002319894,0.006761072967417073,0.002187842570669197,0.0010388150320250792,-1.5571615289423195,-0.008492500600797648,1.116166047980487,0.10289999842643738,0.40549999475479126,1.6497999429702759,-1.5707963267948966,0.0,1.5707963267948966,0.0011474080741222048,0.0033486192781269604,2.096107670926021
-0.004987066229417227,0.641977608170853,1.9938794022387563,0.007273176392821451,0.0016714707507155197,0.0008887111019286608,-1.5569044796160345,-0.008530739705820967,1.117303868184909,0.10289999842643738,0.40549999475479126,1.6497999429702759,-1.5707963267948966,0.0,1.5707963267948966,0.0011800606534678813,0.003349819083279937,2.096015514059
-0.004880972504435918,0.6419883258469689,1.9937554109859605,0.007059897152392729,0.0014835921112718,0.0009369185906904856,-1.556546035295965,-0.008645182427624576,1.1188147219919395,0.10289999842643738,0.40549999475479126,1.6497999429702759,-1.5707963267948966,0.0,1.5707963267948966,0.0012294807125951745,0.0033485230544334416,2.0958807693917483
-0.004807239180725989,0.6419896201940792,1.9936668610049617,0.007179376002632264,0.0014599021788157431,0.0003524048099442674,-1.556238489206261,-0.008741554648339811,1.1199876281571695,0.10289999842643738,0.40549999475479126,1.6497999429702759,-1.5707963267948966,0.0,1.5707963267948966,0.001270033062123409,0.003344871371358907,2.0957725442217447
-0.004756918491129535,0.6419886291197651,1.9935880528166101,0.006972332715849689,0.001523472022457355,-0.00012816281199400526,-1.5559320142076414,-0.008803619339124324,1.1210511876574114,0.10289999842643738,0.40549999475479126,1.6497999429702759,-1.5707963267948966,0.0,1.5707963267948966,0.0013102026112403883,0.0033393500971653878,2.0956748774229945
-0.004721333436690973,0.641985632510228,1.9935212499936095,0.006585050087063584,0.0015608568171845718,0.0002832896820051963,-1.5556346291059566,-0.008879920069600367,1.1220142793897132,0.10289999842643738,0.40549999475479126,1.6497999429702759,-1.5707963267948966,0.0,1.5707963267948966,0.001348135725772364,0.003332798723848461,2.0955895589865627
-0.00467502602785085,0.6419779263267971,1.993442867343998,0.00638717766083457,0.001450920894446287,0.0010184191119186016,-1.5552520800929717,-0.008996912548896674,1.1232433120777228,0.10289999842643738,0.40549999475479126,1.6497999429702759,-1.5707963267948966,0.0,1.5707963267948966,0.001396354095111746,0.0033223235767014777,2.0954856244145725
-0.004616046690642123,0.6419661890937483,1.993354156136234,0.006686492443088728,0.0012338196529641998,0.0013343657517247828,-1.5548107490603178,-0.009105467216059537,1.1247381072845433,0.10289999842643738,0.40549999475479126,1.6497999429702759,-1.5707963267948966,0.0,1.5707963267948966,0.0014552299586357094,0.0033057973255364637,2.0953646580034113
-0.004569421645209496,0.6419560603716634,1.9932938346061666,0.006623222249699376,0.0010803365202004369,0.001613858964979099,-1.5544827213417047,-0.009222062411978538,1.1258656588833489,0.10289999842643738,0.40549999475479126,1.6497999429702759,-1.5707963267948966,0.0,1.5707963267948966,0.0015003594943108598,0.00329044239300778,2.0952720941218494
-0.0045198967982802395,0.6419427831815901,1.9932422305843622,0.007548296431717318,0.0009324761664251937,0.001729705127331954,-1.5541456000196916,-0.009353108018923972,1.1269988853481,0.10289999842643738,0.40549999475479126,1.6497999429702759,-1.5707963267948966,0.0,1.5707963267948966,0.0015460902466255106,0.003272418679620551,2.0951754089111354
-0.004469128320189487,0.6419246651939543,1.9931934601511168,0.008067967745264389,0.0010629343105306068,0.0011924775259792356,-1.5537712964058321,-0.009452537395981953,1.128277220368124,0.10289999842643738,0.40549999475479126,1.6497999429702759,-1.5707963267948966,0.0,1.5707963267948966,0.0016043631151272098,0.0032464439607373776,2.0950494726993067
-0.004423641360081142,0.6419032884375676,1.9931542738973356,0.008949187474884067,0.0004430633627166261,0.0015894730073761595,-1.5534001994635938,-0.009578335420065365,1.129596824600117,0.10289999842643738,0.40549999475479126,1.6497999429702759,-1.5707963267948966,0.0,1.5707963267948966,0.0016543079828537802,0.0032222066633926395,2.094942055540774
-0.004355968079116708,0.6418746661485761,1.9931012717780046,0.009591417969527546,1.2241300257982259e-05,0.0020896621949845055,-1.552966567429345,-0.009798299594550919,1.1311901207141375,0.10289999842643738,0.40549999475479126,1.6497999429702759,-1.5707963267948966,0.0,1.5707963267948966,0.0017211351714382507,0.003185255219466378,2.0947992317135697
-0.004290512397534437,0.6418486127002144,1.993049443007449,0.00848513859146033,-0.00033979585748231014,0.0023945416387441184,-1.5526146139447174,-0.009964357193410045,1.132501572878589,0.10289999842643738,0.40549999475479126,1.6497999429702759,-1.5707963267948966,0.0,1.5707963267948966,0.0017769406963427528,0.0031507396390724213,2.0946791593018723
-0.004229916880812923,0.6418277235001395,1.9930053015687303,0.006683340469087584,-0.0001549058724578934,0.0026283033498364777,-1.5523393060292552,-0.010151097660844322,1.1335533132033766,0.10289999842643738,0.40549999475479126,1.6497999429702759,-1.5707963267948966,0.0,1.5707963267948966,0.0018269887155616725,0.0031172938093061886,2.094566777999043
-0.00413688325728351,0.6417912725313741,1.9929465215222804,0.003537156759089327,-0.0006569443075372497,0.002472550949919375,-1.551962734579961,-0.01048122785616723,1.1350489240704285,0.10289999842643738,0.40549999475479126,1.6497999429702759,-1.5707963267948966,0.0,1.5707963267948966,0.0018829115006722048,0.003078476409691347,2.0944355066936136
-0.004048424123561137,0.6417476207474467,1.99289282511824,0.0010004750898245755,-0.0007119706289769167,0.002446909181929907,-1.5516213579086378,-0.010755008515457298,1.136440696841396,0.10289999842643738,0.40549999475479126,1.6497999429702759,-1.5707963267948966,0.0,1.5707963267948966,0.0019395816176382354,0.003038008874523162,2.094295667423458
-0.003963998540127313,0.6417034297903597,1.9928362645878892,-0.00023939785951066934,-0.0003824797874424661,0.002353663042343527,-1.5513057690033956,-0.01103789793925225,1.1376941278685169,0.10289999842643738,0.40549999475479126,1.6497999429702759,-1.5707963267948966,0.0,1.5707963267948966,0.001991057532812386,0.002999641903950504,2.094161454275063
-0.0038699845713623116,0.641650535864986,1.9927572721196711,-0.001155640826533733,-0.0007193082016090629,0.0018919356641585443,-1.5509318667031808,-0.011397135137186432,1.1390736455194421,0.10289999842643738,0.40549999475479126,1.6497999429702759,-1.5707963267948966,0.0,1.5707963267948966,0.0020497479242492286,0.0029543167355252724,2.0940038759219006
-0.003774882250857065,0.6415861027374741,1.9926481769819697,-0.0011651837330625798,-0.0008328729662441376,0.0015641346776650766,-1.5504930807294808,-0.011736345931157466,1.1405682941911532,0.10289999842643738,0.40549999475479126,1.6497999429702759,-1.5707963267948966,0.0,1.5707963267948966,0.002116954757915344,0.0029008411159388305,2.09382211041897
-0.0036884157409257093,0.6415231769210313,1.9925304378479767,-0.0024816051038857156,-0.0012158960600524961,0.001985094722828396,-1.5500866419846986,-0.01206237290509371,1.1419052423705478,0.10289999842643738,0.40549999475479126,1.6497999429702759,-1.5707963267948966,0.0,1.5707963267948966,0.0021793792893240373,0.002849027520858142,2.093650858840588
-0.003587875838552945,0.641445921611884,1.9923912958447498,-0.003120985059611677,-0.0013201999949216364,0.001957594185367491,-1.5496350333635551,-0.012452633611592656,1.1433820951599818,0.10289999842643738,0.40549999475479126,1.6497999429702759,-1.5707963267948966,0.0,1.5707963267948966,0.0022485906622090575,0.0027891524690799654,2.093456235408894
-0.003488515770073309,0.6413576324438353,1.992239762571693,-0.002945102690802754,-0.0011970684006362524,0.0019978323465413275,-1.5491735354590346,-0.012789117177703702,1.144850594368607,0.10289999842643738,0.40549999475479126,1.6497999429702759,-1.5707963267948966,0.0,1.5707963267948966,0.0023191476626221405,0.002725876075894841,2.0932542045718954
-0.003404824772191961,0.6412793784848566,1.9921045512208986,-0.0024023019990743436,-0.0009123912038676139,0.002118331182858229,-1.5487966103526456,-0.013091541723976974,1.1460416846177726,0.10289999842643738,0.40549999475479126,1.6497999429702759,-1.5707963267948966,0.0,1.5707963267948966,0.002377585289921304,0.0026712349030931135,2.0930821135149125
-0.003306810986289029,0.6411874325974748,1.9919442168201615,-0.002060043287023458,-0.0003824891660706164,0.002348616106652291,-1.5483772854522933,-0.013456265519300015,1.147373692337903,0.10289999842643738,0.40549999475479126,1.6497999429702759,-1.5707963267948966,0.0,1.5707963267948966,0.002442918013878367,0.002607442500584397,2.092883182115856
-0.0032107285938381973,0.6410975092544411,1.9917937169915354,-0.0017823113922541736,0.00018602582221996034,0.002778587870600375,-1.5480012812780686,-0.01375419680918899,1.1485839256623742,0.10289999842643738,0.40549999475479126,1.6497999429702759,-1.5707963267948966,0.0,1.5707963267948966,0.0025013870107100243,0.0025474695953448304,2.0926980521678056
-0.0030919383730826293,0.6409904178288631,1.9916184759829076,-0.0017374983898261794,0.0006921870298947854,0.002835943532708091,-1.5475885355842283,-0.014100035694649904,1.1499503577208738,0.10289999842643738,0.40549999475479126,1.6497999429702759,-1.5707963267948966,0.0,1.5707963267948966,0.002572191573258224,0.002470959101122076,2.092467903410482
-0.002978527731208036,0.6408902017925359,1.9914505414715822,-0.0016817009836939815,0.0010800064175243084,0.0024930748686830006,-1.5472334267870338,-0.01444265254876509,1.1511968013266016,0.10289999842643738,0.40549999475479126,1.6497999429702759,-1.5707963267948966,0.0,1.5707963267948966,0.002630680216306237,0.0024056656993176784,2.092276687858672
-0.0028416412648373255,0.6407652325782928,1.9912285982977564,-0.0023223262530876975,0.0015286708921149728,0.0019931037495349332,-1.5468082617511496,-0.01482298364630008,1.1527377200844053,0.10289999842643738,0.40549999475479126,1.6497999429702759,-1.5707963267948966,0.0,1.5707963267948966,0.002697330297190672,0.0023300501707943944,2.09206257314604
-0.0026936306736624815,0.6406288219898704,1.9909685384829876,-0.004454908723034593,0.002007490950375743,0.002035011226691367,-1.5463519573903926,-0.01522253015607511,1.1544433502612044,0.10289999842643738,0.40549999475479126,1.6497999429702759,-1.5707963267948966,0.0,1.5707963267948966,0.0027792963077367034,0.0022352940728571176,2.0918045078962426
-0.0025941467198856817,0.6405385072648451,1.9907871379379087,-0.006251569472030463,0.002006555741470882,0.0017296741333035868,-1.5460569472220356,-0.015501442876971083,1.1555867090080003,0.10289999842643738,0.40549999475479126,1.6497999429702759,-1.5707963267948966,0.0,1.5707963267948966,0.0028349266793613213,0.002170002840133444,2.091629714249785
-0.0024747923108405095,0.6404222562279347,1.990555099444008,-0.008216139254379149,0.0017245415119139082,0.0016387008272322114,-1.5456917630666536,-0.01579556516081393,1.157011301928898,0.10289999842643738,0.40549999475479126,1.6497999429702759,-1.5707963267948966,0.0,1.5707963267948966,0.0029064648271958254,0.0020863983701912667,2.0914081004237586
-0.002363692051950196,0.6403113748358297,1.990338288868935,-0.008334330119739731,0.0015397258468984553,0.0021897049268087064,-1.5453684100709406,-0.016044159883489506,1.1582873171250831,0.10289999842643738,0.40549999475479126,1.6497999429702759,-1.5707963267948966,0.0,1.5707963267948966,0.0029714169115126372,0.002009240988391757,2.0912062571412156
-0.0021799555937930086,0.6401427825475661,1.9900052266693724,-0.008442566447932618,0.0015282637640323755,0.0030355317249265105,-1.5449277158425627,-0.016442983699310965,1.1601102876166354,0.10289999842643738,0.40549999475479126,1.6497999429702759,-1.5707963267948966,0.0,1.5707963267948966,0.00306360241287566,0.0018940898338074403,2.090915799563925
-0.002070240652286558,0.6400467906834169,1.9898208322859492,-0.008869746479814812,0.0015284959156336235,0.0029197979489070506,-1.5447005096932849,-0.016633360983625778,1.161087703495644,0.10289999842643738,0.40549999475479126,1.6497999429702759,-1.5707963267948966,0.0,1.5707963267948966,0.0031124207917186683,0.0018305297928592368,2.090760847650274
-0.0019121269539399135,0.6399055545975224,1.9895538521330403,-0.009042996536935233,0.0015334536537203118,0.002355145522938262,-1.544388165445542,-0.016875283865090296,1.1624737251378232,0.10289999842643738,0.40549999475479126,1.6497999429702759,-1.5707963267948966,0.0,1.5707963267948966,0.0031831981723931054,0.0017375714826369875,2.0905397155978256
-0.001736936527962394,0.6397476854139068,1.9892508152598845,-0.00883860551874546,0.0016708679462101336,0.0022580891035725663,-1.5440560307698705,-0.017167674286976187,1.1639886927186822,0.10289999842643738,0.40549999475479126,1.6497999429702759,-1.5707963267948966,0.0,1.5707963267948966,0.003269919022657457,0.0016222375812040904,2.0902740215362003
-0.001575540164003498,0.6396027664278647,1.9889650051988756,-0.008078610756300677,0.0017669172570108202,0.00196998529877065,-1.5437555202261337,-0.01739954612410255,1.165361331940453,0.10289999842643738,0.40549999475479126,1.6497999429702759,-1.5707963267948966,0.0,1.5707963267948966,0.003336000781099911,0.0015329398143738154,2.0900714201886497
-0.0013878752229594241,0.6394232636405268,1.9886117679688275,-0.007597387449446027,0.001764953956132478,0.001551010882778955,-1.5433785943281404,-0.017638847950326664,1.1670058653613786,0.10289999842643738,0.40549999475479126,1.6497999429702759,-1.5707963267948966,0.0,1.5707963267948966,0.0034269165335652427,0.0014103844911005617,2.0897943683398923
-0.001267184333762926,0.639299484713027,1.9883761840026584,-0.007557429574198077,0.0016657060776693472,0.0013404601180822659,-1.5431189138244408,-0.017819185190442788,1.1681063929567208,0.10289999842643738,0.40549999475479126,1.6497999429702759,-1.5707963267948966,0.0,1.5707963267948966,0.0034895319196775326,0.0013267467361193438,2.089603667320871
-0.0011347475356081728,0.6391567121689812,1.9881126976814036,-0.007273395703326818,0.0016873580479984957,0.0014497379776561507,-1.5428240414483723,-0.01798274961774826,1.1693537756432812,0.10289999842643738,0.40549999475479126,1.6497999429702759,-1.5707963267948966,0.0,1.5707963267948966,0.003561683009391798,0.001230848758398846,2.0893819019038213
-0.0009365157795647072,0.6389400116440501,1.9877318497164562,-0.006027121960182855,0.002074136849838801,0.002211080100982676,-1.542396423597731,-0.0181589844753951,1.1711821949617935,0.10289999842643738,0.40549999475479126,1.6497999429702759,-1.5707963267948966,0.0,1.5707963267948966,0.0036668779460304673,0.0010891433140362854,2.0890464214341047
-0.0008229082599552893,0.6388191408223859,1.9875229205126796,-0.004986698445161141,0.00223409782170417,0.002244786529687779,-1.5421666587425455,-0.018275985146459117,1.1721696831711892,0.10289999842643738,0.40549999475479126,1.6497999429702759,-1.5707963267948966,0.0,1.5707963267948966,0.003723555025929331,0.0010110791471147377,2.0888598829925527
-0.0006566813710156168,0.6386441599923178,1.9872164892273503,-0.0042809257622060245,0.002399070108715236,0.002361297326658244,-1.5418443620463214,-0.0184296098946648,1.173588410073845,0.10289999842643738,0.40549999475479126,1.6497999429702759,-1.5707963267948966,0.0,1.5707963267948966,0.003813476934053966,0.0008857583085052511,2.088557767436547
-0.00046488647913738934,0.6384513934717665,1.9868695632548723,-0.004885026823344914,0.0024017161470838,0.0025817135968317405,-1.5414896605981605,-0.018562359710525556,1.1751695485346116,0.10289999842643738,0.40549999475479126,1.6497999429702759,-1.5707963267948966,0.0,1.5707963267948966,0.0038954993362471367,0.000769283806348215,2.0882702117971945
-0.00028194526990177457,0.6382746516442706,1.986545227417132,-0.006379569374476087,0.002286805809950796,0.0024789592659436137,-1.5411612602355516,-0.0187243464397584,1.1766293128081673,0.10289999842643738,0.40549999475479126,1.6497999429702759,-1.5707963267948966,0.0,1.5707963267948966,0.003977915454348895,0.0006509625119835444,2.087968371923577
-2.3773023347209953e-05,0.6380233259902698,1.9860734109604454,-0.00790009925317351,0.0018105586778276869,0.0020091666642446846,-1.5406946636351169,-0.018957169049251377,1.1786937337148178,0.10289999842643738,0.40549999475479126,1.6497999429702759,-1.5707963267948966,0.0,1.5707963267948966,0.004104415963933164,0.00047062338551427636,2.087486740529162
0.00014017406772368806,0.6378583566019741,1.9857563959832496,-0.008767944371979742,0.0014333243385099184,0.0018062088980282517,-1.5403923834738897,-0.019092304838154384,1.180018220678012,0.10289999842643738,0.40549999475479126,1.6497999429702759,-1.5707963267948966,0.0,1.5707963267948966,0.004173826142613535,0.00037309267614654473,2.0872164702135243
0.00026870584436940637,0.6377255047013359,1.9855027956427675,-0.008634020830325611,0.0011993934215520563,0.001923225629480284,-1.540161457651083,-0.01922130441626191,1.1810516907489532,0.10289999842643738,0.40549999475479126,1.6497999429702759,-1.5707963267948966,0.0,1.5707963267948966,0.004244340590125655,0.000274844064422497,2.086936830720999
0.00045893493666068373,0.6375271181413421,1.9851320106408976,-0.009056786892790748,0.0009533171370753653,0.002289190404786821,-1.5398422760495574,-0.01941617149742081,1.1825469290103252,0.10289999842643738,0.40549999475479126,1.6497999429702759,-1.5707963267948966,0.0,1.5707963267948966,0.004324186558273441,0.00016362944184278942,2.0866100900440543
0.0006606082283931714,0.6373149366311626,1.9847631464947035,-0.00888656477681236,0.0007240776985502358,0.002707625615044747,-1.5395298769501804,-0.01959419014764663,1.184085797334619,0.10289999842643738,0.40549999475479126,1.6497999429702759,-1.5707963267948966,0.0,1.5707963267948966,0.004412876189162549,3.9671011141750005e-05,2.086230800672587
0.0008739043090261701,0.637091663294515,1.984391635024261,-0.006869621511874996,0.0004619391719472819,0.0026034037713621944,-1.5392161286257184,-0.01983088563669888,1.1856596650645608,0.10289999842643738,0.40549999475479126,1.6497999429702759,-1.5707963267948966,0.0,1.5707963267948966,0.004510657544098772,-9.815154724276089e-05,2.085795986511177
0.0011139776944410862,0.6368399727622961,1.9839705417241957,-0.004180105726040008,0.0003481732433886096,0.0024131670460984835,-1.5388732223064887,-0.020140997092721324,1.187421486226241,0.10289999842643738,0.40549999475479126,1.6497999429702759,-1.5707963267948966,0.0,1.5707963267948966,0.004600819923213834,-0.00022594347482345414,2.085385071937543
0.0012912459079613742,0.6366547072028964,1.9836567405674572,-0.00291833218978365,0.00033679709487984384,0.0023774452757998285,-1.5386397037440143,-0.020349694508780658,1.1887157008139084,0.10289999842643738,0.40549999475479126,1.6497999429702759,-1.5707963267948966,0.0,1.5707963267948966,0.004673842194171979,-0.0003298899193925268,2.0850442613750664
0.0015142450222109898,0.6364255911409401,1.9832511808777835,-0.0010861986641936673,0.0003414430601285839,0.0020703671468152904,-1.538363968516207,-0.020622729106809956,1.1903277151590457,0.10289999842643738,0.40549999475479126,1.6497999429702759,-1.5707963267948966,0.0,1.5707963267948966,0.004766526949993676,-0.0004623505781025456,2.08460235269296
0.0017338549351366395,0.6361982977812404,1.9828284650347856,-0.0008188433292353629,0.00038112389022338755,0.0017876495604082817,-1.5380870564206621,-0.020914337360899538,1.1919381091959085,0.10289999842643738,0.40549999475479126,1.6497999429702759,-1.5707963267948966,0.0,1.5707963267948966,0.004861399864818161,-0.0005973033433302825,2.0841444801598463
0.001992267860718377,0.6359235419607735,1.9823057047526182,-0.0019640143607384366,0.00038310566194375823,0.0018701714120081018,-1.5377306912775774,-0.021215084255563177,1.1938889382821722,0.10289999842643738,0.40549999475479126,1.6497999429702759,-1.5707963267948966,0.0,1.5707963267948966,0.004977880502541661,-0.0007610040511636239,2.0835736149126016
0.00218467115633914,0.6357166820897282,1.9818996833379687,-0.0025067571859475595,0.00018651113334815702,0.0017159683790062166,-1.5374443503946857,-0.02144091766408307,1.1953520342465027,0.10289999842643738,0.40549999475479126,1.6497999429702759,-1.5707963267948966,0.0,1.5707963267948966,0.005076965573045148,-0.0008987234831440661,2.083079030614318
0.002393885392908692,0.6354862977206367,1.9814296785329475,-0.0031613205438585264,-0.00022884095362891787,0.0015107559404327758,-1.5371174850025198,-0.021700101941366512,1.1969627955047075,0.10289999842643738,0.40549999475479126,1.6497999429702759,-1.5707963267948966,0.0,1.5707963267948966,0.005168465742378482,-0.0010238698648215973,2.082619908309607
0.0025803699951636155,0.63527806012605,1.9809867214770567,-0.0030890877284363164,-0.0005488432915084849,0.0018303003177391648,-1.5368260221225718,-0.02189756721103686,1.1983968380008065,0.10289999842643738,0.40549999475479126,1.6497999429702759,-1.5707963267948966,0.0,1.5707963267948966,0.005272145691520212,-0.0011642228752955838,2.0820958572958066
0.002815157685601862,0.6350245952651882,1.9804132748805003,-0.003175430998228808,-0.0006523231905480999,0.002240276523330867,-1.5364725414188123,-0.022134519888062698,1.2001388474209809,0.10289999842643738,0.40549999475479126,1.6497999429702759,-1.5707963267948966,0.0,1.5707963267948966,0.00537659232392747,-0.0013060393592380884,2.081560307632214
0.003014490453729173,0.6348160394487233,1.9799249226532867,-0.003912185277665053,-0.0005783951582491527,0.002588181405349815,-1.5361805604913574,-0.02235344392634442,1.201572094074401,0.10289999842643738,0.40549999475479126,1.6497999429702759,-1.5707963267948966,0.0,1.5707963267948966,0.00548141193313598,-0.0014489862826653167,2.0810132341167424
0.0032447201585694145,0.634582834678227,1.979368737848769,-0.004356986620950784,-0.00039155760400057016,0.002707253303435326,-1.5358684785745917,-0.022582382936141343,1.2031708275016164,0.10289999842643738,0.40549999475479126,1.6497999429702759,-1.5707963267948966,0.0,1.5707963267948966,0.005575973857849545,-0.0015785485603924438,2.0805105442078746
0.0034790336004281285,0.6343463141526188,1.9787978869639689,-0.004877491188973454,-0.00029541972597660587,0.002434778763617264,-1.53556355919616,-0.02279995352604569,1.2047733497223085,0.10289999842643738,0.40549999475479126,1.6497999429702759,-1.5707963267948966,0.0,1.5707963267948966,0.005682130136328051,-0.0017232986100092554,2.0799394759617575
0.0037133251261486284,0.63410526555197,1.9782136266810733,-0.0046795189388336425,-0.00036674399613596077,0.002127029451818939,-1.5352665387394724,-0.023031144968515882,1.2063775511565813,0.10289999842643738,0.40549999475479126,1.6497999429702759,-1.5707963267948966,0.0,1.5707963267948966,0.005790319298195252,-0.001868849374044063,2.079355011617363
0.003946700004352703,0.6338600926908917,1.977614374433512,-0.005109295856335792,-0.0005010091405938709,0.002111359255719964,-1.5349741828608965,-0.02325156375337567,1.207978684669805,0.10289999842643738,0.40549999475479126,1.6497999429702759,-1.5707963267948966,0.0,1.5707963267948966,0.005911616591476414,-0.0020300704666444632,2.0786980517801337
0.00420670871276249,0.6335842719655698,1.97694834135015,-0.0063647288845942234,-0.0006508445099978274,0.0023907238158187073,-1.5346380027814048,-0.02349321104863744,1.2097630670172743,0.10289999842643738,0.40549999475479126,1.6497999429702759,-1.5707963267948966,0.0,1.5707963267948966,0.0060230228284345695,-0.00217702749474085,2.078085276382287
0.004427775459117315,0.6333553471310843,1.9763985167342022,-0.006427569231322635,-0.0006828669901151728,0.0028397068581560315,-1.5343555611117605,-0.023730439648986135,1.211233657879271,0.10289999842643738,0.40549999475479126,1.6497999429702759,-1.5707963267948966,0.0,1.5707963267948966,0.006134539891334634,-0.0023245470637888533,2.077458306827048
0.004686536745967528,0.6330971646825493,1.9757733432583597,-0.005469793406536757,-0.0005939206988439552,0.003136008985111143,-1.534044786493803,-0.024001819020250004,1.2128532516884454,0.10289999842643738,0.40549999475479126,1.6497999429702759,-1.5707963267948966,0.0,1.5707963267948966,0.006234469580495333,-0.002458221917300592,2.0768859319446644
0.004983367692160779,0.6328094037937034,1.975066466589713,-0.004967459587681272,-0.0004126254974308582,0.003081625927252434,-1.5336899162823316,-0.024290252086605513,1.2146191775772344,0.10289999842643738,0.40549999475479126,1.6497999429702759,-1.5707963267948966,0.0,1.5707963267948966,0.006356526211387025,-0.0026227879719218947,2.0761769114235675
0.005259703917259657,0.6325487803424716,1.9744114070167575,-0.005254676363027089,-0.00032363962660178605,0.0027879523186147247,-1.5333468236696768,-0.024591718315247757,1.2162269932338106,0.10289999842643738,0.40549999475479126,1.6497999429702759,-1.5707963267948966,0.0,1.5707963267948966,0.006468329314801881,-0.002773533300187252,2.075520678797315
0.005562539809756371,0.6322588242628361,1.9736822553178377,-0.00544921762415655,-0.000365394554783944,0.002149426579852291,-1.5329590624364178,-0.024923542519712072,1.218011556646927,0.10289999842643738,0.40549999475479126,1.6497999429702759,-1.5707963267948966,0.0,1.5707963267948966,0.006593550223538989,-0.002940154923954401,2.0747859488902054
0.005780860407249242,0.6320448377045182,1.9731458807719329,-0.0052987621980947,-0.00042416145881093276,0.0022626522765455586,-1.532671930376041,-0.025153263438942197,1.2193197913015166,0.10289999842643738,0.40549999475479126,1.6497999429702759,-1.5707963267948966,0.0,1.5707963267948966,0.006686189374497081,-0.003061744990051318,2.0742457370529586
0.006029564664939504,0.6318022094526556,1.9725344033622823,-0.004957684360753173,-0.0006454434077456634,0.002312550066436328,-1.5323347046188536,-0.025434212692541536,1.2208058863287168,0.10289999842643738,0.40549999475479126,1.6497999429702759,-1.5707963267948966,0.0,1.5707963267948966,0.006791075204709327,-0.003198970198832345,2.073632901764674
0.006361385176118279,0.6314778878851341,1.9717062540391836,-0.00466781881912817,-0.0012031286980903968,0.002124265012778692,-1.5318656790608836,-0.02579656545255915,1.2228100306873098,0.10289999842643738,0.40549999475479126,1.6497999429702759,-1.5707963267948966,0.0,1.5707963267948966,0.006932710830071324,-0.0033830824288907935,2.0728049415759964
0.00660838117243797,0.6312353856533692,1.9710760014590376,-0.004160430163480035,-0.0017121008889663732,0.0021166029543570664,-1.5314995170568249,-0.02604037276893445,1.2243168860956715,0.10289999842643738,0.40549999475479126,1.6497999429702759,-1.5707963267948966,0.0,1.5707963267948966,0.007040462014981166,-0.0035222736882447652,2.072174995228416
0.006882703585923961,0.6309687310523273,1.9703621561919251,-0.003185281369525135,-0.002144394622687713,0.002069328782447975,-1.5310711932593561,-0.02633973017686486,1.225990155852852,0.10289999842643738,0.40549999475479126,1.6497999429702759,-1.5707963267948966,0.0,1.5707963267948966,0.007173754866206852,-0.00369383689978005,2.0713947127600743
0.007180115262287033,0.6306770398697037,1.9695579321527075,-0.002083460687838396,-0.0023293031168622265,0.0017807800501944246,-1.5305859135186701,-0.026671479386109365,1.2278348937067682,0.10289999842643738,0.40549999475479126,1.6497999429702759,-1.5707963267948966,0.0,1.5707963267948966,0.007297087005009025,-0.003851113983084819,2.0706759461188144
0.007413233362598089,0.6304387198132528,1.9688861966564744,-0.0014348556153759894,-0.0023945200994325046,0.0011382679793394395,-1.530185184752123,-0.026919874415220146,1.2293414029269734,0.10289999842643738,0.40549999475479126,1.6497999429702759,-1.5707963267948966,0.0,1.5707963267948966,0.007423809906834701,-0.0040095708726838476,2.06995053153232
0.007684241234897169,0.6301493370550896,1.9680512748738628,-0.0009119261987532349,-0.002430477242470232,0.001271563806336479,-1.5296961493972532,-0.02723611655823399,1.2311989377611643,0.10289999842643738,0.40549999475479126,1.6497999429702759,-1.5707963267948966,0.0,1.5707963267948966,0.007554053680377027,-0.004168935012203672,2.069223534702409
0.00790461299403496,0.6299131597910289,1.967360231579894,-0.0008358477140595778,-0.002632996664416731,0.0017257567389233515,-1.5292968662389674,-0.027503687772679086,1.2327372226900406,0.10289999842643738,0.40549999475479126,1.6497999429702759,-1.5707963267948966,0.0,1.5707963267948966,0.007672615731637638,-0.004312961962939953,2.0685685407239434
0.008201884780764564,0.6295973673376366,1.9664345314933054,-0.0005621088921157557,-0.0031963732847348305,0.002016778396908712,-1.5287712897811296,-0.027836551187577996,1.2348120734205033,0.10289999842643738,0.40549999475479126,1.6497999429702759,-1.5707963267948966,0.0,1.5707963267948966,0.007831850133231472,-0.0045058578842229954,2.0676942798518954
0.008427343226251304,0.6293620637482508,1.9657361854168018,-0.00039473532617171486,-0.003673088166188851,0.002172464482536883,-1.5283898355016612,-0.028121425661841393,1.236373477797575,0.10289999842643738,0.40549999475479126,1.6497999429702759,-1.5707963267948966,0.0,1.5707963267948966,0.00795228716252784,-0.004651377668876806,2.0670367430660193
0.008657904185174665,0.6291268293327662,1.9650376978677013,-0.0009229121116709402,-0.003945585445400071,0.0025808216462077905,-1.5280169502550185,-0.02843124552761367,1.237930986424025,0.10289999842643738,0.40549999475479126,1.6497999429702759,-1.5707963267948966,0.0,1.5707963267948966,0.00807307210486354,-0.00479733650306873,2.0663758597737747
0.00892560143379029,0.628859936784593,1.964266826826571,-0.0015152234323733014,-0.003921281108471513,0.0030912648511836915,-1.527609680023485,-0.028766397559096823,1.2396632880348029,0.10289999842643738,0.40549999475479126,1.6497999429702759,-1.5707963267948966,0.0,1.5707963267948966,0.008206644110999115,-0.004959364071843348,2.0656387351752725
0.009206991605568014,0.6285870010335216,1.9635006103464274,-0.002126988467748251,-0.0039282239184047635,0.0030736790972135516,-1.5272100673821771,-0.029141180148367418,1.241410837869932,0.10289999842643738,0.40549999475479126,1.6497999429702759,-1.5707963267948966,0.0,1.5707963267948966,0.008339526536553432,-0.0051211211346952655,2.064901661803596
0.009493793659860972,0.6283081168668931,1.962740106490598,-0.0021981762639733836,-0.003594065574383778,0.0025935946554556132,-1.5268163755556639,-0.02954618235686368,1.2431820113310825,0.10289999842643738,0.40549999475479126,1.6497999429702759,-1.5707963267948966,0.0,1.5707963267948966,0.008473236403296213,-0.005282585825683191,2.0641632149575386
0.009811937347373605,0.6279943413028267,1.9619070488679067,-0.001545763389302146,-0.0030417554895345207,0.002674839784443255,-1.5263842123039775,-0.02996956492871039,1.2451520745504396,0.10289999842643738,0.40549999475479126,1.6497999429702759,-1.5707963267948966,0.0,1.5707963267948966,0.00862154306013717,-0.005460291053606876,2.0633506761444624
0.010077859181197482,0.6277339542587755,1.961226965276511,-0.0012288475080098951,-0.002623966354757925,0.0024369101251216457,-1.526035888050122,-0.030333286328636966,1.2467752307614484,0.10289999842643738,0.40549999475479126,1.6497999429702759,-1.5707963267948966,0.0,1.5707963267948966,0.008743305216967132,-0.005606047148285953,2.0626859356305607
0.010340889433295928,0.6274721565045989,1.9605479861912851,-0.0007251830207220827,-0.002529951829370876,0.0017452521781403402,-1.525698390165063,-0.03070087863684856,1.2484052345776584,0.10289999842643738,0.40549999475479126,1.6497999429702759,-1.5707963267948966,0.0,1.5707963267948966,0.008866810266123733,-0.005752169854158841,2.0620211020001147
0.010711698055778011,0.6270891038471055,1.959565474412681,-0.00011923889336209114,-0.00264782029125145,0.0016424710635144742,-1.5252442866341411,-0.031185213630235076,1.2507723153720158,0.10289999842643738,0.40549999475479126,1.6497999429702759,-1.5707963267948966,0.0,1.5707963267948966,0.009048909212247117,-0.0059637179326326945,2.0610663082460476
0.010942821225836027,0.6268495889107417,1.9589621678286164,-0.00024758933262800234,-0.0027169185049787242,0.0021131945714854116,-1.5249963488562532,-0.03148491861020153,1.2522379239840375,0.10289999842643738,0.40549999475479126,1.6497999429702759,-1.5707963267948966,0.0,1.5707963267948966,0.00916177004054906,-0.006094043510796548,2.0604807534832714
0.011304168094233185,0.6264877248580967,1.958059751180011,-0.0004385944312267342,-0.002731931014751301,0.002478696568122168,-1.5246656143576838,-0.031958404214914804,1.254446217841627,0.10289999842643738,0.40549999475479126,1.6497999429702759,-1.5707963267948966,0.0,1.5707963267948966,0.00933035513646406,-0.006289621685121755,2.0596065825570147
0.011550695837579804,0.6262449565321179,1.9574587718131522,-0.0008786259364923944,-0.002920281795724551,0.0023564996827539833,-1.5244536662270938,-0.0322640369632623,1.2559213857395937,0.10289999842643738,0.40549999475479126,1.6497999429702759,-1.5707963267948966,0.0,1.5707963267948966,0.009442681682522807,-0.006420095739443747,2.0590266461932725
0.011892147987593993,0.6259131740487283,1.9566351640372455,-0.0010201368667295653,-0.003047394486395093,0.002177995885939531,-1.524154819505196,-0.03269730421497208,1.2579546080256112,0.10289999842643738,0.40549999475479126,1.6497999429702759,-1.5707963267948966,0.0,1.5707963267948966,0.009597833984281852,-0.006600193990836303,2.058229920384005
0.012172064960035086,0.6256463412473343,1.9559593142702574,-0.0003156016390321696,-0.003126230329677528,0.0018213666238357518,-1.5239097137949251,-0.033073212508565764,1.2596103179896072,0.10289999842643738,0.40549999475479126,1.6497999429702759,-1.5707963267948966,0.0,1.5707963267948966,0.009725671240715437,-0.006748670053340697,2.057577530857266
0.012474856703601987,0.6253522658428858,1.9552042115423045,0.0005567530572236472,-0.003308686309755816,0.0011136460631286475,-1.5236286522736162,-0.03346584840252298,1.2614448498219715,0.10289999842643738,0.40549999475479126,1.6497999429702759,-1.5707963267948966,0.0,1.5707963267948966,0.0098700315157687,-0.00691470586983753,2.056853776402154
0.012764675593782106,0.6250565137153833,1.9544494665076446,0.0008222082147956457,-0.003497296373533219,0.0008378877177256824,-1.5233221921676456,-0.0338489826386561,1.2632898704813846,0.10289999842643738,0.40549999475479126,1.6497999429702759,-1.5707963267948966,0.0,1.5707963267948966,0.010017450700115388,-0.007081320416942166,2.056134345942061
0.013164761816550574,0.6246454623347616,1.953393913864319,0.0013858250928966997,-0.0037480381259039713,0.001373368888654717,-1.5228827740846065,-0.03438776401485111,1.2658739814685795,0.10289999842643738,0.40549999475479126,1.6497999429702759,-1.5707963267948966,0.0,1.5707963267948966,0.010226268117952615,-0.00731598130370302,2.055132303286082
0.013337760449940833,0.624471554853496,1.952940251177624,0.0014292219956789588,-0.0038441811973838644,0.0015350881689812836,-1.5226998822698556,-0.03459768121040163,1.2669792759868945,0.10289999842643738,0.40549999475479126,1.6497999429702759,-1.5707963267948966,0.0,1.5707963267948966,0.010315950052513054,-0.007417150316572459,2.0547049795534833
0.013629827669737993,0.6241841843347852,1.9521824662507066,0.0012902761994457552,-0.003928882444396517,0.0018051057885891477,-1.5223864869952421,-0.03496087325594832,1.2688233722987283,0.10289999842643738,0.40549999475479126,1.6497999429702759,-1.5707963267948966,0.0,1.5707963267948966,0.010465577500633937,-0.007586432079293444,2.053995237196297
0.013923224791537413,0.623899736770138,1.9514233854462482,-0.00016022451509507934,-0.00406981450068765,0.001441409247588416,-1.522063421953734,-0.03535202617105293,1.2706636071422603,0.10289999842643738,0.40549999475479126,1.6497999429702759,-1.5707963267948966,0.0,1.5707963267948966,0.01061588710366211,-0.007756273248587745,2.0532874922433177
0.014237097472634064,0.6235844031761604,1.950593297946788,-0.0013434871412281919,-0.0041561460654992305,0.0011553398353068129,-1.5217032254760028,-0.03574089063412078,1.2726983071167748,0.10289999842643738,0.40549999475479126,1.6497999429702759,-1.5707963267948966,0.0,1.5707963267948966,0.010783418441027445,-0.007942740733958975,2.0525105150793816
0.014577156886002883,0.6232301384104536,1.9496937197975426,-0.002243979945982855,-0.004148704001616442,0.0015040807470207919,-1.5213192866045089,-0.03614672999217028,1.2749381643573952,0.10289999842643738,0.40549999475479126,1.6497999429702759,-1.5707963267948966,0.0,1.5707963267948966,0.010967584191311379,-0.008145262934132647,2.0516631061833253
0.014867212335468874,0.622924339930142,1.9489472928614908,-0.0014202812411852797,-0.003992782427356343,0.001834907343658362,-1.5210175122770866,-0.03649058864020116,1.2768070451671762,0.10289999842643738,0.40549999475479126,1.6497999429702759,-1.5707963267948966,0.0,1.5707963267948966,0.011136066831969302,-0.008330250863649784,2.050887056239506
0.015104137134833044,0.622676666087906,1.9483454121691575,-0.0007510220596559419,-0.0038041564759212295,0.0019174763195580406,-1.5207902994233347,-0.036736544530378445,1.2782890574529382,0.10289999842643738,0.40549999475479126,1.6497999429702759,-1.5707963267948966,0.0,1.5707963267948966,0.01124296163035088,-0.008448188782935432,2.0503946970401232
0.015343873279620831,0.6224273312316292,1.947742483775894,-0.00031550899951978106,-0.0035325250220967688,0.0018477386191139218,-1.5205742967722848,-0.03697647375260038,1.2797722040549646,0.10289999842643738,0.40549999475479126,1.6497999429702759,-1.5707963267948966,0.0,1.5707963267948966,0.011365120404058508,-0.008583215089733302,2.049831751295026
0.015713217350524722,0.622052416328868,1.9468367176119201,-0.000271234549361455,-0.0027388180517800933,0.002179755820788433,-1.520280196034908,-0.037370441578235436,1.2820076532074114,0.10289999842643738,0.40549999475479126,1.6497999429702759,-1.5707963267948966,0.0,1.5707963267948966,0.011547842339678259,-0.008786433281711767,2.048984316191743
0.01609716502752577,0.6216753552648497,1.9459367067303672,-0.0015957122960751208,-0.00237549255405538,0.002111612015999714,-1.5200027859191572,-0.037747850275629435,1.284279970744224,0.10289999842643738,0.40549999475479126,1.6497999429702759,-1.5707963267948966,0.0,1.5707963267948966,0.01172908053563206,-0.008989769287876155,2.0481333229303402
0.01639025517220873,0.6213893844236829,1.9452702848334398,-0.002308512663150239,-0.0022338115891184615,0.0018965216236282961,-1.5197852204232627,-0.03802602172584102,1.2860240517866153,0.10289999842643738,0.40549999475479126,1.6497999429702759,-1.5707963267948966,0.0,1.5707963267948966,0.011864586144670725,-0.009141950819773792,2.0474905817622364
0.01668617907982672,0.6210997350859255,1.9446085637804948,-0.0021191257878950954,-0.0022376769279567154,0.0016811899161415366,-1.519565029338107,-0.038328029670474884,1.287789803279257,0.10289999842643738,0.40549999475479126,1.6497999429702759,-1.5707963267948966,0.0,1.5707963267948966,0.012000057593433993,-0.009294092118301133,2.04684372276742
0.01704889703894281,0.6207402116642464,1.9438068490262166,-0.0017839847491681626,-0.0024204042390263843,0.0012998490645926342,-1.5193119810805074,-0.038660684568809334,1.2899809674040128,0.10289999842643738,0.40549999475479126,1.6497999429702759,-1.5707963267948966,0.0,1.5707963267948966,0.012165974252506519,-0.009480213768854667,2.0460475562335976
0.01731168004712242,0.6204748204495527,1.943231350929388,-0.0009727992922018927,-0.0025896004203467137,0.0011690747720046943,-1.5191370459541083,-0.03887580442230387,1.2916022706728427,0.10289999842643738,0.40549999475479126,1.6497999429702759,-1.5707963267948966,0.0,1.5707963267948966,0.012287142281595179,-0.009615685255773585,2.0454649876666853
0.017672971561250396,0.6201067379980505,1.942446013531441,-0.00020928118557341326,-0.0028364873748017443,0.0008635339929254296,-1.5188804633974662,-0.039197543633638254,1.29386445311809,0.10289999842643738,0.40549999475479126,1.6497999429702759,-1.5707963267948966,0.0,1.5707963267948966,0.012454295741242039,-0.009802560438438601,2.0446595390716222
0.018059935327697355,0.6196994861689503,1.9416014986872345,4.5801856636607567e-05,-0.002938429202352457,0.0005315808106592769,-1.5185806264467983,-0.039489796645161945,1.2963719039512178,0.10289999842643738,0.40549999475479126,1.6497999429702759,-1.5707963267948966,0.0,1.5707963267948966,0.012638229995070015,-0.010006807434723907,2.043774660271126
0.01834284663258551,0.6193927060293254,1.9409704442001634,0.0011489867459084408,-0.0029234941609809313,0.00018777987866411627,-1.5183419674521035,-0.039672291697189443,1.2982574812905665,0.10289999842643738,0.40549999475479126,1.6497999429702759,-1.5707963267948966,0.0,1.5707963267948966,0.012777621035111271,-0.01016048679609786,2.0431079941535337
0.0186180521065058,0.6190865000896716,1.9403338910841175,0.0020701853669097326,-0.0028045301631515387,5.554073905123886e-05,-1.5180853455640306,-0.0398704421173095,1.3001292002314828,0.10289999842643738,0.40549999475479126,1.6497999429702759,-1.5707963267948966,0.0,1.5707963267948966,0.012918523642287552,-0.01031499899486598,2.0424406503119292
0.01889014909032679,0.6187775409832933,1.939699546987486,0.0019022311398791162,-0.002501303133420944,0.0004883075174316177,-1.5178192710067315,-0.04005732956507879,1.3020091169883543,0.10289999842643738,0.40549999475479126,1.6497999429702759,-1.5707963267948966,0.0,1.5707963267948966,0.013075484246541274,-0.010486974442865001,2.04169670167448
0.01919802844170745,0.618430914315421,1.939002348011895,0.001377133713866516,-0.002165966915094616,0.0010359871485105985,-1.5175268110651277,-0.040249932933260624,1.3041234633873289,0.10289999842643738,0.40549999475479126,1.6497999429702759,-1.5707963267948966,0.0,1.5707963267948966,0.013231157017041176,-0.010658781679321898,2.0409520892206947
0.019613983815287322,0.617975618672709,1.9381017353847454,0.0015880487134247727,-0.0018307416095731013,0.0014021069579856613,-1.5171484455354542,-0.04056464809583993,1.306899585177208,0.10289999842643738,0.40549999475479126,1.6497999429702759,-1.5707963267948966,0.0,1.5707963267948966,0.01341570396987641,-0.010864848254637776,2.0400624327769163
0.019879825924231043,0.6176929724509583,1.9375463078200772,0.001938565485180386,-0.0015880386345351956,0.0017455277352138364,-1.5169066161057552,-0.040778097174912986,1.3085982404009575,0.10289999842643738,0.40549999475479126,1.6497999429702759,-1.5707963267948966,0.0,1.5707963267948966,0.013537170106591712,-0.011002487563307182,2.039471676893777
0.020192560858149546,0.6173742772653257,1.9369193385267462,0.0023381643832699195,-0.0012225282145218615,0.001955650575161659,-1.5166346454716453,-0.041025081928719676,1.3104911870863978,0.10289999842643738,0.40549999475479126,1.6497999429702759,-1.5707963267948966,0.0,1.5707963267948966,0.013671762467990813,-0.01115770621110427,2.038809525817429
0.020591505699978748,0.6169824705765504,1.9361541592356522,0.0021214284484669162,-0.0006885632884637419,0.0018046642635433003,-1.5163140360676959,-0.041365456773466924,1.3127932010084127,0.10289999842643738,0.40549999475479126,1.6497999429702759,-1.5707963267948966,0.0,1.5707963267948966,0.013833976320862881,-0.011347661612127769,2.0380018052260525
0.02092545083714821,0.6166552729803808,1.9355341046655998,0.001850370580479217,-0.00034868515746188034,0.0012451447922612751,-1.5160652079091204,-0.04165730260153788,1.3146748705343998,0.10289999842643738,0.40549999475479126,1.6497999429702759,-1.5707963267948966,0.0,1.5707963267948966,0.013965857947796857,-0.01150282073661776,2.0373388780696065
0.02129566545828452,0.6162839238327191,1.9348498978421633,0.0018161504038172462,-0.00016114804937615153,0.0005899170014692535,-1.5157767340939268,-0.041972084943871835,1.316766811319801,0.10289999842643738,0.40549999475479126,1.6497999429702759,-1.5707963267948966,0.0,1.5707963267948966,0.014112972445205053,-0.011674894424001058,2.0366018385195126
0.021661330872028955,0.6159100674090494,1.9341666337214045,0.002322698428263122,-0.00016391652696771237,-3.178076635252336e-05,-1.5154729448667625,-0.04230331496583162,1.318864610716147,0.10289999842643738,0.40549999475479126,1.6497999429702759,-1.5707963267948966,0.0,1.5707963267948966,0.014261321979628852,-0.011847261343272327,2.0358678671875103
0.022022235245352222,0.6155358374428249,1.933482134106547,0.0030115859812338444,-0.00015436841430297064,-4.274473357636767e-05,-1.5151654804757957,-0.042642534885708905,1.3209586729457847,0.10289999842643738,0.40549999475479126,1.6497999429702759,-1.5707963267948966,0.0,1.5707963267948966,0.014410693774520342,-0.012020464908858431,2.0351383228926134
0.022382865522409482,0.6151596171409802,1.932799899384963,0.003082938161109987,-0.00014048902835240082,-6.921132332484378e-05,-1.5148456582812915,-0.04298262287823729,1.3230475238254267,0.10289999842643738,0.40549999475479126,1.6497999429702759,-1.5707963267948966,0.0,1.5707963267948966,0.014575113887606975,-0.012211781775632419,2.0343372047071138
0.02278027023292218,0.6147461581437462,1.9320560935173963,0.002745405445498114,-0.00012615970064062487,0.00015341755640296858,-1.514497698338565,-0.043370301549291224,1.3253503243970222,0.10289999842643738,0.40549999475479126,1.6497999429702759,-1.5707963267948966,0.0,1.5707963267948966,0.014724441593631999,-0.0123863785986876,2.0336059446376407
0.02314320779226082,0.6143700829282612,1.9313840260907962,0.0024336229323400076,-0.00016367226541080132,-0.0001967778615243796,-1.5142181408383895,-0.04372518914652623,1.3274497327681105,0.10289999842643738,0.40549999475479126,1.6497999429702759,-1.5707963267948966,0.0,1.5707963267948966,0.014888509431733093,-0.012579163150234534,2.0327989119161365
0.023460842987687813,0.614032305290504,1.9307808638862616,0.0016059673894056065,-0.00019692190193457287,-0.0008222784954749372,-1.5139690170645774,-0.04402739064659933,1.3293408721283764,0.10289999842643738,0.40549999475479126,1.6497999429702759,-1.5707963267948966,0.0,1.5707963267948966,0.015009180846903608,-0.012719896833864477,2.032212135865869
0.02380205572347449,0.6136562295009785,1.9301151204644695,0.0011032287760206255,-7.670545113044491e-05,-0.0008483639578979952,-1.5136863149349988,-0.04434478354314475,1.331452554809569,0.10289999842643738,0.40549999475479126,1.6497999429702759,-1.5707963267948966,0.0,1.5707963267948966,0.01516178483931182,-0.012896042007626814,2.0314815175460774
0.02423768207936827,0.6131595948263653,1.9292511287553558,0.0014379947847796939,-2.260901157678569e-06,-0.0006999471573365771,-1.5133461932740893,-0.044725964537911445,1.33420529077508,0.10289999842643738,0.40549999475479126,1.6497999429702759,-1.5707963267948966,0.0,1.5707963267948966,0.01536102877759525,-0.013125175735238899,2.0305346411137037
0.024567256370573234,0.6127696431822421,1.928585985825778,0.002136723916039826,-5.071345097403715e-05,-0.0006037703323288486,-1.513077413093898,-0.045001499306704495,1.336323738914099,0.10289999842643738,0.40549999475479126,1.6497999429702759,-1.5707963267948966,0.0,1.5707963267948966,0.01551475846111483,-0.013301745671974502,2.0298052874622017
0.024828184599797774,0.6124553978408582,1.9280531047878506,0.002621925799521396,-0.00013208703418017345,-0.0006322845535451076,-1.512860227388657,-0.045219160115382184,1.3380227925213586,0.10289999842643738,0.40549999475479126,1.6497999429702759,-1.5707963267948966,0.0,1.5707963267948966,0.01563808886389117,-0.013443499665820034,2.029220037027607
0.025184688427075292,0.612022453425692,1.927316650132082,0.0036965443389038906,-0.00025233619667513216,-0.0004815456863693798,-1.5125980797354548,-0.04549856864579649,1.3403448566625435,0.10289999842643738,0.40549999475479126,1.6497999429702759,-1.5707963267948966,0.0,1.5707963267948966,0.015808203472350773,-0.013639566709265733,2.0284119223434507
0.0254422420335328,0.6117057928104754,1.9267780335768496,0.0037197051426940504,-0.00040064950064365093,-0.0007776132319692623,-1.512412310374704,-0.04569034197136235,1.3420289252908322,0.10289999842643738,0.40549999475479126,1.6497999429702759,-1.5707963267948966,0.0,1.5707963267948966,0.015932284119931497,-0.013782865198258052,2.0278221301017347
0.025814607909057846,0.6112266709721543,1.9259738129374044,0.0027577917331499478,-0.000626075219004968,-0.0010887700670202441,-1.5121024044302451,-0.045953424338608606,1.3445638933781259,0.10289999842643738,0.40549999475479126,1.6497999429702759,-1.5707963267948966,0.0,1.5707963267948966,0.01612065209535312,-0.013998216523005987,2.0269356914906664
0.026057378980453273,0.6109056970340034,1.9254366085366164,0.002746394217339284,-0.0007270635546909437,-0.0008733679733260173,-1.5118940822395526,-0.04612562391678754,1.34625864645171,0.10289999842643738,0.40549999475479126,1.6497999429702759,-1.5707963267948966,0.0,1.5707963267948966,0.01624711653323676,-0.014142083294546892,2.0263448416838457
0.026360710697992135,0.6105061759986552,1.92475428706291,0.0029479350586534337,-0.0008565450461706869,-0.0007227365509917158,-1.5116130684220885,-0.046342033340670774,1.3483668932664525,0.10289999842643738,0.40549999475479126,1.6497999429702759,-1.5707963267948966,0.0,1.5707963267948966,0.01640521939848754,-0.014322933718056817,2.0256086070582064
0.026665495884035474,0.610108923313427,1.9240632841940055,0.0026368527129558153,-0.000916468926559231,-0.0003153914521136648,-1.511303884393408,-0.04655723531325062,1.3504714420727864,0.10289999842643738,0.40549999475479126,1.6497999429702759,-1.5707963267948966,0.0,1.5707963267948966,0.016563149496809582,-0.014504918259046418,2.0248738253799092
0.026972386780155844,0.6097147319592872,1.923370358166924,0.001487428064929494,-0.0010847333829479735,-0.0006275185149993708,-1.511014248875918,-0.0467684102697552,1.3525740282315915,0.10289999842643738,0.40549999475479126,1.6497999429702759,-1.5707963267948966,0.0,1.5707963267948966,0.016720824400067287,-0.014687859047661034,2.0241406379735376
0.027240387196601188,0.6093625497983903,1.9227491434380624,0.0007508227600830639,-0.0012812912364051831,-0.0011337175217916789,-1.510771522988014,-0.04693056595359657,1.354472895804086,0.10289999842643738,0.40549999475479126,1.6497999429702759,-1.5707963267948966,0.0,1.5707963267948966,0.016864020573057262,-0.014853274087052627,2.023482891278347
0.027589963472141908,0.6088937655096248,1.921921282399698,0.0003125207701835123,-0.0013086008281523256,-0.0005600017784340468,-1.5104420114152732,-0.04712651136952051,1.3570228709824699,0.10289999842643738,0.40549999475479126,1.6497999429702759,-1.5707963267948966,0.0,1.5707963267948966,0.017055885891683116,-0.015074915711519999,2.022612462296115
0.02782666309322093,0.6085784836324833,1.9213707029155302,1.0187111011657612e-05,-0.0013077754426605037,-0.0005357746415643996,-1.510224456020595,-0.04725810511817263,1.3587301015809372,0.10289999842643738,0.40549999475479126,1.6497999429702759,-1.5707963267948966,0.0,1.5707963267948966,0.01719888133818546,-0.015241523399413478,2.0219671140214865
0.02818229021279395,0.6081035922309054,1.920546569705178,-4.373262572073015e-05,-0.001082637963104767,-0.0003692241569038695,-1.5098924981156594,-0.04747404588368109,1.361269642447909,0.10289999842643738,0.40549999475479126,1.6497999429702759,-1.5707963267948966,0.0,1.5707963267948966,0.017373669650573863,-0.015445904991111141,2.0211845002982307
0.02842120680339279,0.6077869002771291,1.9199966084617246,-6.690820319133422e-05,-0.0009335241557761957,-0.0005394909670853591,-1.509655178883555,-0.04762836513089885,1.3629509375686566,0.10289999842643738,0.40549999475479126,1.6497999429702759,-1.5707963267948966,0.0,1.5707963267948966,0.017500622661969306,-0.015595382768566767,2.0206178866418525
0.02879694217245556,0.607276575427253,1.9190987599340663,6.191619656183478e-05,-0.0008500222286853125,-0.001385023613971805,-1.5092716780254931,-0.047829683090871544,1.365654244837397,0.10289999842643738,0.40549999475479126,1.6497999429702759,-1.5707963267948966,0.0,1.5707963267948966,0.017709192418865916,-0.015840242891696034,2.0197016524960905
0.02904278472532357,0.6069268931363954,1.9184712964424806,-0.00027202711560179045,-0.0006724405222448865,-0.0015782589609838814,-1.5090121960933494,-0.04795322363194199,1.3675010964231995,0.10289999842643738,0.40549999475479126,1.6497999429702759,-1.5707963267948966,0.0,1.5707963267948966,0.017856066339326775,-0.01601106181617592,2.0190738209339902
0.029281849390723227,0.6065763218447735,1.9178444632683684,-0.0012212268800979877,-0.00048607935995665497,-0.001406895409350704,-1.5087481816346708,-0.04806469863917506,1.3693378661405617,0.10289999842643738,0.40549999475479126,1.6497999429702759,-1.5707963267948966,0.0,1.5707963267948966,0.0180040567347689,-0.016182405061175263,2.018449242982651
0.029540656980682103,0.6061841103197154,1.917150043930704,-0.0020590258059285937,-0.0005317085949194748,-0.0014934177296733915,-1.5084413423154603,-0.04815937400185355,1.3713693340612705,0.10289999842643738,0.40549999475479126,1.6497999429702759,-1.5707963267948966,0.0,1.5707963267948966,0.018169412807009462,-0.016373139036695735,2.0177568139290094
0.029790917748066637,0.6057909590159745,1.9164542500004853,-0.002358904789296217,-0.0008291371541160962,-0.0013606137057192906,-1.508141077613107,-0.04825195521730219,1.3733858651392512,0.10289999842643738,0.40549999475479126,1.6497999429702759,-1.5707963267948966,0.0,1.5707963267948966,0.01833598273609133,-0.01656450085447648,2.017064893427735
0.030039562583797745,0.6053957383851796,1.9157559192115285,-0.001974815867421881,-0.0011967008516592778,-0.0009268803042169223,-1.5078499994053183,-0.048350497119569624,1.3753862099544578,0.10289999842643738,0.40549999475479126,1.6497999429702759,-1.5707963267948966,0.0,1.5707963267948966,0.018502690123229117,-0.016756666515113434,2.0163730067949466
0.030320998071886963,0.6049594760662215,1.9149816712892838,-0.000968652560931236,-0.0013904209284635789,-0.0002615088465925659,-1.5075304177477278,-0.04845459063957014,1.3775497586531729,0.10289999842643738,0.40549999475479126,1.6497999429702759,-1.5707963267948966,0.0,1.5707963267948966,0.0186847999242373,-0.01696936857219467,2.015615010237508
0.030623169127231595,0.6045223644571658,1.914200237169958,1.5883957569659362e-05,-0.001093047699228129,0.0008388288439995156,-1.5072446785729743,-0.04859172281722346,1.379674001689758,0.10289999842643738,0.40549999475479126,1.6497999429702759,-1.5707963267948966,0.0,1.5707963267948966,0.018863663938736796,-0.01718336392542959,2.014865060078443
0.03089220823897196,0.6041641674514782,1.9135585836972784,-0.00013652226269297366,-0.0007131422080703285,0.0008829270020247067,-1.5070378582211692,-0.04874531588229836,1.3814025005770838,0.10289999842643738,0.40549999475479126,1.6497999429702759,-1.5707963267948966,0.0,1.5707963267948966,0.019006589489501676,-0.017359165278673934,2.0142619071908183
0.0311681533615739,0.6038073482156103,1.9129186337071058,-0.0005986295279787565,-0.00035134557250921753,0.0005074444623577313,-1.506825598680097,-0.04889112841235832,1.3831227636686954,0.10289999842643738,0.40549999475479126,1.6497999429702759,-1.5707963267948966,0.0,1.5707963267948966,0.019164230526472415,-0.017555332880955156,2.0136012594062787
0.0315120416988817,0.6033725021993288,1.9121368439665043,-0.0017595361646546882,-2.6689791628760653e-05,0.00019608746695238906,-1.5065913727126692,-0.049075824006600044,1.3852106296278204,0.10289999842643738,0.40549999475479126,1.6497999429702759,-1.5707963267948966,0.0,1.5707963267948966,0.019336645564314792,-0.01777179992070321,2.0128814833409585
0.03176838355037999,0.6030558879718745,1.9115690960177443,-0.0019518466106771036,-7.621196468943756e-05,0.0002567798134840233,-1.5064457034480248,-0.04922954398478163,1.3867169362265046,0.10289999842643738,0.40549999475479126,1.6497999429702759,-1.5707963267948966,0.0,1.5707963267948966,0.01944554035349467,-0.017909832821944506,2.012425068893951
0.03220740946986341,0.6025390845952515,1.9106375262787871,-0.0016792989164548743,-0.0004921766401421341,0.0006532862601390271,-1.506233735034882,-0.049488459133169016,1.3891228551036194,0.10289999842643738,0.40549999475479126,1.6497999429702759,-1.5707963267948966,0.0,1.5707963267948966,0.019644181319475755,-0.018167113676857787,2.0115805899114716
0.03249164955553038,0.602217981866621,1.9100627976570312,-0.0022779782140874326,-0.0008773475430079631,0.000495023346251098,-1.5061304898244439,-0.04966303159534702,1.3905847539292746,0.10289999842643738,0.40549999475479126,1.6497999429702759,-1.5707963267948966,0.0,1.5707963267948966,0.019764087222531902,-0.01832575908117724,2.0110623538999137
0.03285569833362234,0.6018138376420197,1.9093506965516303,-0.0029654728797383584,-0.0011820968605167708,0.00019218314871304555,-1.5060412205053328,-0.04990124958722841,1.3923963011808576,0.10289999842643738,0.40549999475479126,1.6497999429702759,-1.5707963267948966,0.0,1.5707963267948966,0.019912602015579917,-0.01852424386581054,2.0104136691635994
0.03330108623427894,0.6013201817282484,1.90850818918882,-0.004179988257936246,-0.001345908534309692,-0.00017025117401583243,-1.505965800659483,-0.050164666850315065,1.3945538667769504,0.10289999842643738,0.40549999475479126,1.6497999429702759,-1.5707963267948966,0.0,1.5707963267948966,0.020089159412890134,-0.018762307889524446,2.009632286900412
0.033602142634827276,0.6009836860251206,1.907956340368761,-0.004528651815636208,-0.001354911425483535,-0.0002903778728791987,-1.5059362170031314,-0.05032657771340343,1.3959880955162574,0.10289999842643738,0.40549999475479126,1.6497999429702759,-1.5707963267948966,0.0,1.5707963267948966,0.02020599514877161,-0.018920722159643535,2.009108838281415
0.033943977898718,0.6006014839231487,1.9073391110891897,-0.004059623109542879,-0.001289565589565719,-0.0007159592380679501,-1.5059374909509067,-0.050504299529646524,1.3975900103372156,0.10289999842643738,0.40549999475479126,1.6497999429702759,-1.5707963267948966,0.0,1.5707963267948966,0.020351513256729476,-0.01911903646257541,2.0084521332411196
0.03436143400517511,0.6001287539274605,1.9065868261331425,-0.003333991099715459,-0.001028233454219721,-0.0009065393441444776,-1.5059614652141438,-0.05068747965503917,1.3995336665155038,0.10289999842643738,0.40549999475479126,1.6497999429702759,-1.5707963267948966,0.0,1.5707963267948966,0.020497126793988307,-0.019317825886427244,2.0077949505915678
0.03470692561490394,0.5997369837662918,1.9059745953363125,-0.0029211107760601664,-0.0007764293767563464,-0.0007837434107060338,-1.5059960663887637,-0.050809689450249884,1.4011119890538373,0.10289999842643738,0.40549999475479126,1.6497999429702759,-1.5707963267948966,0.0,1.5707963267948966,0.0206275643629971,-0.01949711458013162,2.007201919393182
0.035137731914301834,0.5992586779239354,1.9052293795916082,-0.002773501153442539,-0.0005641991181338641,-0.0008107739100180008,-1.5060855327582596,-0.050947931647860045,1.4030197805954319,0.10289999842643738,0.40549999475479126,1.6497999429702759,-1.5707963267948966,0.0,1.5707963267948966,0.020800092144278352,-0.019737279228065795,2.006407257049458
0.035533409622489846,0.5988250785295871,1.9045564514880053,-0.0029409475785210676,-0.0004121566394427288,-0.0010575950182267508,-1.5062009877273907,-0.05105709936549285,1.4047423896885696,0.10289999842643738,0.40549999475479126,1.6497999429702759,-1.5707963267948966,0.0,1.5707963267948966,0.020929007927115533,-0.019918204612731357,2.0058069118473654
0.03596379579579805,0.5983486819303904,1.9038190834759126,-0.002625298984173635,-0.00043875268626726225,-0.0016318205779612348,-1.5063164596517284,-0.05116475215658278,1.4066259345801742,0.10289999842643738,0.40549999475479126,1.6497999429702759,-1.5707963267948966,0.0,1.5707963267948966,0.02108721078589568,-0.020140262125272458,2.0050696356307824
0.03630933458514482,0.5979607519437228,1.9032119870260837,-0.002076684850130202,-0.0005125497461442587,-0.0016680261778735368,-1.506402989387972,-0.051263007275129446,1.4081499401631463,0.10289999842643738,0.40549999475479126,1.6497999429702759,-1.5707963267948966,0.0,1.5707963267948966,0.021217408430238907,-0.020322816880242053,2.004467677799065
0.036768453243122584,0.5974469070504281,1.9023942256035489,-0.0015969185372112914,-0.0005527919886097849,-0.0015421636828677225,-1.5065126375366629,-0.05140849668838676,1.4101366935793964,0.10289999842643738,0.40549999475479126,1.6497999429702759,-1.5707963267948966,0.0,1.5707963267948966,0.021405185970590927,-0.020587848761383663,2.0035995072280466
0.03722923354696074,0.5969330278099967,1.9015688332578782,-0.0018949223650061387,-0.0004896708696062556,-0.0012386316740389083,-1.506585995548598,-0.05156311433240912,1.4120725615760095,0.10289999842643738,0.40549999475479126,1.6497999429702759,-1.5707963267948966,0.0,1.5707963267948966,0.021563266621617012,-0.020812858753402757,2.002863691126705
0.037462979269717075,0.5966773770741409,1.901153023287468,-0.0018720351963949795,-0.00038748334876258293,-0.0010490056815894318,-1.5066139140765467,-0.05165773783254313,1.413026023828051,0.10289999842643738,0.40549999475479126,1.6497999429702759,-1.5707963267948966,0.0,1.5707963267948966,0.021648877720576627,-0.020935883588880256,2.002462107167183
0.03786136354856291,0.5962528951039131,1.900449000240242,-0.0015325567709580236,-0.0002595164970924336,-0.0007623887429983987,-1.5066760679793276,-0.051827952505439256,1.41460002285316,0.10289999842643738,0.40549999475479126,1.6497999429702759,-1.5707963267948966,0.0,1.5707963267948966,0.021804376159539014,-0.02116186800041095,2.001728225630709
0.038306910060155436,0.595786464906506,1.8996571782297913,-0.0018916766529798103,-0.00044679314453742534,-0.0011235523622157642,-1.5067521101048715,-0.052007391393737556,1.4163112446126829,0.10289999842643738,0.40549999475479126,1.6497999429702759,-1.5707963267948966,0.0,1.5707963267948966,0.021944876847289227,-0.02136757217244444,2.0010648636641726
0.03866948245011992,0.5954045966504765,1.8989996292637967,-0.0028715720464732204,-0.000618713652427258,-0.001421812287791931,-1.5068101651526615,-0.0521557624501936,1.4176958566268074,0.10289999842643738,0.40549999475479126,1.6497999429702759,-1.5707963267948966,0.0,1.5707963267948966,0.022071618560055486,-0.021552662768904145,2.00047099852164
0.03914795129312111,0.5948883269993558,1.8981217796663947,-0.004715610235898467,-0.0008302384594720351,-0.001533234834777694,-1.5068812993150438,-0.0523608543138292,1.419550785492794,0.10289999842643738,0.40549999475479126,1.6497999429702759,-1.5707963267948966,0.0,1.5707963267948966,0.022240750092313258,-0.021798158249330117,1.9996812701073166
0.03942477560646584,0.5945813505908086,1.8976111553957347,-0.005215707877708649,-0.0009521948158514002,-0.0016325868901378635,-1.506905832431926,-0.05247225897354024,1.4206416255429444,0.10289999842643738,0.40549999475479126,1.6497999429702759,-1.5707963267948966,0.0,1.5707963267948966,0.022339305371153386,-0.021940547279407526,1.9992200191798044
0.039815810260127066,0.5941398792618283,1.8968771048542263,-0.00509272724747141,-0.001089413426798439,-0.001866475741341223,-1.5069224238813985,-0.05263076432629177,1.4221867000845476,0.10289999842643738,0.40549999475479126,1.6497999429702759,-1.5707963267948966,0.0,1.5707963267948966,0.022480486779124828,-0.022143860438000814,1.9985599478528326
0.04027221730102962,0.5936074997524251,1.895988248242779,-0.004580900568226145,-0.0012705169166743245,-0.002344278157496386,-1.5069437554214413,-0.052828859772585446,1.4240312585261548,0.10289999842643738,0.40549999475479126,1.6497999429702759,-1.5707963267948966,0.0,1.5707963267948966,0.0226513311451357,-0.022387977259774292,1.9977668470940657
0.04063836262429986,0.5931637088315335,1.8952454371369374,-0.0043496062066311625,-0.0012750762338619027,-0.0024483504082305034,-1.5069587966651457,-0.05297795640566161,1.4255661276656983,0.10289999842643738,0.40549999475479126,1.6497999429702759,-1.5707963267948966,0.0,1.5707963267948966,0.022795488099675357,-0.02259177074041068,1.99710656217778
0.040961756299941636,0.5927662868513833,1.8945794621095775,-0.0043739179226035,-0.0011567526473544427,-0.002181380973031862,-1.5069560872457448,-0.05310896923979236,1.4269422915128456,0.10289999842643738,0.40549999475479126,1.6497999429702759,-1.5707963267948966,0.0,1.5707963267948966,0.02294035114086995,-0.02279616153831353,1.9964452859509814
0.04132165890257121,0.5923287655668019,1.8938397152029838,-0.0038574682568283994,-0.0009897644057574977,-0.0018199639141112769,-1.5069491617111284,-0.053270546310208555,1.4284686563237399,0.10289999842643738,0.40549999475479126,1.6497999429702759,-1.5707963267948966,0.0,1.5707963267948966,0.023070378870968564,-0.022980713403156407,1.9958501413384595
0.04168275372518397,0.5918969356549357,1.8930956869610012,-0.0034909032280504545,-0.0008816199597917981,-0.0018305406473236175,-1.506965929304039,-0.05343397584035259,1.429991288898245,0.10289999842643738,0.40549999475479126,1.6497999429702759,-1.5707963267948966,0.0,1.5707963267948966,0.023214601800130304,-0.02318653621239169,1.9951906717498387
0.042112486709269835,0.5913781830895981,1.8922061908148082,-0.003432930383778658,-0.0007515601583950068,-0.0018775350145928916,-1.5070069987200325,-0.05362598478252867,1.4318219625795403,0.10289999842643738,0.40549999475479126,1.6497999429702759,-1.5707963267948966,0.0,1.5707963267948966,0.023388220140512537,-0.02343374940344226,1.9943983343813778
0.04243046910385348,0.5909858081277225,1.89154569795894,-0.003616426801856718,-0.0006996395227964167,-0.0022013070744205977,-1.507062827257092,-0.053778750075016646,1.4332059197502223,0.10289999842643738,0.40549999475479126,1.6497999429702759,-1.5707963267948966,0.0,1.5707963267948966,0.02351903795330642,-0.023618907846658852,1.9938005558520644
0.04277007223147381,0.5905486849952934,1.890818751832216,-0.0034417206094949273,-0.0008891587600047724,-0.0027935442454257043,-1.5071418137317065,-0.05392431361898087,1.4347477424248452,0.10289999842643738,0.40549999475479126,1.6497999429702759,-1.5707963267948966,0.0,1.5707963267948966,0.023666466368428687,-0.023824577949091073,1.993134023059571
0.043061706316868696,0.5901545642218912,1.8901662687308627,-0.002198949507032526,-0.0009904965686197147,-0.0027312994744313414,-1.5072040979514778,-0.05403461626981443,1.4361297185319675,0.10289999842643738,0.40549999475479126,1.6497999429702759,-1.5707963267948966,0.0,1.5707963267948966,0.023801179635076157,-0.02400990397958512,1.9925358492093026
0.043383055305211096,0.5897195308997503,1.8894323677384837,0.00014304460071471134,-0.0008733003454164937,-0.0020551566159789023,-1.507267902308041,-0.05416000556469225,1.437642642017582,0.10289999842643738,0.40549999475479126,1.6497999429702759,-1.5707963267948966,0.0,1.5707963267948966,0.023950870018299972,-0.02421676141573268,1.991876199984852
0.04377714645473397,0.589207703909441,1.8885350035071073,0.0018112545921163126,-0.0005541701517892846,-0.0015017508309439387,-1.5073697810132725,-0.05430957268333314,1.4394215247543647,0.10289999842643738,0.40549999475479126,1.6497999429702759,-1.5707963267948966,0.0,1.5707963267948966,0.02412882349121211,-0.024466630711353264,1.9910952236453143
0.04407615569064165,0.5888303005421149,1.887857021506173,0.000996101235172175,-0.00032646997585248646,-0.0016264908578792097,-1.507464700648142,-0.05441295195429863,1.4407231767450532,0.10289999842643738,0.40549999475479126,1.6497999429702759,-1.5707963267948966,0.0,1.5707963267948966,0.024261702576415294,-0.024654661279606048,1.9905153653436505
0.04437744652407142,0.5884542100558581,1.8871855101994615,-0.00098162435049731,-0.00013021926918905678,-0.001301788945113134,-1.5075878646027248,-0.05452551820114371,1.442007311395079,0.10289999842643738,0.40549999475479126,1.6497999429702759,-1.5707963267948966,0.0,1.5707963267948966,0.02439436670072689,-0.024842334292985727,1.9899363919410036
0.044719579421346044,0.5880360557948258,1.8864448755743741,-0.0019681056154237184,-0.00027833722649417685,-0.0014664462379741687,-1.5077683735016245,-0.05464923125239807,1.4434168406429937,0.10289999842643738,0.40549999475479126,1.6497999429702759,-1.5707963267948966,0.0,1.5707963267948966,0.024540599747430954,-0.025050006439275928,1.9892945255358676
0.04512823926336753,0.5875364518508731,1.8855436127202987,-0.0021183444053367454,-0.0005613886966063213,-0.0016899106290006504,-1.5080167871654633,-0.054747104687542514,1.4450717933000827,0.10289999842643738,0.40549999475479126,1.6497999429702759,-1.5707963267948966,0.0,1.5707963267948966,0.024716025000414678,-0.025298859328861053,1.9885288330699162
0.04539941472077318,0.5872035930306385,1.8849371121348344,-0.002730603475714129,-0.0006137067537712272,-0.0018581580966037044,-1.5082016330520625,-0.054811910144279885,1.446154896228881,0.10289999842643738,0.40549999475479126,1.6497999429702759,-1.5707963267948966,0.0,1.5707963267948966,0.024833017062278778,-0.02546457857319214,1.9880187220535859
0.04573548045174124,0.5867865961716447,1.8841795997204547,-0.0031921321736908597,-0.000516991610790207,-0.0019163862859041532,-1.5084448977871636,-0.05487978068742816,1.447499504267577,0.10289999842643738,0.40549999475479126,1.6497999429702759,-1.5707963267948966,0.0,1.5707963267948966,0.02497945628595994,-0.025671213514271832,1.9873787797759856
0.04607127322043037,0.5863676531933648,1.883417599884834,-0.002795978220523994,-0.00043225379696788324,-0.001841704167358035,-1.5086991826108676,-0.05493594255053491,1.4488294579604497,0.10289999842643738,0.40549999475479126,1.6497999429702759,-1.5707963267948966,0.0,1.5707963267948966,0.02512578008350213,-0.02587734118666722,1.9867358187254731
0.04640571458220833,0.5859471167995223,1.882643121994263,-0.0013453312868944348,-0.0006042291446946165,-0.0022466339357106557,-1.50895985217484,-0.05499730915600143,1.4501376231302792,0.10289999842643738,0.40549999475479126,1.6497999429702759,-1.5707963267948966,0.0,1.5707963267948966,0.025272380413851766,-0.02608345836313913,1.9860905006991088
0.04673154518564108,0.5855284444120847,1.8818530143135557,-6.764174295572995e-05,-0.0006926569128493187,-0.0023179428488348,-1.5092378294474862,-0.05502631462741103,1.451424052636173,0.10289999842643738,0.40549999475479126,1.6497999429702759,-1.5707963267948966,0.0,1.5707963267948966,0.025420320736160854,-0.02629002820032171,1.9854462134691342
0.04712580480649725,0.5850303790318394,1.8809009542120656,-0.0002792851773672098,-0.0004826348300522925,-0.0015951000780341318,-1.509596290606471,-0.05503517285264614,1.4529490109016163,0.10289999842643738,0.40549999475479126,1.6497999429702759,-1.5707963267948966,0.0,1.5707963267948966,0.025597206608501472,-0.026538261504599876,1.984671658015176
0.04736259872034468,0.5847382845988925,1.8803527955474908,-0.0005247015466751806,-0.0003747923573925801,-0.001528633933209587,-1.5098100321440515,-0.055048945453551656,1.453841934542823,0.10289999842643738,0.40549999475479126,1.6497999429702759,-1.5707963267948966,0.0,1.5707963267948966,0.025699193102030962,-0.026682707640751785,1.9842193937287456
0.04776702613587501,0.5842326945567571,1.879424789691751,-0.00040283977858483923,-0.00027726171837105356,-0.0018050252082044446,-1.5101513388494128,-0.05507703843526279,1.4553867420687863,0.10289999842643738,0.40549999475479126,1.6497999429702759,-1.5707963267948966,0.0,1.5707963267948966,0.025873868637764582,-0.026929601796528476,1.9834445812273938
0.04803388248618457,0.5838927864810786,1.8788136305448422,-0.00037802188490441085,-0.00026987041529386464,-0.0020354708359923116,-1.5103698965763797,-0.05509935291135282,1.4564161639703523,0.10289999842643738,0.40549999475479126,1.6497999429702759,-1.5707963267948966,0.0,1.5707963267948966,0.025990491412870534,-0.02709381240936185,1.982926768555998
0.04842606825069877,0.583377372397733,1.877913759485888,-0.0007003390840487912,-0.0004159440895186566,-0.002407501421892783,-1.5106700291838007,-0.05513664408012664,1.4579585780473172,0.10289999842643738,0.40549999475479126,1.6497999429702759,-1.5707963267948966,0.0,1.5707963267948966,0.026166368043042846,-0.027339520277993138,1.9821460659837284
0.04884776575627967,0.5828075409635907,1.876963280103005,-0.0005817649511781799,-0.000531192164093131,-0.0017949625409331964,-1.5109868182913666,-0.05520339145116715,1.459657974547654,0.10289999842643738,0.40549999475479126,1.6497999429702759,-1.5707963267948966,0.0,1.5707963267948966,0.026357008772258814,-0.027604348492511394,1.9812960066710856
0.049080756733104663,0.5824979793167011,1.8764587074439114,8.861156219503465e-05,-0.0006128244698601236,-0.0017567970444654557,-1.5111716955210373,-0.055264118779670746,1.460583903966513,0.10289999842643738,0.40549999475479126,1.6497999429702759,-1.5707963267948966,0.0,1.5707963267948966,0.026458612752121705,-0.027746591663232335,1.98083912628366
0.0493825888391054,0.5820992861892416,1.8758109818866906,0.0018747214806089292,-0.0006733209920375286,-0.001663524217119077,-1.5114130745931564,-0.055345205934506314,1.461776878072662,0.10289999842643738,0.40549999475479126,1.6497999429702759,-1.5707963267948966,0.0,1.5707963267948966,0.02658874550262487,-0.02792967728785497,1.9802532195582117
0.049724845181689015,0.5816550145640125,1.8750900151237295,0.0034800577727923917,-0.0005932441961129946,-0.0013992842087111647,-1.511696507967859,-0.055452915884608434,1.4630970618579742,0.10289999842643738,0.40549999475479126,1.6497999429702759,-1.5707963267948966,0.0,1.5707963267948966,0.026731992626101556,-0.028133559262312344,1.979602301857229
0.05004055507428328,0.5812533377006912,1.8744465823879188,0.0037859628429432156,-0.000524940327259305,-0.0013837695923009602,-1.5119894754402312,-0.05555435752134574,1.464291247145874,0.10289999842643738,0.40549999475479126,1.6497999429702759,-1.5707963267948966,0.0,1.5707963267948966,0.026873695291288902,-0.028337392803238392,1.9789492700392386
0.05046609163627384,0.580717362389547,1.8736021872206727,0.0028889496203744975,-0.0005856310223808066,-0.001686559685338125,-1.5124212098302905,-0.05569549240830396,1.465894092079178,0.10289999842643738,0.40549999475479126,1.6497999429702759,-1.5707963267948966,0.0,1.5707963267948966,0.02702871902673298,-0.02856139737655924,1.9782258400199944
0.050849426929903734,0.5802221374315042,1.8728460780666196,0.0011438227401174726,-0.0008033868784591275,-0.00235594449623794,-1.512811738749203,-0.055841149253931466,1.4673924930232216,0.10289999842643738,0.40549999475479126,1.6497999429702759,-1.5707963267948966,0.0,1.5707963267948966,0.02718428980617612,-0.028784541360840916,1.9774975425481842
0.05108432680202397,0.5799029745063422,1.872373412581215,0.000383595008869766,-0.0009751827553178022,-0.00263400240386678,-1.5130496083772502,-0.055920461222064066,1.4683606636249087,0.10289999842643738,0.40549999475479126,1.6497999429702759,-1.5707963267948966,0.0,1.5707963267948966,0.02729859312778789,-0.028945813412792013,1.9769681164063746
0.051437099275369505,0.5793930464016578,1.871640987315441,-0.0003624312695153788,-0.0013844554488501909,-0.0032069357983074433,-1.513414392718152,-0.056020829277234174,1.4699113300520947,0.10289999842643738,0.40549999475479126,1.6497999429702759,-1.5707963267948966,0.0,1.5707963267948966,0.027443050962266572,-0.029146166579396587,1.9763082649582981
0.05180242951615087,0.5788257879427897,1.8708572565403425,-0.00011948948926615582,-0.0017866753646501505,-0.002801962105057961,-1.5137746510872816,-0.056102726431545236,1.4716418006215384,0.10289999842643738,0.40549999475479126,1.6497999429702759,-1.5707963267948966,0.0,1.5707963267948966,0.027618072473033273,-0.029385339241929802,1.9755207124029903
0.05204453102775545,0.5784457732589054,1.8703386896958805,0.00036806626138291136,-0.0019278189568635229,-0.0023860500777292707,-1.5139937968345896,-0.05614545266590998,1.4727964778187141,0.10289999842643738,0.40549999475479126,1.6497999429702759,-1.5707963267948966,0.0,1.5707963267948966,0.027734214475057323,-0.02954457284843057,1.9749994964865645
0.05247754155766461,0.5777778986443688,1.8694348155304161,0.0016009062511094755,-0.0018608884031819728,-0.0015853153706897115,-1.5143556007104495,-0.05624736194069335,1.4748129693680954,0.10289999842643738,0.40549999475479126,1.6497999429702759,-1.5707963267948966,0.0,1.5707963267948966,0.027934838680079805,-0.029822994679616546,1.974096079430586
0.05266903401677189,0.5774898454203137,1.8690498981802022,0.001907564744921477,-0.0017889563598380205,-0.0013719936087699931,-1.5145025548495175,-0.05630913957428341,1.4756773869208126,0.10289999842643738,0.40549999475479126,1.6497999429702759,-1.5707963267948966,0.0,1.5707963267948966,0.028019478834791056,-0.02994221040110587,1.973712677431204
0.05303149609368505,0.5769576644191172,1.8683586150158165,0.0015217394568529331,-0.001465182956197269,-0.0009446022766221943,-1.514773324693783,-0.05643522177106419,1.4772766393116419,0.10289999842643738,0.40549999475479126,1.6497999429702759,-1.5707963267948966,0.0,1.5707963267948966,0.02818609546242584,-0.03018004407255737,1.9729492439238203
0.05333889033261235,0.5765162975746267,1.867812461600933,0.0010653750471474124,-0.0011523522414375383,-0.001045394800606185,-1.5150110640526329,-0.05656319821823619,1.4786080630438525,0.10289999842643738,0.40549999475479126,1.6497999429702759,-1.5707963267948966,0.0,1.5707963267948966,0.028295197575901838,-0.030337872737367405,1.9724411041002152
0.05368075877774582,0.5760222737432057,1.867217334643385,0.002430944666155509,-0.0009021676658570188,-0.0016772878259444953,-1.515280593288136,-0.056720976105348875,1.4800899514586574,0.10289999842643738,0.40549999475479126,1.6497999429702759,-1.5707963267948966,0.0,1.5707963267948966,0.02844482512749785,-0.030554818974292543,1.9717443394134166
0.05401844672532867,0.5755306051670144,1.8666188054714505,0.004218938888350259,-0.0005465682543680603,-0.0019014062981302189,-1.515543945861449,-0.05687189030383877,1.4815469807812633,0.10289999842643738,0.40549999475479126,1.6497999429702759,-1.5707963267948966,0.0,1.5707963267948966,0.028580905533012645,-0.030753102615006182,1.971116496571865
0.054463516904181455,0.5748981425193219,1.865845766364776,0.004385738230310003,0.00014028950884150437,-0.0014899828379784012,-1.515908373770908,-0.05706869727080166,1.4834310059620734,0.10289999842643738,0.40549999475479126,1.6497999429702759,-1.5707963267948966,0.0,1.5707963267948966,0.028742258356586375,-0.030992122736058305,1.9703651286090647
0.054708891524853476,0.5745580137134684,1.8654383815269078,0.004476951957631531,0.00033442698656200687,-0.0015686540023006268,-1.5161090631613257,-0.057186453435380535,1.4844571334169114,0.10289999842643738,0.40549999475479126,1.6497999429702759,-1.5707963267948966,0.0,1.5707963267948966,0.028848217765270894,-0.03115158618068532,1.969863466057344
0.05509163493514837,0.5740274591690194,1.8647937462718132,0.005711207737830865,0.0004005683751135427,-0.0020691437602958556,-1.5164033823690966,-0.05735007897850375,1.486071618365471,0.10289999842643738,0.40549999475479126,1.6497999429702759,-1.5707963267948966,0.0,1.5707963267948966,0.028980537475271313,-0.031351665853037294,1.969238546207684
0.055397959872808614,0.5735993394046355,1.8642550246911003,0.005954925646170312,0.00036998901540433936,-0.0025150478639434843,-1.5166364952063145,-0.05745623468696248,1.487372287500773,0.10289999842643738,0.40549999475479126,1.6497999429702759,-1.5707963267948966,0.0,1.5707963267948966,0.029113524139320668,-0.031552808240155966,1.9686177960591695
0.05573384860157439,0.5731319059205843,1.8636503298243208,0.004756379500079856,0.00038874745222921257,-0.002203289354884677,-1.5169162111915664,-0.057555612565725056,1.4887896914969971,0.10289999842643738,0.40549999475479126,1.6497999429702759,-1.5707963267948966,0.0,1.5707963267948966,0.029233406928615858,-0.031734526780190515,1.968062116405009
0.0561088080952329,0.5726247870293009,1.8629787682372234,0.0041240759223737525,0.00041099871567210403,-0.002104164010079814,-1.5172485262066417,-0.05766318104821444,1.4903154639590561,0.10289999842643738,0.40549999475479126,1.6497999429702759,-1.5707963267948966,0.0,1.5707963267948966,0.029378586571404776,-0.03195701425917201,1.9673875227494333
0.056414302406346366,0.5722160292105142,1.8624146944824553,0.003828767153059787,0.0005266841408541303,-0.002263590417231857,-1.517549481976435,-0.057736971982768726,1.491528426379125,0.10289999842643738,0.40549999475479126,1.6497999429702759,-1.5707963267948966,0.0,1.5707963267948966,0.02949729992484641,-0.03213968675870662,1.9668390818182535
0.056713523754585465,0.5718125580344715,1.8618390921624006,0.0031288703538236264,0.0005290735433226733,-0.002792486701999825,-1.5178776583854694,-0.05779645386255394,1.4927092916573985,0.10289999842643738,0.40549999475479126,1.6497999429702759,-1.5707963267948966,0.0,1.5707963267948966,0.029616814730276213,-0.03232289757538586,1.966291626455469
0.05709794032817524,0.5712789288768767,1.8610614911471917,0.0015338441581245713,0.0005081456545308207,-0.002793387758491088,-1.5183179305770726,-0.05784426992967351,1.4942448585377879,0.10289999842643738,0.40549999475479126,1.6497999429702759,-1.5707963267948966,0.0,1.5707963267948966,0.029778012325236705,-0.03256751766517437,1.9655641410246407
0.05738022621846609,0.5708801462924197,1.860474426315021,0.0010798788641973639,0.0003228271811253008,-0.002839655348266069,-1.518635476544945,-0.057860430790710016,1.4953654753704801,0.10289999842643738,0.40549999475479126,1.6497999429702759,-1.5707963267948966,0.0,1.5707963267948966,0.02989926742238665,-0.032751110029694296,1.9650187975917028
0.0576601497263572,0.5704873103390616,1.859876063750363,0.0018236132753380741,7.713342959958818e-05,-0.002290664400170423,-1.5189514316468529,-0.057875831850363824,1.4964391357706732,0.10289999842643738,0.40549999475479126,1.6497999429702759,-1.5707963267948966,0.0,1.5707963267948966,0.030020444215301565,-0.0329356954154353,1.9644733609373684
0.05797953196917319,0.570058906687599,1.8591962666456838,0.0020171197844316767,-0.00021004955519338025,-0.0017834284256662385,-1.5193112123018986,-0.05790926665662122,1.497577110002051,0.10289999842643738,0.40549999475479126,1.6497999429702759,-1.5707963267948966,0.0,1.5707963267948966,0.030166386355611606,-0.033162846318227086,1.9638101497644516
0.05837323499749265,0.5695528472409968,1.8583685660764826,0.001977252502885148,-0.00043288336924806985,-0.0014699689794764707,-1.5197432415495726,-0.05794811698502711,1.4988996147226978,0.10289999842643738,0.40549999475479126,1.6497999429702759,-1.5707963267948966,0.0,1.5707963267948966,0.030310059332201596,-0.033391156428529384,1.9631514977386821
0.05867542119504855,0.5691809219628595,1.8577382174136583,0.0017034809618676945,-0.0005084750001688063,-0.0014148573269216875,-1.5200809509100006,-0.057994242915860195,1.499850656427354,0.10289999842643738,0.40549999475479126,1.6497999429702759,-1.5707963267948966,0.0,1.5707963267948966,0.030426061663563805,-0.03357898483273671,1.9626142592744256
0.05904889895656082,0.5687344466737696,1.8569594173904915,0.0012837730137597802,-0.0005062247648490751,-0.0015629943374908448,-1.5204989862179805,-0.05807523790685032,1.5009690231537705,0.10289999842643738,0.40549999475479126,1.6497999429702759,-1.5707963267948966,0.0,1.5707963267948966,0.030566478901410024,-0.03380978257422722,1.9619559017301533
0.05935717674171926,0.5683728366842795,1.8563144993287397,0.0008949357290653947,-0.00041069037282995643,-0.0014321534956681563,-1.5208388119269418,-0.05813546116823742,1.5018577902342891,0.10289999842643738,0.40549999475479126,1.6497999429702759,-1.5707963267948966,0.0,1.5707963267948966,0.030680321450270335,-0.033999310542107794,1.96141475560502
0.059777474666787955,0.567897219258792,1.8554397420644175,0.0001564494543479388,-0.0003895770724419851,-0.0013899911295131267,-1.52132397673696,-0.058211702330525306,1.5029927220629176,0.10289999842643738,0.40549999475479126,1.6497999429702759,-1.5707963267948966,0.0,1.5707963267948966,0.030829930273810494,-0.03425287388429093,1.960690101575437
0.06013183938697741,0.5675061019690999,1.8546983109906572,-0.0007973024103666254,-0.0005235040931127595,-0.0016398190481643495,-1.5217402457026712,-0.058280043927827485,1.5038978846367088,0.10289999842643738,0.40549999475479126,1.6497999429702759,-1.5707963267948966,0.0,1.5707963267948966,0.03095339885624089,-0.034464870566232465,1.960082457305279
0.060413860526105145,0.56719346425975,1.8541018785067123,-0.0019368152975671091,-0.0007043253095486597,-0.001945320026450943,-1.522059396660955,-0.05832653776141594,1.504609667429209,0.10289999842643738,0.40549999475479126,1.6497999429702759,-1.5707963267948966,0.0,1.5707963267948966,0.031052052248571025,-0.03463458590927772,1.9595937118030249
0.06079884576056066,0.5667582523800021,1.853287695477393,-0.003359181263331231,-0.0008652748877478317,-0.0018702296119298047,-1.5225019671240871,-0.058395486306604294,1.5056018108089713,0.10289999842643738,0.40549999475479126,1.6497999429702759,-1.5707963267948966,0.0,1.5707963267948966,0.031187698149461814,-0.03486733773766239,1.9589185693243207
0.061152210540004574,0.5663574282528576,1.8525525508400618,-0.0035901260951535134,-0.0010268640901176988,-0.0017747724837718503,-1.5229341537692993,-0.05848055863757562,1.5065116909925154,0.10289999842643738,0.40549999475479126,1.6497999429702759,-1.5707963267948966,0.0,1.5707963267948966,0.03130991698177521,-0.03507851047505749,1.9583024225414296
0.06147084877268694,0.5659938508288692,1.8518895797446444,-0.003214124072607683,-0.0011037091169127354,-0.0018680313724808604,-1.5233219198030625,-0.05856022618022827,1.5073176604253231,0.10289999842643738,0.40549999475479126,1.6497999429702759,-1.5707963267948966,0.0,1.5707963267948966,0.03141925722598002,-0.03526877360234356,1.9577455345260206
0.06182378361204453,0.5655861771440793,1.8511498007420164,-0.0020865080386818767,-0.0009588750709347639,-0.00187806799337525,-1.5237495716964995,-0.058656565640819114,1.5081947043132193,0.10289999842643738,0.40549999475479126,1.6497999429702759,-1.5707963267948966,0.0,1.5707963267948966,0.03154041133818077,-0.03548052979564111,1.9571234296753615
0.06218166855374177,0.5651777124507835,1.850403412014872,-0.0010264559559606103,-0.0005983918408604021,-0.0014676316463727215,-1.5241986420089015,-0.058779709116309586,1.5090388922931548,0.10289999842643738,0.40549999475479126,1.6497999429702759,-1.5707963267948966,0.0,1.5707963267948966,0.031660280216088674,-0.035693007984042374,1.956497673575
0.0625513861015659,0.5647689458307409,1.849654470906474,-0.0007052725333928859,-0.00014078572850032082,-0.0011619157888936604,-1.5246528966411088,-0.0589276688274909,1.5098663657371285,0.10289999842643738,0.40549999475479126,1.6497999429702759,-1.5707963267948966,0.0,1.5707963267948966,0.03178953141215016,-0.03592741898728681,1.955807452091913
0.06289616858505184,0.5644027394499855,1.8489787994085567,-0.00039270747954024,0.00020366555627120286,-0.0008319518617616194,-1.5250653281260045,-0.05907968944277542,1.51060806084247,0.10289999842643738,0.40549999475479126,1.6497999429702759,-1.5707963267948966,0.0,1.5707963267948966,0.03189301518281241,-0.03611974909564518,1.955242549545998
0.06337013167474535,0.5639177073026157,1.8480688462812518,-0.00030192644245225316,0.00031222437277891055,-0.0013813747470332275,-1.5256513752862235,-0.0593318450485083,1.5116006264573345,0.10289999842643738,0.40549999475479126,1.6497999429702759,-1.5707963267948966,0.0,1.5707963267948966,0.0320175087947042,-0.03635537943014651,1.9545543972036232
0.0638825720254316,0.5633957472116039,1.8470798396503196,-0.0020960110842492617,0.00026857019560343643,-0.001704556871611798,-1.526291552363535,-0.0596280907758997,1.5126931427074823,0.10289999842643738,0.40549999475479126,1.6497999429702759,-1.5707963267948966,0.0,1.5707963267948966,0.03216426055135017,-0.036634115772342976,1.9537471351887068
0.0641594598052766,0.5631139553438694,1.8465522576797884,-0.003507278708609516,0.00025685848136552383,-0.0017854586427594515,-1.5266298978995028,-0.05980066937531614,1.5132926190588243,0.10289999842643738,0.40549999475479126,1.6497999429702759,-1.5707963267948966,0.0,1.5707963267948966,0.03224273897099818,-0.036783912682118274,1.9533127269594193
0.0645910357120187,0.562671508120796,1.8457306666909246,-0.004715154778751607,1.224987208879598e-05,-0.002480967472092165,-1.5271687152690958,-0.06008996485861395,1.514229871977011,0.10289999842643738,0.40549999475479126,1.6497999429702759,-1.5707963267948966,0.0,1.5707963267948966,0.03236626906262363,-0.03701912024430531,1.9526275973856406
0.06493370673259136,0.5623087519488178,1.8450593510098483,-0.004919747231476922,-0.00017652684831226737,-0.002682279183907514,-1.527617244140731,-0.060322162740139795,1.5149844597787543,0.10289999842643738,0.40549999475479126,1.6497999429702759,-1.5707963267948966,0.0,1.5707963267948966,0.03246857613615726,-0.037211591590254785,1.9520687865120907
0.06530855806517386,0.561905315101062,1.8443136665748907,-0.004266569522761825,-0.00034446807673655554,-0.0025732241144691467,-1.528105975833683,-0.060572028963653324,1.5158023258088815,0.10289999842643738,0.40549999475479126,1.6497999429702759,-1.5707963267948966,0.0,1.5707963267948966,0.03259377025895111,-0.03744726957731497,1.9513871151608067
0.06575950190984697,0.5614252226178845,1.8434175745002006,-0.0034263963713851353,-0.0006847092800932702,-0.0019881176291552762,-1.5287066916087355,-0.06088015868694541,1.516737676552087,0.10289999842643738,0.40549999475479126,1.6497999429702759,-1.5707963267948966,0.0,1.5707963267948966,0.032717529531819375,-0.03768401290210169,1.9507039062688747
0.06614288067498486,0.5610263087289639,1.8426795165496592,-0.0032578476479941123,-0.0007711535410581691,-0.0017639908224013035,-1.5292289113212045,-0.06115792512563489,1.5174957364348192,0.10289999842643738,0.40549999475479126,1.6497999429702759,-1.5707963267948966,0.0,1.5707963267948966,0.03282790397236871,-0.037899803850116945,1.9500816349326637
0.06641401893597693,0.5607465499322659,1.8421699913615048,-0.00294954462636632,-0.0008035888377888748,-0.0017261868569305723,-1.5295951662849572,-0.06135157852100104,1.5180230006208408,0.10289999842643738,0.40549999475479126,1.6497999429702759,-1.5707963267948966,0.0,1.5707963267948966,0.032904253237006666,-0.038051065950306585,1.9496446232391729
0.06684484058156528,0.5603069527821822,1.8413709392439577,-0.0014001364774357727,-0.0007796140227968332,-0.0016118066518423038,-1.5301954290186093,-0.061651611978458476,1.5188414715111964,0.10289999842643738,0.40549999475479126,1.6497999429702759,-1.5707963267948966,0.0,1.5707963267948966,0.03303348901501889,-0.038311024163967596,1.9488923605855897
0.06720331477260541,0.5599464743406906,1.8407156726800789,-0.0006357708237347397,-0.0006814439826413087,-0.0015386184021435492,-1.5307140075578467,-0.06189847038187679,1.5195009772967571,0.10289999842643738,0.40549999475479126,1.6497999429702759,-1.5707963267948966,0.0,1.5707963267948966,0.03312879217468534,-0.03850637436725568,1.9483248480590343
0.06760576594496474,0.5595416933591459,1.8399945493841094,-0.0007252987239983013,-0.0005541054396422091,-0.0015723046566506775,-1.5312852478030983,-0.06217052042842797,1.5202312592697185,0.10289999842643738,0.40549999475479126,1.6497999429702759,-1.5707963267948966,0.0,1.5707963267948966,0.033233152754269225,-0.03872324429275731,1.9476881873867526
0.06801058665866112,0.5591313498177187,1.8392842612130387,-0.001409159305040015,-0.0004895110564428624,-0.0015892277455910866,-1.5318361386931256,-0.06244288498393935,1.5209665020220768,0.10289999842643738,0.40549999475479126,1.6497999429702759,-1.5707963267948966,0.0,1.5707963267948966,0.03333603389205113,-0.03893953419245809,1.947043434360828
0.06850032569785644,0.5586307977239746,1.8384465334675701,-0.0020207136831049857,-0.0004881727607682629,-0.0016828878478292576,-1.5324958241921014,-0.06278390951427104,1.5218773514317765,0.10289999842643738,0.40549999475479126,1.6497999429702759,-1.5707963267948966,0.0,1.5707963267948966,0.03344756549300974,-0.03917657622137925,1.9463242040196762
0.06882698624921808,0.5582922621154199,1.8378951300990976,-0.002306228126560138,-0.0005180563073448056,-0.001815339473983731,-1.532920160644485,-0.06300518387377796,1.5225025082221397,0.10289999842643738,0.40549999475479126,1.6497999429702759,-1.5707963267948966,0.0,1.5707963267948966,0.03352777112221949,-0.03934845512906336,1.945794992830622
0.06923812293699907,0.5578644726782434,1.837208870744631,-0.0016698189159717845,-0.00027561020592177505,-0.0015110842969412697,-1.5334418321954728,-0.06327098982776302,1.5233049404708146,0.10289999842643738,0.40549999475479126,1.6497999429702759,-1.5707963267948966,0.0,1.5707963267948966,0.03362660899142245,-0.03956286340924685,1.945128485550447
0.06970242195651953,0.5573932143651541,1.8364526541009318,-0.0010328117374186166,0.0001793049941714656,-0.0013025740464090683,-1.534027956544591,-0.0635811942111153,1.5242016435278203,0.10289999842643738,0.40549999475479126,1.6497999429702759,-1.5707963267948966,0.0,1.5707963267948966,0.03373232621476777,-0.03979871353435358,1.944393252641825
0.07008721988620964,0.5570071506982895,1.8358385530979997,-0.0009132322401845653,0.0005333707244803121,-0.0016293597810774002,-1.534496199861818,-0.06384045428259233,1.5249465347940043,0.10289999842643738,0.40549999475479126,1.6497999429702759,-1.5707963267948966,0.0,1.5707963267948966,0.033817091626752095,-0.039991695702300344,1.9437897177156385
0.07063434512359636,0.5564475457534703,1.8349656743988283,-0.0015386744889733205,0.0011132419000625812,-0.0022577874077062553,-1.5351362644848017,-0.06420826533152324,1.5260473358148903,0.10289999842643738,0.40549999475479126,1.6497999429702759,-1.5707963267948966,0.0,1.5707963267948966,0.03394900024556192,-0.04029160549263208,1.9428500404157687
0.07096350876661835,0.5561046414877437,1.8344352894174079,-0.0015698727330489325,0.0013701635767616085,-0.002650867392498661,-1.5355341088919554,-0.06443789553110735,1.52673488520246,0.10289999842643738,0.40549999475479126,1.6497999429702759,-1.5707963267948966,0.0,1.5707963267948966,0.03401545097899897,-0.040441575371820714,1.9423817439609135
0.07132407521250231,0.5557214767281959,1.8338403093524984,-0.0016260686894886403,0.0014587130037144686,-0.002927656297576028,-1.5359808914528998,-0.06469301321967702,1.5275064202778954,0.10289999842643738,0.40549999475479126,1.6497999429702759,-1.5707963267948966,0.0,1.5707963267948966,0.03410188153265999,-0.04063464152581205,1.9417827798793803
0.07171333585941145,0.5552989866264645,1.8331823223298636,-0.001710517542209888,0.0011988678814536524,-0.0032015238565782623,-1.536465518645791,-0.06497102945422828,1.5283601179903894,0.10289999842643738,0.40549999475479126,1.6497999429702759,-1.5707963267948966,0.0,1.5707963267948966,0.034199150203411674,-0.04084951338303763,1.9411203695993382
0.07212917424976016,0.5548421822722476,1.8324571851721405,-0.0014613442473402681,0.00078382114859278,-0.0030714683880297767,-1.5370243906986918,-0.06526061282789986,1.52927547862379,0.10289999842643738,0.40549999475479126,1.6497999429702759,-1.5707963267948966,0.0,1.5707963267948966,0.03430748145045747,-0.04108669454051612,1.9403946320218228
0.07249785371115239,0.5544379139288965,1.831791696851144,-0.001152215592820207,0.0005162052486922117,-0.0033242970632165235,-1.5375671263381898,-0.06550485299393127,1.5300653399825452,0.10289999842643738,0.40549999475479126,1.6497999429702759,-1.5707963267948966,0.0,1.5707963267948966,0.034406903777750394,-0.04130356482688733,1.9397368384817106
0.07281196907525483,0.5540832971400721,1.8311902835470526,-0.0015366791629464443,0.0003786427711559467,-0.003913241902900894,-1.5380580654679503,-0.06567686802365813,1.5307477774117666,0.10289999842643738,0.40549999475479126,1.6497999429702759,-1.5707963267948966,0.0,1.5707963267948966,0.03449868186326258,-0.041499819421010005,1.9391464247754466
0.0731678521735798,0.5536601196478175,1.8304557815680322,-0.001155173813288692,0.00034506794457633724,-0.004060745664545317,-1.538662851798818,-0.06584247203349491,1.5315615107195388,0.10289999842643738,0.40549999475479126,1.6497999429702759,-1.5707963267948966,0.0,1.5707963267948966,0.034625348587200795,-0.04176272518260918,1.9383646651987958
0.07347223026006462,0.5532839620691594,1.8297838513598728,-0.00039400805377748274,0.0003601398306226683,-0.003731964624929318,-1.5392281781129298,-0.06597501269194694,1.5322784142196901,0.10289999842643738,0.40549999475479126,1.6497999429702759,-1.5707963267948966,0.0,1.5707963267948966,0.03472229776939869,-0.04196084146751762,1.9377816954655027
0.07376636413936416,0.552910997848073,1.8291093281950592,0.0005384661072484295,0.00044574078041995595,-0.003139136113740418,-1.5398034738609419,-0.06607051491984706,1.5329874610710184,0.10289999842643738,0.40549999475479126,1.6497999429702759,-1.5707963267948966,0.0,1.5707963267948966,0.03484136470818817,-0.04220351147873485,1.9370716932521295
0.07400027898528001,0.5526151713153111,1.828567165835841,0.0005874621164371895,0.0006029618388820459,-0.0024490527665510953,-1.540271044845399,-0.06614245343001146,1.5335479845017312,0.10289999842643738,0.40549999475479126,1.6497999429702759,-1.5707963267948966,0.0,1.5707963267948966,0.03491669050113494,-0.04235810416258057,1.9366226648884997
0.07435930555808654,0.5521771711632927,1.8277536164074433,0.0005328849011338291,0.0006287510750039613,-0.0019038869549705857,-1.5409901086569489,-0.06628857019874035,1.5343629580700426,0.10289999842643738,0.40549999475479126,1.6497999429702759,-1.5707963267948966,0.0,1.5707963267948966,0.03504374485574654,-0.042623154997176775,1.9358615898312794
0.0746609227393456,0.5518194145512689,1.8270720788336012,-0.00021608064142888812,0.0005774399514452377,-0.0017852237945037916,-1.5415748460912295,-0.06640584063735755,1.5349997136439428,0.10289999842643738,0.40549999475479126,1.6497999429702759,-1.5707963267948966,0.0,1.5707963267948966,0.035148372481642855,-0.04284434308614759,1.9352350549620163
0.07496017430384183,0.5514643393164197,1.826395194258041,-0.0018399610612499467,0.0005338620169225596,-0.002061932655323451,-1.5421638318354631,-0.06651284814509673,1.5356035214553232,0.10289999842643738,0.40549999475479126,1.6497999429702759,-1.5707963267948966,0.0,1.5707963267948966,0.035252757037079294,-0.04306524864640776,1.934609819355596
0.07527804744325835,0.5510748566397117,1.8256592327310603,-0.002951673979219747,0.0005052431804911649,-0.002595056771269248,-1.542857443797787,-0.0666229220289889,1.5362426758402838,0.10289999842643738,0.40549999475479126,1.6497999429702759,-1.5707963267948966,0.0,1.5707963267948966,0.03536887584858443,-0.04330767782850724,1.933921743650837
0.07549964197012504,0.5507907406611925,1.825126703777555,-0.00319498245693672,0.0005613463361317395,-0.0024793657420082884,-1.543380859580212,-0.06667804119577614,1.5367001911858411,0.10289999842643738,0.40549999475479126,1.6497999429702759,-1.5707963267948966,0.0,1.5707963267948966,0.035454447711190384,-0.04348360983398455,1.9334227848892576
0.07577824542670779,0.5504327248923614,1.824462763012226,-0.0030343789623348202,0.0007946434071471464,-0.001778292363910017,-1.544039599059338,-0.06674296210058461,1.5372643551956877,0.10289999842643738,0.40549999475479126,1.6497999429702759,-1.5707963267948966,0.0,1.5707963267948966,0.035560547110873704,-0.04370293752669276,1.9328019483175378
0.07608979497235223,0.5500336913341073,1.8237389382915847,-0.0031390097759587993,0.0011270353789523497,-0.0017594627175385482,-1.5447791415936905,-0.06683774747344451,1.537877029425058,0.10289999842643738,0.40549999475479126,1.6497999429702759,-1.5707963267948966,0.0,1.5707963267948966,0.03567559163211482,-0.04394318834618465,1.9321237583301212
0.07642328637699328,0.5495933281931829,1.822962763544553,-0.0026146158192237646,0.001487288976684092,-0.001971265352372638,-1.545600548271724,-0.06692130689861209,1.5385405182417404,0.10289999842643738,0.40549999475479126,1.6497999429702759,-1.5707963267948966,0.0,1.5707963267948966,0.03580130905536208,-0.044204480514091045,1.9313862461545288
0.07661486852845294,0.5493354168359947,1.822513457554106,-0.0018274019331812209,0.0016197964253248157,-0.0019990946771035584,-1.5460831470518226,-0.06695673080357079,1.5389193791733748,0.10289999842643738,0.40549999475479126,1.6497999429702759,-1.5707963267948966,0.0,1.5707963267948966,0.03587480438836396,-0.04435689732921691,1.9309554632710308
0.0768869357391037,0.5489668965987577,1.8218736359483543,-0.0009455894568246594,0.0017322658906957198,-0.001989019578856167,-1.546783801108861,-0.06701195355849077,1.5394475691174148,0.10289999842643738,0.40549999475479126,1.6497999429702759,-1.5707963267948966,0.0,1.5707963267948966,0.035979822496385636,-0.044574820968870985,1.9303374484203435
0.07715550571119092,0.5485964564549128,1.8212414715643805,-0.0004565194567402653,0.0016916891276922957,-0.0021111986289685343,-1.5474929267035797,-0.06707581996537515,1.5399764067830326,0.10289999842643738,0.40549999475479126,1.6497999429702759,-1.5707963267948966,0.0,1.5707963267948966,0.03609554344019138,-0.0448144338637305,1.9296509138533533
0.07741676090662108,0.5482220609729909,1.8206206902773874,-8.846182129790147e-05,0.001341160596462545,-0.0022850285061453363,-1.5481879141585826,-0.06712828098615287,1.5405266524226098,0.10289999842643738,0.40549999475479126,1.6497999429702759,-1.5707963267948966,0.0,1.5707963267948966,0.03619085941600661,-0.04501023724382429,1.9290835615770041
0.07766964942506187,0.5478445354990921,1.8200111659758924,0.0007658378814037886,0.0007391864702961183,-0.002402209483271455,-1.548868499413021,-0.06717829270233366,1.5411065308855376,0.10289999842643738,0.40549999475479126,1.6497999429702759,-1.5707963267948966,0.0,1.5707963267948966,0.03629766838065639,-0.04522765970704653,1.9284481309880335
0.07793807399128849,0.547425530778149,1.8193498836045363,0.0017468091800614178,-0.00014179342115173965,-0.0025123642680090386,-1.5496248480214567,-0.0672325225005932,1.5417767985930357,0.10289999842643738,0.40549999475479126,1.6497999429702759,-1.5707963267948966,0.0,1.5707963267948966,0.03641636667690585,-0.04546670878355907,1.9277439876021707
0.07817379920556485,0.547039092579201,1.818756984425755,0.0027975222706466824,-0.0007578708636269846,-0.002294364026670513,-1.5503113363537606,-0.06727586037551347,1.5424195687426887,0.10289999842643738,0.40549999475479126,1.6497999429702759,-1.5707963267948966,0.0,1.5707963267948966,0.036525104650725636,-0.04568374235014027,1.9270992845576056
0.07847373644879993,0.5465296103310986,1.8179970328474033,0.0032071384785930176,-0.0010741624856589738,-0.002102954194562297,-1.5511899772927449,-0.06734314116940965,1.5433022827459428,0.10289999842643738,0.40549999475479126,1.6497999429702759,-1.5707963267948966,0.0,1.5707963267948966,0.03666631263452605,-0.04596520933714785,1.9262565010909518
0.07867691478059802,0.5461750880332464,1.8174794558649876,0.003072163957775737,-0.0009734965973302582,-0.001904347860812752,-1.5517828246236718,-0.06739947433767002,1.5439359258574328,0.10289999842643738,0.40549999475479126,1.6497999429702759,-1.5707963267948966,0.0,1.5707963267948966,0.03676398131819214,-0.046159698924548666,1.925669358119778
0.0788334808223908,0.545899390259355,1.817079959839566,0.002820783630041373,-0.0008659257489395922,-0.0018888776774994914,-1.5522283330471953,-0.06744362019673211,1.5444367937403705,0.10289999842643738,0.40549999475479126,1.6497999429702759,-1.5707963267948966,0.0,1.5707963267948966,0.036839731546176396,-0.046310820416889796,1.9252108841269304
0.07904817789062017,0.5455067452845321,1.8165095103815898,0.003108235077495622,-0.0008516457834133016,-0.002294636424219316,-1.5528610217907102,-0.06748226931221213,1.5451559332058302,0.10289999842643738,0.40549999475479126,1.6497999429702759,-1.5707963267948966,0.0,1.5707963267948966,0.03694881445663435,-0.04652669407058901,1.9245546830031335
0.07926833250840379,0.5450751318399529,1.815883990305421,0.0027478688201160962,-0.0008137631595491603,-0.00240939019880547,-1.5535683758596504,-0.06751653621967524,1.5459568992747366,0.10289999842643738,0.40549999475479126,1.6497999429702759,-1.5707963267948966,0.0,1.5707963267948966,0.03707069301120169,-0.04676406308260301,1.9238338395397425
0.07942178109463797,0.5447587539817065,1.8154377606744656,0.002580975771382645,-0.0007532398812595944,-0.0022116404164720447,-1.5540837947184651,-0.06754231048137749,1.546558856157955,0.10289999842643738,0.40549999475479126,1.6497999429702759,-1.5707963267948966,0.0,1.5707963267948966,0.03716002360557899,-0.04693628958915865,1.9233087777525244
0.07961207342660492,0.5443616314151994,1.814886941264203,0.003475315146794767,-0.0006616755330178754,-0.0018063150750083751,-1.5547199445439057,-0.06757334293775807,1.5473316180323584,0.10289999842643738,0.40549999475479126,1.6497999429702759,-1.5707963267948966,0.0,1.5707963267948966,0.03727157458235514,-0.0471515360404446,1.9226517225751296
0.07984490547889042,0.5438837229198874,1.8142291940670874,0.0053433082147859344,-0.00046032534350112726,-0.0012792474906922141,-1.555491731477558,-0.06763387250919362,1.5482744186893904,0.10289999842643738,0.40549999475479126,1.6497999429702759,-1.5707963267948966,0.0,1.5707963267948966,0.03740411652803585,-0.04741018537620617,1.9218653575881792
0.0800449549379768,0.54348675122747,1.8136831187934777,0.006921275143088032,-0.0003615327201033923,-0.001113834964644071,-1.5561436861816604,-0.06770470176644672,1.5490720546560184,0.10289999842643738,0.40549999475479126,1.6497999429702759,-1.5707963267948966,0.0,1.5707963267948966,0.03751309344640229,-0.047626438330370544,1.9212133896229806
0.080246909732906,0.5430925685650901,1.8131405392512199,0.008267079897139974,-0.0004734328117494438,-0.0011751060359562794,-1.5567913752645777,-0.06776214993715213,1.5498731194725803,0.10289999842643738,0.40549999475479126,1.6497999429702759,-1.5707963267948966,0.0,1.5707963267948966,0.03762127172363663,-0.04784368405321178,1.9205624051208998
0.08042815395962201,0.5427423794877604,1.812654213513849,0.008809571231057852,-0.0005984264514455961,-0.0012842803748053134,-1.5573872082123235,-0.06780114954446237,1.5505791348160893,0.10289999842643738,0.40549999475479126,1.6497999429702759,-1.5707963267948966,0.0,1.5707963267948966,0.03771822273049365,-0.04804025680888667,1.9199753766579446
0.08064378433608713,0.5423207337087097,1.8120647157869088,0.008724748413451527,-0.0006753689566539441,-0.0016987935235956372,-1.5581378886475123,-0.06781463114133679,1.5514196755886196,0.10289999842643738,0.40549999475479126,1.6497999429702759,-1.5707963267948966,0.0,1.5707963267948966,0.03783683000715426,-0.04828171309854946,1.919255040059964
0.08084865894668386,0.5419026079973149,1.8114846583515576,0.0077643351538846574,-0.00044714359577615383,-0.001681842075888063,-1.5588878090689484,-0.06778175006535747,1.5522521138759067,0.10289999842643738,0.40549999475479126,1.6497999429702759,-1.5707963267948966,0.0,1.5707963267948966,0.03795617215899723,-0.048523933923987586,1.9185334031177248
0.08099520568810223,0.5415982859009297,1.811069067178378,0.0071447961880245926,-0.00022337793211958865,-0.0014985709998965137,-1.5594346981129268,-0.06774946475188015,1.5528551626769849,0.10289999842643738,0.40549999475479126,1.6497999429702759,-1.5707963267948966,0.0,1.5707963267948966,0.038042765080693174,-0.04870014085729162,1.9180073568231193
0.0811747180599183,0.5412171260664175,1.8105519640544678,0.00646590599818188,1.0679061695319798e-05,-0.0016338931179334254,-1.5601184178374037,-0.06770955593604722,1.5536047944452596,0.10289999842643738,0.40549999475479126,1.6497999429702759,-1.5707963267948966,0.0,1.5707963267948966,0.03815069306221207,-0.048920446696238566,1.9173487570063152
0.08134142557977474,0.5408339454763001,1.8100368402825728,0.006324645190139362,0.000280896909947574,-0.0020284711550679273,-1.5607848696821964,-0.06764898016383025,1.5543492638861682,0.10289999842643738,0.40549999475479126,1.6497999429702759,-1.5707963267948966,0.0,1.5707963267948966,0.03825957068092587,-0.04914088195260721,1.916690042057631
0.08153317092432799,0.5403351705118943,1.8093636706549021,0.0059149439704213914,0.0006001709424600814,-0.002338980196023329,-1.5616227294682798,-0.06752112517189524,1.555301267538405,0.10289999842643738,0.40549999475479126,1.6497999429702759,-1.5707963267948966,0.0,1.5707963267948966,0.038403641737062136,-0.049428132699403625,1.9158376880085053
0.08162673865306318,0.5400672345918981,1.8090004847132666,0.005499635259992363,0.0007816496876465799,-0.0021753130068716438,-1.5620696389619122,-0.06743897060282666,1.5558003418485564,0.10289999842643738,0.40549999475479126,1.6497999429702759,-1.5707963267948966,0.0,1.5707963267948966,0.03848219883679164,-0.04958317178872459,1.9153802589106748
0.0817571253937149,0.5396845674925311,1.8084782462568383,0.005080153095130463,0.0010827725453673785,-0.001806307703470933,-1.5626766894424593,-0.06731472188405263,1.5564998608687683,0.10289999842643738,0.40549999475479126,1.6497999429702759,-1.5707963267948966,0.0,1.5707963267948966,0.038594313477785434,-0.049804967653064185,1.914729303825164
0.08187307868621432,0.5393402442399957,1.8079997950709839,0.005132089474448877,0.0013661575503771033,-0.0013797532370619318,-1.5631922426196185,-0.0671995564395127,1.5571157288648498,0.10289999842643738,0.40549999475479126,1.6497999429702759,-1.5707963267948966,0.0,1.5707963267948966,0.0386947899196198,-0.050004898066121746,1.9141472161158497
0.08203214422110609,0.5388853176449591,1.8073428702660415,0.004566579212681718,0.0016123150075321895,-0.0010822705176399088,-1.5638665905011129,-0.06706941000334998,1.557903235524645,0.10289999842643738,0.40549999475479126,1.6497999429702759,-1.5707963267948966,0.0,1.5707963267948966,0.03882734788106246,-0.05027234818486647,1.9133783861835028
0.08215151433151446,0.5385445717454754,1.8068443696598455,0.0035509725667004295,0.001639307212364664,-0.001113100957093309,-1.5643725508794966,-0.06697451653814834,1.558472690393037,0.10289999842643738,0.40549999475479126,1.6497999429702759,-1.5707963267948966,0.0,1.5707963267948966,0.0389262565877132,-0.050473282253753395,1.9128043435763722
0.08228024366883825,0.538162681971076,1.8062923743666282,0.0021248736199228515,0.0015360072476922984,-0.0012864769444025335,-1.5649344544978452,-0.06685259764880147,1.5590997492795011,0.10289999842643738,0.40549999475479126,1.6497999429702759,-1.5707963267948966,0.0,1.5707963267948966,0.03903633433287228,-0.05069658595819324,1.912165334469151
0.08240379059475532,0.5377770387046292,1.8057436383699657,0.00157860745571423,0.0012717748541934413,-0.0013091393482096982,-1.5655162886817062,-0.0667288145266971,1.5597220295493501,0.10289999842643738,0.40549999475479126,1.6497999429702759,-1.5707963267948966,0.0,1.5707963267948966,0.0391467456320832,-0.05092005040456486,1.9115239837682125
0.08253629574277481,0.5373519868577605,1.8051326453764003,0.002219109398680951,0.0009412988468186639,-0.001319783062734529,-1.566173735528667,-0.06658214391034978,1.5603823856794472,0.10289999842643738,0.40549999475479126,1.6497999429702759,-1.5707963267948966,0.0,1.5707963267948966,0.03926829884165573,-0.05116690533197456,1.9108162565018476
0.08265396813332407,0.5369655944618241,1.8045658089848207,0.0025455231026497893,0.0007607245885621993,-0.0011504690063073226,-1.5667553708195519,-0.06643145087623648,1.5609685339187493,0.10289999842643738,0.40549999475479126,1.6497999429702759,-1.5707963267948966,0.0,1.5707963267948966,0.039389716765153016,-0.051415110173210925,1.910105768634072
0.08276002922147103,0.5366157748735874,1.8040503297032813,0.0022831739257790943,0.0006416995476773628,-0.0010763523428450556,-1.567259487356217,-0.06630862677046245,1.561500265611517,0.10289999842643738,0.40549999475479126,1.6497999429702759,-1.5707963267948966,0.0,1.5707963267948966,0.03947764820294968,-0.05159606161088328,1.9095871644524154
0.08287693354314907,0.5362250914734026,1.8034751921184626,0.0009996287462063571,0.0006547868877356737,-0.0010167896238390823,-1.5677996470542708,-0.06618962194856692,1.562093968652968,0.10289999842643738,0.40549999475479126,1.6497999429702759,-1.5707963267948966,0.0,1.5707963267948966,0.03958738310005863,-0.051822638470213594,1.9089359382451343
0.08302802259738228,0.5357079424429307,1.8027363336173345,-0.0012305011448355578,0.0009733192650480761,-0.0009396512142360157,-1.5684758224941726,-0.0660437145864261,1.5628885687829164,0.10289999842643738,0.40549999475479126,1.6497999429702759,-1.5707963267948966,0.0,1.5707963267948966,0.03972972707569899,-0.05211688422788696,1.908081507398408
0.08310838885962321,0.5354254529437611,1.8023411086932222,-0.001378942211435177,0.0011342350845390664,-0.0009982364717680888,-1.5688311251795148,-0.06597699936465595,1.5633239052630161,0.10289999842643738,0.40549999475479126,1.6497999429702759,-1.5707963267948966,0.0,1.5707963267948966,0.03981718998055402,-0.05229795758183412,1.9075515825969411
0.08321773853744083,0.5350204278405869,1.8017665295905643,-0.0006953457303265404,0.0012412470238611407,-0.001370347898329687,-1.5693301397544062,-0.06588866759765422,1.5639276456209232,0.10289999842643738,0.40549999475479126,1.6497999429702759,-1.5707963267948966,0.0,1.5707963267948966,0.03991620926057821,-0.0525023958186377,1.9069544698037997
0.08330653303829755,0.5346580790976587,1.8012346470525975,0.0006537422587423374,0.001166412403960511,-0.0016642057313225702,-1.5697682165750426,-0.06578952637770996,1.5644399568707437,0.10289999842643738,0.40549999475479126,1.6497999429702759,-1.5707963267948966,0.0,1.5707963267948966,0.040016570299961376,-0.05270810240869199,1.906359793720425
0.083405881333887,0.534225672370444,1.8005553337549942,0.001373879063185236,0.0009848951321962342,-0.0015256554535412342,-1.5703026564953249,-0.06564957322757259,1.5650049018322414,0.10289999842643738,0.40549999475479126,1.6497999429702759,-1.5707963267948966,0.0,1.5707963267948966,0.04014063930344946,-0.052962015476390116,1.9056398389790308
0.08349280865884688,0.5338411681506339,1.7999246605372492,-0.0003069912495660422,0.0007512782570995784,-0.0013523494135544482,-1.5707863524802592,-0.06553869442556781,1.5654780154208794,0.10289999842643738,0.40549999475479126,1.6497999429702759,-1.5707963267948966,0.0,1.5707963267948966,0.040253755068388276,-0.053194484033942634,1.9049884154243688
0.0835955813475851,0.5333476323859455,1.7991078171484025,-0.0025176577841156773,0.00017863438611024404,-0.0014025001830509447,-1.5713666652325993,-0.06539171012793243,1.566070252253569,0.10289999842643738,0.40549999475479126,1.6497999429702759,-1.5707963267948966,0.0,1.5707963267948966,0.040401494490008225,-0.05349786756205513,1.904139275495374
0.08364566615674376,0.5330861025285629,1.7986651201731785,-0.0027469294721094335,-0.00012330908572838348,-0.0011483678093499707,-1.5716589956809932,-0.065308550800522,1.5663716559198428,0.10289999842643738,0.40549999475479126,1.6497999429702759,-1.5707963267948966,0.0,1.5707963267948966,0.04048138178438764,-0.05366214169876693,1.9036808341792135
0.08372827638642827,0.5326772175155163,1.7979602763467817,-0.0020792749115417413,-0.0005232009488914581,-0.0005915424869741029,-1.572115497742834,-0.06519805051526628,1.5668302544179995,0.10289999842643738,0.40549999475479126,1.6497999429702759,-1.5707963267948966,0.0,1.5707963267948966,0.04060556741232728,-0.05392137772572616,1.9029615532885928
0.08380068131191032,0.5323423983345887,1.7973792570627358,-0.0018690950507110377,-0.0006633862250949016,-0.0002023817826769039,-1.572484121406508,-0.06511587573986688,1.5672042052607962,0.10289999842643738,0.40549999475479126,1.6497999429702759,-1.5707963267948966,0.0,1.5707963267948966,0.04070563451460876,-0.05413430300637415,1.902376062770254
0.08389501997140147,0.5319342124963591,1.7966720401689273,-0.0017704853003972865,-0.0005220446685172466,-0.0002669049097107728,-1.572922550118827,-0.06502383077315832,1.567671309450278,0.10289999842643738,0.40549999475479126,1.6497999429702759,-1.5707963267948966,0.0,1.5707963267948966,0.0408371910944568,-0.05441942597521661,1.901599234595663
0.08397189324859604,0.5316037813763506,1.7960931051491875,-0.001863780994270373,-0.00026302280224419855,-0.00042672903909119685,-1.5732867914863697,-0.0649535124488354,1.5680478194585283,0.10289999842643738,0.40549999475479126,1.6497999429702759,-1.5707963267948966,0.0,1.5707963267948966,0.04092466532371122,-0.05461054667465226,1.901083127535779
0.08406301599057468,0.5311982677523218,1.7953889549418225,-0.0026039809412998116,-6.192805274214158e-05,-0.0006796401424294286,-1.5737375008123402,-0.06485319306182635,1.5685014322905522,0.10289999842643738,0.40549999475479126,1.6497999429702759,-1.5707963267948966,0.0,1.5707963267948966,0.041045074084563496,-0.054873993367070224,1.900373202936391
0.08413492215902683,0.5308611872821557,1.794817897227999,-0.0028474538117012863,-0.00010635908790830336,-0.0005091217685044641,-1.5741043073824639,-0.06475796865113592,1.5688762003976215,0.10289999842643738,0.40549999475479126,1.6497999429702759,-1.5707963267948966,0.0,1.5707963267948966,0.04114360949923066,-0.05508958960053526,1.8997914101033415
0.08423043465337998,0.5304461700263857,1.7941204216767757,-0.003537847822205164,-0.0002675456532602289,-0.00010275756922523577,-1.5745690130139467,-0.06466254687905337,1.5693294095138184,0.10289999842643738,0.40549999475479126,1.6497999429702759,-1.5707963267948966,0.0,1.5707963267948966,0.041262371166198825,-0.05535343833305987,1.8990807703906012
0.08431593797571936,0.5301040433926422,1.7935540505292034,-0.003430627326144731,-0.000549535329061377,1.616319515526785e-05,-1.5749464033836014,-0.0645938825688166,1.5697019578448204,0.10289999842643738,0.40549999475479126,1.6497999429702759,-1.5707963267948966,0.0,1.5707963267948966,0.04135784779479044,-0.05556954858077813,1.8984995483413403
0.08443243195630486,0.5296468441782468,1.7927961491146616,-0.002911387004017796,-0.0010823761126552295,-0.0003652285555188284,-1.5754210789286767,-0.06450207925805174,1.570200345604913,0.10289999842643738,0.40549999475479126,1.6497999429702759,-1.5707963267948966,0.0,1.5707963267948966,0.04148403644188075,-0.05585873437025703,1.8977248604337664
0.08451799261875527,0.5293026482748086,1.792228816195486,-0.0029523083456680387,-0.0013050426904148602,-0.00031247883564427474,-1.5757686005842204,-0.06444033323641207,1.5705803788197625,0.10289999842643738,0.40549999475479126,1.6497999429702759,-1.5707963267948966,0.0,1.5707963267948966,0.041578623846494286,-0.056076299630553585,1.8971439293020742
0.08460997098433903,0.5289593549230891,1.7916640007264935,-0.002719846877770754,-0.0013245535536798494,8.745002332883488e-07,-1.5761164845403153,-0.06439427123450958,1.5709582311875896,0.10289999842643738,0.40549999475479126,1.6497999429702759,-1.5707963267948966,0.0,1.5707963267948966,0.041671879277243015,-0.05629450231447636,1.8965631261326952
0.08474409019545459,0.5285055098116731,1.7909063470115199,-0.002283001618182267,-0.001155136512385077,0.00012645728071767045,-1.5765756010906053,-0.06433915745004226,1.571441197785404,0.10289999842643738,0.40549999475479126,1.6497999429702759,-1.5707963267948966,0.0,1.5707963267948966,0.04179375647804387,-0.05658680858833113,1.8957903789195951
0.08483745895477572,0.5282067623203972,1.790398278261545,-0.002232279248731468,-0.0010396969440943824,-0.00020944997206148996,-1.5768925089856571,-0.06431732669486578,1.571747464053681,0.10289999842643738,0.40549999475479126,1.6497999429702759,-1.5707963267948966,0.0,1.5707963267948966,0.04187412442869246,-0.056782639942657545,1.8952749366139416
0.08497405071613749,0.5277681389072286,1.7896296868864325,-0.0028463628666352612,-0.0006130897498790617,-0.0004677569090370383,-1.577392522548389,-0.06428365784881063,1.572177808075486,0.10289999842643738,0.40549999475479126,1.6497999429702759,-1.5707963267948966,0.0,1.5707963267948966,0.04199510827086611,-0.057078059759614636,1.894502836590235
0.08506605292414338,0.5274801073570434,1.7891140243494363,-0.003582791274329469,-0.0002861746796024899,-0.00034437178679989515,-1.5777305550541718,-0.06425374675387285,1.5724501641782338,0.10289999842643738,0.40549999475479126,1.6497999429702759,-1.5707963267948966,0.0,1.5707963267948966,0.04207542021016417,-0.057275681077433395,1.8939882901756682
0.08518576504078125,0.5271211721262469,1.7884638517634897,-0.004564009235217181,-2.1870429554978924e-06,-0.00029229905258987293,-1.578157415327158,-0.06421608040574611,1.5727664628409666,0.10289999842643738,0.40549999475479126,1.6497999429702759,-1.5707963267948966,0.0,1.5707963267948966,0.042174790023595456,-0.05752284208736062,1.8933447277888749
0.08530834624845986,0.5267636407666989,1.7878059506618593,-0.005653795675173205,8.094852881638643e-05,-0.0002748650910548426,-1.5785981724609155,-0.0641900069813297,1.5730572379081948,0.10289999842643738,0.40549999475479126,1.6497999429702759,-1.5707963267948966,0.0,1.5707963267948966,0.04227333919513524,-0.05777007999351922,1.8926998741742855
0.08543449595484634,0.5264088481938546,1.7871420276562535,-0.006379490898489612,-2.6867542999896863e-05,-0.0002873824824024083,-1.579063122813662,-0.06416223354302186,1.573335991975317,0.10289999842643738,0.40549999475479126,1.6497999429702759,-1.5707963267948966,0.0,1.5707963267948966,0.04237096284279311,-0.05801762126663797,1.892051979396805
0.08556249470229517,0.5260583127018208,1.7864691248176776,-0.006431093531786967,-0.0003016257515476472,-0.00037140514482338636,-1.5795518449082926,-0.06412221200088997,1.5735896313137818,0.10289999842643738,0.40549999475479126,1.6497999429702759,-1.5707963267948966,0.0,1.5707963267948966,0.04246775868892904,-0.058265812919588184,1.8914006133551549
0.08570240236910294,0.525676933862412,1.785712382717447,-0.005370272817587433,-0.0007005535488395413,-0.0006142328821689584,-1.5801277116634485,-0.0640779886787417,1.5738362242225061,0.10289999842643738,0.40549999475479126,1.6497999429702759,-1.5707963267948966,0.0,1.5707963267948966,0.04257367065785893,-0.05853966514063224,1.8906816163345288
0.08581442171822432,0.5253691912723568,1.7850763909694791,-0.004083586383559048,-0.0008680334902041247,-0.0006621165024918643,-1.580614814354802,-0.06403536785957353,1.574018406109073,0.10289999842643738,0.40549999475479126,1.6497999429702759,-1.5707963267948966,0.0,1.5707963267948966,0.042660339699010855,-0.058764696735319914,1.8900939399391647
0.08594034804361186,0.5250332878926878,1.7843547437002703,-0.0031367636983172203,-0.0007719130590172632,-0.0005501009742107942,-1.581163736764013,-0.06397698832873377,1.574201202134772,0.10289999842643738,0.40549999475479126,1.6497999429702759,-1.5707963267948966,0.0,1.5707963267948966,0.042756160901711526,-0.05901587706795194,1.889441519447488
0.08605858512875529,0.5247350804380276,1.7836952452083619,-0.0028045628225319237,-0.0005188311295345726,-0.00016501162456880483,-1.581670148209463,-0.06392973695212589,1.574355203338499,0.10289999842643738,0.40549999475479126,1.6497999429702759,-1.5707963267948966,0.0,1.5707963267948966,0.04284139182446719,-0.05924255001917445,1.8888541028606387
0.08621483421319484,0.5243720735037531,1.7828791412648612,-0.003041463441953655,-0.0003923906200332629,6.030744810253277e-05,-1.58230385506383,-0.06389526464560191,1.574526195285564,0.10289999842643738,0.40549999475479126,1.6497999429702759,-1.5707963267948966,0.0,1.5707963267948966,0.04294324461698644,-0.059519552262064256,1.8881381735599132
0.0863782790165343,0.5240094361063469,1.782055499241135,-0.003893999689622301,-0.0003996799348112897,2.499454267707054e-05,-1.5829300292668107,-0.06386523321475668,1.574683362865859,0.10289999842643738,0.40549999475479126,1.6497999429702759,-1.5707963267948966,0.0,1.5707963267948966,0.043043170468599116,-0.059796181312657244,1.8874243390965315
0.0865302593309019,0.5236792185261872,1.7813031777402628,-0.00503276785717016,-0.0004702686063056102,-9.533838569913781e-06,-1.5834885349086354,-0.06385421224236687,1.5748121077061312,0.10289999842643738,0.40549999475479126,1.6497999429702759,-1.5707963267948966,0.0,1.5707963267948966,0.04313259383490727,-0.06004705619060042,1.8867747126879564
0.08667006599301749,0.5233793035688884,1.7806235210554935,-0.005623427313519561,-0.0005084574440501962,-3.394037877572945e-05,-1.5839848108345271,-0.06385126735706859,1.5749151713021747,0.10289999842643738,0.40549999475479126,1.6497999429702759,-1.5707963267948966,0.0,1.5707963267948966,0.043220527009083624,-0.060297039696207304,1.8861230247208416
0.08684195968253394,0.5230140396065188,1.7797829874281725,-0.005476168062338948,-0.0005440880578416442,-0.00031773114989942666,-1.5845783861087595,-0.06382873251382915,1.5750075953915201,0.10289999842643738,0.40549999475479126,1.6497999429702759,-1.5707963267948966,0.0,1.5707963267948966,0.04331598091248383,-0.06057191778451621,1.8854041499468317
0.08699467857401584,0.5226878053651406,1.7790069569606517,-0.005141649451349968,-0.0005055354897308309,-0.0005238022459624318,-1.585098004001397,-0.06380134755403333,1.5750563993660553,0.10289999842643738,0.40549999475479126,1.6497999429702759,-1.5707963267948966,0.0,1.5707963267948966,0.043393597680072137,-0.06079724190702911,1.8848161137144372
0.08712702418951082,0.5223991581357947,1.7783019967828415,-0.0053276947223303995,-0.00043929564284499135,-0.0010038224447094309,-1.5855582599145797,-0.06377713983891287,1.575076445679232,0.10289999842643738,0.40549999475479126,1.6497999429702759,-1.5707963267948966,0.0,1.5707963267948966,0.04347124836156508,-0.061022879562581366,1.8842286249822353
0.08726436455227617,0.5220819393236966,1.7775192104070088,-0.005724137547586459,-0.00016217397941622612,-0.0010359527872519753,-1.5860483534746652,-0.0637332280410341,1.5750800326680106,0.10289999842643738,0.40549999475479126,1.6497999429702759,-1.5707963267948966,0.0,1.5707963267948966,0.04355856660407531,-0.06127371794128672,1.8835785535815706
0.08742940506176292,0.5217050680807886,1.7765879397412154,-0.006188609947289065,0.0006627994506248857,-0.0005823864705998709,-1.586630594776955,-0.06368371496458458,1.5750593033498652,0.10289999842643738,0.40549999475479126,1.6497999429702759,-1.5707963267948966,0.0,1.5707963267948966,0.04366255237069669,-0.06157464317992221,1.8828022821330885
0.08755725285928102,0.5214236342743923,1.7758961726983582,-0.005718522047764488,0.0013720102855769535,-0.0004657584963092102,-1.5870787723443807,-0.06366547183405347,1.5750391473262302,0.10289999842643738,0.40549999475479126,1.6497999429702759,-1.5707963267948966,0.0,1.5707963267948966,0.043739479738247454,-0.061800105032811484,1.8822228123076936
0.08768538738950618,0.5211436487175719,1.7752035515557218,-0.005056948721632323,0.0019432121236055097,-0.0004735274781458288,-1.5875214789266514,-0.06365211122068448,1.5750128254410158,0.10289999842643738,0.40549999475479126,1.6497999429702759,-1.5707963267948966,0.0,1.5707963267948966,0.043815924661335055,-0.06202556548052385,1.8816459943530701
0.0878714423688301,0.5207413070888405,1.774202477580138,-0.004207171801882996,0.002484419226744605,-0.00029555232502906256,-1.5881404139349389,-0.06363946223410455,1.5749623339333114,0.10289999842643738,0.40549999475479126,1.6497999429702759,-1.5707963267948966,0.0,1.5707963267948966,0.04392513073718195,-0.06235108655791988,1.8808138190205979
0.08795928083423646,0.5205574484547132,1.7737399580221975,-0.0038718076657375,0.002544089505142187,-0.00022274338738212181,-1.5884255564221892,-0.06364603500945876,1.5749317860854852,0.10289999842643738,0.40549999475479126,1.6497999429702759,-1.5707963267948966,0.0,1.5707963267948966,0.04398297251251473,-0.06252635322143739,1.8803658639765537
0.08812359891457582,0.5202213256855474,1.7728910070772697,-0.0034008052576575774,0.002471699429266456,-0.0003153098454245838,-1.588951824211222,-0.06366923174162675,1.5748634621071789,0.10289999842643738,0.40549999475479126,1.6497999429702759,-1.5707963267948966,0.0,1.5707963267948966,0.04406475121735845,-0.06277648202602341,1.8797260901864774
0.08827176734676219,0.5199198216417009,1.772115059183276,-0.0031922528809346417,0.002302514647047486,-0.0006148628960490135,-1.589427961641291,-0.06368686276652724,1.574774749967198,0.10289999842643738,0.40549999475479126,1.6497999429702759,-1.5707963267948966,0.0,1.5707963267948966,0.04414630138908502,-0.06302660084305896,1.8790869703664637
0.08843094537854036,0.519595478521116,1.7712593432485433,-0.003189199391205326,0.0021444239243779764,-0.0006842853653491689,-1.5899465222048017,-0.06370363363246234,1.5746559915143583,0.10289999842643738,0.40549999475479126,1.6497999429702759,-1.5707963267948966,0.0,1.5707963267948966,0.04423617066019076,-0.06330187428045765,1.8783859269108725
0.08857390412137003,0.5193053883415787,1.7704844866824148,-0.0035100737619401315,0.002132276500963585,-0.0008458273908629867,-1.5904039205334422,-0.06372046265720144,1.5745450342785023,0.10289999842643738,0.40549999475479126,1.6497999429702759,-1.5707963267948966,0.0,1.5707963267948966,0.044317820822439784,-0.06355197660760704,1.8777492690158153
0.08873419538928917,0.5189579010595285,1.7695675575930077,-0.0043240606625920795,0.0021861210534859263,-0.0012474228321494724,-1.5909009896571789,-0.06372034890237988,1.5744389167072133,0.10289999842643738,0.40549999475479126,1.6497999429702759,-1.5707963267948966,0.0,1.5707963267948966,0.04441696303822451,-0.06385122048610851,1.8769851163999896
0.08881939390411402,0.518754243909704,1.7690417888787007,-0.004571077258564666,0.0021192660187711932,-0.001433469255426541,-1.5911760275965177,-0.06371310250998974,1.574406293243206,0.10289999842643738,0.40549999475479126,1.6497999429702759,-1.5707963267948966,0.0,1.5707963267948966,0.044475803431842965,-0.06402515932332359,1.8765401578583507
0.08893187436564756,0.5184633466777109,1.7683014178781158,-0.004155406763511638,0.0019969067391918264,-0.001357730749629381,-1.591554670700144,-0.06368440087750926,1.574389991731532,0.10289999842643738,0.40549999475479126,1.6497999429702759,-1.5707963267948966,0.0,1.5707963267948966,0.04456082674914663,-0.06427316019881978,1.8759063636018838
0.08902653491468798,0.5182017704964725,1.767644736321693,-0.003067017326070852,0.0019259871504246529,-0.0013251245141713552,-1.5918823171306742,-0.06363497221716363,1.5744037724993065,0.10289999842643738,0.40549999475479126,1.6497999429702759,-1.5707963267948966,0.0,1.5707963267948966,0.04464630022207764,-0.06452088553295383,1.875274227928614
0.08913229593129632,0.5178820007006053,1.7668510071567418,-0.0014109876703345204,0.0019041592080139948,-0.0013042750329678142,-1.5922695891464411,-0.06355642590898736,1.574439489661459,0.10289999842643738,0.40549999475479126,1.6497999429702759,-1.5707963267948966,0.0,1.5707963267948966,0.04473257948996679,-0.06476851082032727,1.8746426491649615
0.0892286665520565,0.5175618823649668,1.7660675000210777,-7.238939782453631e-05,0.0019659413574548337,-0.0012553935017127473,-1.59266249333204,-0.06347071770655077,1.5744830323167578,0.10289999842643738,0.40549999475479126,1.6497999429702759,-1.5707963267948966,0.0,1.5707963267948966,0.04482836791695039,-0.06504076643799071,1.873946615229338
0.08931302629737758,0.5172722455264055,1.7653650312447688,0.0014733973907645264,0.002081385739404631,-0.0008197209055137291,-1.5930236078251776,-0.06337669734611673,1.5745276756751376,0.10289999842643738,0.40549999475479126,1.6497999429702759,-1.5707963267948966,0.0,1.5707963267948966,0.04492450958571928,-0.06531311108542248,1.8732483270605609
0.0893930603134516,0.5170132891163371,1.7647366990256732,0.002575169755882847,0.002152531267201379,-0.0006181550933819344,-1.593363729333425,-0.06328575044905094,1.574570141209825,0.10289999842643738,0.40549999475479126,1.6497999429702759,-1.5707963267948966,0.0,1.5707963267948966,0.045002570152118664,-0.06553595421950942,1.872678875222941
0.08948349006680337,0.5167269652683311,1.7640463287827983,0.0033346435980632135,0.002241458961448523,-0.0004893496487470916,-1.5937687818991637,-0.06317485415790225,1.574623497793336,0.10289999842643738,0.40549999475479126,1.6497999429702759,-1.5707963267948966,0.0,1.5707963267948966,0.04508055066331356,-0.06575857706549161,1.8721116772737945
0.08957679076592352,0.5164425088483588,1.763361908177043,0.00351278781132378,0.0024402077782105613,-0.0005166944106309607,-1.5941994568757352,-0.06305132621965281,1.5746829018596347,0.10289999842643738,0.40549999475479126,1.6497999429702759,-1.5707963267948966,0.0,1.5707963267948966,0.045167057709693245,-0.06600561949280974,1.8714835795212394
0.08966891050358539,0.5161577152940309,1.762685940796908,0.003337482752772145,0.002666881718080528,-0.0006524295901414103,-1.594641593142138,-0.06289880027265493,1.5747588196504292,0.10289999842643738,0.40549999475479126,1.6497999429702759,-1.5707963267948966,0.0,1.5707963267948966,0.04525407981318164,-0.06625196249128919,1.8708567058113246
0.08975915726679805,0.5158728245209787,1.762016292777301,0.0029493771212229128,0.002771039807194905,-0.0006066987018911577,-1.5950879077021851,-0.06272961843741243,1.5748475823775656,0.10289999842643738,0.40549999475479126,1.6497999429702759,-1.5707963267948966,0.0,1.5707963267948966,0.04534163783274136,-0.0664974855605957,1.870231062640256
0.0898490196498386,0.5155903221072308,1.7613498633809999,0.0024255265126563908,0.0027378267738636616,-0.00064742156315284,-1.5955313612761266,-0.06254751760282051,1.5749418195335565,0.10289999842643738,0.40549999475479126,1.6497999429702759,-1.5707963267948966,0.0,1.5707963267948966,0.045429382633056646,-0.06674236697839782,1.8696066410194232
0.0899439817577207,0.5152828775999951,1.7606193400752583,0.0015520251259855669,0.0025498052350877145,-0.0006358427010906819,-1.5959903765078773,-0.06232637211595726,1.57505029965208,0.10289999842643738,0.40549999475479126,1.6497999429702759,-1.5707963267948966,0.0,1.5707963267948966,0.04552640135903116,-0.06701104280250579,1.8689209525294395
0.09002146042889167,0.5150324254817975,1.7600242443714698,0.0011593995973084407,0.0023729673566111414,-0.00023046432559269343,-1.5963375841800336,-0.06215304941911892,1.5751487061756104,0.10289999842643738,0.40549999475479126,1.6497999429702759,-1.5707963267948966,0.0,1.5707963267948966,0.0456055039200009,-0.06723006843063185,1.8683603139386873
0.09011274773724706,0.5147536289385283,1.7593604898305926,0.001453788751048653,0.0020713729731566886,-0.00020619425562988153,-1.59669427325556,-0.06197794942624224,1.5752641479714002,0.10289999842643738,0.40549999475479126,1.6497999429702759,-1.5707963267948966,0.0,1.5707963267948966,0.04569228872292888,-0.06747243037622135,1.8677414381900403
0.09020220730436049,0.5144795450269269,1.7586866270165988,0.0021971289345222374,0.001899347827889518,-0.00024319296135390044,-1.5970115683504313,-0.06178802137121053,1.575362758657044,0.10289999842643738,0.40549999475479126,1.6497999429702759,-1.5707963267948966,0.0,1.5707963267948966,0.04577908364774978,-0.06771459503244137,1.867129831279466
0.09029276399251926,0.5142148892121714,1.7579996409188026,0.00255291966180729,0.0019302212698240576,-0.00016398178560715734,-1.5972929162711869,-0.06160466165815359,1.5754187540410485,0.10289999842643738,0.40549999475479126,1.6497999429702759,-1.5707963267948966,0.0,1.5707963267948966,0.045865647330578,-0.0679571338530331,1.8665242284702175
0.09038350871692999,0.5139580822195421,1.7573060425300127,0.0016143300415172783,0.0019980871438687923,-0.0003272364739339427,-1.597543704442784,-0.06143634550607224,1.5754276806377001,0.10289999842643738,0.40549999475479126,1.6497999429702759,-1.5707963267948966,0.0,1.5707963267948966,0.045952137716149956,-0.06819967818907714,1.8659219341281008
0.09049183909221614,0.5136576427644073,1.7564715482964124,0.0011418742034982473,0.0020109316076228076,2.404789177490773e-05,-1.5978204878634026,-0.06122706310380721,1.5753939628433584,0.10289999842643738,0.40549999475479126,1.6497999429702759,-1.5707963267948966,0.0,1.5707963267948966,0.04605599522876775,-0.06849026000971802,1.865203922389585
0.09058252759446295,0.5134395300450704,1.755837448639647,0.000930622403167693,0.0019077089798086406,0.000483528321038959,-1.5980321515567888,-0.061082414284817865,1.575331803712274,0.10289999842643738,0.40549999475479126,1.6497999429702759,-1.5707963267948966,0.0,1.5707963267948966,0.04613239960395166,-0.06870805237764183,1.8646725525180934
0.09068487472517678,0.5132252347734753,1.7552013869615615,0.00021687934737531767,0.001810216658351878,0.0006129951409561956,-1.59825442036818,-0.060963335302518296,1.5752456665780687,0.10289999842643738,0.40549999475479126,1.6497999429702759,-1.5707963267948966,0.0,1.5707963267948966,0.04620716961995765,-0.06892535639287865,1.8641485489242875
0.09080751826067118,0.512983271490194,1.7545007264598385,-0.0005879999230965438,0.0018896651217923386,0.0008304492410163197,-1.5985020260911282,-0.06084193759897483,1.575142692136157,0.10289999842643738,0.40549999475479126,1.6497999429702759,-1.5707963267948966,0.0,1.5707963267948966,0.04628882683273248,-0.06916532038035375,1.8635730389109144
0.09094167179039046,0.5127319330779687,1.7538102984835755,-0.0009848002818318368,0.001995970256711744,0.000741113739157072,-1.598755905680884,-0.06073987416075699,1.5750440282029143,0.10289999842643738,0.40549999475479126,1.6497999429702759,-1.5707963267948966,0.0,1.5707963267948966,0.046368758537558764,-0.06940327787751668,1.8630026274536866
0.09109411727137924,0.5124475764689659,1.7530615588701184,-0.0007648726725738967,0.0018877213710133951,0.00012029174531617095,-1.5990454101420681,-0.060640560418701916,1.574936640450263,0.10289999842643738,0.40549999475479126,1.6497999429702759,-1.5707963267948966,0.0,1.5707963267948966,0.04645650199241882,-0.06966347906378298,1.8623805816599175
0.09122512798578528,0.5121871538333066,1.7523882681936787,-0.000495020780710162,0.0014846130643185514,-0.0005913146874380688,-1.5992969220348605,-0.06053528421011922,1.5748399186020743,0.10289999842643738,0.40549999475479126,1.6497999429702759,-1.5707963267948966,0.0,1.5707963267948966,0.04653793925408262,-0.06989946538235406,1.8618226573606032
0.09133465743081368,0.5119539724371012,1.7517906435158657,-0.0008270312279147178,0.0011152124053114892,-0.0007323061288050065,-1.5995145756115554,-0.0604264450589822,1.5747613842563053,0.10289999842643738,0.40549999475479126,1.6497999429702759,-1.5707963267948966,0.0,1.5707963267948966,0.046612917646893154,-0.07011159987649435,1.8613290683531123
0.09145083484569345,0.5116942374445715,1.7511407478850565,-0.0012689216403788724,0.0007197491145786012,-0.0009037766041620619,-1.5997372205756806,-0.06030785261478089,1.574692118435153,0.10289999842643738,0.40549999475479126,1.6497999429702759,-1.5707963267948966,0.0,1.5707963267948966,0.04669723392633063,-0.07034660122787977,1.8607873068894898
0.09156889149899808,0.5114079825528862,1.7504384326559546,-0.0014442952177758513,0.0002943154938445823,-0.0007093744408190945,-1.5999315053454113,-0.060185742749091276,1.5746194347153888,0.10289999842643738,0.40549999475479126,1.6497999429702759,-1.5707963267948966,0.0,1.5707963267948966,0.04679998476287133,-0.07062781998155299,1.8601435218719902
0.09167556379265132,0.5111484352636592,1.7498058671444137,-0.0005168733264670449,-2.7942566761264156e-05,-0.0004930146040398075,-1.6000719594282622,-0.060094943733446815,1.5745334492374796,0.10289999842643738,0.40549999475479126,1.6497999429702759,-1.5707963267948966,0.0,1.5707963267948966,0.04687711973626864,-0.07083841480500953,1.8596649972942805
0.09177377953206034,0.5109191295136152,1.7492334986307394,0.0002537759902284952,-0.0004506296131872415,-0.00011926181181447365,-1.6001830698134394,-0.06003269401492295,1.5744269792888048,0.10289999842643738,0.40549999475479126,1.6497999429702759,-1.5707963267948966,0.0,1.5707963267948966,0.04695413532267134,-0.07104931172363652,1.859189992083052
0.09190507672027204,0.5106433090153089,1.7485372404487172,0.00041758789422314944,-0.0004208453729681907,0.0003542705632202834,-1.6003178346781652,-0.059978480181976934,1.5742717234674908,0.10289999842643738,0.40549999475479126,1.6497999429702759,-1.5707963267948966,0.0,1.5707963267948966,0.0470470307982922,-0.071307061389415,1.8586130533803378
0.09203434616780881,0.5103942301302862,1.7479093601586726,0.000270931267037284,-0.0003871206264544,0.00038536902612670425,-1.6004452655949026,-0.05993845573298806,1.5741167433135326,0.10289999842643738,0.40549999475479126,1.6497999429702759,-1.5707963267948966,0.0,1.5707963267948966,0.047130448163719946,-0.07154083046645007,1.8580929289697319
0.09216514773268462,0.5101459570397904,1.7472863032073997,-0.0005236767458059874,-0.0003669388441317524,-1.1009690036145035e-05,-1.6005635306045298,-0.059905133433715285,1.573953609822262,0.10289999842643738,0.40549999475479126,1.6497999429702759,-1.5707963267948966,0.0,1.5707963267948966,0.047214183666092875,-0.07177396568389278,1.8575753278749312
0.09227664546390717,0.5099199390284034,1.746734173494158,-0.0010153372089716653,-0.00038805232106071616,-0.0003058443066569102,-1.6006556361548252,-0.05986555822597461,1.5738107191609607,0.10289999842643738,0.40549999475479126,1.6497999429702759,-1.5707963267948966,0.0,1.5707963267948966,0.04729075340101741,-0.07198281794779815,1.8571115153073654
0.09238240115265614,0.5096900012420702,1.746185504380119,-0.0004575103253250259,-0.0005273672429496617,-0.00040563014020191706,-1.6007340341276295,-0.059812286103245516,1.5736719664632266,0.10289999842643738,0.40549999475479126,1.6497999429702759,-1.5707963267948966,0.0,1.5707963267948966,0.047368378629753655,-0.07219075720987216,1.8566511423367968
0.09249715434386852,0.5094342503131236,1.7455707396734241,0.0010780023576228701,-0.0005847144704977553,-0.000108976530128378,-1.6008113713246135,-0.05975581084185677,1.5735085571143206,0.10289999842643738,0.40549999475479126,1.6497999429702759,-1.5707963267948966,0.0,1.5707963267948966,0.04745504413007808,-0.07242147643438308,1.8561433615675214
0.09261788965812334,0.509181309535471,1.7449485106990494,0.0023798794549200037,-0.0004926955274791207,0.0003435530421567774,-1.6008825553905004,-0.05971744607660234,1.5733320327629559,0.10289999842643738,0.40549999475479126,1.6497999429702759,-1.5707963267948966,0.0,1.5707963267948966,0.0475406697295246,-0.07265218959649182,1.855639781111296
0.09275884898494995,0.5089072671641663,1.7442624438552548,0.0025106395858085734,-0.00041536389985153023,0.00039304152026604553,-1.6009437889872333,-0.0597001275450495,1.5731288381415085,0.10289999842643738,0.40549999475479126,1.6497999429702759,-1.5707963267948966,0.0,1.5707963267948966,0.04763360110430193,-0.07290582815070755,1.8550907096677027
0.09288892616695724,0.5086627186092103,1.7436432054625584,0.001824454261912295,-0.0003806433065725219,0.0002238926435863595,-1.6009767192773714,-0.05971349055888808,1.5729345778449697,0.10289999842643738,0.40549999475479126,1.6497999429702759,-1.5707963267948966,0.0,1.5707963267948966,0.047726470095663234,-0.07315923052749755,1.8545427405008985
0.09303153118951454,0.5083978613037688,1.7429679626950485,0.0007524800131650757,-0.00044197693835550805,5.9481381809964947e-05,-1.6009984034246845,-0.05975857200206569,1.5727041828936057,0.10289999842643738,0.40549999475479126,1.6497999429702759,-1.5707963267948966,0.0,1.5707963267948966,0.047811352228241746,-0.07338920824790618,1.8540435007940268
0.09315634622456373,0.5081595989505872,1.7423563931064203,0.0002063946157086003,-0.0006077068899712351,-0.0003732252144434753,-1.6009986255442656,-0.059800970212725346,1.5724831343514292,0.10289999842643738,0.40549999475479126,1.6497999429702759,-1.5707963267948966,0.0,1.5707963267948966,0.04789712629874778,-0.07361871989261497,1.8535432393608304
0.09325946489495676,0.5079476416809681,1.7418032074496947,0.00017933666170298252,-0.0008021808627896763,-0.0006109827387434098,-1.6009890941398213,-0.05982778112489662,1.5722731609210678,0.10289999842643738,0.40549999475479126,1.6497999429702759,-1.5707963267948966,0.0,1.5707963267948966,0.04797594323477735,-0.07382503859066684,1.8530946130229848
0.0933954663071414,0.5076478681559757,1.7409952930771198,0.0001502922256082417,-0.0010736799440686459,-0.0007351478300192251,-1.600958443801841,-0.059840913527092976,1.5719307290453433,0.10289999842643738,0.40549999475479126,1.6497999429702759,-1.5707963267948966,0.0,1.5707963267948966,0.04809189259677197,-0.0741229666158168,1.8524506071653972
0.09346317071350924,0.5074886356758945,1.740558392870321,-0.0003065705560253849,-0.0011633410833306493,-0.0004720387470761257,-1.600927211344803,-0.05983188135040329,1.5717352185979803,0.10289999842643738,0.40549999475479126,1.6497999429702759,-1.5707963267948966,0.0,1.5707963267948966,0.04815506134365462,-0.07428319594573174,1.8521041805628957
0.09357277388005678,0.5072386786340067,1.7398772595071565,-0.0015354077688798672,-0.001226962831239553,-9.034888749987108e-05,-1.600880151118206,-0.05982465635220269,1.571435638049363,0.10289999842643738,0.40549999475479126,1.6497999429702759,-1.5707963267948966,0.0,1.5707963267948966,0.04825387196355787,-0.0745340644269812,1.8515598762316103
0.09365346454560627,0.507057881642668,1.7393857301415534,-0.001967399588789938,-0.0012034182791434756,0.0001284259891128884,-1.6008558776372455,-0.059824439313580946,1.5712223284616917,0.10289999842643738,0.40549999475479126,1.6497999429702759,-1.5707963267948966,0.0,1.5707963267948966,0.048334492216457796,-0.07473858592005198,1.8511155398126888
0.09376637129051482,0.5068119596882719,1.7387086976845165,-0.0016602438540065873,-0.0011918535729717155,6.707492552509235e-05,-1.6008238557306271,-0.0598220401661953,1.5709239711954945,0.10289999842643738,0.40549999475479126,1.6497999429702759,-1.5707963267948966,0.0,1.5707963267948966,0.04842386549736046,-0.07496550132071486,1.8506231933859782
0.09388466942552122,0.5065519617723528,1.7379655304139527,-0.00010033723480895724,-0.0011617759295682831,2.7749219564439978e-05,-1.6007671899548914,-0.05980769011350384,1.5705841688525572,0.10289999842643738,0.40549999475479126,1.6497999429702759,-1.5707963267948966,0.0,1.5707963267948966,0.04853189780571616,-0.07523837378457121,1.850034435251944
0.09396357749847364,0.5063843445193392,1.7374644950815015,0.001339174813672789,-0.0011556200781007876,0.00014256099410614803,-1.600719679709557,-0.05980025172174663,1.570346593888047,0.10289999842643738,0.40549999475479126,1.6497999429702759,-1.5707963267948966,0.0,1.5707963267948966,0.048604034148388583,-0.07542090158578152,1.849642593787764
0.09406213234108218,0.5061809941015071,1.7368306473549413,0.0027724131091544047,-0.0012879664403358138,-0.00010868693444407843,-1.6006541019946858,-0.059777932462393046,1.570037527707923,0.10289999842643738,0.40549999475479126,1.6497999429702759,-1.5707963267948966,0.0,1.5707963267948966,0.048694413331145325,-0.07564979494102635,1.8491530691048623
0.09415142917273833,0.5059830893645189,1.7361929857010032,0.003065986219564065,-0.0015039944631513578,-0.0003426528654849743,-1.6005739602303846,-0.05972594065741843,1.5697249447898318,0.10289999842643738,0.40549999475479126,1.6497999429702759,-1.5707963267948966,0.0,1.5707963267948966,0.048786452282754085,-0.07587914845385234,1.8486653284936763
0.0942430865507971,0.505767078015437,1.7354973064846804,0.0012893036604521972,-0.001628459271354321,8.523274882330847e-06,-1.6004712669363577,-0.05965589069690669,1.5693969050093988,0.10289999842643738,0.40549999475479126,1.6497999429702759,-1.5707963267948966,0.0,1.5707963267948966,0.04888867995354755,-0.07613077653238146,1.8481297167415693
0.09431194391699849,0.5056049130979531,1.7350039856519883,-0.00013343079134362312,-0.0016686399637837045,0.0002694164696751514,-1.6003876615906718,-0.059600178772501344,1.569184109816912,0.10289999842643738,0.40549999475479126,1.6497999429702759,-1.5707963267948966,0.0,1.5707963267948966,0.04897177362812474,-0.07633483664471509,1.847691452262307
0.09439948149471039,0.5053998273018769,1.73438876846277,-0.0008106818527045391,-0.0017695433856582303,0.0003095506438180273,-1.6002761263739624,-0.05951076337029981,1.5689268675738932,0.10289999842643738,0.40549999475479126,1.6497999429702759,-1.5707963267948966,0.0,1.5707963267948966,0.0490546268388088,-0.07653781933291989,1.8472556612474034
0.09449360599786,0.5051759930217187,1.7337063043956098,-0.0011999861895646087,-0.001820593527493624,0.00014593331572141182,-1.6001662235765162,-0.05939433614420686,1.568637056687354,0.10289999842643738,0.40549999475479126,1.6497999429702759,-1.5707963267948966,0.0,1.5707963267948966,0.04915621931050747,-0.07678518523843532,1.8467249876667884
0.09457368180910437,0.5049753803015248,1.7330792285759544,-0.0015540715948688876,-0.0019102788451606642,-8.70890164707113e-05,-1.6000884184526076,-0.059265100331849396,1.5683587799686347,0.10289999842643738,0.40549999475479126,1.6497999429702759,-1.5707963267948966,0.0,1.5707963267948966,0.04924942935642145,-0.07700958818501151,1.846243291358091
0.09464759258942523,0.5047780593030149,1.732446300887798,-0.002401517453637558,-0.0019163823226313887,-0.00015351915108561135,-1.6000233198172364,-0.05910258556171977,1.568060957926136,0.10289999842643738,0.40549999475479126,1.6497999429702759,-1.5707963267948966,0.0,1.5707963267948966,0.04935319507395145,-0.07725594369741842,1.8457142741792865
0.09472035547423391,0.5045825586747812,1.731812056626771,-0.003052517166101158,-0.001735015242794269,0.0002708357299644624,-1.599959246336931,-0.05893526293562257,1.5677625066307952,0.10289999842643738,0.40549999475479126,1.6497999429702759,-1.5707963267948966,0.0,1.5707963267948966,0.04944765330000426,-0.07747908749351812,1.845232650111665
0.09480113879825956,0.504384953683854,1.7311767379524852,-0.0030762093461141034,-0.0013966346099716733,0.0006266225231150064,-1.5999019527957279,-0.05877639017657943,1.567469465803053,0.10289999842643738,0.40549999475479126,1.6497999429702759,-1.5707963267948966,0.0,1.5707963267948966,0.049531359403158615,-0.07767884679940039,1.8448012244016285
0.09489508458126635,0.5041651824225588,1.730475009331763,-0.0020083860846003667,-0.0010584588970409688,0.0005621669018001532,-1.5998596426282905,-0.05858646095590592,1.567145058010054,0.10289999842643738,0.40549999475479126,1.6497999429702759,-1.5707963267948966,0.0,1.5707963267948966,0.04963273419057361,-0.0779219662792387,1.8442782107935136
0.09499040925103283,0.5039464330528992,1.7297628928620863,-0.0011194469037037302,-0.0006455111965356872,0.0004862222843322371,-1.5998292018383646,-0.058388652291897714,1.5667928868715328,0.10289999842643738,0.40549999475479126,1.6497999429702759,-1.5707963267948966,0.0,1.5707963267948966,0.0497338363890671,-0.07816468228513142,1.8437587006304355
0.09506071367561725,0.5037860902977094,1.7292446547491214,-0.0010281367585010936,-0.0002647198651880803,0.00028428284164383705,-1.5998078100631754,-0.05825750727014345,1.5665263855614762,0.10289999842643738,0.40549999475479126,1.6497999429702759,-1.5707963267948966,0.0,1.5707963267948966,0.04980733034941029,-0.07834069026904386,1.843380481851095
0.0951358465240251,0.5036038309534295,1.728665692340694,-0.0009030845966409739,0.00021858776568178554,1.4049616507969027e-05,-1.5997801831674727,-0.05809874542607485,1.5662249808473867,0.10289999842643738,0.40549999475479126,1.6497999429702759,-1.5707963267948966,0.0,1.5707963267948966,0.04989081661559816,-0.07853810345017428,1.8429541562448524
0.09521582957771682,0.5034033988150175,1.7280231199630978,-0.0005648407049866796,0.0006423708877615978,7.411168760404721e-05,-1.5997572852892334,-0.057906114466964365,1.565884254631957,0.10289999842643738,0.40549999475479126,1.6497999429702759,-1.5707963267948966,0.0,1.5707963267948966,0.04998412792275159,-0.07875719923690339,1.842481262590759
0.09531781393713708,0.5031662882740757,1.7272612167888552,-0.001083544463302596,0.0009587494722359346,0.0005733125786660378,-1.5997670450979424,-0.05768285705141052,1.5654913915451805,0.10289999842643738,0.40549999475479126,1.6497999429702759,-1.5707963267948966,0.0,1.5707963267948966,0.0500951306525511,-0.07901960210767248,1.8419129403003167
0.09540216351018893,0.5029893104208808,1.7267004096815037,-0.001134438342229541,0.0009754085342495423,0.0005269633420046076,-1.5998008530209658,-0.05753201413504794,1.565208655190768,0.10289999842643738,0.40549999475479126,1.6497999429702759,-1.5707963267948966,0.0,1.5707963267948966,0.050177094948192065,-0.07921571040287287,1.8414871407918973
0.09550216697318513,0.5027782050918723,1.726013804328807,-0.00031250296344736495,0.0005607053486055855,4.664303755012723e-05,-1.599850644791103,-0.05734135296387333,1.5648456008288831,0.10289999842643738,0.40549999475479126,1.6497999429702759,-1.5707963267948966,0.0,1.5707963267948966,0.05027773206007747,-0.0794554481052459,1.8409708661943027
0.09557707834470104,0.5026102267306853,1.7254489234099897,0.00020283067643803886,9.305486665204185e-05,-7.814386176219817e-05,-1.5998828568455996,-0.05718559135395651,1.5645285006841336,0.10289999842643738,0.40549999475479126,1.6497999429702759,-1.5707963267948966,0.0,1.5707963267948966,0.05036082709765092,-0.07965171126249045,1.8405528185186724
0.09564819430929121,0.5024435215031315,1.7248845771142396,0.0005396066551951584,-0.00036914553192973467,-0.0001583753708236539,-1.5999140703409207,-0.05701914642855321,1.564200639047607,0.10289999842643738,0.40549999475479126,1.6497999429702759,-1.5707963267948966,0.0,1.5707963267948966,0.05045342433445198,-0.07986944141770942,1.8400907934345736
0.09572987210082491,0.5022426672299887,1.7241953001908203,0.0005405982498498315,-0.0008170240157803733,-3.89773779372947e-05,-1.5999470301971543,-0.056803744652728305,1.563786427513568,0.10289999842643738,0.40549999475479126,1.6497999429702759,-1.5707963267948966,0.0,1.5707963267948966,0.05054624704016722,-0.08008689277195132,1.8396288493574051
0.09580325010342132,0.5020628955628091,1.7235714015899202,-0.0001513771081548667,-0.0009100377044586207,3.05061749551556e-05,-1.599984993807485,-0.056617128399565786,1.5633993811663764,0.10289999842643738,0.40549999475479126,1.6497999429702759,-1.5707963267948966,0.0,1.5707963267948966,0.05063875099918335,-0.08030382895256204,1.8391655460741259
0.09586567306316546,0.5019014148515148,1.723016384210083,-0.0010323776702459559,-0.0009467257525685735,-0.0002224999616452918,-1.600023667227517,-0.05643791893857841,1.563046993655485,0.10289999842643738,0.40549999475479126,1.6497999429702759,-1.5707963267948966,0.0,1.5707963267948966,0.050731691016726796,-0.080519959211417,1.838698872466114
0.09593757591108786,0.5016900577442469,1.7222821725234507,-0.000956193737474722,-0.0008935170729228258,-0.00041327201815460565,-1.6000767896642216,-0.05616725168116243,1.5625751439984186,0.10289999842643738,0.40549999475479126,1.6497999429702759,-1.5707963267948966,0.0,1.5707963267948966,0.050835549719280525,-0.08075734166725065,1.8381838750510944
0.09599187872139572,0.5015177329611925,1.7216687681686793,-0.0001731035172261729,-0.0007656260516645416,-0.00022166400240150976,-1.6001212035281385,-0.05593042801264492,1.5621833923872284,0.10289999842643738,0.40549999475479126,1.6497999429702759,-1.5707963267948966,0.0,1.5707963267948966,0.050930762376166325,-0.08097309326816785,1.8377155167034915
0.09604028643877455,0.5013643990894914,1.7211189298902279,0.0006543027495014367,-0.000771940104996548,-0.00017273464226688433,-1.6001574272458876,-0.055717426290226246,1.561841640489082,0.10289999842643738,0.40549999475479126,1.6497999429702759,-1.5707963267948966,0.0,1.5707963267948966,0.05101656387429691,-0.08116721664255916,1.8372932207739097
0.09609018698548333,0.5011910062916867,1.7205182087337763,0.00029441626257795296,-0.0008099395833523952,-0.000221123501063303,-1.6001858144158214,-0.055475339054674055,1.5614864076334536,0.10289999842643738,0.40549999475479126,1.6497999429702759,-1.5707963267948966,0.0,1.5707963267948966,0.05111254367394863,-0.08138232273260868,1.8368211477161323
0.09613116554807387,0.5010286768014319,1.7199950355080733,0.0002607851468973612,-0.0009567547135785352,-0.00022705023352746501,-1.600221627101905,-0.05525373810289924,1.5612001021568915,0.10289999842643738,0.40549999475479126,1.6497999429702759,-1.5707963267948966,0.0,1.5707963267948966,0.05120926460040367,-0.08159618775000961,1.8363430157560345
0.09618193073877851,0.5008067066865899,1.7193093416160161,0.001001942911238583,-0.0012818039208160733,-0.00020100913880327295,-1.600290378061,-0.054954812667554975,1.5608535278190405,0.10289999842643738,0.40549999475479126,1.6497999429702759,-1.5707963267948966,0.0,1.5707963267948966,0.05131633565881936,-0.08183061860535398,1.8358111588192438
0.09621765869314988,0.5006168309123965,1.7187466279164136,0.0018210483437980458,-0.001592743021722607,-0.00043903796026519557,-1.600340638976781,-0.05467733815153153,1.5605957726647601,0.10289999842643738,0.40549999475479126,1.6497999429702759,-1.5707963267948966,0.0,1.5707963267948966,0.05141440060894465,-0.08204311925720598,1.8353219325829544
0.09624011122374392,0.5004229493819827,1.7181913337188603,0.002523042970638133,-0.0019133160799272948,-0.0006423819811071774,-1.6003534062556268,-0.05438399811751582,1.5603765017981772,0.10289999842643738,0.40549999475479126,1.6497999429702759,-1.5707963267948966,0.0,1.5707963267948966,0.051514054861800225,-0.08225505236665759,1.8348294006720094
0.09625246622853201,0.5002283870464155,1.7176435421909604,0.002532752780555472,-0.002168202812045484,-0.00045594828183599217,-1.60031824260142,-0.054084494597387955,1.5601900408650342,0.10289999842643738,0.40549999475479126,1.6497999429702759,-1.5707963267948966,0.0,1.5707963267948966,0.05161476545985713,-0.08246657649588714,1.8343347918072097
0.09625974604558989,0.5000323198665991,1.71710750662585,0.002159922803040818,-0.002357739336035272,-0.0002786892691591966,-1.6002290965871122,-0.05376650281675133,1.5600488133469261,0.10289999842643738,0.40549999475479126,1.6497999429702759,-1.5707963267948966,0.0,1.5707963267948966,0.05172574683328918,-0.08269841353860834,1.8337881337243318
0.0962603351416918,0.49981370693812704,1.7165318639864715,0.0022951751583867768,-0.002616738436363351,-0.0003640964326678569,-1.6001062667407837,-0.053407167096938046,1.5599278071184257,0.10289999842643738,0.40549999475479126,1.6497999429702759,-1.5707963267948966,0.0,1.5707963267948966,0.05182717099951223,-0.08290843898705998,1.8332884186726057
0.09625130692365808,0.49963273012077736,1.7160697315292452,0.002906733510320852,-0.0028804107050452274,-0.0006081855428167946,-1.6000023083046606,-0.05310857220275045,1.5598419816894233,0.10289999842643738,0.40549999475479126,1.6497999429702759,-1.5707963267948966,0.0,1.5707963267948966,0.05191957057506296,-0.08309719799416349,1.8328362722237217
0.09622523581366241,0.4994090023570179,1.7155175351029566,0.0036328431736747267,-0.003311180548740335,-0.0006799527303311589,-1.599847694769734,-0.05270861902697188,1.559758013668479,0.10289999842643738,0.40549999475479126,1.6497999429702759,-1.5707963267948966,0.0,1.5707963267948966,0.052034345103600034,-0.083327813230974,1.8322811307343811
0.09619960070665597,0.4992453642675654,1.7151248528764294,0.00405299211624552,-0.0036272473330688105,-0.00043830756206588405,-1.5997109380465933,-0.05240274638012732,1.5597155003043406,0.10289999842643738,0.40549999475479126,1.6497999429702759,-1.5707963267948966,0.0,1.5707963267948966,0.052118400340905154,-0.08349545426730419,1.831875630250392
0.09616188468281052,0.4990244105136299,1.7145903552674164,0.004365046658296198,-0.004140144112950092,-0.0004576684114372114,-1.599527589329232,-0.05197872509491708,1.5596748034596268,0.10289999842643738,0.40549999475479126,1.6497999429702759,-1.5707963267948966,0.0,1.5707963267948966,0.052234142411041025,-0.08372627222953835,1.8313181096520896
0.09612188452338596,0.49884737059835516,1.7141573550646534,0.003934715251044285,-0.004455987319973313,-0.0006960127398999399,-1.59936471018736,-0.05161204524821006,1.5596583079517174,0.10289999842643738,0.40549999475479126,1.6497999429702759,-1.5707963267948966,0.0,1.5707963267948966,0.05233006723504643,-0.0839153231434605,1.8308630246601885
0.09604982656681056,0.4986139979452603,1.7135857794466838,0.0026211078701240346,-0.004462413919316718,-0.0008141110729763256,-1.5991119714556667,-0.05107940783710152,1.559655254177054,0.10289999842643738,0.40549999475479126,1.6497999429702759,-1.5707963267948966,0.0,1.5707963267948966,0.05246021943827321,-0.08416699446641107,1.8302580918679539
0.0959708043802698,0.49840236021466955,1.7130625750309327,0.0017350325330850363,-0.004152370790629302,-0.0005482710762147452,-1.5988723637272442,-0.050579785886315065,1.5596499008144726,0.10289999842643738,0.40549999475479126,1.6497999429702759,-1.5707963267948966,0.0,1.5707963267948966,0.05259190136776916,-0.08441787625064613,1.829655107901458
0.0958839290895745,0.49819054691372644,1.7125373395727008,0.0006478964252545953,-0.0036824820943336446,-0.0004331320297564607,-1.59862404116838,-0.05006284600851485,1.5596399417519877,0.10289999842643738,0.40549999475479126,1.6497999429702759,-1.5707963267948966,0.0,1.5707963267948966,0.05270210135964945,-0.08462613055611422,1.829154616444209
0.09582316209841324,0.49805439247534605,1.7122053310714522,0.00019573333088201907,-0.003380739651739217,-0.00041982598892670113,-1.598458769393229,-0.04972499867799085,1.5596353458408692,0.10289999842643738,0.40549999475479126,1.6497999429702759,-1.5707963267948966,0.0,1.5707963267948966,0.05277969035890974,-0.08477138955964411,1.8288045144016245
0.09573147857658099,0.49786347038813095,1.7117274815794834,0.000476258108219349,-0.0030161745351221974,-0.00031881715604050386,-1.5982463983486672,-0.049247584200984296,1.559600079419313,0.10289999842643738,0.40549999475479126,1.6497999429702759,-1.5707963267948966,0.0,1.5707963267948966,0.052891026589579504,-0.08497903957714227,1.8283043703330173
0.09564545680146552,0.4976958683835165,1.7112903229271652,0.0014119134844644632,-0.002815694230100388,-0.0003198659241319232,-1.5980816925370867,-0.048817497900230045,1.5595350679029176,0.10289999842643738,0.40549999475479126,1.6497999429702759,-1.5707963267948966,0.0,1.5707963267948966,0.05299152131213622,-0.08516639392107803,1.8278547186018752
0.095534260041033,0.4974933109112084,1.7107458500783654,0.002652667954861197,-0.002735264983850409,-0.00022638957688748645,-1.597908300873895,-0.04826861998330356,1.5594200073721693,0.10289999842643738,0.40549999475479126,1.6497999429702759,-1.5707963267948966,0.0,1.5707963267948966,0.05312614498820903,-0.08541678746216429,1.8272564221355112
0.09544289905452426,0.49733199117079097,1.7102945179540097,0.0030945722858563805,-0.0026396521071772026,-3.7640604801691515e-05,-1.5977976354138916,-0.04782627678456386,1.5592995856574257,0.10289999842643738,0.40549999475479126,1.6497999429702759,-1.5707963267948966,0.0,1.5707963267948966,0.053215712992895375,-0.08558421105271023,1.8268582280822208
0.0953318436252189,0.49713869329324906,1.709743675625582,0.003254034688021254,-0.002437053622491951,-1.706592143111681e-05,-1.5976847397736964,-0.0472963813452143,1.5591287443061117,0.10289999842643738,0.40549999475479126,1.6497999429702759,-1.5707963267948966,0.0,1.5707963267948966,0.053338415545173025,-0.08581472972577325,1.826311003163719
0.0952486311306558,0.49699953595962615,1.7093435227381255,0.003372724461028635,-0.002284358506080164,-2.2515553361400268e-05,-1.5975933475678596,-0.04690805806553833,1.5589883788516392,0.10289999842643738,0.40549999475479126,1.6497999429702759,-1.5707963267948966,0.0,1.5707963267948966,0.05343872160738488,-0.08600353287244736,1.8258630747589597
0.09511174107723111,0.49677562130668157,1.7086952188725717,0.0031625821112255268,-0.0019568743141326218,5.4894237713119906e-05,-1.597432315535644,-0.04628950371977947,1.55876647322932,0.10289999842643738,0.40549999475479126,1.6497999429702759,-1.5707963267948966,0.0,1.5707963267948966,0.05357200003990574,-0.08625537375599107,1.8252644201221786
0.09502711585457962,0.49663917932156665,1.7082985047290242,0.002921365309460351,-0.0017597923620724073,0.0001218408130019572,-1.5973273619733088,-0.045930263906523994,1.5586400050923022,0.10289999842643738,0.40549999475479126,1.6497999429702759,-1.5707963267948966,0.0,1.5707963267948966,0.053660376172042376,-0.08642319539416325,1.8248643504968205
0.09492108302721022,0.4964687605841134,1.707798445524666,0.003485758918847037,-0.001623482911573278,-2.9057405644676255e-06,-1.5972046468177765,-0.04547848369419283,1.558488444403606,0.10289999842643738,0.40549999475479126,1.6497999429702759,-1.5707963267948966,0.0,1.5707963267948966,0.05377044005455561,-0.08663290194665985,1.8243652020063772
0.09478666844064035,0.4962650329163288,1.7071876873180147,0.0033794245312016844,-0.0016071173815250409,-0.00039055297760365326,-1.5970982019798583,-0.04493068045306181,1.558309718767897,0.10289999842643738,0.40549999475479126,1.6497999429702759,-1.5707963267948966,0.0,1.5707963267948966,0.053903080225144326,-0.08688463089137147,1.8237701264904216
0.09469096266184514,0.4961299712397931,1.7067791138275175,0.0028710399225447365,-0.0016166055401672067,-0.0003578022960414775,-1.5970524100316248,-0.04457517037111902,1.558193573310778,0.10289999842643738,0.40549999475479126,1.6497999429702759,-1.5707963267948966,0.0,1.5707963267948966,0.05399212454841007,-0.08705234257832756,1.8233762988374564
0.09455544609106085,0.49594460498776605,1.7062159364899623,0.0020238751900977653,-0.0017694033935550769,-0.0004766480704530041,-1.596996087658256,-0.044088634442704944,1.5580197383494487,0.10289999842643738,0.40549999475479126,1.6497999429702759,-1.5707963267948966,0.0,1.5707963267948966,0.0541145146300508,-0.0872826669034434,1.8228396021512627
0.09442308184649487,0.49577680896775167,1.705703977919535,0.0013569824648941326,-0.0019289616982732152,-0.00039912836408512506,-1.5969339415918804,-0.04363693442266259,1.5578541493016684,0.10289999842643738,0.40549999475479126,1.6497999429702759,-1.5707963267948966,0.0,1.5707963267948966,0.054226253404985394,-0.08749192240504919,1.822356395965882
0.09428734933687503,0.4956065465865092,1.7051958893956314,0.0012957852983675933,-0.0021899405660301373,-0.00029197816454980935,-1.5968723515896732,-0.0432018419391369,1.5576798871950122,0.10289999842643738,0.40549999475479126,1.6497999429702759,-1.5707963267948966,0.0,1.5707963267948966,0.054337341648394225,-0.08770071492847761,1.8218768611855518
0.09416106524713626,0.4954522234135285,1.7047378936202655,0.0021582091000045124,-0.00239347467806307,-0.00019395914098415225,-1.596808479132538,-0.04280622748839091,1.5574998925269983,0.10289999842643738,0.40549999475479126,1.6497999429702759,-1.5707963267948966,0.0,1.5707963267948966,0.05443670737689153,-0.08788868480603033,1.8214481507168951
0.09400793449212785,0.495264661003303,1.7041748899560445,0.0028412929617925454,-0.0022710659069846563,0.00024390134640463721,-1.5967270061202765,-0.04230589456928646,1.5572501737062576,0.10289999842643738,0.40549999475479126,1.6497999429702759,-1.5707963267948966,0.0,1.5707963267948966,0.054556463445115305,-0.08811896143849464,1.8209275559389195
0.09387758449105756,0.49509398676488825,1.7036671384584092,0.002930984999421264,-0.0018737277537197567,0.0005708629285535424,-1.596669175189283,-0.04187905644459322,1.5570215557572575,0.10289999842643738,0.40549999475479126,1.6497999429702759,-1.5707963267948966,0.0,1.5707963267948966,0.05466282098362781,-0.08832828113531595,1.8204587985640448
0.09375770571285291,0.49492134555456774,1.7031642041628976,0.0028994758248368337,-0.0014144407027660106,0.0007811841206341477,-1.5966180442633966,-0.04148638279934147,1.5568013750217629,0.10289999842643738,0.40549999475479126,1.6497999429702759,-1.5707963267948966,0.0,1.5707963267948966,0.05476668740518013,-0.0885373041863125,1.8199954288392715
0.09365899635423323,0.4947663446100967,1.7027138157324018,0.002878147075369488,-0.001021851758328284,0.0008909953447734124,-1.5965709343631869,-0.04114260927006885,1.5566006912181858,0.10289999842643738,0.40549999475479126,1.6497999429702759,-1.5707963267948966,0.0,1.5707963267948966,0.0548579210149914,-0.08872540566445311,1.8195825105463572
0.09355785701392956,0.49459642825002015,1.7022107002003888,0.0025688010137609194,-0.0007235523884787408,0.0006624503892416292,-1.5965411001418595,-0.04078438038608034,1.5563547540248048,0.10289999842643738,0.40549999475479126,1.6497999429702759,-1.5707963267948966,0.0,1.5707963267948966,0.05496686082400368,-0.08895555096712228,1.8190822093447494
0.09345974196023772,0.49443025914455097,1.701710495486938,0.0015522584496097138,-0.0004398002553893499,0.00040387067202314326,-1.5965385556079303,-0.0404569442967353,1.5560942057501745,0.10289999842643738,0.40549999475479126,1.6497999429702759,-1.5707963267948966,0.0,1.5707963267948966,0.055054874355964,-0.08914412227737147,1.8186752898631886
0.09335295172575175,0.49424486404575363,1.7011697326388404,0.0009936418965551979,-0.0001813099931843395,2.892566617257368e-05,-1.596520664045985,-0.040100628988549936,1.5558231940034062,0.10289999842643738,0.40549999475479126,1.6497999429702759,-1.5707963267948966,0.0,1.5707963267948966,0.0551613244561412,-0.08937427342074922,1.8181795862097667
0.09326276538635808,0.49409303704570706,1.700728818512211,0.0014338362947461656,4.245892863456751e-05,-0.0002947004588007172,-1.5964962111934955,-0.03981314767494304,1.5556047504443375,0.10289999842643738,0.40549999475479126,1.6497999429702759,-1.5707963267948966,0.0,1.5707963267948966,0.05524805280767905,-0.08956280676885449,1.8177765059360365
0.09315815574591925,0.4939279114338799,1.7002341921413147,0.001989431180850126,0.0002647561026728637,-0.0006521543365979069,-1.59647404551084,-0.03949930906041299,1.5553503937181123,0.10289999842643738,0.40549999475479126,1.6497999429702759,-1.5707963267948966,0.0,1.5707963267948966,0.055344521176889115,-0.08977316139726388,1.8173328877388255
0.09305892033521769,0.493783084995158,1.699787356029939,0.0022372611542867925,0.0004607918965887268,-0.0006857137499799088,-1.5964317597206252,-0.03920203108775944,1.5551147978186677,0.10289999842643738,0.40549999475479126,1.6497999429702759,-1.5707963267948966,0.0,1.5707963267948966,0.05544103331133061,-0.08998448343106856,1.816893411181467
0.09293531151320458,0.4936112247512102,1.6992405537269757,0.0021298906707395487,0.0006268154283236971,-0.0006801286067214496,-1.596346903514458,-0.038828485770395105,1.554819249924258,0.10289999842643738,0.40549999475479126,1.6497999429702759,-1.5707963267948966,0.0,1.5707963267948966,0.05553685930803493,-0.0901966820021964,1.816456391991921
0.09279490735566864,0.49342629015134704,1.6986490808987238,0.001643739169620317,0.0006486780261382698,-0.0008007627444452744,-1.5962407106456884,-0.03842895030191773,1.5544930917501394,0.10289999842643738,0.40549999475479126,1.6497999429702759,-1.5707963267948966,0.0,1.5707963267948966,0.0556513513654612,-0.09045199192141141,1.8159310863081795
0.09269855320926328,0.49330187095553135,1.6982596069357665,0.0017394893794226932,0.0005884311656540694,-0.0005412615708441993,-1.5961499356384345,-0.03816158398666847,1.5542841163402699,0.10289999842643738,0.40549999475479126,1.6497999429702759,-1.5707963267948966,0.0,1.5707963267948966,0.055727199542451464,-0.09062242398514754,1.8155791746334466
0.09259563429696661,0.49315779577512175,1.697822961611791,0.0025945165460455034,0.00047244465489484737,-6.411768232956536e-05,-1.5960257707933907,-0.037868061885318216,1.5540594997998836,0.10289999842643738,0.40549999475479126,1.6497999429702759,-1.5707963267948966,0.0,1.5707963267948966,0.055819824508836983,-0.0908353571877597,1.8151401930378315
0.09247993368221527,0.4929759590016592,1.6972887887068417,0.0035195871602763523,0.00012400419894985636,7.542336618011614e-05,-1.5958622295888076,-0.0375371138026841,1.5537975161125592,0.10289999842643738,0.40549999475479126,1.6497999429702759,-1.5707963267948966,0.0,1.5707963267948966,0.05590975092530179,-0.09104819017194146,1.8147065737501458
0.0923776354006132,0.49280701130633037,1.6968068740916524,0.0034904152573380074,-0.00023231525226526404,-0.00024478734776990803,-1.5956948824096329,-0.03725148443760151,1.5535801229115895,0.10289999842643738,0.40549999475479126,1.6497999429702759,-1.5707963267948966,0.0,1.5707963267948966,0.055998046932420414,-0.09126110198439945,1.8142768126967321
0.09225754570401244,0.4926189781231458,1.6962824142143964,0.002999088057389932,-0.0004563512541754425,-0.0009474715419255096,-1.5954881422557115,-0.03692090683546301,1.5533491159036594,0.10289999842643738,0.40549999475479126,1.6497999429702759,-1.5707963267948966,0.0,1.5707963267948966,0.0561040442995997,-0.09151694116963774,1.8137650933124836
0.0921480436299815,0.49246478674774047,1.6958554541406539,0.0025421984673593963,-0.0005135844984558382,-0.0011582078150095643,-1.5953168024055393,-0.03663721711421042,1.5531660521235722,0.10289999842643738,0.40549999475479126,1.6497999429702759,-1.5707963267948966,0.0,1.5707963267948966,0.056175450683953,-0.09168776959659361,1.8134292105297602
0.09199784928403706,0.4922609461744231,1.6952874520449401,0.00273545300890295,-0.0003381419202960055,-0.0009920030305647304,-1.5951054167114596,-0.03626167047214501,1.5529324590791593,0.10289999842643738,0.40549999475479126,1.6497999429702759,-1.5707963267948966,0.0,1.5707963267948966,0.05628222046184472,-0.09194464190204886,1.8129324150316632
0.09188439025063658,0.492111031365533,1.6948547686687785,0.002936576141127187,-6.947775088052884e-05,-0.0009401665950682968,-1.5949636570936894,-0.03596476778142321,1.5527513735152172,0.10289999842643738,0.40549999475479126,1.6497999429702759,-1.5707963267948966,0.0,1.5707963267948966,0.05637042820375086,-0.09215975294222914,1.8125232390437667
0.09177040053747121,0.49196425933964966,1.694420117332683,0.0025242614854477092,0.0002932128751323877,-0.0008314571173349935,-1.5948450841602926,-0.035670272264215264,1.5525555861868172,0.10289999842643738,0.40549999475479126,1.6497999429702759,-1.5707963267948966,0.0,1.5707963267948966,0.0564406074063191,-0.09233254617150537,1.8121966717481661
0.09164709488191805,0.4918009840201145,1.6939407734836236,0.0019135726549891227,0.0007074027849081894,-0.000501208314434964,-1.5947477736503661,-0.0353720509711577,1.5523293223347125,0.10289999842643738,0.40549999475479126,1.6497999429702759,-1.5707963267948966,0.0,1.5707963267948966,0.056527188953730705,-0.09254883541889272,1.8117877033747747
0.09153007245451712,0.49163654401223117,1.6934621629940139,0.0018331671232221373,0.0009592568385523103,-0.00048728909665700625,-1.5946721439162514,-0.035094126618913535,1.5520935466735666,0.10289999842643738,0.40549999475479126,1.6497999429702759,-1.5707963267948966,0.0,1.5707963267948966,0.056612080007336446,-0.0927654628192867,1.8113800184836413
0.09141112155394178,0.49147048709187735,1.692979521924433,0.0019327205108891992,0.0010077593105443903,-0.000768191655898143,-1.594608611575505,-0.03480939222104329,1.551851065355517,0.10289999842643738,0.40549999475479126,1.6497999429702759,-1.5707963267948966,0.0,1.5707963267948966,0.05669628150058364,-0.09298251021476948,1.8109751335268447
0.09128600603897032,0.49130400047163936,1.6924919066447155,0.0012327517547626764,0.0008652163643638947,-0.0010781525667894083,-1.5945673013807977,-0.03451843099070029,1.5515903071765236,0.10289999842643738,0.40549999475479126,1.6497999429702759,-1.5707963267948966,0.0,1.5707963267948966,0.05678041879878733,-0.09320000041279149,1.8105730274824479
0.09116649237380352,0.49115276832190946,1.6920528856130475,0.00020849774673627528,0.0007468487134654466,-0.0011481929755878645,-1.594520311418692,-0.034238387064122744,1.551353027610025,0.10289999842643738,0.40549999475479126,1.6497999429702759,-1.5707963267948966,0.0,1.5707963267948966,0.0568562299916566,-0.09339581957086653,1.8102131023940071
0.09101271216224764,0.49096709688811246,1.6915118953207364,-0.0004971863733814456,0.0005311764692082586,-0.0013409537327016285,-1.5944332505286718,-0.033859792955527546,1.5510572329638257,0.10289999842643738,0.40549999475479126,1.6497999429702759,-1.5707963267948966,0.0,1.5707963267948966,0.05694851010146709,-0.09363535053909984,1.809774934224085
0.09084579173277181,0.49078339225349993,1.6909623806036456,-0.0014253671320575002,0.0001888536206619175,-0.001508442031684501,-1.5943193393052932,-0.033463939696635414,1.5507491002794194,0.10289999842643738,0.40549999475479126,1.6497999429702759,-1.5707963267948966,0.0,1.5707963267948966,0.05704117201781738,-0.09387554113934635,1.809338219619081
0.09067216752948026,0.4906003322988775,1.6904130079631732,-0.0023201266478690306,8.92967601870089e-05,-0.0010342601672086347,-1.5941711706142985,-0.03306253003994897,1.5504456720790092,0.10289999842643738,0.40549999475479126,1.6497999429702759,-1.5707963267948966,0.0,1.5707963267948966,0.05713350387738043,-0.09411624677871004,1.8089006579803772
0.090536521953663,0.4904500271318866,1.689965023880465,-0.002450405502485338,0.00013574378275535364,-0.0005165820097587799,-1.5940283185831061,-0.03273278621143394,1.5502094446028536,0.10289999842643738,0.40549999475479126,1.6497999429702759,-1.5707963267948966,0.0,1.5707963267948966,0.05720710081791154,-0.09431343015671066,1.8085438074857578
0.09037960640551126,0.4902654908727042,1.689412959029926,-0.0012537248429512799,0.00026960999014580034,-0.00045046708437392947,-1.5938542411347003,-0.032344363188099745,1.5499286549333198,0.10289999842643738,0.40549999475479126,1.6497999429702759,-1.5707963267948966,0.0,1.5707963267948966,0.05729457315214634,-0.09455488323330039,1.8081138598289588
0.0902663404698669,0.4901328140037625,1.689004920196577,-0.0005007824761956606,0.000461107389762964,-0.0006004168326875568,-1.593727464583051,-0.03206545724721721,1.5497273624814256,0.10289999842643738,0.40549999475479126,1.6497999429702759,-1.5707963267948966,0.0,1.5707963267948966,0.05735725607904419,-0.09473128107631043,1.807804639109356
0.09012006646557713,0.48996562406345506,1.688495925067474,-0.00037603904982382535,0.0008216599282988518,-0.0010191441552389348,-1.5935479649560467,-0.03169741293549855,1.5494877960175581,0.10289999842643738,0.40549999475479126,1.6497999429702759,-1.5707963267948966,0.0,1.5707963267948966,0.05743530945139253,-0.09495236450656144,1.8074184904672548
0.0899638767154307,0.4897973284396174,1.6879900333026263,-0.0004795758109219681,0.0012367995753441111,-0.001317501620222398,-1.5933543608486624,-0.03131778349657033,1.5492581308496076,0.10289999842643738,0.40549999475479126,1.6497999429702759,-1.5707963267948966,0.0,1.5707963267948966,0.05751390214351462,-0.09517403297526111,1.8070330896044267
0.08980035641648287,0.4896277096984388,1.6874892697889181,-0.0014363902916178714,0.0016434838362651167,-0.0014581325735500278,-1.593172637569967,-0.030943914377969506,1.5490402975962272,0.10289999842643738,0.40549999475479126,1.6497999429702759,-1.5707963267948966,0.0,1.5707963267948966,0.057593018505575154,-0.09539614914139931,1.8066478557484027
0.08963169448851704,0.4894530895390495,1.6870008970730108,-0.0019569029805352046,0.001953903619411281,-0.0013587886995696846,-1.5929866903549765,-0.030557140822915052,1.5488525628956282,0.10289999842643738,0.40549999475479126,1.6497999429702759,-1.5707963267948966,0.0,1.5707963267948966,0.05768040787607555,-0.0956404717994722,1.8062207397703003
0.08943020450354439,0.48923908850836284,1.6864165491295438,-0.001734036750057225,0.002207468710697752,-0.0009164078439502599,-1.5927442687938158,-0.03010177541419745,1.5486394311995042,0.10289999842643738,0.40549999475479126,1.6497999429702759,-1.5707963267948966,0.0,1.5707963267948966,0.05776688193078792,-0.09588510493320514,1.8057910012891485
0.0892992020344489,0.4890943709652022,1.6860252995245786,-0.0013752852786297542,0.0022130545319321428,-0.0009079128954698631,-1.5925741941623308,-0.02982233594471273,1.5485006436599535,0.10289999842643738,0.40549999475479126,1.6497999429702759,-1.5707963267948966,0.0,1.5707963267948966,0.057828669959444835,-0.09606321945344139,1.8054784267709068
0.08911465796493744,0.488893730900819,1.6854832773487567,-0.0009713096228849353,0.001983121268962168,-0.0012229682680103653,-1.5923218341981862,-0.029427081316858228,1.5482995602007192,0.10289999842643738,0.40549999475479126,1.6497999429702759,-1.5707963267948966,0.0,1.5707963267948966,0.05791356266119438,-0.09630876877532275,1.8050492790836412
0.0889380241793804,0.4887068032036798,1.6849901456276375,-0.0013913079070397081,0.0015743943499510896,-0.0014198172324976048,-1.5920859594876677,-0.02905695723004964,1.5481166452055979,0.10289999842643738,0.40549999475479126,1.6497999429702759,-1.5707963267948966,0.0,1.5707963267948966,0.05799124238158814,-0.09653220469665996,1.8046591096550408
0.08877254241040836,0.4885328084038023,1.684551460002125,-0.0019111270033534578,0.0013494409025187719,-0.0015702753895011096,-1.591882421375041,-0.02873790151374145,1.5479614651584856,0.10289999842643738,0.40549999475479126,1.6497999429702759,-1.5707963267948966,0.0,1.5707963267948966,0.05806163203437179,-0.09673305816322572,1.8043064521620988
0.08856014290196879,0.4883123152620801,1.6840159102315482,-0.0012672487041827246,0.001448551956444135,-0.0016155655075786493,-1.5916292361379312,-0.028330708695181173,1.547777091816868,0.10289999842643738,0.40549999475479126,1.6497999429702759,-1.5707963267948966,0.0,1.5707963267948966,0.05814843354388778,-0.09697839529902927,1.8038735712395515
0.08838065105945651,0.4881301652100343,1.6835692815928769,-0.00026001947263752645,0.0017283829418263867,-0.0014219547176948716,-1.591411358700379,-0.027986516226833125,1.5476134186155779,0.10289999842643738,0.40549999475479126,1.6497999429702759,-1.5707963267948966,0.0,1.5707963267948966,0.05821966979304048,-0.09717971777810216,1.8035182416603437
0.08818277283449324,0.4879332778575026,1.6830632305137896,6.658587478751726e-05,0.0021576312549717556,-0.0011096109495239478,-1.591186023372849,-0.02762336620062822,1.547411436540557,0.10289999842643738,0.40549999475479126,1.6497999429702759,-1.5707963267948966,0.0,1.5707963267948966,0.058305981355976505,-0.09742724947321367,1.8030826769577206
0.08796886620555901,0.4877216378882177,1.6825070490629863,-0.0006493972317103187,0.0026253932234935407,-0.0008914763552720267,-1.590943562277784,-0.027236364113391254,1.5471897489114046,0.10289999842643738,0.40549999475479126,1.6497999429702759,-1.5707963267948966,0.0,1.5707963267948966,0.0583835266996308,-0.09765316476880155,1.8026849147676003
0.08779796902610644,0.4875482117262378,1.6820580776691334,-0.0009332546636860831,0.002758528377040918,-0.0005250584633424759,-1.5907372643590312,-0.02692371316465092,1.5470296892546707,0.10289999842643738,0.40549999475479126,1.6497999429702759,-1.5707963267948966,0.0,1.5707963267948966,0.05845989608566857,-0.09787939168631808,1.8022842147907479
0.08760175482923571,0.4873381662472608,1.6815105041645066,-0.00027216910004325737,0.002734959068721822,-0.0002641742918722771,-1.590483848324221,-0.026590771853177042,1.5468486486705315,0.10289999842643738,0.40549999475479126,1.6497999429702759,-1.5707963267948966,0.0,1.5707963267948966,0.05853410818378481,-0.09810627658150714,1.8018828218688705
0.08743117360289647,0.48714763013817747,1.6810124397321669,0.0003811376139419319,0.002627159138297574,-0.00024361155393031443,-1.5902561096007877,-0.02631328677831224,1.5466918582201326,0.10289999842643738,0.40549999475479126,1.6497999429702759,-1.5707963267948966,0.0,1.5707963267948966,0.05860675372681113,-0.09833391524950878,1.801480845210045
0.08726580975457587,0.4869564270394813,1.6805183644070087,0.00014580728653510664,0.002603106396493236,-0.00028285186253127517,-1.5900257167222671,-0.026039525623685833,1.5465562499982095,0.10289999842643738,0.40549999475479126,1.6497999429702759,-1.5707963267948966,0.0,1.5707963267948966,0.05867802183374682,-0.09856213619205227,1.8010752247542425
0.08712234264725881,0.4867826899311425,1.6800819368166386,-0.0002096291373334454,0.0026805919804557205,-0.00011227987686891385,-1.5898340952189656,-0.025812469570442254,1.54646672560479,0.10289999842643738,0.40549999475479126,1.6497999429702759,-1.5707963267948966,0.0,1.5707963267948966,0.05874100526433937,-0.09876766773305456,1.800705004468097
0.08694844273752927,0.48654657344329894,1.679503959140263,-0.0009620878921929332,0.0029044173544748686,0.00016389130619444173,-1.5896117109656969,-0.025553530949844472,1.5463767729570603,0.10289999842643738,0.40549999475479126,1.6497999429702759,-1.5707963267948966,0.0,1.5707963267948966,0.0588219447465759,-0.09904147253267469,1.8002072834358576
0.08682770438280697,0.48636353180583813,1.6790774539429703,-0.002114475104219358,0.003061443617914493,1.8534845238125885e-05,-1.589447290159809,-0.025377443836329228,1.5463431524165374,0.10289999842643738,0.40549999475479126,1.6497999429702759,-1.5707963267948966,0.0,1.5707963267948966,0.05888075383204857,-0.09924613472864853,1.799831430756798
0.08669856010198244,0.4861574753061153,1.678609293171118,-0.0028734865507558985,0.003227588511028779,-0.00014709444159021032,-1.5892709355573968,-0.02520365863158247,1.5463284834729099,0.10289999842643738,0.40549999475479126,1.6497999429702759,-1.5707963267948966,0.0,1.5707963267948966,0.058945252795458834,-0.0994732750326805,1.7994117839738328
0.08658738514069352,0.48597206524655234,1.678190934725634,-0.0031826414283801963,0.0032673297775515334,-0.0003413632355969499,-1.5891381683664196,-0.02506741779105459,1.5463176473848768,0.10289999842643738,0.40549999475479126,1.6497999429702759,-1.5707963267948966,0.0,1.5707963267948966,0.0590025003068954,-0.09967794085980253,1.7990322391802054
0.0864564473663118,0.4857480582554902,1.6776850859233712,-0.0031540806475973153,0.0033406269774195305,-0.00033621144986262783,-1.5889881603575102,-0.024904479755345932,1.5463033359246259,0.10289999842643738,0.40549999475479126,1.6497999429702759,-1.5707963267948966,0.0,1.5707963267948966,0.0590717324087166,-0.09992897510216626,1.798565473350814
0.08635647972398895,0.48556665744310734,1.6772717520735478,-0.0021661933111195996,0.0034062082013428256,-0.00017368485786663378,-1.5888664042504557,-0.024789348945639667,1.5462957057734183,0.10289999842643738,0.40549999475479126,1.6497999429702759,-1.5707963267948966,0.0,1.5707963267948966,0.059127023511510564,-0.10013503514501762,1.7981820455905044
0.08624396914333192,0.48534862318039645,1.6767573219636487,-0.0010825949692928735,0.003342788465440481,-0.00013027266707010037,-1.5887108288780234,-0.02468971427721378,1.5462881194593072,0.10289999842643738,0.40549999475479126,1.6497999429702759,-1.5707963267948966,0.0,1.5707963267948966,0.059192623620955016,-0.10038787449954877,1.7977134040980907
0.08615618692398054,0.4851741292471844,1.6763326297572823,-0.0006993602780786702,0.0030904523376454793,-0.00031090255538427633,-1.5885572749089165,-0.024619743506474556,1.5462918088336235,0.10289999842643738,0.40549999475479126,1.6497999429702759,-1.5707963267948966,0.0,1.5707963267948966,0.05924506274917353,-0.10059556967222356,1.7973288858949334
0.08605856526065145,0.4849862226319804,1.675857006145564,-0.0007136901803819787,0.002724155909058276,-0.0005960132649503883,-1.5883691891264093,-0.02453875604245548,1.5462983898178084,0.10289999842643738,0.40549999475479126,1.6497999429702759,-1.5707963267948966,0.0,1.5707963267948966,0.05930885260359391,-0.1008506143050538,1.7968588111988255
0.08594157372453518,0.48476972505067967,1.675282946846189,-0.00184052597753452,0.0023115835029357615,-0.0006422047414836874,-1.5881529830930743,-0.02445922362107522,1.5463150872650075,0.10289999842643738,0.40549999475479126,1.6497999429702759,-1.5707963267948966,0.0,1.5707963267948966,0.059372444044755536,-0.10110658771408515,1.7963903962929875
0.0858645865034201,0.48462736059761663,1.674903298286282,-0.0029393507744623166,0.002009538650043243,-0.000644203168845511,-1.5880124256765833,-0.024404308411962727,1.5463381828936422,0.10289999842643738,0.40549999475479126,1.6497999429702759,-1.5707963267948966,0.0,1.5707963267948966,0.059418220471284894,-0.10129276877888367,1.7960492692522732
0.0857567299424898,0.48443041451568125,1.6743847382170798,-0.0033490618195675262,0.0017081014500259885,-0.0008889122594682698,-1.5878100920039517,-0.024321683312114928,1.546375139738463,0.10289999842643738,0.40549999475479126,1.6497999429702759,-1.5707963267948966,0.0,1.5707963267948966,0.05948108297427398,-0.10154862835941085,1.7955782375933402
0.08566432537979826,0.4842671387338815,1.67395670891666,-0.0024724798091056667,0.0017596539010958849,-0.0008992196286493884,-1.5876618955095636,-0.024265403552588438,1.546402017095489,0.10289999842643738,0.40549999475479126,1.6497999429702759,-1.5707963267948966,0.0,1.5707963267948966,0.059532985496606815,-0.10175801135889834,1.7951931917731847
0.085563517488141,0.48408599969835653,1.6734725464513862,-0.0010038878340436644,0.0018946418649741193,-0.0006400281971597513,-1.587519304755166,-0.024216335202417838,1.5464157223798947,0.10289999842643738,0.40549999475479126,1.6497999429702759,-1.5707963267948966,0.0,1.5707963267948966,0.059590286756732926,-0.10199120954244446,1.7947671889724015
0.08546641516181507,0.48390545308362,1.672984819072554,-0.0005645949455155569,0.001902804530849672,-0.0007241342899403633,-1.587387643496487,-0.02415485698301989,1.546418051248518,0.10289999842643738,0.40549999475479126,1.6497999429702759,-1.5707963267948966,0.0,1.5707963267948966,0.05964704126411386,-0.10222505578528175,1.794342409298068
0.08536915983445593,0.4837234898570487,1.6725068569296784,-0.0008389737236874067,0.0017373239823706777,-0.0005202745985197458,-1.5872768863843447,-0.02409569164251124,1.5464321248289203,0.10289999842643738,0.40549999475479126,1.6497999429702759,-1.5707963267948966,0.0,1.5707963267948966,0.05970389256642313,-0.10245903372076531,1.7939175811739083
0.08527807300698113,0.4835358951233396,1.6720419672971727,-0.0012101845992523385,0.0015407987701833202,-0.00031571973591217815,-1.5871815523401276,-0.02405818957563799,1.5464726358810297,0.10289999842643738,0.40549999475479126,1.6497999429702759,-1.5707963267948966,0.0,1.5707963267948966,0.05975963796407862,-0.10269243069290852,1.793493254134589
0.08518804442887949,0.48334247951771414,1.6715904514807003,-0.0015572276277576401,0.0014285195210942132,-0.0005054674669857659,-1.5870632871438466,-0.02400472518446284,1.5465444525177374,0.10289999842643738,0.40549999475479126,1.6497999429702759,-1.5707963267948966,0.0,1.5707963267948966,0.059814767412736905,-0.10292529288331177,1.7930684077405632
0.08509383036557135,0.4831460769166507,1.6711486340688373,-0.001667265178831855,0.0015081116864197027,-0.0006286016131101406,-1.5869393951100452,-0.02394242653753942,1.5466347661368838,0.10289999842643738,0.40549999475479126,1.6497999429702759,-1.5707963267948966,0.0,1.5707963267948966,0.059870381201618146,-0.10315805866173744,1.792643350866279
0.08499778543770728,0.48294729850935547,1.6707158551085224,-0.0017739713312992624,0.0016432993876175027,-0.0009326876423349271,-1.5868399467102041,-0.02389775567086616,1.546738679985052,0.10289999842643738,0.40549999475479126,1.6497999429702759,-1.5707963267948966,0.0,1.5707963267948966,0.059926584140708936,-0.10339079288556718,1.792217851164844
0.08489344400925232,0.4827457377918499,1.670290070450419,-0.0018530436104232807,0.0019037116343981117,-0.0010576366088761331,-1.58674475851727,-0.023822156545477924,1.5468531416851832,0.10289999842643738,0.40549999475479126,1.6497999429702759,-1.5707963267948966,0.0,1.5707963267948966,0.05998431465242523,-0.10362353508342666,1.7917930829965591
0.08478463868774772,0.4825431648585834,1.6698697427078968,-0.0019897011535290033,0.0022734033953313065,-0.0009699386329163625,-1.5866487139705496,-0.02372364032859764,1.5469722770124208,0.10289999842643738,0.40549999475479126,1.6497999429702759,-1.5707963267948966,0.0,1.5707963267948966,0.06004288820446381,-0.10385636094036563,1.7913691712234223
0.08466117469383713,0.48231926373657497,1.669416721174365,-0.001934358885251153,0.0027774054536409557,-0.0009114808569543557,-1.5865502517325472,-0.023617960755587752,1.5471165535721985,0.10289999842643738,0.40549999475479126,1.6497999429702759,-1.5707963267948966,0.0,1.5707963267948966,0.06011384077179048,-0.10413575365529328,1.7908585724888455
0.084543873572187,0.4821112268733431,1.6690126456736476,-0.0012363100493765536,0.0029633340145083366,-0.0007733949547476986,-1.5864390358753528,-0.0235023799069225,1.5472559689344911,0.10289999842643738,0.40549999475479126,1.6497999429702759,-1.5707963267948966,0.0,1.5707963267948966,0.06016757317948064,-0.10434516447760589,1.7904735808997105
0.08442759239046534,0.4819009970620245,1.6686080386493105,0.00015062067289633608,0.002763049460394391,-0.00047439981484564525,-1.5863223401928361,-0.02337474470561851,1.547390941780452,0.10289999842643738,0.40549999475479126,1.6497999429702759,-1.5707963267948966,0.0,1.5707963267948966,0.060227219000404425,-0.10457812242971286,1.790045519540896
0.0843263067016545,0.4817105426192013,1.6682415631774294,0.0010665344353116774,0.002376421932370652,-0.00035076458843209693,-1.5862348136450866,-0.023267241004178985,1.5475101071972555,0.10289999842643738,0.40549999475479126,1.6497999429702759,-1.5707963267948966,0.0,1.5707963267948966,0.060280469318273446,-0.1047879836026989,1.789661758947466
0.08420384385134577,0.4814745482269222,1.6677970627364853,0.0016580727936365042,0.0018996402851210652,-0.0001730350387593567,-1.5861236922156898,-0.02312365956195972,1.5476797125244461,0.10289999842643738,0.40549999475479126,1.6497999429702759,-1.5707963267948966,0.0,1.5707963267948966,0.06034528039429037,-0.10504438618149217,1.7891936864614437
0.08412820756261612,0.4813216445519126,1.6675155785086695,0.0020556289407365315,0.0016581792971688007,3.390440880864509e-06,-1.5860409509230982,-0.023020850293027806,1.5477967778494393,0.10289999842643738,0.40549999475479126,1.6497999429702759,-1.5707963267948966,0.0,1.5707963267948966,0.060391852987571853,-0.1052306426076857,1.7888539250331996
0.0840086045519395,0.48105743854233085,1.6670323399145608,0.0023806405665469104,0.0015588809275496488,0.0003677277220439723,-1.5859177590602735,-0.02287262851574745,1.5479905278877046,0.10289999842643738,0.40549999475479126,1.6497999429702759,-1.5707963267948966,0.0,1.5707963267948966,0.06045467711293558,-0.10548654900016234,1.7883891576684503
0.08392065190396672,0.4808339496645547,1.6666284187754286,0.002318812179093304,0.0017822760695180495,0.0006500921674696399,-1.5858348291494426,-0.022769762855805897,1.548141091377493,0.10289999842643738,0.40549999475479126,1.6497999429702759,-1.5707963267948966,0.0,1.5707963267948966,0.060510222403725014,-0.10571860149171676,1.7879703262443696
0.0838351752492888,0.48058825197014765,1.666180659113486,0.002019167082136002,0.0019627685361395635,0.0005542119668871795,-1.5857266716722835,-0.022655050793626508,1.5482804927689573,0.10289999842643738,0.40549999475479126,1.6497999429702759,-1.5707963267948966,0.0,1.5707963267948966,0.060569710765031384,-0.10597359849087037,1.7875145713297234
0.08376892088796835,0.48038980151809296,1.6658120291279972,0.0017504263167637498,0.00213309213595751,0.0004931934920483125,-1.5856309854853756,-0.02257572340324332,1.5483613937827716,0.10289999842643738,0.40549999475479126,1.6497999429702759,-1.5707963267948966,0.0,1.5707963267948966,0.060618002715371454,-0.10618237849367856,1.787145530100203
0.08370226928306204,0.48017060287302427,1.6654032238474108,0.0010897221947038882,0.0023080728754086527,0.0006668107570425567,-1.5855302492278083,-0.02251703251985404,1.5484230906647958,0.10289999842643738,0.40549999475479126,1.6497999429702759,-1.5707963267948966,0.0,1.5707963267948966,0.060675928792353846,-0.10643746744649242,1.7866973536782096
0.08364131336032717,0.47994994744173824,1.6649971848252696,0.000521190419089058,0.002192290101817036,0.00025612417726684285,-1.585427462756046,-0.0224620155350701,1.5484663410509838,0.10289999842643738,0.40549999475479126,1.6497999429702759,-1.5707963267948966,0.0,1.5707963267948966,0.060727864723228525,-0.10666899593277117,1.786292413000946
0.08357173670886214,0.47973145128580696,1.6645849771260033,0.0005637221461909725,0.0019444647302812271,-0.00042047805015544415,-1.5853286350930804,-0.022399365714375286,1.548487609456282,0.10289999842643738,0.40549999475479126,1.6497999429702759,-1.5707963267948966,0.0,1.5707963267948966,0.06077619168461327,-0.10687760128365201,1.7859350832292873
0.08348891253886685,0.47951289187152635,1.6641637216110576,0.0007559831335653434,0.0019042791780677503,-0.0006764043351989646,-1.5852290937975058,-0.022328534667845457,1.5485001142458998,0.10289999842643738,0.40549999475479126,1.6497999429702759,-1.5707963267948966,0.0,1.5707963267948966,0.06083219035572163,-0.10710938113469935,1.7855503181365564
0.08338320395174577,0.4792465095170604,1.663659490796978,-0.00010765725910843366,0.0021336261753433046,-0.00014289119947861835,-1.5850858928415232,-0.022219846392259157,1.5485317584864744,0.10289999842643738,0.40549999475479126,1.6497999429702759,-1.5707963267948966,0.0,1.5707963267948966,0.060906062954925566,-0.10740989443155786,1.785064374712503
0.08332379511076506,0.47908842266627094,1.6633708387274937,-0.0004297420722604706,0.0022014339262462416,-1.9897506180027546e-05,-1.5849977794937105,-0.02215640386859663,1.5485614187081165,0.10289999842643738,0.40549999475479126,1.6497999429702759,-1.5707963267948966,0.0,1.5707963267948966,0.06094555425497109,-0.10757119010808142,1.7848079029236128
0.08320888795986443,0.4787945535549938,1.662836832852481,-0.00015579358687063072,0.002009289945423248,-0.00025410847065324854,-1.58486540266339,-0.022047238329371055,1.548607079950407,0.10289999842643738,0.40549999475479126,1.6497999429702759,-1.5707963267948966,0.0,1.5707963267948966,0.06101451950315225,-0.1078479095831414,1.7843761105522042
0.08312516069027386,0.4785939455805511,1.6624689960878791,-0.00037390984017387694,0.001870603276289382,-0.00012216584163209033,-1.5847843192063293,-0.02196278355339798,1.5486319360713834,0.10289999842643738,0.40549999475479126,1.6497999429702759,-1.5707963267948966,0.0,1.5707963267948966,0.061067325123526986,-0.10805604013415478,1.784056618174652
0.0830372957933727,0.4783705491013504,1.6620705515011676,-0.0011725208141335837,0.0019655200830933335,0.0004818023046328553,-1.5846992756553326,-0.021868662950085493,1.5486621586997442,0.10289999842643738,0.40549999475479126,1.6497999429702759,-1.5707963267948966,0.0,1.5707963267948966,0.061125727193956085,-0.1082872923425009,1.783703282373641
0.08296997702410748,0.47816934810685247,1.6617223434668844,-0.0016715386512578816,0.002147611417069582,0.0007700462315721471,-1.5846514123006235,-0.021813145329250716,1.5486794670452468,0.10289999842643738,0.40549999475479126,1.6497999429702759,-1.5707963267948966,0.0,1.5707963267948966,0.06117709287689666,-0.10849523532928994,1.7833879936386976
0.0828945618827037,0.4779211325867113,1.6613033081079236,-0.00212274204454509,0.0024419882862492595,0.0007470801721828991,-1.5846209494249304,-0.021757812367652285,1.5486743944670267,0.10289999842643738,0.40549999475479126,1.6497999429702759,-1.5707963267948966,0.0,1.5707963267948966,0.06123968316121064,-0.10874912101129952,1.7830077532376318
0.08283714993847112,0.47771727419051113,1.6609641784235292,-0.0025913069706400256,0.0027364148337791867,0.0008051026860272539,-1.5846105247073803,-0.02170787820420461,1.548648065432743,0.10289999842643738,0.40549999475479126,1.6497999429702759,-1.5707963267948966,0.0,1.5707963267948966,0.06129078593093846,-0.10895670338472457,1.7826982536928646
0.08278548398468838,0.47751538910329966,1.6606246874249595,-0.0031086955207116633,0.002935199807539367,0.0010201160387324248,-1.5846396357106738,-0.02167140481493135,1.5485866548057674,0.10289999842643738,0.40549999475479126,1.6497999429702759,-1.5707963267948966,0.0,1.5707963267948966,0.061346957859453294,-0.10918740119334595,1.7823545907648917
0.08272864709387161,0.47724337724306803,1.6601750632255365,-0.00361667760873736,0.0029821119380666916,0.0010188032354490526,-1.5847196162472197,-0.02166771163980208,1.5484742100542161,0.10289999842643738,0.40549999475479126,1.6497999429702759,-1.5707963267948966,0.0,1.5707963267948966,0.06140778886425414,-0.10944056716938991,1.781977113393575
0.08268601519765933,0.47701182537162545,1.6598040793476994,-0.0028229971115070534,0.002916402975642655,0.0009405437225685887,-1.5847881207443977,-0.02168676190790597,1.5483780223584103,0.10289999842643738,0.40549999475479126,1.6497999429702759,-1.5707963267948966,0.0,1.5707963267948966,0.06146294837053607,-0.1096702875482535,1.7816346208695018
0.08265037438150442,0.47680245774845526,1.6594686249410862,-0.0021337897761196842,0.0027069083057602358,0.0006979352712318676,-1.5848588879925085,-0.021724786008199715,1.548288443677239,0.10289999842643738,0.40549999475479126,1.6497999429702759,-1.5707963267948966,0.0,1.5707963267948966,0.0615126927574165,-0.10987723101541387,1.7813268396668243
0.08260837445905062,0.47656422283835503,1.659104578193799,-0.0018389460238518876,0.002476611710774772,0.0005889619412622429,-1.5849239653945397,-0.021776415323754073,1.5482112032538171,0.10289999842643738,0.40549999475479126,1.6497999429702759,-1.5707963267948966,0.0,1.5707963267948966,0.06156873429165113,-0.11010677696158527,1.7809847089465503
0.08255691070046317,0.47626889641992576,1.6586839006635452,-0.0010673445470741475,0.0022893102820753532,0.0005245548156990275,-1.5849586370340052,-0.021840735610879847,1.548159627172384,0.10289999842643738,0.40549999475479126,1.6497999429702759,-1.5707963267948966,0.0,1.5707963267948966,0.06163656642247398,-0.1103815388396047,1.7805732475487006
0.0825175531824133,0.47604531223568297,1.6583743664679904,-0.0002442875894363228,0.002259662085040635,0.0006570475302245911,-1.5849673937171909,-0.021895936826838103,1.5481262413576236,0.10289999842643738,0.40549999475479126,1.6497999429702759,-1.5707963267948966,0.0,1.5707963267948966,0.06168786191069774,-0.11058771974236709,1.7802634481274238
0.08247238850339672,0.4757461064076242,1.6579673458207032,0.0003295724509974759,0.0021320131306445883,0.000925992988235817,-1.5849815254059254,-0.021974834420416922,1.5480859593621183,0.10289999842643738,0.40549999475479126,1.6497999429702759,-1.5707963267948966,0.0,1.5707963267948966,0.061755833837689345,-0.11086277149763099,1.779849941590836
0.08244409250837328,0.4755191806284167,1.6576697313505535,0.0001646708085640864,0.0019698287860354215,0.0010014017869600241,-1.5849852574376844,-0.02202111298496323,1.5480657224314212,0.10289999842643738,0.40549999475479126,1.6497999429702759,-1.5707963267948966,0.0,1.5707963267948966,0.061806487437051194,-0.11106875814582591,1.7795394408801604
0.08242472246366322,0.47534069010628033,1.6574427831629324,-5.2039712804418695e-05,0.001848316560148532,0.001024067028869549,-1.584992279466135,-0.022054299206577088,1.548061029977633,0.10289999842643738,0.40549999475479126,1.6497999429702759,-1.5707963267948966,0.0,1.5707963267948966,0.061845880157660106,-0.11122867291992909,1.7792973626773663
0.08240237292478625,0.47508170359908936,1.6571266226875405,-0.00026031050695082055,0.0017880797929037341,0.0011660924988921703,-1.5850088293210967,-0.022114518307726705,1.5480701358311775,0.10289999842643738,0.40549999475479126,1.6497999429702759,-1.5707963267948966,0.0,1.5707963267948966,0.061907643972153835,-0.11147931465451595,1.778914538633786
0.0823817006958162,0.47476727571475014,1.6567569765079009,-0.0002797093333570049,0.001759763291530612,0.0009573256458571031,-1.5850240508150908,-0.022185275251362047,1.5480902637631866,0.10289999842643738,0.40549999475479126,1.6497999429702759,-1.5707963267948966,0.0,1.5707963267948966,0.06196935344162798,-0.11172952644074931,1.778529161694811
0.08236322114587909,0.47453080080185606,1.6564840523683235,-2.8335671880865447e-05,0.0016755067216889566,0.0006682713311500052,-1.5850175975324357,-0.02222153584025932,1.5481080138848267,0.10289999842643738,0.40549999475479126,1.6497999429702759,-1.5707963267948966,0.0,1.5707963267948966,0.0620207825012334,-0.1119342387175738,1.7782140136982836
0.08233010778181406,0.47421749294069027,1.6561207450507425,0.00022728385266303775,0.0013182769337533728,0.00027998137388690646,-1.5849982289381588,-0.02225782394781195,1.548130505794126,0.10289999842643738,0.40549999475479126,1.6497999429702759,-1.5707963267948966,0.0,1.5707963267948966,0.06209168416572533,-0.11220751922192876,1.7777980096657775
0.08230148969241152,0.47401068412523534,1.6558782315276879,0.00024922855191523513,0.0009699439468801791,0.00026262357771776346,-1.5849762854654639,-0.022267127410528165,1.5481449696590404,0.10289999842643738,0.40549999475479126,1.6497999429702759,-1.5707963267948966,0.0,1.5707963267948966,0.06214059385983511,-0.11238994239738813,1.7775245127931538
0.0822616753831496,0.4737306823909093,1.6555398934214804,0.0003942286552273299,0.0005235057800849105,0.0007037232440765806,-1.5849215998835584,-0.02226650599881097,1.548144274583914,0.10289999842643738,0.40549999475479126,1.6497999429702759,-1.5707963267948966,0.0,1.5707963267948966,0.06221481518286652,-0.11266396915729156,1.7771204224204804
0.08223731679995624,0.4735302515538291,1.6552900053303048,0.00014630326338776724,0.0002592887018009687,0.0010137651484987437,-1.5848807313739275,-0.022278153512125698,1.5481297182415592,0.10289999842643738,0.40549999475479126,1.6497999429702759,-1.5707963267948966,0.0,1.5707963267948966,0.06225805398419043,-0.1128239230609358,1.7768884074384086
0.08221117822596574,0.47323246598360014,1.6549202741392113,-0.001088510635338733,-7.728942825784438e-06,0.0015166755429814579,-1.584809219706899,-0.022311483362123852,1.5481123530225123,0.10289999842643738,0.40549999475479126,1.6497999429702759,-1.5707963267948966,0.0,1.5707963267948966,0.06233158985049728,-0.11309777029840513,1.7764956863932884
0.0822025543226783,0.4729851814875672,1.6546190624890558,-0.0017533726670659689,-4.151608177554938e-05,0.0018143777851352184,-1.5847292013391854,-0.022346096057086484,1.5481080393035258,0.10289999842643738,0.40549999475479126,1.6497999429702759,-1.5707963267948966,0.0,1.5707963267948966,0.062391763523800624,-0.11332533684037142,1.776173639534095
0.08220567225354623,0.47274255630876927,1.6543171080647794,-0.002626106934527495,1.0089274193067019e-05,0.001697826047581671,-1.584661531496769,-0.02239638266498334,1.5480867034897277,0.10289999842643738,0.40549999475479126,1.6497999429702759,-1.5707963267948966,0.0,1.5707963267948966,0.06245141397381394,-0.1135528604743697,1.775856775045942
0.08221009487628432,0.47252590592700777,1.6540481553250679,-0.003239562727163105,0.00013517162672616195,0.0011674889601808176,-1.5846157993980157,-0.022444473837239798,1.5480567005964154,0.10289999842643738,0.40549999475479126,1.6497999429702759,-1.5707963267948966,0.0,1.5707963267948966,0.0625122700001058,-0.11378018223189437,1.7755437777577932
0.08220681234899323,0.4722610000362608,1.653723503151623,-0.0034624312504731515,0.00033106857345531384,0.0008144374163584998,-1.5845809317662094,-0.02247135737343431,1.5480068446031214,0.10289999842643738,0.40549999475479126,1.6497999429702759,-1.5707963267948966,0.0,1.5707963267948966,0.06257564688971877,-0.11400732312979948,1.7752375079372726
0.08220172043455043,0.4720673661596245,1.6534904741645486,-0.0036022335419468626,0.00045977560105266694,0.000783046116327346,-1.5845786039355305,-0.02248088256219205,1.5479588346891506,0.10289999842643738,0.40549999475479126,1.6497999429702759,-1.5707963267948966,0.0,1.5707963267948966,0.0626276191271633,-0.11418880218021159,1.7749971381611822
0.0821894374952997,0.4717982625997145,1.6531789601476758,-0.003985009394938031,0.0005386584994388444,0.0005766702662488973,-1.5845810196659322,-0.022475389159715586,1.5478893748935847,0.10289999842643738,0.40549999475479126,1.6497999429702759,-1.5707963267948966,0.0,1.5707963267948966,0.06270086583447508,-0.11443780720624916,1.7746687462785642
0.08216866199003245,0.4715537592972935,1.652906719810491,-0.004245847780023033,0.0005659584824542664,0.000425574730210584,-1.5845680392867292,-0.022458628503637446,1.547827736369695,0.10289999842643738,0.40549999475479126,1.6497999429702759,-1.5707963267948966,0.0,1.5707963267948966,0.06277000173642973,-0.11466419226201745,1.7743711022223925
0.08213963939126631,0.47130879783347235,1.6526484288473908,-0.004253039936311506,0.0005842418744046692,0.00045719527695770067,-1.5845305469654107,-0.022446009425209468,1.547770450467633,0.10289999842643738,0.40549999475479126,1.6497999429702759,-1.5707963267948966,0.0,1.5707963267948966,0.06284864979592052,-0.1149131986051718,1.7740430673495422
0.08209395858593599,0.47096624363649964,1.6522999876124678,-0.00299929092361415,0.000682530914131314,0.0009191932801698358,-1.584483200024755,-0.02244200601906865,1.5476858591576945,0.10289999842643738,0.40549999475479126,1.6497999429702759,-1.5707963267948966,0.0,1.5707963267948966,0.0629438504602807,-0.11520770295208385,1.7736538263608863
0.08206529162484091,0.4707464809196629,1.6520787036312872,-0.0022271424599335323,0.0006704806689286962,0.0009856187442784717,-1.5844542430673019,-0.022449119863343192,1.547626739206865,0.10289999842643738,0.40549999475479126,1.6497999429702759,-1.5707963267948966,0.0,1.5707963267948966,0.06301054391206233,-0.11541171490835986,1.773385417421373
0.0820406283976154,0.47057684630509644,1.6519074205908457,-0.0016788024619346744,0.0005248260429993259,0.0009071722167488924,-1.5844297641918033,-0.02245365319515802,1.547581411455198,0.10289999842643738,0.40549999475479126,1.6497999429702759,-1.5707963267948966,0.0,1.5707963267948966,0.06306348214165095,-0.11557054563954385,1.7731779840676758
0.08199587960713335,0.4703157868944242,1.6516336952782966,-0.0015091535819583475,0.0002521317707694218,0.0006303653722895866,-1.5843985376539689,-0.022453093899039267,1.547500559482487,0.10289999842643738,0.40549999475479126,1.6497999429702759,-1.5707963267948966,0.0,1.5707963267948966,0.06314887717901381,-0.1158206317278585,1.7728548609537131
0.08193295038241283,0.4700608119567852,1.6513566442083938,-0.002270973983585878,2.6646809518115554e-05,6.670607873355552e-05,-1.5843505948827836,-0.02241318263729708,1.547412169180459,0.10289999842643738,0.40549999475479126,1.6497999429702759,-1.5707963267948966,0.0,1.5707963267948966,0.0632383299832699,-0.11607081876932127,1.7725361591383295
0.0818707087551781,0.4698783155910933,1.6511510177927964,-0.0028242740126930865,-3.9276527960094664e-05,-1.8615382994307205e-05,-1.5842932746916125,-0.022348191300047837,1.5473414207398464,0.10289999842643738,0.40549999475479126,1.6497999429702759,-1.5707963267948966,0.0,1.5707963267948966,0.06330667064482182,-0.11625260421019029,1.7723102241400044
0.08178108202890674,0.4696487965615313,1.6508896113821223,-0.0031865836825839995,-0.00015419582178962586,9.638510223471944e-05,-1.5842182989457598,-0.022247025332388315,1.547242745601546,0.10289999842643738,0.40549999475479126,1.6497999429702759,-1.5707963267948966,0.0,1.5707963267948966,0.06339484214638252,-0.11647895723189944,1.7720350367848134
0.08167749925610701,0.46941263534484157,1.6506243258043123,-0.0034500836360733425,-0.0003270493022443655,0.0003842999837216223,-1.5841379377420615,-0.02211447332798011,1.5471344399385003,0.10289999842643738,0.40549999475479126,1.6497999429702759,-1.5707963267948966,0.0,1.5707963267948966,0.06348584689685613,-0.11670389181074974,1.7717646597897363
0.08154025044442524,0.4691239081996488,1.6503031457927604,-0.003174641415030065,-0.0008561959943883949,0.0006057155063906727,-1.5840135430260527,-0.02190771255464874,1.5469964815322927,0.10289999842643738,0.40549999475479126,1.6497999429702759,-1.5707963267948966,0.0,1.5707963267948966,0.06359755686445867,-0.11697232902920948,1.771444628009198
0.08141450179371838,0.46888172471140865,1.6500317560537194,-0.0025586102423871076,-0.0014059673541439272,0.0008200464782138261,-1.5838933576927903,-0.021703416245303142,1.5468748489085227,0.10289999842643738,0.40549999475479126,1.6497999429702759,-1.5707963267948966,0.0,1.5707963267948966,0.063692818166121,-0.11719540459054005,1.771180034694371
0.08128244908965303,0.46864138793951954,1.6497607950544129,-0.00214909528257646,-0.0018854810897220937,0.0009219995275983327,-1.5837628159595913,-0.021481150022047757,1.5467440489494895,0.10289999842643738,0.40549999475479126,1.6497999429702759,-1.5707963267948966,0.0,1.5707963267948966,0.06378980495099815,-0.11741839727122771,1.770915528962645
0.081128900112788,0.4683781290400977,1.6494672849101066,-0.0021874100962756054,-0.0021487507660374505,0.0011253572958945194,-1.583611540374169,-0.021201205604163054,1.5465948459853283,0.10289999842643738,0.40549999475479126,1.6497999429702759,-1.5707963267948966,0.0,1.5707963267948966,0.06390874878527725,-0.11768570114178209,1.770596189737326
0.08101568513000378,0.4681857015548313,1.64926153715582,-0.0027230127097572525,-0.002104091540047439,0.0014303545323791815,-1.5835051775196107,-0.020990448255228333,1.5464954424129003,0.10289999842643738,0.40549999475479126,1.6497999429702759,-1.5707963267948966,0.0,1.5707963267948966,0.06397893159727475,-0.11784111071965116,1.770408227698205
0.08089277327390637,0.46796534024267133,1.6490430788114563,-0.0035591865769551766,-0.0018617915405562408,0.0020277188862406845,-1.5833842569782193,-0.020767571123407436,1.5464043195392914,0.10289999842643738,0.40549999475479126,1.6497999429702759,-1.5707963267948966,0.0,1.5707963267948966,0.06406914164727752,-0.11803979520840129,1.7701652495855609
0.08076848959190681,0.4677117093693902,1.648817316539879,-0.0037863342976769115,-0.0016168681417668789,0.00258054222758092,-1.5832394803993215,-0.020534926998540648,1.5463442878056255,0.10289999842643738,0.40549999475479126,1.6497999429702759,-1.5707963267948966,0.0,1.5707963267948966,0.06416830121363369,-0.11825855126784328,1.769897552245614
0.0806508221844697,0.46742097218588,1.6485859052279,-0.00315606993411707,-0.0013801828772649365,0.0030037277637310505,-1.5830864611466755,-0.02030339960092764,1.5463247498193566,0.10289999842643738,0.40549999475479126,1.6497999429702759,-1.5707963267948966,0.0,1.5707963267948966,0.0642754633747367,-0.11849674595432019,1.7696103260597853
0.08055800475715191,0.4671495198024531,1.648388845793508,-0.002522718626982891,-0.0010915159664544693,0.0028914863770853946,-1.582962094570057,-0.02011445401364398,1.5463305127719513,0.10289999842643738,0.40549999475479126,1.6497999429702759,-1.5707963267948966,0.0,1.5707963267948966,0.06437143758682089,-0.11871167266315444,1.7693550304908037
0.08046499431582071,0.4668445208696587,1.6481920209371426,-0.001544541306732006,-0.0007956424493435799,0.002870381837210663,-1.5828281306348775,-0.019917722755774747,1.5463774625494258,0.10289999842643738,0.40549999475479126,1.6497999429702759,-1.5707963267948966,0.0,1.5707963267948966,0.06447666279683024,-0.11894679127080307,1.769077109547907
0.08041387667160381,0.46664841524781564,1.6480759869477049,-0.0005899986494588358,-0.0007320273893380255,0.0028604294541786823,-1.5827549211475946,-0.019806327769469334,1.5464216617443993,0.10289999842643738,0.40549999475479126,1.6497999429702759,-1.5707963267948966,0.0,1.5707963267948966,0.06455252033413664,-0.1191172293657042,1.7688755882347431
0.08034303548049701,0.4663383347799678,1.6478989796656414,0.0014127433852166753,-0.0007146684969351955,0.0026611764920075895,-1.582677406068195,-0.01963629579764259,1.5464937828723018,0.10289999842643738,0.40549999475479126,1.6497999429702759,-1.5707963267948966,0.0,1.5707963267948966,0.06465645628281912,-0.11935117638168634,1.7685988063622002
0.08029710446055624,0.4661136673112862,1.6477703080708304,0.002566192488929101,-0.0006218366118281877,0.002512378279303935,-1.5826486873763235,-0.019512962244258247,1.5465410336625582,0.10289999842643738,0.40549999475479126,1.6497999429702759,-1.5707963267948966,0.0,1.5707963267948966,0.06473196924717836,-0.11952126660695117,1.7683975265807632
0.08023159363101154,0.46578202091672843,1.6475806205818015,0.002936793315153751,-0.0005277621418604215,0.0020375467665662526,-1.5826222146180788,-0.01932047063908282,1.5466056932505998,0.10289999842643738,0.40549999475479126,1.6497999429702759,-1.5707963267948966,0.0,1.5707963267948966,0.06484590724286317,-0.11977646874676096,1.7680943993258431
0.08017236315611423,0.465486721788098,1.6474108479118859,0.0023832989718766177,-0.0004664556401628689,0.0021389089794567706,-1.5826195413769502,-0.01915741728005571,1.5466616573253684,0.10289999842643738,0.40549999475479126,1.6497999429702759,-1.5707963267948966,0.0,1.5707963267948966,0.06494179153272116,-0.11998906167414455,1.7678428582704935
0.08013279842835874,0.4652500551677613,1.6472746873906503,0.0016418491560483022,-0.000449119247949117,0.0022205759304392927,-1.582629196938401,-0.01905071792054569,1.5467060896835734,0.10289999842643738,0.40549999475479126,1.6497999429702759,-1.5707963267948966,0.0,1.5707963267948966,0.06503727668809738,-0.12020107883352163,1.7675938086493588
0.08009276006529799,0.46496490053811945,1.6471117109108835,0.0008439637090253062,-0.0003782769946314773,0.002293908491829358,-1.582646786852691,-0.01892383489154792,1.5467513358984168,0.10289999842643738,0.40549999475479126,1.6497999429702759,-1.5707963267948966,0.0,1.5707963267948966,0.0651326991037462,-0.12041240518068676,1.7673458554636734
0.08006692487195795,0.464708910183929,1.6469679879977657,0.00029212460183330866,-0.0002019744717804313,0.002420587571292205,-1.5826731477011455,-0.018821283682642242,1.5467794925541127,0.10289999842643738,0.40549999475479126,1.6497999429702759,-1.5707963267948966,0.0,1.5707963267948966,0.06522755680067857,-0.12062303020771015,1.7670969351770613
0.080050874212951,0.46445244833257326,1.64683353317037,-0.00012815217293110886,-4.8196424838372815e-06,0.002483652448037802,-1.5826922932361402,-0.01873138502724192,1.546818530323572,0.10289999842643738,0.40549999475479126,1.6497999429702759,-1.5707963267948966,0.0,1.5707963267948966,0.06532157657729774,-0.12083259544672463,1.7668454814814025
0.08004134169321266,0.4641937684059269,1.6467081401477621,-0.0002835693549508441,8.016467810072055e-05,0.002198913295755219,-1.5826960430034378,-0.01863620900690588,1.5468684956399572,0.10289999842643738,0.40549999475479126,1.6497999429702759,-1.5707963267948966,0.0,1.5707963267948966,0.0654151631550184,-0.12104107448599434,1.766590918628702
0.08003201548236023,0.4639562933816804,1.646600932744662,-0.00011008814583998005,3.9565066630480936e-05,0.0017627193484502537,-1.5827015048922928,-0.01853665305227592,1.5469245658409028,0.10289999842643738,0.40549999475479126,1.6497999429702759,-1.5707963267948966,0.0,1.5707963267948966,0.06550024451785887,-0.12122759725348085,1.7663612493972196
0.08001670154966593,0.4636857759734094,1.6464835193024208,0.0004296955758652355,-8.941599921314764e-05,0.0014410710479495564,-1.5827156037834875,-0.018408122794154824,1.5469986484066587,0.10289999842643738,0.40549999475479126,1.6497999429702759,-1.5707963267948966,0.0,1.5707963267948966,0.06559655796302873,-0.12143354648357645,1.7661096684533844
0.07999823243183314,0.4634122785704509,1.646366575132756,0.0010043397840397332,-0.0003294944577655017,0.0014233291923120644,-1.582725153655675,-0.01825658572576705,1.5470858693312086,0.10289999842643738,0.40549999475479126,1.6497999429702759,-1.5707963267948966,0.0,1.5707963267948966,0.0656942080707471,-0.12163860301996936,1.76586240661352
0.0799676439865381,0.4630265749414456,1.6462037447190234,0.0009406881380594953,-0.000602450990496853,0.0012500818693732135,-1.5827241292164054,-0.018015949674615506,1.5472281405399448,0.10289999842643738,0.40549999475479126,1.6497999429702759,-1.5707963267948966,0.0,1.5707963267948966,0.06583255744702081,-0.1219242648220141,1.765518485526633
0.07994583404194587,0.46280208747342433,1.6461134912039441,0.0009215072788169697,-0.000480922444477354,0.001472672960331809,-1.5827266362960677,-0.017874485257900474,1.5473248408255809,0.10289999842643738,0.40549999475479126,1.6497999429702759,-1.5707963267948966,0.0,1.5707963267948966,0.06591280321116454,-0.12208629151363269,1.7653218565028397
0.07992545659118391,0.46252134043048077,1.6459934966987089,0.0013167370350623813,-0.00012375772702993363,0.0019271779236241173,-1.5827388229041792,-0.017704238027009822,1.5474403360402589,0.10289999842643738,0.40549999475479126,1.6497999429702759,-1.5707963267948966,0.0,1.5707963267948966,0.06601264555762715,-0.12228793512483302,1.7650793890461156
0.07991470157137515,0.4622977976349405,1.6458924902216083,0.0013659993440706037,0.00022633719834481834,0.0020363849751909332,-1.5827605935875437,-0.017569713464527403,1.5475252694072854,0.10289999842643738,0.40549999475479126,1.6497999429702759,-1.5707963267948966,0.0,1.5707963267948966,0.0660922739875421,-0.12244869254090894,1.7648895023510454
0.07990493657790736,0.4620191381057607,1.6457681948805625,0.0009897836797982268,0.0007018187277608515,0.00188771419499198,-1.5828122516826095,-0.01740600327232844,1.547629481875792,0.10289999842643738,0.40549999475479126,1.6497999429702759,-1.5707963267948966,0.0,1.5707963267948966,0.0662022491788707,-0.1226688428937127,1.7646308090536758
0.07989374423961074,0.4617122746146838,1.6456315470382656,0.0006088278216074524,0.0011357313353182721,0.0017710632342995611,-1.5828869767153622,-0.017230193126781757,1.5477343237740955,0.10289999842643738,0.40549999475479126,1.6497999429702759,-1.5707963267948966,0.0,1.5707963267948966,0.06630321718152324,-0.12286800147768533,1.7643964987152412
0.07988651524477937,0.4614877554656299,1.6455309572301824,0.0006540208106767416,0.0013061315676954237,0.0018155070666507041,-1.5829309390177244,-0.017103533818903838,1.5478014802446038,0.10289999842643738,0.40549999475479126,1.6497999429702759,-1.5707963267948966,0.0,1.5707963267948966,0.06639459564087913,-0.12304636932666137,1.7641854551539962
0.07988146725566164,0.46111828518765147,1.6453599716485763,0.0012077906527946612,0.0013718622843232706,0.0020234242422104325,-1.5829988244564401,-0.016918500882304954,1.5478946161476672,0.10289999842643738,0.40549999475479126,1.6497999429702759,-1.5707963267948966,0.0,1.5707963267948966,0.06651654380822916,-0.12328282579820447,1.7639033482711641
0.07988440718065552,0.46088968846878786,1.645250266579255,0.0016174281988794279,0.0013571038398255044,0.002147240768007252,-1.5830465222803354,-0.016822110855593486,1.5479390299006304,0.10289999842643738,0.40549999475479126,1.6497999429702759,-1.5707963267948966,0.0,1.5707963267948966,0.06659755107078212,-0.12343979176077255,1.7637149307956526
0.07990005204688164,0.460524501294969,1.6450645188555721,0.0025393140242239176,0.0012605412113076138,0.002231178607769246,-1.5831242719901992,-0.016679987449707667,1.5479809658203125,0.10289999842643738,0.40549999475479126,1.6497999429702759,-1.5707963267948966,0.0,1.5707963267948966,0.06672854378800912,-0.1236948135909389,1.7634082920303562
0.07991758226894285,0.46027792732439005,1.6449303785643377,0.002539601588039861,0.0011775202659553413,0.0022123494800573,-1.5831882127609576,-0.016596436003089465,1.5479932771807012,0.10289999842643738,0.40549999475479126,1.6497999429702759,-1.5707963267948966,0.0,1.5707963267948966,0.06681885518527879,-0.123871559642566,1.763194700596334
0.07993638917572449,0.46006195563620095,1.6448151379756986,0.00214794415139702,0.001080820105644811,0.0021264857014453584,-1.5832480811045408,-0.016545003093875188,1.5480024366316458,0.10289999842643738,0.40549999475479126,1.6497999429702759,-1.5707963267948966,0.0,1.5707963267948966,0.06689899472812508,-0.12402852824636044,1.7630015592019965
0.07995832525149982,0.45982379545415797,1.6446873678096947,0.0022225024283672092,0.0009296020391087593,0.0017622986107926645,-1.5833003552523872,-0.01649912754270355,1.548003214122857,0.10289999842643738,0.40549999475479126,1.6497999429702759,-1.5707963267948966,0.0,1.5707963267948966,0.06698949385551986,-0.12420526552564795,1.7627809106351149
0.07998252808437004,0.45951356239554886,1.6445120813777858,0.0025608484651962076,0.0007155005042002366,0.0014124928466522268,-1.583365144202944,-0.016430972380687248,1.5479797344532609,0.10289999842643738,0.40549999475479126,1.6497999429702759,-1.5707963267948966,0.0,1.5707963267948966,0.06711223822719126,-0.12444137975525615,1.7624865948564212
0.08000171062053686,0.4592601129256213,1.6443590976688407,0.00274471945403427,0.000633199780561802,0.0014439460371490995,-1.5834440086237596,-0.016386767510458977,1.5479424949748772,0.10289999842643738,0.40549999475479126,1.6497999429702759,-1.5707963267948966,0.0,1.5707963267948966,0.06722648023392801,-0.12465784929212159,1.7622197108056177
0.08002288514602583,0.45903643074809386,1.6442128772872955,0.0023868603066682743,0.0008179028746089699,0.0016627878090701952,-1.5835307466248372,-0.016351056206485914,1.5479064660255852,0.10289999842643738,0.40549999475479126,1.6497999429702759,-1.5707963267948966,0.0,1.5707963267948966,0.0673099726816474,-0.1248151782640053,1.762027573581238
0.08005809384198213,0.45874097007355596,1.6440200475555766,-1.1786437072990766e-05,0.0011767630099926646,0.001673743796839082,-1.5836659253547478,-0.016293571761961,1.5478772110153338,0.10289999842643738,0.40549999475479126,1.6497999429702759,-1.5707963267948966,0.0,1.5707963267948966,0.06743557872991324,-0.12505006775898284,1.7617399591100011
0.08008296647881398,0.45854306730999633,1.643898340486135,-0.00142024343044772,0.0014632534031598554,0.0017636860825995578,-1.5837676200600233,-0.01626161203388765,1.5478742969458636,0.10289999842643738,0.40549999475479126,1.6497999429702759,-1.5707963267948966,0.0,1.5707963267948966,0.0675199220534414,-0.12520550562903152,1.7615472205278921
0.08012968319166076,0.4582485317811588,1.6437161904902136,-0.0017500187014496478,0.0017682055696276546,0.002032783272950701,-1.583938564884552,-0.016243373116817228,1.5478620670469667,0.10289999842643738,0.40549999475479126,1.6497999429702759,-1.5707963267948966,0.0,1.5707963267948966,0.06764632093359278,-0.1254377304598831,1.7612578329232589
0.08017092856247526,0.4580265987494859,1.6435743679468064,-0.0011042037019011431,0.0017662359209404707,0.0017485257190610832,-1.584078081872352,-0.01622510599190674,1.5478447821268633,0.10289999842643738,0.40549999475479126,1.6497999429702759,-1.5707963267948966,0.0,1.5707963267948966,0.06774115526569881,-0.12561128495976623,1.7610424164645078
0.08020687595037752,0.4578015008534378,1.64342698059357,-8.458609285913057e-05,0.0016605896008764487,0.0012763767485165964,-1.5842158857344422,-0.016191863694404063,1.5478290175064469,0.10289999842643738,0.40549999475479126,1.6497999429702759,-1.5707963267948966,0.0,1.5707963267948966,0.0678485796035812,-0.12580351271072546,1.7608077527073998
0.08024027054662497,0.45752126960515593,1.6432383565689888,0.0007664892586572848,0.0014355462520368317,0.0008522177992536238,-1.5843915715394805,-0.01611965817260419,1.547808909112368,0.10289999842643738,0.40549999475479126,1.6497999429702759,-1.5707963267948966,0.0,1.5707963267948966,0.06795849817773722,-0.12599497298026535,1.7605804977755086
0.08025591859467383,0.4572851186837312,1.6430863086798932,0.00034620057627667635,0.0012771582038953143,0.0007155465154309529,-1.5845159122346026,-0.016012325141880446,1.547810396428364,0.10289999842643738,0.40549999475479126,1.6497999429702759,-1.5707963267948966,0.0,1.5707963267948966,0.06805964232544329,-0.1261661908757907,1.7603804186215357
0.08026333510099995,0.4569877968087941,1.6429167694886075,-0.0003507893080361256,0.0010793967515771632,0.0006424374112421311,-1.5846335807102245,-0.01583609399768715,1.5478472661497316,0.10289999842643738,0.40549999475479126,1.6497999429702759,-1.5707963267948966,0.0,1.5707963267948966,0.0681855750232555,-0.1263738268615366,1.7601363921562867
0.08025901469861167,0.45673983928789,1.6427862503193298,6.837794790806824e-05,0.0008362786588964785,0.0006174740824338557,-1.5847194892476988,-0.01566801347439606,1.5478907492008265,0.10289999842643738,0.40549999475479126,1.6497999429702759,-1.5707963267948966,0.0,1.5707963267948966,0.06829062551388353,-0.1265428541645512,1.7599357142349183
0.08024662756679145,0.45648918094087465,1.642655456926942,0.0009874764618040205,0.0006382754976443339,0.0007223100791819806,-1.5847865369042384,-0.015466567455685087,1.5479341440768677,0.10289999842643738,0.40549999475479126,1.6497999429702759,-1.5707963267948966,0.0,1.5707963267948966,0.06839725037770046,-0.12671154446336064,1.7597344355988545
0.08022532262405402,0.4561810383961348,1.642493654763858,0.0014734711162443538,0.0006088986816795114,0.0011063732208298474,-1.584821016803482,-0.015188860201611476,1.54798261633252,0.10289999842643738,0.40549999475479126,1.6497999429702759,-1.5707963267948966,0.0,1.5707963267948966,0.06852903742031614,-0.1269173666219005,1.7594871779292933
0.08020542893381236,0.4558704818554096,1.6423325326123481,0.001162604653770639,0.0006963055598299108,0.0014917148666132487,-1.5848319601069,-0.014926310684093558,1.5480249754763347,0.10289999842643738,0.40549999475479126,1.6497999429702759,-1.5707963267948966,0.0,1.5707963267948966,0.06866145824860113,-0.1271222028088552,1.7592403372234056
0.08019137523251621,0.4555866112218879,1.6421885693818323,0.00019142927858494348,0.0007309201058019087,0.0017987306017893034,-1.5848172442157946,-0.014704947931731382,1.5480493431748117,0.10289999842643738,0.40549999475479126,1.6497999429702759,-1.5707963267948966,0.0,1.5707963267948966,0.06878212908116449,-0.12730738156031848,1.759017666379233
0.08018348293088519,0.45530350197087155,1.6420524482001981,-0.001416032290377149,0.0007409110391765187,0.001895448054636222,-1.5847807792354094,-0.014494667295433139,1.548065376759786,0.10289999842643738,0.40549999475479126,1.6497999429702759,-1.5707963267948966,0.0,1.5707963267948966,0.06890297421165967,-0.12749172836972986,1.7587959823829182
0.08017978342535059,0.45502321730667317,1.6419302910665994,-0.002919883301946601,0.000743241885633283,0.0019451254300636089,-1.5847396285317634,-0.014322847791561344,1.5480854359680987,0.10289999842643738,0.40549999475479126,1.6497999429702759,-1.5707963267948966,0.0,1.5707963267948966,0.06902447310036122,-0.12767545297216762,1.7585727820893073
0.08018129021434359,0.45471624671742505,1.6418099230737364,-0.003238760314502449,0.0007541681485076914,0.002121997356703643,-1.5846818754885073,-0.014164033192991976,1.5481170905916553,0.10289999842643738,0.40549999475479126,1.6497999429702759,-1.5707963267948966,0.0,1.5707963267948966,0.06915826581299593,-0.12787684245610997,1.758323818917855
0.08018766435795835,0.4544629023223729,1.6417186892218962,-0.0029816454552972532,0.000730825883461074,0.0021188474890587766,-1.5846152909851092,-0.014029898939297958,1.548154391128449,0.10289999842643738,0.40549999475479126,1.6497999429702759,-1.5707963267948966,0.0,1.5707963267948966,0.06927967656473558,-0.12805917961509963,1.7580952115203285
0.08019758078349576,0.4541757125313123,1.6416276828714707,-0.002345440835070941,0.0008541840666461161,0.0022014486955773665,-1.5845236643020704,-0.013893886159968005,1.5482259021451918,0.10289999842643738,0.40549999475479126,1.6497999429702759,-1.5707963267948966,0.0,1.5707963267948966,0.06940127643223132,-0.12824047530871643,1.7578642357145353
0.0802147577074886,0.4539141693314494,1.6415498400625699,-0.0011661186362449713,0.0010093348453375293,0.0023917569093932314,-1.5844383113712395,-0.01379994339421975,1.54830586603345,0.10289999842643738,0.40549999475479126,1.6497999429702759,-1.5707963267948966,0.0,1.5707963267948966,0.06949796937840007,-0.12838497125986825,1.757679051061712
0.08024424852628213,0.4536205922208728,1.6414640780971712,0.0005489979557633601,0.0010122272646927073,0.002629601552816856,-1.5843242972572686,-0.01369312671458145,1.548402337780237,0.10289999842643738,0.40549999475479126,1.6497999429702759,-1.5707963267948966,0.0,1.5707963267948966,0.06961805489516938,-0.12856511496264705,1.7574482634489985
0.08029708518262771,0.4532661980605801,1.6413584060036381,0.002064035948818898,0.0008462359022633015,0.0024893958820109054,-1.58417043765247,-0.013565294591470156,1.5485138624112886,0.10289999842643738,0.40549999475479126,1.6497999429702759,-1.5707963267948966,0.0,1.5707963267948966,0.06976084348705383,-0.12878078767671136,1.7571734546743216
0.08033717619191251,0.45303077700982636,1.6412878769986865,0.0021745422689256853,0.0007251920093676097,0.0020789537277166176,-1.584059108892584,-0.013491360760096605,1.5485839081608224,0.10289999842643738,0.40549999475479126,1.6497999429702759,-1.5707963267948966,0.0,1.5707963267948966,0.06985630847030093,-0.12892433134620357,1.756991418030309
0.08037914403179472,0.45276685460305544,1.6412106735044767,0.0014964541573879836,0.000673838112064937,0.001509607439080514,-1.5839093918244367,-0.013387596100468802,1.54865698576682,0.10289999842643738,0.40549999475479126,1.6497999429702759,-1.5707963267948966,0.0,1.5707963267948966,0.06996530168552119,-0.12908549356917412,1.7567885855186
0.08042439292971423,0.4524430590424095,1.6411219867914244,0.000338427682734192,0.0007787414553645295,0.0013661011297018998,-1.5837057212196703,-0.01321084211676915,1.5487489580357472,0.10289999842643738,0.40549999475479126,1.6497999429702759,-1.5707963267948966,0.0,1.5707963267948966,0.07010098346825364,-0.12928138779653114,1.7565464749160216
0.08048030407286323,0.4520912540289844,1.6410335630074082,-0.0006140947236881312,0.001196094548923468,0.0018830575181772516,-1.583511574086105,-0.013019677963051812,1.5488708055045244,0.10289999842643738,0.40549999475479126,1.6497999429702759,-1.5707963267948966,0.0,1.5707963267948966,0.07024980129710803,-0.1294937804256348,1.7562877204224958
0.08053851505263286,0.4517987855404649,1.640969582014691,-0.000702232456530025,0.0016058082291783033,0.002139217599857339,-1.5833448902480545,-0.012874638763892499,1.5490024789288495,0.10289999842643738,0.40549999475479126,1.6497999429702759,-1.5707963267948966,0.0,1.5707963267948966,0.07038547046173534,-0.1296873712527385,1.7560544862628966
0.08059816642953135,0.4515345444302658,1.6409180737051556,-0.0006135445933218314,0.0018620402547270688,0.0022435447755706217,-1.5831757700222684,-0.012748863218455142,1.5491424175157162,0.10289999842643738,0.40549999475479126,1.6497999429702759,-1.5707963267948966,0.0,1.5707963267948966,0.07048392111952832,-0.12982758338206898,1.75588670247
0.08066744745974433,0.451269027539162,1.6408749288701885,-0.0002833133561437353,0.0021259227757341845,0.002725309241501626,-1.583000016481261,-0.01265552019602012,1.5493109872229769,0.10289999842643738,0.40549999475479126,1.6497999429702759,-1.5707963267948966,0.0,1.5707963267948966,0.07059396713807958,-0.12998462754565956,1.755697478990934
0.08077594585210922,0.4509447204017244,1.6408278034552533,0.0011434448156785108,0.002375814257107942,0.003069969172305384,-1.58274733544663,-0.012591589407945136,1.5495444831055125,0.10289999842643738,0.40549999475479126,1.6497999429702759,-1.5707963267948966,0.0,1.5707963267948966,0.07072555465004329,-0.1301758218595854,1.7554698317922617
0.08088922154317198,0.4506533104404551,1.6407826925280364,0.0023554312527822967,0.0025039701574599343,0.0027274051726910477,-1.582473922575348,-0.012546107965286879,1.5497557286904886,0.10289999842643738,0.40549999475479126,1.6497999429702759,-1.5707963267948966,0.0,1.5707963267948966,0.07084387437663241,-0.13034966977030535,1.7552685819613696
0.081038382140347,0.4503135790164946,1.6407260418718181,0.002806426126476105,0.0027884516793852373,0.0026648759554882004,-1.5821618572448128,-0.012538570881925892,1.5499822816852502,0.10289999842643738,0.40549999475479126,1.6497999429702759,-1.5707963267948966,0.0,1.5707963267948966,0.07099767925747552,-0.1305762785785736,1.755012929333698
0.08116402951936665,0.45006587311229834,1.640682833119764,0.002584426865067732,0.0029670045059203617,0.002480261337692596,-1.581939776598723,-0.012550765259788932,1.5501381903446407,0.10289999842643738,0.40549999475479126,1.6497999429702759,-1.5707963267948966,0.0,1.5707963267948966,0.07109179066083113,-0.13071583918268176,1.7548580925422639
0.08126367033812014,0.44987709821292915,1.6406483121803772,0.0023874287612065163,0.0028640661976386144,0.0020220489336991647,-1.5817599993416953,-0.012556849464658626,1.550258856949703,0.10289999842643738,0.40549999475479126,1.6497999429702759,-1.5707963267948966,0.0,1.5707963267948966,0.07117472645117101,-0.1308380313912567,1.7547238344628286
0.08141819835219098,0.4495861877818828,1.640588059706725,0.0017649302275740463,0.00244980577211466,0.0015449370412486116,-1.5814971109254732,-0.012585443271053265,1.550439711793775,0.10289999842643738,0.40549999475479126,1.6497999429702759,-1.5707963267948966,0.0,1.5707963267948966,0.07130722094416486,-0.13103005805266257,1.754518759154054
0.0815880355585647,0.44926797304341165,1.6405250694851714,-0.00010142385050220682,0.001815569577040905,0.0016765640462223293,-1.5812217142547447,-0.012634019808270835,1.550652944768456,0.10289999842643738,0.40549999475479126,1.6497999429702759,-1.5707963267948966,0.0,1.5707963267948966,0.07145345011670866,-0.13123808257359165,1.7543013158049015
0.08170566796014488,0.4490525051312111,1.6404897156231695,-0.0013199498451325576,0.0012509337529398874,0.0017974140179888103,-1.5810226974705681,-0.012670482894960866,1.5508075222989008,0.10289999842643738,0.40549999475479126,1.6497999429702759,-1.5707963267948966,0.0,1.5707963267948966,0.07155102506907661,-0.13137547980264286,1.7541568469844926
0.08185819658141436,0.4487791307767778,1.6404493906941389,-0.002041609865141206,0.0006096029154075437,0.001957081841513779,-1.580758616977254,-0.012758023497762672,1.5510044188093715,0.10289999842643738,0.40549999475479126,1.6497999429702759,-1.5707963267948966,0.0,1.5707963267948966,0.07167306866180943,-0.1315459028029492,1.753975089809681
0.08203736146504059,0.44847381736123726,1.6404046741423328,-0.001624348267030418,0.00013747417770973086,0.002283079278797924,-1.5804649208066868,-0.01291873073521943,1.551212047853721,0.10289999842643738,0.40549999475479126,1.6497999429702759,-1.5707963267948966,0.0,1.5707963267948966,0.07180677785314565,-0.13173208614218154,1.7537731987924308
0.08219610846724953,0.44822025837920754,1.64036729723736,-0.001122033519846886,-5.364296263553713e-07,0.00246578448224722,-1.5802199041547418,-0.013068755129733045,1.5513789875584714,0.10289999842643738,0.40549999475479126,1.6497999429702759,-1.5707963267948966,0.0,1.5707963267948966,0.07191534288042029,-0.1318836112637827,1.7536075809824725
0.0823838126877608,0.4479329101653783,1.6403287293895552,-0.0007651201973708052,-6.687538572577966e-05,0.0023234544061443247,-1.5799533254717677,-0.013263628409113437,1.5515794465975572,0.10289999842643738,0.40549999475479126,1.6497999429702759,-1.5707963267948966,0.0,1.5707963267948966,0.07203550687258457,-0.13205086589510265,1.7534223665861335
0.08257975304911883,0.44764094743649696,1.640294754677227,-0.0006341688232346206,7.578454452517096e-05,0.0024524616813776496,-1.5797033231884015,-0.01347949947024274,1.5518024460615154,0.10289999842643738,0.40549999475479126,1.6497999429702759,-1.5707963267948966,0.0,1.5707963267948966,0.07215579424894736,-0.1322170394367635,1.7532355400356088
0.08285483701937597,0.447257610373608,1.640255034573031,-0.00040275186080037344,0.00032734785807420763,0.002373500177387681,-1.5793694956861908,-0.013772039069204212,1.5521213587508718,0.10289999842643738,0.40549999475479126,1.6497999429702759,-1.5707963267948966,0.0,1.5707963267948966,0.07231107465628706,-0.1324316098350757,1.752992449661304
0.08302963782697105,0.4470194655649259,1.6402295499170672,-0.00019268763197160128,0.00034512693419341627,0.002060490509380925,-1.579166854519985,-0.013960695457439165,1.552324883700883,0.10289999842643738,0.40549999475479126,1.6497999429702759,-1.5707963267948966,0.0,1.5707963267948966,0.07240700917689323,-0.1325629129087118,1.7528434485086557
0.08324661234639623,0.44671997959050086,1.6401966399755317,-9.947883560507477e-05,0.0002112795723992069,0.0015032777731738805,-1.5789145397556472,-0.01420629323762368,1.5525719614391083,0.10289999842643738,0.40549999475479126,1.6497999429702759,-1.5707963267948966,0.0,1.5707963267948966,0.07252849466962859,-0.13272637821730315,1.75265815706439
0.08343679869414856,0.4464508239987934,1.640162565950262,0.0005342029012833087,2.321142519359548e-05,0.0012927904179423964,-1.5786656147146607,-0.014403409304770687,1.5527664603719231,0.10289999842643738,0.40549999475479126,1.6497999429702759,-1.5707963267948966,0.0,1.5707963267948966,0.07265215438945938,-0.13288956015301132,1.7524771803702657
0.08366747360815852,0.44612568581921214,1.6401073541262836,0.0018025937965087955,-0.0003445959743870902,0.0012726065104944726,-1.5783451242650155,-0.014639912014478895,1.5529598483728861,0.10289999842643738,0.40549999475479126,1.6497999429702759,-1.5707963267948966,0.0,1.5707963267948966,0.0727772321854362,-0.13305289891770058,1.752300460666645
0.08385587052458052,0.44586542998448114,1.6400496731781788,0.0021670402753816882,-0.0006961035564291037,0.0010844667976206888,-1.5781002963760038,-0.014866053249547484,1.5530801389682443,0.10289999842643738,0.40549999475479126,1.6497999429702759,-1.5707963267948966,0.0,1.5707963267948966,0.07289119514508487,-0.13320034683742665,1.7521426272055518
0.0840610172706311,0.4455785289935053,1.6399816382791608,0.00163994476241926,-0.0009603594147610984,0.0011940599090201416,-1.577832764194874,-0.015112813430659067,1.5531936582571215,0.10289999842643738,0.40549999475479126,1.6497999429702759,-1.5707963267948966,0.0,1.5707963267948966,0.07301997381471102,-0.1333640266524645,1.7519669425794455
0.08431646365434146,0.4452344880884861,1.6398963869662602,0.0009332866219362653,-0.000975968385090283,0.0018734003805617678,-1.577525905029558,-0.015407026125279444,1.5533149716157313,0.10289999842643738,0.40549999475479126,1.6497999429702759,-1.5707963267948966,0.0,1.5707963267948966,0.07317504253222931,-0.1335593191051112,1.7517578973437005
0.0845445165645055,0.44495091027361594,1.6398189345997858,0.000461128139851543,-0.0008439263831526578,0.0022399595826644737,-1.5772947516145062,-0.01568093364408618,1.5533988862849242,0.10289999842643738,0.40549999475479126,1.6497999429702759,-1.5707963267948966,0.0,1.5707963267948966,0.07330354329761747,-0.13372122013990426,1.7515885210707536
0.0847354836667382,0.44472706592841993,1.6397546363132505,-2.539947354443355e-05,-0.0006370222895347321,0.002308382993419394,-1.5771100726858736,-0.01591253074329302,1.5534533066784075,0.10289999842643738,0.40549999475479126,1.6497999429702759,-1.5707963267948966,0.0,1.5707963267948966,0.0734061388374203,-0.13385038517789816,1.7514559750826355
0.08505884565484018,0.44436631802413884,1.6396505456327228,-0.000955437585359999,-0.00037355200300756184,0.0023697815924545707,-1.5768195520272807,-0.016306798688281,1.5535308996358346,0.10289999842643738,0.40549999475479126,1.6497999429702759,-1.5707963267948966,0.0,1.5707963267948966,0.07357312049934682,-0.13405950995293164,1.7512414584943894
0.08518823958154052,0.44422754504528417,1.6396122578646606,-0.0012345671587146595,-0.00034078161070056896,0.0023936920698461595,-1.5767223675502078,-0.016474586186982165,1.5535611839366663,0.10289999842643738,0.40549999475479126,1.6497999429702759,-1.5707963267948966,0.0,1.5707963267948966,0.07363727481648898,-0.13413955959563267,1.7511579953521956
0.08550973271463078,0.4438949714072611,1.6395265132886319,-0.0017846782313555285,-0.00045596723650484494,0.0023198811083666015,-1.5765212759468024,-0.016893826722784944,1.5536412619032958,0.10289999842643738,0.40549999475479126,1.6497999429702759,-1.5707963267948966,0.0,1.5707963267948966,0.07380426110722885,-0.13434703231724687,1.750936478200484
0.0858129106214168,0.4435899319508072,1.6394548896764793,-0.0016838347137598671,-0.000703301918672657,0.001907712752829251,-1.5763448997187817,-0.017271574277092583,1.553733683359388,0.10289999842643738,0.40549999475479126,1.6497999429702759,-1.5707963267948966,0.0,1.5707963267948966,0.07393341135157387,-0.1345061189491354,1.7507608505158294
0.08605963334434309,0.44333829123508983,1.6393972483456931,-0.0011027150109889992,-0.0009459157547811746,0.0016073154138362723,-1.5762104728666937,-0.017577572141572517,1.553836416548267,0.10289999842643738,0.40549999475479126,1.6497999429702759,-1.5707963267948966,0.0,1.5707963267948966,0.07405110961107339,-0.13464884332844437,1.750601588970453
0.08635788451897564,0.4430304300415705,1.639324552129178,-4.93892251620435e-05,-0.001452488963065942,0.0010985122526293621,-1.576077218716138,-0.017948642099369305,1.5539888083116669,0.10289999842643738,0.40549999475479126,1.6497999429702759,-1.5707963267948966,0.0,1.5707963267948966,0.0741971706210486,-0.13482307819412262,1.7504083101423538
0.08659216908648937,0.4427815745866963,1.6392608221828222,0.0006862131802904183,-0.0019242570161103487,0.0006423819044622685,-1.5759622853100297,-0.018221786958235953,1.5541198597204915,0.10289999842643738,0.40549999475479126,1.6497999429702759,-1.5707963267948966,0.0,1.5707963267948966,0.0743194674756617,-0.13496606819924686,1.7502531647893151
0.08686389512450733,0.4424791823046223,1.6391835596461988,0.001155694406131954,-0.002474757788904546,0.0003831131216720443,-1.5758258112129946,-0.01851381019899634,1.5542836206062123,0.10289999842643738,0.40549999475479126,1.6497999429702759,-1.5707963267948966,0.0,1.5707963267948966,0.07447277611217165,-0.13514102618570914,1.7500683083047268
0.0870775556340199,0.4422321218174782,1.6391233920448351,0.0013066530948998311,-0.0029544498379095196,0.00044110147583003196,-1.5757287184802051,-0.01874818787734789,1.5544240707040269,0.10289999842643738,0.40549999475479126,1.6497999429702759,-1.5707963267948966,0.0,1.5707963267948966,0.07461521199542596,-0.13529994111228583,1.7499026483085915
0.08730854137780818,0.4419563643476392,1.6390606228730435,0.00115765934973279,-0.0036527747420520753,0.000514430028836421,-1.5756253068482218,-0.01897855823174055,1.5545910540102221,0.10289999842643738,0.40549999475479126,1.6497999429702759,-1.5707963267948966,0.0,1.5707963267948966,0.07474541105543528,-0.13544269688039381,1.7497530403729915
0.0875287823401412,0.4416785370596873,1.6390038042060824,0.0010338263434369525,-0.004404174231892765,0.0002897991717736792,-1.5755213013821634,-0.019169531150601493,1.5547773803458063,0.10289999842643738,0.40549999475479126,1.6497999429702759,-1.5707963267948966,0.0,1.5707963267948966,0.0749076150785399,-0.13561671120793392,1.7495670248577024
0.08775277004488578,0.4413717135558675,1.638941219697327,0.0008885014871045228,-0.004976117706195107,0.0003299852172993903,-1.5754061437635782,-0.019370185188276157,1.5550042542312685,0.10289999842643738,0.40549999475479126,1.6497999429702759,-1.5707963267948966,0.0,1.5707963267948966,0.07505856462689965,-0.13577453217750815,1.749396484284364
0.08792909240029657,0.4411183282820705,1.6388933391389233,0.0005067611705060907,-0.005083465898167691,0.0008471532058193106,-1.5752840641867876,-0.01951675633367822,1.5552170128844034,0.10289999842643738,0.40549999475479126,1.6497999429702759,-1.5707963267948966,0.0,1.5707963267948966,0.07519595586065259,-0.1359159039079109,1.7492421417688222
0.08812762354980744,0.44083033903048363,1.6388482351435687,0.0002032973593581712,-0.005036311017751611,0.0014304905768210304,-1.5751334797062388,-0.019651330577501902,1.5554930625805465,0.10289999842643738,0.40549999475479126,1.6497999429702759,-1.5707963267948966,0.0,1.5707963267948966,0.07534871938102099,-0.1360715652049662,1.7490714206435574
0.08830949756301602,0.44056564735708703,1.6388125784855367,0.0003715498036546926,-0.004875435657096263,0.0017362726272799134,-1.5749929094969055,-0.01978409176729734,1.5557776709232145,0.10289999842643738,0.40549999475479126,1.6497999429702759,-1.5707963267948966,0.0,1.5707963267948966,0.07550136997699092,-0.13622570376224918,1.748904695847485
0.08851430254220727,0.440269617849229,1.6387706120323733,0.0011103878676905889,-0.004682673705756573,0.0017930764371874137,-1.5748109572181759,-0.019938155847341488,1.55610973776494,0.10289999842643738,0.40549999475479126,1.6497999429702759,-1.5707963267948966,0.0,1.5707963267948966,0.0756388391801639,-0.13636376914035475,1.7487583600421248
0.08875783628828811,0.4399224435784034,1.638704734294876,0.0024125995143180986,-0.004631022770292501,0.001497207404317843,-1.5745606414349407,-0.020090472176168106,1.5564742862780103,0.10289999842643738,0.40549999475479126,1.6497999429702759,-1.5707963267948966,0.0,1.5707963267948966,0.07582343101790909,-0.13654860478322853,1.748566730896521
0.08895584104448495,0.43964692098075453,1.6386322181109299,0.002865864725655606,-0.0049184465734789535,0.0011793057040848194,-1.574359110675516,-0.020217528532054274,1.5567170346230783,0.10289999842643738,0.40549999475479126,1.6497999429702759,-1.5707963267948966,0.0,1.5707963267948966,0.07597908326882614,-0.13670408319898245,1.7484085471916433
0.08912533803936525,0.43940700369114927,1.6385595723622595,0.002088654611623089,-0.005240989310256729,0.0006318205326961074,-1.5741732796291197,-0.0203115319174203,1.5568922921478916,0.10289999842643738,0.40549999475479126,1.6497999429702759,-1.5707963267948966,0.0,1.5707963267948966,0.07612144705644047,-0.13684474011349854,1.7482664487957271
0.08934718990765535,0.43907244052848615,1.638450426924649,0.0002586937622312467,-0.005311043826249707,0.00033797362804736795,-1.5738939335505693,-0.020395905539220216,1.5570834106130267,0.10289999842643738,0.40549999475479126,1.6497999429702759,-1.5707963267948966,0.0,1.5707963267948966,0.07633245258093918,-0.13704864648896428,1.7480640113749695
0.08947665680931474,0.43887530968640365,1.6383782412510584,-0.00083524870676541,-0.005155052574087529,0.0005462984030350223,-1.5737441145522955,-0.020447694743242373,1.5571576673544363,0.10289999842643738,0.40549999475479126,1.6497999429702759,-1.5707963267948966,0.0,1.5707963267948966,0.0764644970975157,-0.1371745401513838,1.7479408878103624
0.08965600904475579,0.43860842900799424,1.638276503062708,-0.0019812033071573243,-0.00493883566207642,0.0010676960806346313,-1.5735598689617631,-0.02050949020845305,1.55722796325752,0.10289999842643738,0.40549999475479126,1.6497999429702759,-1.5707963267948966,0.0,1.5707963267948966,0.07664684120292863,-0.13734722931757976,1.7477720805938408
0.08980492429164372,0.4383897436240639,1.6381909884856276,-0.0021035460574690018,-0.004830755302294441,0.0013883909755443243,-1.5734080458687476,-0.02053982692830658,1.5572719618509583,0.10289999842643738,0.40549999475479126,1.6497999429702759,-1.5707963267948966,0.0,1.5707963267948966,0.07681279925416692,-0.1375034444518426,1.7476212640915554
0.08995854029857757,0.4381711244405529,1.6381004745886403,-0.0017219664295062339,-0.004819603275908445,0.001619759753119521,-1.5732682980268813,-0.020582539197876226,1.5572939689392327,0.10289999842643738,0.40549999475479126,1.6497999429702759,-1.5707963267948966,0.0,1.5707963267948966,0.07694538130238955,-0.13762806411422998,1.7475028221873923
0.0901477717390689,0.43790557278384,1.6379868112510663,-0.0017988686283313966,-0.005036219383190933,0.001233304361502594,-1.5731041814467395,-0.0206463166301174,1.5573022778161496,0.10289999842643738,0.40549999475479126,1.6497999429702759,-1.5707963267948966,0.0,1.5707963267948966,0.07712798890469219,-0.13779923508282615,1.7473413211609983
0.09027810774983698,0.43771258697190846,1.637907791179016,-0.0015545172535753116,-0.00525367472112485,0.0010198325007632419,-1.5729643311705288,-0.02066969358910331,1.5573115538904259,0.10289999842643738,0.40549999475479126,1.6497999429702759,-1.5707963267948966,0.0,1.5707963267948966,0.07726213604306952,-0.13792361607727344,1.747224211440381
0.0904837182766922,0.4373968014047602,1.637780217926236,-0.0014646888704068434,-0.005607454738084589,0.0009481422785694469,-1.5727286969897796,-0.02071411278982538,1.5573323029121153,0.10289999842643738,0.40549999475479126,1.6497999429702759,-1.5707963267948966,0.0,1.5707963267948966,0.0774813346160099,-0.13812523880455108,1.7470342426520677
0.09060694083781762,0.4371972174273052,1.6377107399435344,-0.0017363628121110938,-0.005751224180561094,0.001077940330444948,-1.572587070147206,-0.020753011608418692,1.5573723199190443,0.10289999842643738,0.40549999475479126,1.6497999429702759,-1.5707963267948966,0.0,1.5707963267948966,0.07761677589274871,-0.13824841722338901,1.7469135943409726
0.09076401503774034,0.43694082499306136,1.6376359896355437,-0.0015045604479987469,-0.005683654311180111,0.00157943266662893,-1.5723913216775793,-0.02080080192913325,1.5574639251698958,0.10289999842643738,0.40549999475479126,1.6497999429702759,-1.5707963267948966,0.0,1.5707963267948966,0.07780211678273126,-0.13841643971221762,1.7467422267487003
0.09094600393808044,0.43665258022940134,1.6375588304951865,6.021431021531346e-05,-0.005543220830058082,0.0014582692340273386,-1.5721763972426241,-0.020854949616588403,1.5575966945988973,0.10289999842643738,0.40549999475479126,1.6497999429702759,-1.5707963267948966,0.0,1.5707963267948966,0.07796910630487403,-0.13856822356839285,1.7465863457517654
0.09108968131185606,0.4364154584934198,1.6374921168760819,0.0012621894356263728,-0.0054716883652707205,0.0009649753299720085,-1.5720050350165597,-0.020892609363152737,1.5577123442612943,0.10289999842643738,0.40549999475479126,1.6497999429702759,-1.5707963267948966,0.0,1.5707963267948966,0.07812016705622075,-0.13870476437689724,1.7464497670571686
0.09124109338678289,0.43615180180189295,1.637420522239825,0.0019131906097478368,-0.005221259867451718,0.0008126353244649533,-1.571784187716012,-0.020913692330412736,1.5578572021181156,0.10289999842643738,0.40549999475479126,1.6497999429702759,-1.5707963267948966,0.0,1.5707963267948966,0.0782891656399887,-0.13885644407897235,1.7463014294125179
0.09142500631035701,0.4358353278139804,1.6373423560741918,0.0026011409879262604,-0.004767186939549161,0.0012142368531956565,-1.5714967442892056,-0.02092907194025484,1.5580529116534108,0.10289999842643738,0.40549999475479126,1.6497999429702759,-1.5707963267948966,0.0,1.5707963267948966,0.07849146265419471,-0.13903807519808173,1.7461255006268168
0.0915538633014367,0.43562460860303126,1.6372920236410757,0.002604654878176134,-0.004523282900407881,0.0012621564025822479,-1.5712963156456339,-0.02095609117518027,1.5581905885008853,0.10289999842643738,0.40549999475479126,1.6497999429702759,-1.5707963267948966,0.0,1.5707963267948966,0.07862518357166172,-0.13915876879319597,1.746009985039124
0.0917158846148114,0.4353602835978297,1.6372359733962136,0.0018826668051787911,-0.004254466956198524,0.0012824570288384749,-1.5710063364111675,-0.020999452096453375,1.5583678000839418,0.10289999842643738,0.40549999475479126,1.6497999429702759,-1.5707963267948966,0.0,1.5707963267948966,0.07879180934635445,-0.1393089638277998,1.7458657416921737
0.09188186363327708,0.43509420116205233,1.6371881492499196,0.0019002370451698626,-0.004193696266003503,0.001143829686740667,-1.5706704227902417,-0.02106262455951491,1.5585546997802577,0.10289999842643738,0.40549999475479126,1.6497999429702759,-1.5707963267948966,0.0,1.5707963267948966,0.07895739426260534,-0.13945839752401368,1.7457196978714098
0.09206221177117616,0.4348001189866184,1.63713601254103,0.0027871038998553664,-0.00433571069594586,0.0005841730045193987,-1.5702783825513915,-0.02116220945964553,1.558763074670933,0.10289999842643738,0.40549999475479126,1.6497999429702759,-1.5707963267948966,0.0,1.5707963267948966,0.07913963520034371,-0.13962252379101853,1.7455577147366892
0.09220241708108692,0.43455726380698106,1.6370922601110012,0.0035790644568132264,-0.004547132146536004,0.0005116155396412089,-1.5699319216651757,-0.021244049053687153,1.5589371967161294,0.10289999842643738,0.40549999475479126,1.6497999429702759,-1.5707963267948966,0.0,1.5707963267948966,0.0792895346719251,-0.1397567029552362,1.7454260778444686
0.09241106522653293,0.43420798847372094,1.6370320974198507,0.00403561725833306,-0.0048157507695354785,0.0008705462033864491,-1.5694112853056117,-0.02135228105335596,1.5591964836424235,0.10289999842643738,0.40549999475479126,1.6497999429702759,-1.5707963267948966,0.0,1.5707963267948966,0.07950455275979547,-0.1399505267217901,1.745238559000986
0.09252891159264626,0.43402043537333057,1.6370016179534241,0.003980754780524476,-0.00498860862657086,0.0009452523424509725,-1.5691361212320105,-0.021419777969999387,1.5593342864063175,0.10289999842643738,0.40549999475479126,1.6497999429702759,-1.5707963267948966,0.0,1.5707963267948966,0.07961927038433804,-0.14005472960999496,1.7451383859695901
0.09270218448618356,0.4337525682707367,1.636957751307291,0.004001340612998376,-0.005203924081082765,0.0009322835934485637,-1.5687531877255214,-0.021539055691766507,1.5595223814625174,0.10289999842643738,0.40549999475479126,1.6497999429702759,-1.5707963267948966,0.0,1.5707963267948966,0.0797822327699969,-0.14020337209483996,1.7449954397712464
0.09287898146509066,0.4334879506753462,1.6369092527636222,0.004322735544540996,-0.005242978626214383,0.0006656793405587507,-1.5683637500970478,-0.02167759284610371,1.559694308515549,0.10289999842643738,0.40549999475479126,1.6497999429702759,-1.5707963267948966,0.0,1.5707963267948966,0.07994426664946444,-0.1403522505344985,1.7448510199220415
0.09307029138431397,0.4332052338821537,1.6368465300005248,0.004590948358460352,-0.005101784396392589,0.0003094040146338951,-1.5679372749107272,-0.02183035613048112,1.5598661802327227,0.10289999842643738,0.40549999475479126,1.6497999429702759,-1.5707963267948966,0.0,1.5707963267948966,0.08012251026615767,-0.14051701595875465,1.7446910869443004
0.0932397985164512,0.4329535285066784,1.6367875177071178,0.00443762660970422,-0.004887782878607085,3.807858863372412e-05,-1.567551483127804,-0.021967734172941178,1.560020512963962,0.10289999842643738,0.40549999475479126,1.6497999429702759,-1.5707963267948966,0.0,1.5707963267948966,0.08030091268251442,-0.14068239218512504,1.7445295909947067
0.093385899552737,0.4327284073844253,1.6367340330308606,0.004212866666309494,-0.004664944896276254,-0.0001980589491229654,-1.5671989762374041,-0.02207111350746116,1.5601631508062839,0.10289999842643738,0.40549999475479126,1.6497999429702759,-1.5707963267948966,0.0,1.5707963267948966,0.08043088970714377,-0.14080275519630303,1.7444109407349897
0.09354059870932775,0.4324794764383121,1.6366706801956794,0.00409659984876209,-0.004400703095901709,-0.00024576412245926743,-1.566804072359658,-0.022160522810867,1.560317158070201,0.10289999842643738,0.40549999475479126,1.6497999429702759,-1.5707963267948966,0.0,1.5707963267948966,0.08059362473282115,-0.14095328039462293,1.744261833870616
0.09369370176850625,0.4322347234803936,1.6365987303431173,0.0038550162160171206,-0.004058767447812466,-0.0001014920851541575,-1.5664198994532683,-0.022243714216005905,1.5604515233055503,0.10289999842643738,0.40549999475479126,1.6497999429702759,-1.5707963267948966,0.0,1.5707963267948966,0.08077199923805153,-0.14111921048498308,1.7440975365071758
0.09386368295162073,0.43196862232447175,1.6365109209222481,0.003287647317886323,-0.003674015296015205,0.00010692829625372671,-1.5659961990412368,-0.022325865319765548,1.5605714899164211,0.10289999842643738,0.40549999475479126,1.6497999429702759,-1.5707963267948966,0.0,1.5707963267948966,0.08093303232737846,-0.14127010430626424,1.7439477989373091
0.09400707518630182,0.43175517252331436,1.6364312971007244,0.0025958907990085026,-0.00343915597353922,0.00019085518221486725,-1.5656633340376276,-0.022395427803100887,1.5606402535342931,0.10289999842643738,0.40549999475479126,1.6497999429702759,-1.5707963267948966,0.0,1.5707963267948966,0.0810767811221304,-0.14140612345534206,1.7438133959980275
0.09416983725186454,0.4315196340842793,1.6363368465418502,0.0011955754278569072,-0.0031907550413425973,0.0001454526780856196,-1.5653224559830898,-0.022486339943561084,1.5606926956957154,0.10289999842643738,0.40549999475479126,1.6497999429702759,-1.5707963267948966,0.0,1.5707963267948966,0.08125123623644628,-0.14157208574684677,1.7436486233797526
0.09433388081479034,0.4312837274341119,1.6362387984077715,-0.0003457917746682381,-0.0029254859763331582,6.464564518916261e-05,-1.5650048574924607,-0.022585815782157237,1.5607310233042844,0.10289999842643738,0.40549999475479126,1.6497999429702759,-1.5707963267948966,0.0,1.5707963267948966,0.0813930547596362,-0.14170733741223815,1.7435113747828914
0.09451769541725111,0.4310220101842213,1.6361261288407538,-0.0014438407706684046,-0.002578036109818227,0.0003467795929239005,-1.5646771277244185,-0.02270409265513118,1.5607610662325366,0.10289999842643738,0.40549999475479126,1.6497999429702759,-1.5707963267948966,0.0,1.5707963267948966,0.08156475903870118,-0.14187187633932224,1.7433395420677076
0.09467765486696343,0.43080697376156885,1.6360273700496655,-0.0016178960934424512,-0.002350445147764186,0.0004990289443034878,-1.564423652281953,-0.022824387147537983,1.5607778192753616,0.10289999842643738,0.40549999475479126,1.6497999429702759,-1.5707963267948966,0.0,1.5707963267948966,0.08170251920972657,-0.14200590386813214,1.7431984490574048
0.0948598959972843,0.4305630117217453,1.6359099107189519,-0.0014774538053907223,-0.0022740986437611737,0.00021034799322058328,-1.564142969865376,-0.022966168760375272,1.5608041095518064,0.10289999842643738,0.40549999475479126,1.6497999429702759,-1.5707963267948966,0.0,1.5707963267948966,0.08185339729414375,-0.14215398632818618,1.7430435604675687
0.09505615398629225,0.4302869793695684,1.6357742213380368,-0.0005165910993419092,-0.0024652745375002114,-0.0002688205900294392,-1.5638258672189167,-0.023113790765266984,1.5608470589725005,0.10289999842643738,0.40549999475479126,1.6497999429702759,-1.5707963267948966,0.0,1.5707963267948966,0.08201811965787732,-0.1423161107225644,1.7428748257982625
0.09521218526071036,0.43005993885660576,1.635654782840861,0.00045835860201751,-0.002701346894004546,-0.0007019646753857411,-1.5635726015102895,-0.023237702153732442,1.5608728391073916,0.10289999842643738,0.40549999475479126,1.6497999429702759,-1.5707963267948966,0.0,1.5707963267948966,0.08215236680352732,-0.14244908403941756,1.7427395350436987
0.09536254435059213,0.42983362365324956,1.6355341381837445,0.0008274238858946019,-0.002808400876291115,-0.0008132026814996927,-1.5633365923734188,-0.023359393306407128,1.5608898390147983,0.10289999842643738,0.40549999475479126,1.6497999429702759,-1.5707963267948966,0.0,1.5707963267948966,0.08230146526522274,-0.1425974160635547,1.7425914986793025
0.09554681665304923,0.4295626317953677,1.635384252708818,0.001098439962168596,-0.002847908187123052,-0.0006734785248891353,-1.563063751948869,-0.023507659599038444,1.5608941092023063,0.10289999842643738,0.40549999475479126,1.6497999429702759,-1.5707963267948966,0.0,1.5707963267948966,0.08244920784542072,-0.14274651960327758,1.742445456528833
0.09571717081366032,0.4293228240710437,1.6352418594233376,0.0012901593690736628,-0.002835002815060429,-0.00044603169283365503,-1.5628354033719074,-0.02365060083801529,1.560877954462511,0.10289999842643738,0.40549999475479126,1.6497999429702759,-1.5707963267948966,0.0,1.5707963267948966,0.082595191747261,-0.1428964154615464,1.7423000894909326
0.09589970338498617,0.4290886461963279,1.635093877433139,0.0007423578798220733,-0.0025814841139269883,0.0001608472864501567,-1.5626490563234534,-0.023826589580622226,1.560845694742441,0.10289999842643738,0.40549999475479126,1.6497999429702759,-1.5707963267948966,0.0,1.5707963267948966,0.08273832329399233,-0.14304676771333283,1.742155567207037
0.09612396686375092,0.4288363972775215,1.6349305538247576,-0.0003475491228459927,-0.0020675800458510593,0.000345975929355235,-1.5624950256544026,-0.024055040144984385,1.5608070982448712,0.10289999842643738,0.40549999475479126,1.6497999429702759,-1.5707963267948966,0.0,1.5707963267948966,0.08289124189644025,-0.14321205494891975,1.7420008951119927
0.0963187425689304,0.42863367765231275,1.6347968821768168,-0.0014975955871641498,-0.0016114026532178414,0.00011864184710247331,-1.562406531288727,-0.024253996575621883,1.560770894854712,0.10289999842643738,0.40549999475479126,1.6497999429702759,-1.5707963267948966,0.0,1.5707963267948966,0.08302745228549618,-0.1433621832070089,1.7418639370778626
0.09653850762581062,0.42841066278104367,1.6346479083372771,-0.0022570746399977423,-0.0012258188178144122,-0.0006022659962214799,-1.5623437059350895,-0.02447906288145507,1.5607183568959688,0.10289999842643738,0.40549999475479126,1.6497999429702759,-1.5707963267948966,0.0,1.5707963267948966,0.08314885660397041,-0.1434971612159563,1.7417414680222927
0.09676949872001878,0.42817114025585,1.634473190250756,-0.0022385923837908604,-0.0010688844986989482,-0.0014071784675401071,-1.5622983710390304,-0.024689608393028806,1.5606259137336167,0.10289999842643738,0.40549999475479126,1.6497999429702759,-1.5707963267948966,0.0,1.5707963267948966,0.08331144333703575,-0.14367803201211887,1.7415853501637766
0.09698601479252915,0.4279305773062143,1.6342965534838727,-0.002702499441133252,-0.0012150557049646067,-0.0020041417684232817,-1.5622762792104798,-0.024865306728849568,1.5605168551759594,0.10289999842643738,0.40549999475479126,1.6497999429702759,-1.5707963267948966,0.0,1.5707963267948966,0.08344786705666143,-0.14382883604886887,1.7414624124974596
0.09713352587115377,0.4277526061342556,1.6341703121569462,-0.0034440040423367665,-0.001412458981584677,-0.002040573546331481,-1.5622707460572334,-0.02498329675067179,1.560428955971118,0.10289999842643738,0.40549999475479126,1.6497999429702759,-1.5707963267948966,0.0,1.5707963267948966,0.08355767211515465,-0.1439492057577001,1.74136731782864
0.09733231894271661,0.42750272474461504,1.6340065041244056,-0.0045319828528174065,-0.0017724378683600557,-0.0018525015809089398,-1.5622502789665498,-0.025148704900417762,1.5602949127004562,0.10289999842643738,0.40549999475479126,1.6497999429702759,-1.5707963267948966,0.0,1.5707963267948966,0.08370766795903904,-0.14411389183868986,1.7412382710102574
0.0975079103492731,0.42727106612605903,1.633867573010229,-0.004530621785992725,-0.002141586549371896,-0.0017168861738106117,-1.5622131309204699,-0.02528919481053471,1.560169980862795,0.10289999842643738,0.40549999475479126,1.6497999429702759,-1.5707963267948966,0.0,1.5707963267948966,0.08384287255060695,-0.14426307396092822,1.7411195398743258
0.09766130124238785,0.4270577677795551,1.6337463852956018,-0.004216642758406608,-0.002417707572960172,-0.001964534460311409,-1.562183173659602,-0.025406229800101876,1.5600645854510167,0.10289999842643738,0.40549999475479126,1.6497999429702759,-1.5707963267948966,0.0,1.5707963267948966,0.08397706287283443,-0.14441178675457078,1.7409982878818204
0.09781812358490505,0.4268149407189777,1.6336163278908908,-0.004138484790127116,-0.002297346261147229,-0.0021272706072787686,-1.5621448763043675,-0.025511061778017652,1.559960723438095,0.10289999842643738,0.40549999475479126,1.6497999429702759,-1.5707963267948966,0.0,1.5707963267948966,0.08409817630602469,-0.1445452446916495,1.7408878670919095
0.09796632198478805,0.42656425420171096,1.633496720743889,-0.004093164618959841,-0.0019230567041585635,-0.0021827682051968767,-1.5620812071118537,-0.025597817411703083,1.5598847769904918,0.10289999842643738,0.40549999475479126,1.6497999429702759,-1.5707963267948966,0.0,1.5707963267948966,0.08423229711644661,-0.14469269613909708,1.740762943101213
0.09811674099803348,0.42628384104829375,1.6333732287692129,-0.003267133110786772,-0.0015844959481105794,-0.002457594276753163,-1.5620016018025031,-0.02567504115831465,1.5598269650283276,0.10289999842643738,0.40549999475479126,1.6497999429702759,-1.5707963267948966,0.0,1.5707963267948966,0.0843801550014108,-0.14485473084965408,1.740621653494776
0.09822750908663597,0.4260536647726564,1.6332754363074713,-0.0021950482617847026,-0.0014282935894635613,-0.0026913568808392915,-1.561940546074402,-0.025727756236152644,1.5598019898160715,0.10289999842643738,0.40549999475479126,1.6497999429702759,-1.5707963267948966,0.0,1.5707963267948966,0.08450177475695485,-0.14498768091993333,1.7405029709056967
0.09833549510499576,0.42579771036458236,1.6331652886735526,-0.001179824355032465,-0.0016389270327298502,-0.0028307545470017932,-1.5618607143667733,-0.02575642889482488,1.5598022613917686,0.10289999842643738,0.40549999475479126,1.6497999429702759,-1.5707963267948966,0.0,1.5707963267948966,0.08463765884411394,-0.14513591333656373,1.7403688591862325
0.09844758539288026,0.42548791965621513,1.6330394187830521,-0.0012034682193141713,-0.0015825004849535373,-0.0027321408170447874,-1.5617510581895933,-0.025768445816545693,1.5598559712711604,0.10289999842643738,0.40549999475479126,1.6497999429702759,-1.5707963267948966,0.0,1.5707963267948966,0.08480111803006977,-0.1453137340271457,1.7402022074417627
0.0985146118471943,0.4252797926327372,1.6329604611572976,-0.0013947016906952485,-0.0015440053630834001,-0.0025481905153328013,-1.5616837249164208,-0.025781070421063035,1.5599234461291231,0.10289999842643738,0.40549999475479126,1.6497999429702759,-1.5707963267948966,0.0,1.5707963267948966,0.0849099608532134,-0.14543199269531484,1.740086924268008
0.09858824895890665,0.4250463372940173,1.6328715281886867,-0.0009525727553157738,-0.0014377830408631596,-0.0021213016503299565,-1.561610777662085,-0.025796186837577118,1.5600142463628517,0.10289999842643738,0.40549999475479126,1.6497999429702759,-1.5707963267948966,0.0,1.5707963267948966,0.08504481510535351,-0.14557969639861434,1.7399407051224123
0.09867314948879351,0.42478719061736536,1.6327619088648144,0.00045707607800682566,-0.0013682812431886212,-0.0017150159447809172,-1.5615277634412095,-0.025806361615671403,1.5601135576237395,0.10289999842643738,0.40549999475479126,1.6497999429702759,-1.5707963267948966,0.0,1.5707963267948966,0.0851772828895226,-0.1457271993297356,1.7397980398196022
0.09875340814573902,0.4245551611409787,1.6326474145366394,0.0015501587374155675,-0.0013257255489529916,-0.0015567741114735196,-1.5614599671173266,-0.025823028489821986,1.560186031962435,0.10289999842643738,0.40549999475479126,1.6497999429702759,-1.5707963267948966,0.0,1.5707963267948966,0.08528150731633805,-0.1458451839827795,1.7396885311121348
0.09888009523640662,0.4241971193684892,1.6324545495280567,0.0008422251118518716,-0.001325931025945134,-0.001883140474650225,-1.5613886399758972,-0.025850878234813912,1.5602762067630067,0.10289999842643738,0.40549999475479126,1.6497999429702759,-1.5707963267948966,0.0,1.5707963267948966,0.08546154344187917,-0.14605133608920767,1.7395016953942284
0.09894877281120985,0.4239941017463627,1.6323396828330006,0.00014457582570881323,-0.0013048631921945073,-0.0020544097624903765,-1.5613624066147518,-0.025859526162498092,1.560318983521272,0.10289999842643738,0.40549999475479126,1.6497999429702759,-1.5707963267948966,0.0,1.5707963267948966,0.0855638722628578,-0.146168798429334,1.7393962817331665
0.09903152107098147,0.42374613718083143,1.6321853014167116,-0.0002466479710022691,-0.0011997666919454076,-0.0022393319317847685,-1.561353322241152,-0.025876517843915536,1.5603502662662518,0.10289999842643738,0.40549999475479126,1.6497999429702759,-1.5707963267948966,0.0,1.5707963267948966,0.08569123266940776,-0.14631579845542228,1.7392657978467163
0.09912499331553194,0.4234563667061857,1.6319828212827419,-0.0008238785543522917,-0.0009149610004451433,-0.0023315440328468785,-1.5613568270995877,-0.025905340611803496,1.5603748717560078,0.10289999842643738,0.40549999475479126,1.6497999429702759,-1.5707963267948966,0.0,1.5707963267948966,0.08585599177865191,-0.14650721358244817,1.7390967538670807
0.09918507211090184,0.4232669912877076,1.6318401383090955,-0.0013393786040713689,-0.0005896067472681117,-0.002230152900137408,-1.5613544434304665,-0.025934487318784782,1.5603810253412933,0.10289999842643738,0.40549999475479126,1.6497999429702759,-1.5707963267948966,0.0,1.5707963267948966,0.08595656617017576,-0.14662498103346583,1.7389913955768888
0.09926285247054936,0.42303460941009574,1.6316502956673011,-0.001629534479784288,-0.00026428988930649516,-0.0021178842041971735,-1.5613616400022587,-0.025998448333687918,1.560366310007126,0.10289999842643738,0.40549999475479126,1.6497999429702759,-1.5707963267948966,0.0,1.5707963267948966,0.08606834821310608,-0.14675738549031173,1.738872490392872
0.0993322810701235,0.4228276520511998,1.631467739187102,-0.0018643713387240341,-0.00015002318118098674,-0.0023324308639116617,-1.5613802816553342,-0.026072057896437073,1.560330159290098,0.10289999842643738,0.40549999475479126,1.6497999429702759,-1.5707963267948966,0.0,1.5707963267948966,0.08619156150086554,-0.14690427862023042,1.7387405955353064
0.09940070846392511,0.4225981077094929,1.6312523412832307,-0.0026509055203154173,-0.00018324935243811398,-0.002841453928172569,-1.5613960907873865,-0.026148772553406197,1.5602641273221785,0.10289999842643738,0.40549999475479126,1.6497999429702759,-1.5707963267948966,0.0,1.5707963267948966,0.08631491482648704,-0.14705075278547014,1.7386090852429557
0.09945401549370574,0.42236303711514733,1.6310324160251608,-0.0037213218090990747,-0.0003309155496185412,-0.003150637673924303,-1.5614191702850597,-0.026211540986774473,1.5601960017646832,0.10289999842643738,0.40549999475479126,1.6497999429702759,-1.5707963267948966,0.0,1.5707963267948966,0.08642673059448772,-0.14718149768245278,1.7384926986812745
0.09950306141929141,0.4220727678506691,1.6307644564112813,-0.0047905514990920555,-0.0005305673668189805,-0.0032736013960900667,-1.5614920086410145,-0.026266817809393217,1.5601093634085628,0.10289999842643738,0.40549999475479126,1.6497999429702759,-1.5707963267948966,0.0,1.5707963267948966,0.08658882068007444,-0.1473685190789185,1.7383277151104044
0.09953510648491022,0.4218002098674323,1.6305174537365918,-0.004874757157571016,-0.0004872901741663485,-0.003207815428067797,-1.5615976660734785,-0.026287977871365165,1.560010947708727,0.10289999842643738,0.40549999475479126,1.6497999429702759,-1.5707963267948966,0.0,1.5707963267948966,0.08672629367628444,-0.14752554339852506,1.7381870989371018
0.09955677970546734,0.4215502192060596,1.6302853440329002,-0.004023105192908505,-0.00011759012285841404,-0.0030178693347968975,-1.5617061030760198,-0.026298973881074605,1.559891388159656,0.10289999842643738,0.40549999475479126,1.6497999429702759,-1.5707963267948966,0.0,1.5707963267948966,0.08683830480144053,-0.14765364701760023,1.7380712689813111
0.0995714922433176,0.421327877864452,1.6300693707240461,-0.0036659171262541637,0.00027946408531142843,-0.003039521926544388,-1.5618014534602804,-0.026311561114337412,1.5597475497378452,0.10289999842643738,0.40549999475479126,1.6497999429702759,-1.5707963267948966,0.0,1.5707963267948966,0.08694967617192233,-0.14778189682957635,1.7379549456630121
0.09957839347799356,0.42110648850496835,1.6298559012897165,-0.00403958066055859,0.0006180107033825503,-0.002916944312368012,-1.5618825298302754,-0.026315423903440216,1.5595889881212073,0.10289999842643738,0.40549999475479126,1.6497999429702759,-1.5707963267948966,0.0,1.5707963267948966,0.08707327929548372,-0.14792417966864455,1.737823910348662
0.09958606841369756,0.42086212629741127,1.629623945813554,-0.003895242055816428,0.0007730870343308891,-0.0026782457736022427,-1.5619765044740552,-0.02631890873003062,1.55940022598618,0.10289999842643738,0.40549999475479126,1.6497999429702759,-1.5707963267948966,0.0,1.5707963267948966,0.08718328098670053,-0.1480518902083446,1.7377053664504993
0.09959215197433555,0.42059689427718394,1.6293658806046611,-0.003068561843431598,0.0005951559348415245,-0.0025862404241170423,-1.5621096602691644,-0.026317587761564454,1.559164590964781,0.10289999842643738,0.40549999475479126,1.6497999429702759,-1.5707963267948966,0.0,1.5707963267948966,0.08731641023393641,-0.1482080191165177,1.7375618487662345
0.09959475033726228,0.42037919810349356,1.629154940175632,-0.0026573896900624196,0.0002727684653861836,-0.0026904715791658557,-1.5622310927113017,-0.026299488241971147,1.5589579774575593,0.10289999842643738,0.40549999475479126,1.6497999429702759,-1.5707963267948966,0.0,1.5707963267948966,0.08743609375350873,-0.1483495129684884,1.7374305970742507
0.09958840412611485,0.420135186224318,1.6289226918130477,-0.002435017215580216,-0.00015262671375066602,-0.0029135780026487367,-1.5623681275801127,-0.026254220760963953,1.5587141767693207,0.10289999842643738,0.40549999475479126,1.6497999429702759,-1.5707963267948966,0.0,1.5707963267948966,0.0875435160112097,-0.14847634338301174,1.7373117094023418
0.09957271294902442,0.41989178431433805,1.6286889466349332,-0.002148750522846513,-0.00044723089811742766,-0.003005119531709716,-1.5625162030488025,-0.026196100617821294,1.558451915496419,0.10289999842643738,0.40549999475479126,1.6497999429702759,-1.5707963267948966,0.0,1.5707963267948966,0.08766244317607166,-0.14861687040867835,1.7371794596612702
0.09954771084183323,0.4196258412357929,1.6284262413833503,-0.0015169743850168439,-0.0005135240059287127,-0.0027970597968433567,-1.562691279030498,-0.026110461630482806,1.5581310025832855,0.10289999842643738,0.40549999475479126,1.6497999429702759,-1.5707963267948966,0.0,1.5707963267948966,0.08779232458240767,-0.14877106210012248,1.7370331994945067
0.09952785642514987,0.4194136491169197,1.62820399531691,-0.0011959520207546232,-0.00032631554759005054,-0.00254682367933209,-1.5628535710966422,-0.026030351489191972,1.5578275328988254,0.10289999842643738,0.40549999475479126,1.6497999429702759,-1.5707963267948966,0.0,1.5707963267948966,0.08789708369206935,-0.14889728077898973,1.7369142318621893
0.09950842703326504,0.41916375747230883,1.627927082279331,-0.0014215690430954108,0.00011991615788657532,-0.002328207317821093,-1.5631020722737865,-0.02594888792128147,1.5574165815394634,0.10289999842643738,0.40549999475479126,1.6497999429702759,-1.5707963267948966,0.0,1.5707963267948966,0.08802293747418295,-0.14905163318615758,1.7367705885054256
0.09949814759085317,0.4189872766486697,1.6277264635418878,-0.002188882139573653,0.0006536194978252516,-0.0020728644763080514,-1.563311630449641,-0.025908778849408343,1.5571041154710061,0.10289999842643738,0.40549999475479126,1.6497999429702759,-1.5707963267948966,0.0,1.5707963267948966,0.08811290597994283,-0.14916364861162662,1.7366666932629093
0.09949424681561,0.41869547348848074,1.627418212769527,-0.0038367978952834375,0.0017007346390512856,-0.0018713222998275765,-1.5636782029455563,-0.025863579644786583,1.556633275678179,0.10289999842643738,0.40549999475479126,1.6497999429702759,-1.5707963267948966,0.0,1.5707963267948966,0.08825512815009241,-0.14934307147383286,1.7364978160367832
0.09949529337065247,0.4185093027282413,1.62724111677529,-0.004124345363294347,0.002233903444969807,-0.002027643642185847,-1.5639274679486557,-0.02583739031460297,1.5563782313725183,0.10289999842643738,0.40549999475479126,1.6497999429702759,-1.5707963267948966,0.0,1.5707963267948966,0.08834080157731655,-0.14945156598596018,1.736393792237096
0.09949263863065014,0.41827243475934406,1.6270208620987503,-0.0030793280555410476,0.002566586910698525,-0.002619007593357235,-1.5642553051160333,-0.025793969031747466,1.5560759089361005,0.10289999842643738,0.40549999475479126,1.6497999429702759,-1.5707963267948966,0.0,1.5707963267948966,0.08844707414092302,-0.14958609727757105,1.736265055028702
0.09947778008307097,0.41803046372423547,1.6268033250609624,-0.0016990220018294516,0.0025103875853598923,-0.0029691452202589854,-1.564573112372822,-0.025715913023842685,1.55579658476197,0.10289999842643738,0.40549999475479126,1.6497999429702759,-1.5707963267948966,0.0,1.5707963267948966,0.08855348944020033,-0.1497197483937845,1.7361408619522902
0.09945138597581031,0.41776192752244323,1.6265705833623705,-0.0008912111316907411,0.002274632940723179,-0.0032738252793153796,-1.564918995778771,-0.025613062952777987,1.5555153936092658,0.10289999842643738,0.40549999475479126,1.6497999429702759,-1.5707963267948966,0.0,1.5707963267948966,0.0886702399194081,-0.14986611215900084,1.7360092566522867
0.09940998409276047,0.41749205764722985,1.6263551387636954,-0.000983439055695821,0.0019843108426829577,-0.003509065407224663,-1.5652659990119242,-0.025490552282163126,1.5552605616898012,0.10289999842643738,0.40549999475479126,1.6497999429702759,-1.5707963267948966,0.0,1.5707963267948966,0.08878747054504302,-0.15001176048634554,1.7358788978847781
0.09935423547127535,0.41722094353705724,1.6261606363481105,-0.0008817267903497337,0.001760019025285734,-0.0034841713486017875,-1.5655793088377803,-0.025335049733405057,1.5550254172116083,0.10289999842643738,0.40549999475479126,1.6497999429702759,-1.5707963267948966,0.0,1.5707963267948966,0.08890481649649108,-0.15015657910172223,1.7357477849529743
0.09930206975576474,0.41699900454272076,1.626011680256917,-0.0002545461153802169,0.0017172810501318951,-0.003210868155506515,-1.5658067678683587,-0.025196497654771832,1.5548530043180346,0.10289999842643738,0.40549999475479126,1.6497999429702759,-1.5707963267948966,0.0,1.5707963267948966,0.08900028282767354,-0.1502745083289831,1.7356394337308798
0.09925568345647424,0.4168020299400139,1.6258805493440314,0.00039352114136713873,0.0018699985650730854,-0.0029179120215801395,-1.5659869793378967,-0.025076178760452983,1.5547125884819886,0.10289999842643738,0.40549999475479126,1.6497999429702759,-1.5707963267948966,0.0,1.5707963267948966,0.089094326832904,-0.1503918486950142,1.7355322804065458
0.09919708097791001,0.41655252221313366,1.6257229542358254,0.0006975732289111005,0.0021500416079893556,-0.002749434485222765,-1.5661907022469632,-0.024922090978797495,1.5545597327660716,0.10289999842643738,0.40549999475479126,1.6497999429702759,-1.5707963267948966,0.0,1.5707963267948966,0.08919730567979325,-0.15052095924375072,1.735415453479699
0.09912595913071519,0.41625010200127166,1.6255426002044449,0.0010394536703797555,0.0023869404476431,-0.0025938165610110415,-1.5664231332560308,-0.024754775575835275,1.5543903208460481,0.10289999842643738,0.40549999475479126,1.6497999429702759,-1.5707963267948966,0.0,1.5707963267948966,0.08930882891711299,-0.15066170272856122,1.7352882273514436
0.09907347318883876,0.416022231845085,1.6254151569900972,0.0013391331497153243,0.002409875916744658,-0.0025214011573576633,-1.5665963322601033,-0.024660412468239024,1.5542726551458035,0.10289999842643738,0.40549999475479126,1.6497999429702759,-1.5707963267948966,0.0,1.5707963267948966,0.08939855404776537,-0.15077596637838772,1.735183660074841
0.0990223990492065,0.4157957127815412,1.6252930268355874,0.0017158573624540296,0.0023253551508143813,-0.0024798155126659178,-1.5667692186228666,-0.024581636195225798,1.5541511626556237,0.10289999842643738,0.40549999475479126,1.6497999429702759,-1.5707963267948966,0.0,1.5707963267948966,0.08948703560581589,-0.1508898586569008,1.7350781101275095
0.0989508725434826,0.4154703715953985,1.6251308977437828,0.0019483870772220506,0.0018827261746982612,-0.0026953515348889594,-1.5670163943238302,-0.02447925354557956,1.5539972490568974,0.10289999842643738,0.40549999475479126,1.6497999429702759,-1.5707963267948966,0.0,1.5707963267948966,0.08961309376205896,-0.15105376979117913,1.7349222527980053
0.0989040621778695,0.41527127567515826,1.6250408416258768,0.0022267100045091606,0.0014685891779297221,-0.0029051891233302543,-1.5671811112012348,-0.024423272188117906,1.5539277610649898,0.10289999842643738,0.40549999475479126,1.6497999429702759,-1.5707963267948966,0.0,1.5707963267948966,0.08969033105687542,-0.151154335286026,1.7348252235643884
0.09883830888245132,0.41502320374698204,1.6249325853389758,0.002895301863904703,0.00110996426971759,-0.0032069831153917227,-1.5673914069402684,-0.024357903653892343,1.5538546708774403,0.10289999842643738,0.40549999475479126,1.6497999429702759,-1.5707963267948966,0.0,1.5707963267948966,0.0897870543904727,-0.15127982535988885,1.7347054420179289
0.09874541795702158,0.41472725435412994,1.624803810036477,0.002955250391061465,0.0011974802882406576,-0.003287666361221552,-1.5676119654736254,-0.02428331458907529,1.5537687737853856,0.10289999842643738,0.40549999475479126,1.6497999429702759,-1.5707963267948966,0.0,1.5707963267948966,0.0899037946351169,-0.15142999679842042,1.7345663462547454
0.09865000874682144,0.4144584141401821,1.6246882067699548,0.0028850724533515926,0.001434155490535683,-0.0032800172497374023,-1.56780045748791,-0.024229249458338042,1.5536881576635468,0.10289999842643738,0.40549999475479126,1.6497999429702759,-1.5707963267948966,0.0,1.5707963267948966,0.0900208948702891,-0.15157944937801002,1.7344304307521465
0.09858441367078159,0.41428847305748656,1.6246146635535605,0.0027748459119630504,0.0015750401817193568,-0.003275563953579452,-1.567910622607756,-0.024193465983360696,1.5536318913539209,0.10289999842643738,0.40549999475479126,1.6497999429702759,-1.5707963267948966,0.0,1.5707963267948966,0.0900795367718028,-0.15165392796680743,1.734362771355437
0.0985037157479337,0.41409410727572743,1.6245323221454266,0.0024946820866380637,0.0016985113627749403,-0.0033966513194729243,-1.5680172183644854,-0.024143959401140336,1.553563928286939,0.10289999842643738,0.40549999475479126,1.6497999429702759,-1.5707963267948966,0.0,1.5707963267948966,0.090157950414291,-0.15175284860511756,1.7342719033642304
0.09838956826233716,0.4138500383595191,1.6244303881789905,0.002098312930008762,0.0017965437584225997,-0.0035911743815827996,-1.5681264196851064,-0.024062640521050227,1.553464490743604,0.10289999842643738,0.40549999475479126,1.6497999429702759,-1.5707963267948966,0.0,1.5707963267948966,0.09026703186021925,-0.1518881202175628,1.7341470478515464
0.0982630139656113,0.41360173460675126,1.6243310386136625,0.0018265653369059739,0.0018695422335694776,-0.0033221405436038584,-1.5682188437495392,-0.023965103973816237,1.5533517052123913,0.10289999842643738,0.40549999475479126,1.6497999429702759,-1.5707963267948966,0.0,1.5707963267948966,0.09035688273964392,-0.1519977159623607,1.7340459356626456
0.09813412757224232,0.41334750416426896,1.6242331662318097,0.001869538137798474,0.0018540127800905555,-0.0028997469104105225,-1.5682824595980291,-0.023850701746111813,1.5532328625084595,0.10289999842643738,0.40549999475479126,1.6497999429702759,-1.5707963267948966,0.0,1.5707963267948966,0.09045577237422843,-0.15211808328670012,1.73393712965726
0.09799280531304286,0.41306054156907634,1.624129208307631,0.001554363581726497,0.0017171990413031362,-0.002525038240770305,-1.5683293239550602,-0.023698771056915202,1.5531100913535363,0.10289999842643738,0.40549999475479126,1.6497999429702759,-1.5707963267948966,0.0,1.5707963267948966,0.09056306892406739,-0.1522486918059897,1.7338241919368023
0.09786758435717464,0.412793973564345,1.6240443949859726,0.0009601892890754251,0.0016132850894511332,-0.0023781809186254827,-1.5683716700173966,-0.023569773158492957,1.5530114164148872,0.10289999842643738,0.40549999475479126,1.6497999429702759,-1.5707963267948966,0.0,1.5707963267948966,0.09065903556022223,-0.15236577241548907,1.7337266991348097
0.09772908249830355,0.41249470581686054,1.6239626400859881,0.0008550774035451485,0.0015671487819352095,-0.0023545646675325695,-1.568400904399667,-0.023433824253864532,1.5529230822735558,0.10289999842643738,0.40549999475479126,1.6497999429702759,-1.5707963267948966,0.0,1.5707963267948966,0.09076336952945939,-0.15249297755659247,1.7336232023556113
0.0976020168936878,0.41221790801288416,1.6238949331684096,0.001044982007250428,0.0016535973096620325,-0.002314545722676165,-1.5684023013022312,-0.023306689238125067,1.5528650664340122,0.10289999842643738,0.40549999475479126,1.6497999429702759,-1.5707963267948966,0.0,1.5707963267948966,0.09086636355991369,-0.15261885202059197,1.7335212998074943
0.09748686150989332,0.4119677353348155,1.6238372335447668,0.0014941553477448408,0.0018254096192806533,-0.0024098400317054372,-1.5683978021114406,-0.023195371810675436,1.5528152912590356,0.10289999842643738,0.40549999475479126,1.6497999429702759,-1.5707963267948966,0.0,1.5707963267948966,0.09094047061591286,-0.15270988882779715,1.733447078780484
0.09734238186729996,0.4116634772434321,1.6237661962742644,0.002494040476930051,0.002064287974561082,-0.0023429917741683223,-1.568391036790802,-0.023045859672120805,1.5527494286211176,0.10289999842643738,0.40549999475479126,1.6497999429702759,-1.5707963267948966,0.0,1.5707963267948966,0.0910419026110339,-0.1528349478967307,1.7333461222347988
0.09722745541739129,0.41141912109260265,1.6237037064666298,0.0028790088173789993,0.00228866879738197,-0.002069158162755352,-1.5683836212791031,-0.02292128619928091,1.5526909022432787,0.10289999842643738,0.40549999475479126,1.6497999429702759,-1.5707963267948966,0.0,1.5707963267948966,0.09112355730353135,-0.15293738958724967,1.7332666926146245
0.09709540982828745,0.41112162721330453,1.623630234717635,0.002059683068231808,0.002425738520487505,-0.0018662933081734134,-1.5683947102195723,-0.022787833021097992,1.552642414397367,0.10289999842643738,0.40549999475479126,1.6497999429702759,-1.5707963267948966,0.0,1.5707963267948966,0.09122126657523609,-0.15306174601260353,1.7331735878578147
0.0969926825012952,0.4108775415949951,1.6235787842184963,0.000937068609668687,0.0025113912272339864,-0.0018265587622239277,-1.568412517597749,-0.022699127517077144,1.5526324113484105,0.10289999842643738,0.40549999475479126,1.6497999429702759,-1.5707963267948966,0.0,1.5707963267948966,0.0912998122236697,-0.15316246190835844,1.733098878469261
0.09685806352978067,0.4105438771287892,1.6235253520589368,-1.6074195833942687e-06,0.0024417314313118894,-0.002104422869251516,-1.568428939300517,-0.022578810322043008,1.5526595359012887,0.10289999842643738,0.40549999475479126,1.6497999429702759,-1.5707963267948966,0.0,1.5707963267948966,0.09140312654547972,-0.15329469102497906,1.7329984516783168
0.0967415972453021,0.41026104561118526,1.6234882919184404,0.00033788513675413564,0.002232462038339978,-0.002299912664294117,-1.568452637587272,-0.022463285910465203,1.552703517019581,0.10289999842643738,0.40549999475479126,1.6497999429702759,-1.5707963267948966,0.0,1.5707963267948966,0.09148901102985399,-0.1534038038482962,1.7329164370533852
0.0966470461342985,0.4100338113555441,1.6234591404963408,0.00110022594988541,0.0020614116362882564,-0.0022519242649201325,-1.5684911900308671,-0.02235595653657274,1.5527368249035587,0.10289999842643738,0.40549999475479126,1.6497999429702759,-1.5707963267948966,0.0,1.5707963267948966,0.09155737125083391,-0.15349083673897693,1.7328534125182593
0.09653135369053063,0.40974942523726066,1.6234235921920435,0.0017209200225153014,0.0019609863365607585,-0.002029627184014365,-1.5685572456569985,-0.022188052678482784,1.5527695385922724,0.10289999842643738,0.40549999475479126,1.6497999429702759,-1.5707963267948966,0.0,1.5707963267948966,0.09164157277844542,-0.15359935655914989,1.7327773025073474
0.09641672772532044,0.4094623771936698,1.623391228093171,0.0020445772557016904,0.0020951867553975524,-0.002064884284539784,-1.5686275774667386,-0.02199436343316563,1.5528071764926425,0.10289999842643738,0.40549999475479126,1.6497999429702759,-1.5707963267948966,0.0,1.5707963267948966,0.09172437241741399,-0.15370707631089714,1.732703812505007
0.0962995409141274,0.4091718110803816,1.623360138969833,0.0025499862122009952,0.002487418166170637,-0.001972898689541015,-1.5686962727569467,-0.021786773883804678,1.552854385313528,0.10289999842643738,0.40549999475479126,1.6497999429702759,-1.5707963267948966,0.0,1.5707963267948966,0.09180646984100986,-0.15381388687413108,1.7326334468113032
0.09618628634725997,0.40887709128808886,1.6233254638354175,0.00292098060661059,0.0031090084499499505,-0.0017460080411487882,-1.5687589428433537,-0.02156598672018717,1.5529001335122907,0.10289999842643738,0.40549999475479126,1.6497999429702759,-1.5707963267948966,0.0,1.5707963267948966,0.09188693995560779,-0.15391962379429247,1.73256823930283
0.09607689254690609,0.4085765407771349,1.623290783092679,0.00267934113438295,0.0037230784591937177,-0.001655919488314435,-1.568809935781614,-0.02133330094833852,1.5529546490875288,0.10289999842643738,0.40549999475479126,1.6497999429702759,-1.5707963267948966,0.0,1.5707963267948966,0.09196593472687349,-0.15402395845090983,1.732507751111215
0.09597081744344915,0.4082750196598305,1.6232568344609744,0.0021059080045164828,0.004152955642141937,-0.0016972093077008727,-1.5688763466020317,-0.021116554390991027,1.553011404427799,0.10289999842643738,0.40549999475479126,1.6497999429702759,-1.5707963267948966,0.0,1.5707963267948966,0.09204375728676426,-0.15412737522368503,1.7324500521225328
0.0958668898792323,0.40797537644434484,1.62322510062176,0.0015403760750641337,0.004460591734590728,-0.0016547508444467779,-1.5689568473795454,-0.020910812329370643,1.5530571594841076,0.10289999842643738,0.40549999475479126,1.6497999429702759,-1.5707963267948966,0.0,1.5707963267948966,0.09212077430118124,-0.15423032912613727,1.7323938240124028
0.09576682939041739,0.4076768763306293,1.6231952246898447,0.0012538227502299595,0.004712373679143032,-0.001641678959291033,-1.5690205300186162,-0.02070708389254694,1.5530907051722906,0.10289999842643738,0.40549999475479126,1.6497999429702759,-1.5707963267948966,0.0,1.5707963267948966,0.09219650917845378,-0.1543327845529836,1.7323390315909588
0.09565825205778908,0.40734812191413206,1.6231622055007706,0.0009882094499623615,0.004732513568655422,-0.0017950230283019966,-1.5690913227431313,-0.020494186296405204,1.5531124324653833,0.10289999842643738,0.40549999475479126,1.6497999429702759,-1.5707963267948966,0.0,1.5707963267948966,0.0922790657247396,-0.15444487742531673,1.7322810331652863
0.0955689434439867,0.4070768689129706,1.6231356871419536,0.000672554467130256,0.004634550912872377,-0.00173182858121994,-1.5691468567350455,-0.02033245978659437,1.5531219027352632,0.10289999842643738,0.40549999475479126,1.6497999429702759,-1.5707963267948966,0.0,1.5707963267948966,0.09234624282667357,-0.15453588910418284,1.7322356345610963
0.09547460793875717,0.40677216587692444,1.623107923324538,0.00019822832694004773,0.0044863692340621555,-0.0014859359874650115,-1.5691840272466773,-0.020170083191261234,1.553130577868975,0.10289999842643738,0.40549999475479126,1.6497999429702759,-1.5707963267948966,0.0,1.5707963267948966,0.09241955955661497,-0.1546360765144872,1.7321881838704252
0.09538581013918211,0.4064624259647206,1.6230861422396412,-0.00017274091420621952,0.004257090129435362,-0.001549342380012656,-1.5691957786137944,-0.02002940280544374,1.5531494232314698,0.10289999842643738,0.40549999475479126,1.6497999429702759,-1.5707963267948966,0.0,1.5707963267948966,0.09249152122366877,-0.15473503286619592,1.7321437952928613
0.09529862281540148,0.4061479936706946,1.623063888220361,0.0003521078920573983,0.004184354441109042,-0.0012994324616949905,-1.569199812734426,-0.0199034227016317,1.5531773487301772,0.10289999842643738,0.40549999475479126,1.6497999429702759,-1.5707963267948966,0.0,1.5707963267948966,0.09256280176788928,-0.15483299725876726,1.7321041874377228
0.09522202904010531,0.4058322701773986,1.6230333453926606,0.001178744081977372,0.004094569925459636,-0.0012424784596671427,-1.5691954700950193,-0.019787114785334126,1.5531985721057033,0.10289999842643738,0.40549999475479126,1.6497999429702759,-1.5707963267948966,0.0,1.5707963267948966,0.09263177210132746,-0.15493031094191406,1.732073489016989
0.09514325701055633,0.4055150867476987,1.6229983073834184,0.0014334679089584425,0.0038547389143726014,-0.0015616241088134038,-1.5691723109769014,-0.019653812307843133,1.5532190064175613,0.10289999842643738,0.40549999475479126,1.6497999429702759,-1.5707963267948966,0.0,1.5707963267948966,0.09270051320860791,-0.1550271326094233,1.7320535594921016
0.09505424896155884,0.40516745614908306,1.6229589533634912,0.0012967046316765016,0.0035780151882565643,-0.0015904330592266872,-1.5691423986975002,-0.01952270873362494,1.553229676679302,0.10289999842643738,0.40549999475479126,1.6497999429702759,-1.5707963267948966,0.0,1.5707963267948966,0.09277615723404725,-0.15513334022377168,1.7320419651440233
0.0949913146060101,0.40491638344193337,1.6229342667948794,0.0007505508507467624,0.003447173403007519,-0.0014134501316755224,-1.5691158700856664,-0.01943283659005246,1.5532459192485708,0.10289999842643738,0.40549999475479126,1.6497999429702759,-1.5707963267948966,0.0,1.5707963267948966,0.09283732902862446,-0.15521993825497998,1.7320373827282267
0.09491911353291933,0.40460602672187734,1.6229066933245486,0.0002086820326673078,0.003487865359142565,-0.0010336906415540324,-1.5690880513047378,-0.019324814424027892,1.5532730191114008,0.10289999842643738,0.40549999475479126,1.6497999429702759,-1.5707963267948966,0.0,1.5707963267948966,0.09290385318427138,-0.1553159152252402,1.7320361507773363
0.0948577502069748,0.4043001587740059,1.6228815728469672,1.2671235191960857e-05,0.0036591724368386304,-0.000953357765467595,-1.5690916906904335,-0.019254208438117537,1.553304352448214,0.10289999842643738,0.40549999475479126,1.6497999429702759,-1.5707963267948966,0.0,1.5707963267948966,0.09296861373921633,-0.15541164299566146,1.732039916573329
0.09478127435825154,0.40390628079134533,1.6228497667857986,-0.0005152187954214646,0.0038396349555712018,-0.001238031726831697,-1.569117633076319,-0.01919907697984158,1.553353966452855,0.10289999842643738,0.40549999475479126,1.6497999429702759,-1.5707963267948966,0.0,1.5707963267948966,0.09304580805685109,-0.15552623238711125,1.7320512429542596
0.09473309934355623,0.40366193980820664,1.6228380642543,-0.0008870075224365326,0.003936106221372129,-0.0012727165035108336,-1.5691142160288507,-0.01917333560158596,1.5534070667392077,0.10289999842643738,0.40549999475479126,1.6497999429702759,-1.5707963267948966,0.0,1.5707963267948966,0.09309727144691587,-0.15560201785856148,1.732061189907249
0.09467007438379602,0.40333047807883,1.6228258463054683,-0.00047426858570309986,0.004056116002723486,-0.001269247945176455,-1.569106986288279,-0.019165342713510114,1.5534952894548486,0.10289999842643738,0.40549999475479126,1.6497999429702759,-1.5707963267948966,0.0,1.5707963267948966,0.09316749486388481,-0.1557063558305291,1.7320778914957542
0.0946140685611208,0.4030366775510602,1.6228148047577517,3.3750689301277475e-05,0.0043392440467474175,-0.0012492658462359767,-1.5691059362412088,-0.01917891249616588,1.5535846175411128,0.10289999842643738,0.40549999475479126,1.6497999429702759,-1.5707963267948966,0.0,1.5707963267948966,0.09323118535828484,-0.15580190557679566,1.7320953445055967
0.09456534939665215,0.4027798149865188,1.622803246983042,0.0006478421069921957,0.00459766954371567,-0.0012875955999106677,-1.5690934190561074,-0.019197916941453563,1.5536555609481946,0.10289999842643738,0.40549999475479126,1.6497999429702759,-1.5707963267948966,0.0,1.5707963267948966,0.0932883518261219,-0.1558886767260216,1.7321120353224055
0.0945092386887196,0.4025034846728256,1.622778759078659,0.0014792433245945566,0.00473636019915127,-0.0013913788887167467,-1.5690691434869386,-0.019229685320818035,1.5537022599725532,0.10289999842643738,0.40549999475479126,1.6497999429702759,-1.5707963267948966,0.0,1.5707963267948966,0.09335231276492886,-0.15598607951141016,1.7321332663731344
0.09445739623090564,0.40226198564185944,1.6227432235679082,0.0015246098074542397,0.004776093668099284,-0.0013715201557902227,-1.5690486557583503,-0.019276077493571186,1.5537042124528542,0.10289999842643738,0.40549999475479126,1.6497999429702759,-1.5707963267948966,0.0,1.5707963267948966,0.09341676479963142,-0.15608416861914554,1.73215842034238
0.09439298291560287,0.40197481484500075,1.6226895063771773,0.0002626033314719579,0.0048394113530134215,-0.001291996125523201,-1.5690200996242873,-0.019337092347744278,1.5536633406891012,0.10289999842643738,0.40549999475479126,1.6497999429702759,-1.5707963267948966,0.0,1.5707963267948966,0.09348157115831215,-0.15618248723640998,1.732185363439096
0.09433395695006422,0.4017212044318009,1.622638680776165,-0.0015786639990506863,0.004948405897138057,-0.0011463331098264234,-1.5690039494185912,-0.01940200609840792,1.5536057770417193,0.10289999842643738,0.40549999475479126,1.6497999429702759,-1.5707963267948966,0.0,1.5707963267948966,0.09354669580860495,-0.15628066113762898,1.732211531179838
0.09428272463147443,0.40149803365165443,1.6225913729033223,-0.0025851971272037783,0.004964900785918399,-0.0009631816842299059,-1.5690036004269114,-0.019492560885781884,1.5535472980937335,0.10289999842643738,0.40549999475479126,1.6497999429702759,-1.5707963267948966,0.0,1.5707963267948966,0.09361177840685998,-0.15637846422509402,1.732236858100544
0.09423024923499335,0.4012536026334178,1.6225297404546817,-0.001980345207254158,0.004893048542781788,-0.0005985774648183134,-1.56900440220825,-0.01961925502591111,1.5534706818772706,0.10289999842643738,0.40549999475479126,1.6497999429702759,-1.5707963267948966,0.0,1.5707963267948966,0.09366993751402056,-0.15646635168086892,1.7322610350481968
0.09418775712682169,0.4010116487363641,1.6224525532240872,-0.001248315640407201,0.00474473040437564,-0.0003420163948062431,-1.5690072843954799,-0.019769063393172637,1.553370278592877,0.10289999842643738,0.40549999475479126,1.6497999429702759,-1.5707963267948966,0.0,1.5707963267948966,0.09373333224255993,-0.15656394454547373,1.7322925267289861
0.09415407549004755,0.4007721250012712,1.622366984451563,-0.001733337415621688,0.004626899775515523,-0.00013757289873305608,-1.5690280217119985,-0.01995476873259605,1.5532453502433183,0.10289999842643738,0.40549999475479126,1.6497999429702759,-1.5707963267948966,0.0,1.5707963267948966,0.0937959611960377,-0.15666119727587163,1.7323282310222343
0.09412948077185264,0.4005108642638187,1.6222720776201376,-0.0035420159442699608,0.004453212996247581,-0.0001962900994164586,-1.5690774206268108,-0.020194635161277397,1.553096088848605,0.10289999842643738,0.40549999475479126,1.6497999429702759,-1.5707963267948966,0.0,1.5707963267948966,0.09386389930855983,-0.15676722705502594,1.7323703933140884
0.09410855919020876,0.4002761677033866,1.6221863882576815,-0.0052199774214121844,0.0041998073293979974,-0.0005644704474412133,-1.569126758445076,-0.02041386175009352,1.5529544254724514,0.10289999842643738,0.40549999475479126,1.6497999429702759,-1.5707963267948966,0.0,1.5707963267948966,0.09392638918004587,-0.15686282781890595,1.732412687850152
0.09408353062062935,0.40004507831779856,1.6220982854967665,-0.006150273331384046,0.003926281687582942,-0.000892959347877181,-1.569199265716121,-0.020646423062943953,1.5527866863688473,0.10289999842643738,0.40549999475479126,1.6497999429702759,-1.5707963267948966,0.0,1.5707963267948966,0.0939906879155273,-0.1569580018532374,1.73246132165149
0.09405509198683133,0.39981627410403764,1.622004271229646,-0.006243566603352791,0.0036142160581095727,-0.000702783003108607,-1.5692845123270627,-0.020889255264498363,1.5525876616617578,0.10289999842643738,0.40549999475479126,1.6497999429702759,-1.5707963267948966,0.0,1.5707963267948966,0.09405654136622461,-0.15705278310243462,1.7325179454572521
0.09403289433427368,0.3995901774160416,1.6219039104830688,-0.005979750091987025,0.003194576429578028,-0.00032554914516673287,-1.5693632471962549,-0.0211275267892157,1.5523600958073627,0.10289999842643738,0.40549999475479126,1.6497999429702759,-1.5707963267948966,0.0,1.5707963267948966,0.09412857446522217,-0.15715656387744575,1.7325895823227944
0.0940164644018945,0.39936338829576884,1.6218058308590781,-0.006477279769880047,0.0028420674090332094,-0.00012089107594846822,-1.5694399613294345,-0.021368319223423526,1.5521213561149143,0.10289999842643738,0.40549999475479126,1.6497999429702759,-1.5707963267948966,0.0,1.5707963267948966,0.09418710968256462,-0.15724065726183686,1.7326528783343291
0.09400474038216863,0.3991340307029187,1.6217246395005434,-0.007059058234833803,0.002530035597584079,-0.0001331878329913799,-1.5695313829446982,-0.021638017057265202,1.5518807669065224,0.10289999842643738,0.40549999475479126,1.6497999429702759,-1.5707963267948966,0.0,1.5707963267948966,0.09425202950217493,-0.15733293837174916,1.7327225223236786
0.09399284823486896,0.3989030885260888,1.6216579172256202,-0.006657018361684089,0.0023970421165824714,-0.0001688941036081597,-1.569623107135895,-0.02191667674411768,1.5516235252261972,0.10289999842643738,0.40549999475479126,1.6497999429702759,-1.5707963267948966,0.0,1.5707963267948966,0.09431754305293778,-0.15742462207493071,1.732790457161822
0.09398191046999702,0.3986435836301796,1.6216052422312088,-0.006122907464084458,0.0024088530634864477,-6.733467070472784e-05,-1.5697363573104708,-0.0222317794356246,1.5513442250929148,0.10289999842643738,0.40549999475479126,1.6497999429702759,-1.5707963267948966,0.0,1.5707963267948966,0.09439658116922583,-0.15753346505219737,1.7328675459507639
0.09397565230240491,0.39840208571342334,1.6215787906902548,-0.005175414982111166,0.0025387087082845536,2.624323045226717e-05,-1.5698659339616894,-0.022536954279228638,1.5511075086763388,0.10289999842643738,0.40549999475479126,1.6497999429702759,-1.5707963267948966,0.0,1.5707963267948966,0.0944560152941302,-0.15761413638462304,1.7329204167573005
0.09397251583273683,0.39818112799719024,1.6215674622277998,-0.0037230850721713914,0.002573728552766381,6.399282017657755e-05,-1.5699856970891273,-0.0228071388204496,1.5509088259914314,0.10289999842643738,0.40549999475479126,1.6497999429702759,-1.5707963267948966,0.0,1.5707963267948966,0.09451563468575108,-0.15769427984861642,1.7329694269501175
0.09396990004601703,0.39793055069916095,1.6215648273080745,-0.002357053862024413,0.002562059237419014,-8.166834351404692e-05,-1.5701089747673351,-0.02309284591415528,1.5507154871769664,0.10289999842643738,0.40549999475479126,1.6497999429702759,-1.5707963267948966,0.0,1.5707963267948966,0.09458248358617329,-0.15778261801051832,1.7330199874394376
0.09396295562724234,0.3976729532897495,1.6215727465680194,-0.00174852439641166,0.0025611146729637405,-0.0003571757617022756,-1.5702488263065295,-0.023375811242003053,1.5505542088577466,0.10289999842643738,0.40549999475479126,1.6497999429702759,-1.5707963267948966,0.0,1.5707963267948966,0.09465093554264847,-0.15786972807178726,1.7330676043698499
0.09394891992890056,0.3974131455708767,1.6215884286136155,-0.0021062014643014886,0.0024670550989000727,-0.0003744825578802661,-1.5703919846042338,-0.023643637314648913,1.5504108856173169,0.10289999842643738,0.40549999475479126,1.6497999429702759,-1.5707963267948966,0.0,1.5707963267948966,0.0947214256567739,-0.15795584101137747,1.7331151718035327
0.09393368375968868,0.39715252092246883,1.621616472373175,-0.0031040326695181246,0.0023497990288031995,-6.055966791484739e-05,-1.5705204623088656,-0.023879377468855267,1.5502924154964994,0.10289999842643738,0.40549999475479126,1.6497999429702759,-1.5707963267948966,0.0,1.5707963267948966,0.09479298944916659,-0.15804058892176664,1.7331625438457663
0.09392442902031338,0.39689192530720724,1.621651669138636,-0.0038297780619959533,0.0021451667430401828,0.00046097018527294873,-1.5706563297547487,-0.024106587321282902,1.5501920900323247,0.10289999842643738,0.40549999475479126,1.6497999429702759,-1.5707963267948966,0.0,1.5707963267948966,0.09487166310810423,-0.1581319397740887,1.7332160216237662
0.09392804151325039,0.3966324251429818,1.6216870159367183,-0.0040034537488713865,0.0018436851249612636,0.0008973456459071066,-1.5708071012051221,-0.02434052206989712,1.5500966904808116,0.10289999842643738,0.40549999475479126,1.6497999429702759,-1.5707963267948966,0.0,1.5707963267948966,0.09494209535018538,-0.15821328225507197,1.7332702005593543
0.09394233883405174,0.39637410797439493,1.621718255108646,-0.004071221265733154,0.001563619153819568,0.0009254713953549157,-1.5709406571637592,-0.024576784506931126,1.5499975836406683,0.10289999842643738,0.40549999475479126,1.6497999429702759,-1.5707963267948966,0.0,1.5707963267948966,0.09500493453059668,-0.1582852835421026,1.7333248574588833
0.09396265613806326,0.3960966235283627,1.6217478332481718,-0.00416137802993129,0.0013792768638868239,0.0005713904377523753,-1.5710909911141744,-0.02486064149561429,1.5498740945444192,0.10289999842643738,0.40549999475479126,1.6497999429702759,-1.5707963267948966,0.0,1.5707963267948966,0.09508258117674596,-0.15837252939894397,1.7333972994721312
0.09397724135465864,0.3958744868649099,1.6217724776734812,-0.004348160789598729,0.0013424221982637778,0.0003115195715937197,-1.5712192230246889,-0.025105620026092623,1.5497768749795091,0.10289999842643738,0.40549999475479126,1.6497999429702759,-1.5707963267948966,0.0,1.5707963267948966,0.09514764308892576,-0.1584432653705107,1.7334606385493656
0.09398956448974652,0.39563009488517514,1.6218023905636885,-0.0042243929703499735,0.0013568179288456121,0.00029087311932656716,-1.571331805750835,-0.02535499729811752,1.5496812947455125,0.10289999842643738,0.40549999475479126,1.6497999429702759,-1.5707963267948966,0.0,1.5707963267948966,0.09522886670535043,-0.15852861086332726,1.7335425966439768
0.0940023117379654,0.39539043427403026,1.6218364075784373,-0.00413609551431956,0.0013186205603063278,0.0002660577070061548,-1.5714235994884942,-0.02560758856715495,1.5495933636424974,0.10289999842643738,0.40549999475479126,1.6497999429702759,-1.5707963267948966,0.0,1.5707963267948966,0.09529629261837941,-0.15859779596924306,1.7336109595052276
0.09401256009335439,0.39515181605320016,1.6218793562425902,-0.0036767342699181712,0.0012285702082141408,0.0003621578223301493,-1.5715167473433045,-0.02587535425910792,1.5495238214517832,0.10289999842643738,0.40549999475479126,1.6497999429702759,-1.5707963267948966,0.0,1.5707963267948966,0.09537278877427773,-0.158673663773666,1.7336859478328224
0.09402704491979036,0.39491204995901724,1.621929405292899,-0.0028058191086395754,0.001091057521863606,0.0007907818913983348,-1.5716084146953293,-0.026156002569346803,1.5494716968970819,0.10289999842643738,0.40549999475479126,1.6497999429702759,-1.5707963267948966,0.0,1.5707963267948966,0.09544963529353645,-0.1587482814129888,1.7337607510627353
0.09404877246296095,0.3946701879381923,1.6219887922182739,-0.0023726049200130626,0.0007825276551091119,0.0008886638372765904,-1.5716765886459372,-0.026449718411073242,1.5494342031462445,0.10289999842643738,0.40549999475479126,1.6497999429702759,-1.5707963267948966,0.0,1.5707963267948966,0.09552616429773801,-0.15882142095250912,1.7338360669601813
0.09406884098616008,0.3944261070649226,1.6220641379822849,-0.0019145778776221462,0.00034762507392184993,0.0005930527775019945,-1.5717222600045422,-0.02675921285202776,1.5494203551971255,0.10289999842643738,0.40549999475479126,1.6497999429702759,-1.5707963267948966,0.0,1.5707963267948966,0.09560380242969489,-0.15889306632626626,1.7339107229384163
0.09408124696866091,0.3941817412822893,1.6221467104214455,-0.00024492673170209395,-0.00012433810855987072,0.00027854179430938914,-1.571750860267888,-0.027057524221510754,1.5494179202169283,0.10289999842643738,0.40549999475479126,1.6497999429702759,-1.5707963267948966,0.0,1.5707963267948966,0.09568348282665114,-0.1589638736360036,1.7339862796031185
0.0940849089175161,0.39393946179373646,1.622230183991682,0.0015609125078869064,-0.0005677659014923449,0.0001853785328016897,-1.5717537539688828,-0.027330042694559076,1.549414954787824,0.10289999842643738,0.40549999475479126,1.6497999429702759,-1.5707963267948966,0.0,1.5707963267948966,0.09576544506922571,-0.1590344022697031,1.7340644505069371
0.0940845645401812,0.3937035427192697,1.6223134317614676,0.0028570552491847647,-0.0009528668415714567,0.00034371352889742146,-1.5717453032054578,-0.02760009778720862,1.5493990417648744,0.10289999842643738,0.40549999475479126,1.6497999429702759,-1.5707963267948966,0.0,1.5707963267948966,0.09584917025105871,-0.1591049294361547,1.7341436707016757
0.09408312223938572,0.3934739814684862,1.6223990224366496,0.0027698699491508286,-0.0012991898964860545,0.0005223547505137048,-1.5717161023271315,-0.02787202501405428,1.5493776773549166,0.10289999842643738,0.40549999475479126,1.6497999429702759,-1.5707963267948966,0.0,1.5707963267948966,0.0959340603975563,-0.1591750318204227,1.7342214439995594
0.09407861332158582,0.3932514031018849,1.622492635891202,0.0015931548140798012,-0.0016147253090515663,0.0005533723403037506,-1.5716524141643755,-0.02812464065746756,1.5493582261046275,0.10289999842643738,0.40549999475479126,1.6497999429702759,-1.5707963267948966,0.0,1.5707963267948966,0.09602026138856086,-0.15924430860062982,1.7342954582527277
0.09406919719149955,0.3930364601120109,1.6225866115661678,0.000746066898520444,-0.0020130850393450836,0.0005988391757970188,-1.571575487319627,-0.02836645018207884,1.5493478300635368,0.10289999842643738,0.40549999475479126,1.6497999429702759,-1.5707963267948966,0.0,1.5707963267948966,0.09610816364665578,-0.15931261053642112,1.7343661083662973
0.09405919212006376,0.39283033884131513,1.6226648424752472,0.0008565676528788236,-0.0022704238607614688,0.0009337330253717857,-1.5714945721501021,-0.028609706683918823,1.5493316994003912,0.10289999842643738,0.40549999475479126,1.6497999429702759,-1.5707963267948966,0.0,1.5707963267948966,0.09619729435838428,-0.15938019283991256,1.7344360636129916
0.09405621711275416,0.3926091273218207,1.6227327708138573,0.0006349277757632067,-0.002457081155096432,0.001359623311539333,-1.5714032300775476,-0.028866119710834415,1.5493031377767317,0.10289999842643738,0.40549999475479126,1.6497999429702759,-1.5707963267948966,0.0,1.5707963267948966,0.09629542261650247,-0.1594531235190047,1.7345146340101287
0.09406043879164107,0.39243027956769944,1.6227805684319325,4.414617350611621e-05,-0.0025710506501006847,0.0015280121904151,-1.5713351759058534,-0.0290741844359248,1.5492817354067192,0.10289999842643738,0.40549999475479126,1.6497999429702759,-1.5707963267948966,0.0,1.5707963267948966,0.09637564644569441,-0.15951125061017396,1.7345811136464648
0.09406994362333362,0.39223582765121745,1.6228292980130006,-0.0010838698072881533,-0.0025810813457181297,0.001436109141410954,-1.5712773682825438,-0.029318709169295687,1.5492543987228766,0.10289999842643738,0.40549999475479126,1.6497999429702759,-1.5707963267948966,0.0,1.5707963267948966,0.09646516160614649,-0.1595743825284578,1.7346556331376417
0.09407858876711028,0.39204625178667585,1.6228768328084036,-0.0023216469600381325,-0.0022943567927638997,0.0012874411641207995,-1.5712189974699002,-0.029553193754522145,1.5492175687488094,0.10289999842643738,0.40549999475479126,1.6497999429702759,-1.5707963267948966,0.0,1.5707963267948966,0.09655598089268369,-0.15963613310942362,1.7347294917363194
0.0940853955428697,0.3918586472710447,1.622923635732897,-0.0031684397069805725,-0.001961074285490797,0.001126268431239879,-1.5711445504197434,-0.029773854897229057,1.5491814091562754,0.10289999842643738,0.40549999475479126,1.6497999429702759,-1.5707963267948966,0.0,1.5707963267948966,0.09664816644634994,-0.15969622454198826,1.7348024268794962
0.09408735419508732,0.3917081650907009,1.6229603447259526,-0.0031242704150172217,-0.0018240504481926148,0.0008869839341704369,-1.5710817831255435,-0.029961666370800444,1.54915609377979,0.10289999842643738,0.40549999475479126,1.6497999429702759,-1.5707963267948966,0.0,1.5707963267948966,0.09672327929557753,-0.1597430998896322,1.7348599913792786
0.0940788335714703,0.3914975191770851,1.6230062288073381,-0.0021608182763899714,-0.0018035177154145053,0.0006167266238358127,-1.5709897793550114,-0.030202445930822996,1.5491326521869615,0.10289999842643738,0.40549999475479126,1.6497999429702759,-1.5707963267948966,0.0,1.5707963267948966,0.09682921606210942,-0.15980592881070094,1.7349402437905972
0.09406271111287161,0.39128701568200386,1.6230432698793986,-0.0015623900659334823,-0.0016831317010750327,0.0011028827312634546,-1.5708866086496511,-0.030402093305345268,1.5491139341961073,0.10289999842643738,0.40549999475479126,1.6497999429702759,-1.5707963267948966,0.0,1.5707963267948966,0.09693714740968491,-0.15986723927093988,1.73502307369786
0.09405760301048917,0.39110217130002856,1.6230723280058086,-0.0018469603950353737,-0.0016667180014542688,0.001603537597074582,-1.57079930160513,-0.030595166773800475,1.5490978937758808,0.10289999842643738,0.40549999475479126,1.6497999429702759,-1.5707963267948966,0.0,1.5707963267948966,0.09703467090820951,-0.15992170927355542,1.7351021506162647
0.0940589302545536,0.3909241755545541,1.6231042870210535,-0.002646169093991439,-0.0019659650908731862,0.0015153091575058068,-1.5707102667941073,-0.030784659429476058,1.5490882832317594,0.10289999842643738,0.40549999475479126,1.6497999429702759,-1.5707963267948966,0.0,1.5707963267948966,0.09713215457314908,-0.15997490190339106,1.735185745602533
0.09405766534054497,0.39075195918064226,1.6231392173594246,-0.003236951784859798,-0.002276792039866231,0.0015267806875304464,-1.5705993591884864,-0.03095630618646883,1.5490750224457157,0.10289999842643738,0.40549999475479126,1.6497999429702759,-1.5707963267948966,0.0,1.5707963267948966,0.09723091327651176,-0.16002694325302458,1.7352727086345976
0.0940615964505932,0.3905881259858764,1.6231740523789617,-0.003339402676467047,-0.0024906920523953195,0.0016317669318846016,-1.5704836368913488,-0.031151512776042445,1.549042035389857,0.10289999842643738,0.40549999475479126,1.6497999429702759,-1.5707963267948966,0.0,1.5707963267948966,0.0973297861552358,-0.16007804866429778,1.7353626323954294
0.09406693183621698,0.3904299259383357,1.6232084379293756,-0.0031033944257802533,-0.002672369523145013,0.0015626418256080327,-1.570358555822682,-0.03136391478603251,1.5489938622528734,0.10289999842643738,0.40549999475479126,1.6497999429702759,-1.5707963267948966,0.0,1.5707963267948966,0.0974292970145839,-0.16012818395736478,1.735453651599444
0.09407628701802855,0.39021357022884307,1.6232601852504203,-0.0027383321003480493,-0.002887087581790453,0.0016372310996659247,-1.5701547005224568,-0.03169929014332329,1.5489386226863338,0.10289999842643738,0.40549999475479126,1.6497999429702759,-1.5707963267948966,0.0,1.5707963267948966,0.09756952529038558,-0.16019641576597435,1.7355773922001934
0.094085050496418,0.3900765180578238,1.6232962966808087,-0.0025843955098446545,-0.003030780608841107,0.001518706981461734,-1.5700248073608651,-0.03195140007056407,1.548923694572902,0.10289999842643738,0.40549999475479126,1.6497999429702759,-1.5707963267948966,0.0,1.5707963267948966,0.0976599462180411,-0.16023878323981125,1.7356532246148855
0.09409046792926579,0.3899250173867138,1.6233371131395387,-0.002237430240537291,-0.0031849331003365655,0.001118602154799629,-1.5698723574504367,-0.032221295625366686,1.5489213108560218,0.10289999842643738,0.40549999475479126,1.6497999429702759,-1.5707963267948966,0.0,1.5707963267948966,0.09776191306153262,-0.16028453647631294,1.7357355094635123
0.09408713628056607,0.3897557499359051,1.6233799878197224,-0.0021030824968462547,-0.0030994439231746035,0.001125177027584615,-1.5696856440175695,-0.03247407894653076,1.5489294748233495,0.10289999842643738,0.40549999475479126,1.6497999429702759,-1.5707963267948966,0.0,1.5707963267948966,0.09787646933872421,-0.16033285338340872,1.7358273273950586
0.09408702285446438,0.38964572498527716,1.6234097927424807,-0.002252373006355965,-0.0028355268749987706,0.0014101117693946744,-1.5695690218514515,-0.03263534254513356,1.5489447437161676,0.10289999842643738,0.40549999475479126,1.6497999429702759,-1.5707963267948966,0.0,1.5707963267948966,0.09794964551754139,-0.1603620792409271,1.7358868031051684
0.0940920413410071,0.3895046430076069,1.6234474470539046,-0.002044736666785288,-0.0024168849918938693,0.001527840253153362,-1.5694223629639816,-0.0328550580769118,1.5489610293521123,0.10289999842643738,0.40549999475479126,1.6497999429702759,-1.5707963267948966,0.0,1.5707963267948966,0.09804352819879761,-0.1603982058130194,1.7359655733459944
0.0940940708060185,0.3893480536474715,1.6234872487735121,-0.0013862708341079479,-0.0018949548381889442,0.0012200846903057947,-1.569252336796563,-0.03309036453166936,1.5489808461478451,0.10289999842643738,0.40549999475479126,1.6497999429702759,-1.5707963267948966,0.0,1.5707963267948966,0.09814897458016056,-0.16043672135142834,1.7360563461733125
0.09408878234250292,0.3891931710249041,1.6235233679815313,-8.425612053326525e-05,-0.0014291861692385555,0.0009460004281829084,-1.5690963984769966,-0.03331535311574818,1.5490062453742712,0.10289999842643738,0.40549999475479126,1.6497999429702759,-1.5707963267948966,0.0,1.5707963267948966,0.09825631455720839,-0.16047403111893344,1.7361497943398077
0.09407492966190273,0.3890391888489885,1.6235572146338515,0.0011390387920864296,-0.0011539731138036984,0.0006524619176050179,-1.5689497807171726,-0.03353280401680481,1.5490424954453954,0.10289999842643738,0.40549999475479126,1.6497999429702759,-1.5707963267948966,0.0,1.5707963267948966,0.09836570283168046,-0.16051020506811017,1.7362447414093305
0.09404818808048122,0.38888471010900744,1.6235921924685588,0.001979996550531673,-0.001210615127049394,0.00038710086089795425,-1.5687945379800896,-0.0337069010539337,1.549093335986585,0.10289999842643738,0.40549999475479126,1.6497999429702759,-1.5707963267948966,0.0,1.5707963267948966,0.09847766608357235,-0.16054515912630243,1.736340171713696
0.09400963174119903,0.38873084995078355,1.6236287100707159,0.002101145110068833,-0.0013271534516391432,0.0003919414871361418,-1.568636051995024,-0.033839952987233524,1.549158356832362,0.10289999842643738,0.40549999475479126,1.6497999429702759,-1.5707963267948966,0.0,1.5707963267948966,0.09859210805791217,-0.16057884806446926,1.7364359493145034
0.09396567944554723,0.38857856681191727,1.6236688259465295,0.001847739546519859,-0.0013041528783186262,0.0007619673334559409,-1.5684954738278607,-0.0339573939939366,1.5492493526333446,0.10289999842643738,0.40549999475479126,1.6497999429702759,-1.5707963267948966,0.0,1.5707963267948966,0.09870801571958403,-0.16061087550234798,1.7365304283465424
0.09392346138251483,0.3884297274514771,1.62370626134073,0.0017919976937993503,-0.001302009815790575,0.0010847119610120379,-1.5683587922479887,-0.03405660485743134,1.5493516591150176,0.10289999842643738,0.40549999475479126,1.6497999429702759,-1.5707963267948966,0.0,1.5707963267948966,0.09882422793973376,-0.16064135400160293,1.7366255365683316
0.09388034355471728,0.38827866349939777,1.623744978998841,0.0010962645067845052,-0.0013870618410394052,0.0010242198461399947,-1.56820993697173,-0.034123466202393704,1.549478328581244,0.10289999842643738,0.40549999475479126,1.6497999429702759,-1.5707963267948966,0.0,1.5707963267948966,0.09894118490824833,-0.16066962573299004,1.7367216739439972
0.09383066787799328,0.3881229592716453,1.6237885317045184,0.0003280554629220184,-0.001581021618767902,0.0008265892433932983,-1.5680563085277193,-0.034169746426280234,1.5496314299468017,0.10289999842643738,0.40549999475479126,1.6497999429702759,-1.5707963267948966,0.0,1.5707963267948966,0.09905980942687619,-0.16069538158626992,1.7368165858430948
0.09377214462489528,0.3879651921184156,1.6238345213842096,0.00016951303978009067,-0.0018705430930694028,0.0005313594849772814,-1.5678976056969625,-0.0341868193796282,1.549797617788139,0.10289999842643738,0.40549999475479126,1.6497999429702759,-1.5707963267948966,0.0,1.5707963267948966,0.09918045407569731,-0.16071923040118025,1.7369098464125885
0.09369986064968816,0.3878036855478033,1.62388132225861,0.0006978533812596178,-0.0022891674516839675,0.0002945213070676953,-1.5677153226394343,-0.03415285713387117,1.5499722199932868,0.10289999842643738,0.40549999475479126,1.6497999429702759,-1.5707963267948966,0.0,1.5707963267948966,0.09930369859053391,-0.16074138637147076,1.7370020936698125
0.0936160523762085,0.38764326827425727,1.6239246348401006,0.0015063412903962646,-0.002577174759971289,0.0003967372416695867,-1.5675115116322964,-0.034110698813527573,1.5501455828335942,0.10289999842643738,0.40549999475479126,1.6497999429702759,-1.5707963267948966,0.0,1.5707963267948966,0.09942922293017471,-0.160762487136413,1.7370939754877344
0.09352747367281103,0.38748669403596614,1.623966112813436,0.0017375517015687843,-0.00258439391438153,0.0006952818939470187,-1.5672876085169065,-0.03407030918934417,1.5503182699188156,0.10289999842643738,0.40549999475479126,1.6497999429702759,-1.5707963267948966,0.0,1.5707963267948966,0.09955585918834658,-0.16078262289073805,1.7371848392578184
0.09343517242459182,0.38733068150032607,1.624014331130455,0.001414811377473265,-0.0024374921032585353,0.0008918092741543003,-1.5670293580382704,-0.03400521177691296,1.5505052740627638,0.10289999842643738,0.40549999475479126,1.6497999429702759,-1.5707963267948966,0.0,1.5707963267948966,0.09969594366040865,-0.1608029006113552,1.7372826494689784
0.09333944658498645,0.38717565681017785,1.6240692517488655,0.0009800444972067855,-0.0022608555022335347,0.0009629364349805831,-1.5667692789802472,-0.03393335368519468,1.5507101855348409,0.10289999842643738,0.40549999475479126,1.6497999429702759,-1.5707963267948966,0.0,1.5707963267948966,0.09981125874696913,-0.16081796912360785,1.7373603361017087
0.09322065920357944,0.38698980115670367,1.6241424466430618,0.0011801470818372077,-0.0017839525706918311,0.0012276250907916424,-1.5664664781793667,-0.03384396210138085,1.5509736723787326,0.10289999842643738,0.40549999475479126,1.6497999429702759,-1.5707963267948966,0.0,1.5707963267948966,0.09997869950616306,-0.16083726480029156,1.7374667621488498
0.09312284924748965,0.3868304652854896,1.624204895683773,0.002245498447416388,-0.0012372839909066803,0.0013924923482584387,-1.5662032535460035,-0.03374428714329891,1.551195438726653,0.10289999842643738,0.40549999475479126,1.6497999429702759,-1.5707963267948966,0.0,1.5707963267948966,0.10009436300980039,-0.16084864261958307,1.7375382027213888
0.09304600404188473,0.38670193951904286,1.6242503537428592,0.0035132650223318844,-0.0008849291477269319,0.0014749212167226577,-1.5659962716127485,-0.03367269735460798,1.5513680400459948,0.10289999842643738,0.40549999475479126,1.6497999429702759,-1.5707963267948966,0.0,1.5707963267948966,0.10019721048379637,-0.16085780273969363,1.7376015254200865
0.09295624918032806,0.3865443960817833,1.6242997490891642,0.004385243264415498,-0.0006308296818873593,0.0016762554618196652,-1.5657585839337298,-0.03361287852265793,1.5515751470121777,0.10289999842643738,0.40549999475479126,1.6497999429702759,-1.5707963267948966,0.0,1.5707963267948966,0.10032538284095145,-0.1608684213802882,1.7376801544215348
0.09286571631810281,0.38637299199980446,1.6243544360326452,0.004117007582286312,-0.0006053943408751895,0.0017147874452489828,-1.565498483824573,-0.033541301080562747,1.5518144064051054,0.10289999842643738,0.40549999475479126,1.6497999429702759,-1.5707963267948966,0.0,1.5707963267948966,0.10046567337327643,-0.16087848055260012,1.7377650121307735
0.09279632056817619,0.3862340151926841,1.6244019518077888,0.0037711949748454546,-0.0007356155159598575,0.0015538746259834493,-1.5653082658265232,-0.03348807372583851,1.5520178638205226,0.10289999842643738,0.40549999475479126,1.6497999429702759,-1.5707963267948966,0.0,1.5707963267948966,0.10058033234673688,-0.16088530186393488,1.7378319299145608
0.09271813024429534,0.38608363433564796,1.6244523197882133,0.003963438028506871,-0.001052253132715448,0.0010586569143646992,-1.565119225648152,-0.03343156611182874,1.5522425200729169,0.10289999842643738,0.40549999475479126,1.6497999429702759,-1.5707963267948966,0.0,1.5707963267948966,0.10070852247038974,-0.16089202186549842,1.7379042552142872
0.09263883389303956,0.38595010761026743,1.624496858882285,0.00440652213506563,-0.0014149531443954629,0.000785394194449017,-1.5649458884895242,-0.03335074952236816,1.5524512051614248,0.10289999842643738,0.40549999475479126,1.6497999429702759,-1.5707963267948966,0.0,1.5707963267948966,0.10083864967864987,-0.1608979828510504,1.7379774836088975
0.09254649833043839,0.3858041422828655,1.6245445079133938,0.004913715596623752,-0.001798586905679592,0.000814197428421574,-1.5647633811401775,-0.033259836776103224,1.5526835007063642,0.10289999842643738,0.40549999475479126,1.6497999429702759,-1.5707963267948966,0.0,1.5707963267948966,0.10095660934337175,-0.16090269662333767,1.7380451596643092
0.09244962925339015,0.3856574566776298,1.624592833587538,0.00493066633299736,-0.00220669421564373,0.0007217435795917102,-1.5646089011248279,-0.03318134068477274,1.5529222392797009,0.10289999842643738,0.40549999475479126,1.6497999429702759,-1.5707963267948966,0.0,1.5707963267948966,0.10108840180330367,-0.16090669876471755,1.7381188545661554
0.0923212339144703,0.3854777040539962,1.6246511547937008,0.00437263527715539,-0.002364895464415527,0.0006755562687188033,-1.5644182744895987,-0.033070135591174665,1.553218952471621,0.10289999842643738,0.40549999475479126,1.6497999429702759,-1.5707963267948966,0.0,1.5707963267948966,0.10124829734411421,-0.16090950689931846,1.7382034716900925
0.09220872485794386,0.3853230618334523,1.6247018368543047,0.003970182810009095,-0.0021743011499558706,0.0009387332677487806,-1.564262103752547,-0.03297146878518653,1.5534899401055116,0.10289999842643738,0.40549999475479126,1.6497999429702759,-1.5707963267948966,0.0,1.5707963267948966,0.10138236873598062,-0.16090974841588,1.738269829053725
0.09209042286510866,0.3851481860441024,1.624755685319363,0.0038187652410034537,-0.001764233763462255,0.0014056860521693578,-1.564120126413421,-0.03289062085920147,1.5538304814578106,0.10289999842643738,0.40549999475479126,1.6497999429702759,-1.5707963267948966,0.0,1.5707963267948966,0.10152920159039516,-0.16090767962339592,1.7383403308152223
0.09200937327658312,0.3850184830382977,1.6247931012525352,0.003678639820201832,-0.0013938562499401423,0.0015605668601764704,-1.5640206838308097,-0.03283220969215339,1.5541033565546112,0.10289999842643738,0.40549999475479126,1.6497999429702759,-1.5707963267948966,0.0,1.5707963267948966,0.10163527576231841,-0.1609046876913563,1.7383922750032854
0.0919220072238376,0.38487266522387686,1.624832581317619,0.0035433291671954567,-0.0009191310896374093,0.001782502396766226,-1.563893636152211,-0.032767694442715545,1.554428554122924,0.10289999842643738,0.40549999475479126,1.6497999429702759,-1.5707963267948966,0.0,1.5707963267948966,0.10175409253266579,-0.16090018812311127,1.738451136992116
0.09182948797291132,0.3846993951831843,1.624871522805968,0.0037837432906120435,-0.0003588994883080774,0.0020376314556346236,-1.5637448181749025,-0.03272455078836911,1.554827856693068,0.10289999842643738,0.40549999475479126,1.6497999429702759,-1.5707963267948966,0.0,1.5707963267948966,0.10189739544764284,-0.16089344937555386,1.7385241141415613
0.09174721860389137,0.3845332112512003,1.6248931683738077,0.0033899191795938575,-3.165559295734872e-05,0.0018483524311260788,-1.5635780074716583,-0.03270375256461655,1.5551911033984576,0.10289999842643738,0.40549999475479126,1.6497999429702759,-1.5707963267948966,0.0,1.5707963267948966,0.10203939458451323,-0.16088581206522332,1.7385995092717388
0.09166713069230982,0.38437234672122667,1.6249089826171104,0.001750664961236781,-4.501883408990353e-05,0.0014241949340374528,-1.5633909553932528,-0.03268295912085861,1.5555140490046186,0.10289999842643738,0.40549999475479126,1.6497999429702759,-1.5707963267948966,0.0,1.5707963267948966,0.10218129741063543,-0.16087697222508812,1.7386729237319505
0.0916067492721297,0.38425738298103096,1.624921196369642,0.0005073725498185616,-0.00032068523464095876,0.0011599476098637944,-1.5632615966106032,-0.03266835557980485,1.5557329849651436,0.10289999842643738,0.40549999475479126,1.6497999429702759,-1.5707963267948966,0.0,1.5707963267948966,0.10228500491290342,-0.16086955993219043,1.738724885515116
0.09153634169361667,0.38412689417987467,1.624934424388841,-0.0003855537678857196,-0.0006728190849428295,0.0009741003169853852,-1.5631145991938322,-0.03263097795527159,1.5559704026403474,0.10289999842643738,0.40549999475479126,1.6497999429702759,-1.5707963267948966,0.0,1.5707963267948966,0.10240206722407587,-0.16086000131378111,1.7387827702124696
0.09145535120429035,0.38397987044948567,1.624946301431687,-0.0009736023403798963,-0.0009423764385481405,0.0009235585895390522,-1.5629366916725174,-0.03255796858726079,1.5562204008976654,0.10289999842643738,0.40549999475479126,1.6497999429702759,-1.5707963267948966,0.0,1.5707963267948966,0.10254565007792626,-0.16084674295332171,1.7388520229473152
0.09135756527878794,0.38380224212671754,1.6249539887449598,-0.0011385975728524043,-0.0011932828183028172,0.0008926527802798357,-1.5627216068344598,-0.032457961121254986,1.556507789130515,0.10289999842643738,0.40549999475479126,1.6497999429702759,-1.5707963267948966,0.0,1.5707963267948966,0.10270225891450031,-0.16083048951635498,1.7389236863444673
0.09128202484872686,0.38366942627805944,1.6249537725429402,-0.0009045301244592976,-0.0014048249148217585,0.00077251680133562,-1.5625644019500848,-0.032374286589080814,1.556728022355087,0.10289999842643738,0.40549999475479126,1.6497999429702759,-1.5707963267948966,0.0,1.5707963267948966,0.10280683179699242,-0.16081888850866963,1.7389682499370809
0.09119271344599729,0.3835209448767315,1.624947548471548,-0.00035667737556971743,-0.0017558101984844509,0.000562179267463134,-1.562392702541633,-0.032247407070219225,1.5569685641716706,0.10289999842643738,0.40549999475479126,1.6497999429702759,-1.5707963267948966,0.0,1.5707963267948966,0.10293825231237065,-0.16080367521293712,1.7390202581110403
0.09109796019681543,0.3833751556595454,1.6249323244589797,-0.0001447242483634542,-0.0020901681397329647,0.0004853087731729167,-1.5622332327928188,-0.032096291117476916,1.5571860105924054,0.10289999842643738,0.40549999475479126,1.6497999429702759,-1.5707963267948966,0.0,1.5707963267948966,0.10307055830445852,-0.16078805559994805,1.7390690546733067
0.09099968401526895,0.3832305654923519,1.6249115931606877,-0.0006216635654829068,-0.0023719042178928424,0.0005997944696506561,-1.562085035415359,-0.03193287590117677,1.5574002739133357,0.10289999842643738,0.40549999475479126,1.6497999429702759,-1.5707963267948966,0.0,1.5707963267948966,0.10320327623413467,-0.16077151208536297,1.7391133567049377
0.09088880673307989,0.38307069744721445,1.624889944615924,-0.0019224154485090377,-0.0026407784974906896,0.00048770704300657376,-1.5618861782676088,-0.03174382900979422,1.5576545786848477,0.10289999842643738,0.40549999475479126,1.6497999429702759,-1.5707963267948966,0.0,1.5707963267948966,0.10334941809319478,-0.16075171444446923,1.739155493192827
0.09079033602233359,0.38293709524591907,1.62487368009601,-0.003020232914042414,-0.002777564263055853,0.00023307489459842154,-1.561700065850213,-0.03158347521212779,1.557887973919685,0.10289999842643738,0.40549999475479126,1.6497999429702759,-1.5707963267948966,0.0,1.5707963267948966,0.10347011702384439,-0.16073401641816285,1.7391862196746108
0.09067207183021318,0.3827857261625606,1.6248567522982913,-0.0033968201698302,-0.002800782810104749,0.00014631282215335994,-1.5614981775887868,-0.03141048365501309,1.5581615594592881,0.10289999842643738,0.40549999475479126,1.6497999429702759,-1.5707963267948966,0.0,1.5707963267948966,0.10360572968929489,-0.16071289271798983,1.7392177133727122
0.09054897291746726,0.38263018611572025,1.6248342610535604,-0.002201907064918455,-0.0027049637937131277,0.00035093363162718946,-1.5612895340283544,-0.03122139400230406,1.5584395694475794,0.10289999842643738,0.40549999475479126,1.6497999429702759,-1.5707963267948966,0.0,1.5707963267948966,0.10374190248511644,-0.16069045860967193,1.7392479402109857
0.09042543176919547,0.38247024187652934,1.6248038130616416,-0.0013529825969968712,-0.002584322947972817,0.0006623916237480604,-1.5610792649402299,-0.031018078059771526,1.5587083810749138,0.10289999842643738,0.40549999475479126,1.6497999429702759,-1.5707963267948966,0.0,1.5707963267948966,0.10387774048087937,-0.16066682755949285,1.7392772353512789
0.09030777372625247,0.3823067893757178,1.6247788149803,-0.0017403713764098823,-0.0024499793150920793,0.0009596172515289411,-1.5608977341341717,-0.030835932427578427,1.5589813380676336,0.10289999842643738,0.40549999475479126,1.6497999429702759,-1.5707963267948966,0.0,1.5707963267948966,0.10401265432704769,-0.1606415699091301,1.7393045563234912
0.09019476690256024,0.38214026661807077,1.6247612038321544,-0.0027109271466074247,-0.002364790036688142,0.00076252172427466,-1.5607234668088605,-0.030665145340653233,1.5592648660734372,0.10289999842643738,0.40549999475479126,1.6497999429702759,-1.5707963267948966,0.0,1.5707963267948966,0.10414682991000443,-0.16061451291247186,1.739330669600705
0.09007381938347603,0.38196737880504106,1.6247533708937916,-0.0035408865146708737,-0.0022885034551572126,0.00024653174597127886,-1.5605280298761812,-0.030472885886580148,1.5595691865924295,0.10289999842643738,0.40549999475479126,1.6497999429702759,-1.5707963267948966,0.0,1.5707963267948966,0.10429586732221553,-0.16058247898611983,1.7393587762545197
0.08992996966105571,0.3817695512311142,1.6247525333926265,-0.003002578470288428,-0.0021581920292858387,0.0001602949199418822,-1.5603170604117584,-0.03025154329744506,1.5599312460692165,0.10289999842643738,0.40549999475479126,1.6497999429702759,-1.5707963267948966,0.0,1.5707963267948966,0.10444663601989414,-0.16054832575490247,1.739388690316284
0.08981202078460422,0.3816044703845626,1.6247517293724385,-0.0014282385032945045,-0.0021300631229402315,0.0005208621609900298,-1.5601434432944348,-0.030069805453531107,1.5602416155688028,0.10289999842643738,0.40549999475479126,1.6497999429702759,-1.5707963267948966,0.0,1.5707963267948966,0.10456962459571259,-0.16051931948338335,1.739415345230565
0.08968748805944596,0.3814196622447949,1.624743246778004,0.0009044352766545241,-0.0022443827223363223,0.0007167864780524914,-1.5599486871337047,-0.029854488084195552,1.5605762330584172,0.10289999842643738,0.40549999475479126,1.6497999429702759,-1.5707963267948966,0.0,1.5707963267948966,0.10469125991590898,-0.16048965345852423,1.7394456445532656
0.08956019110712447,0.38123472995535734,1.6247237300383401,0.0022956422290874566,-0.002380366332326872,0.00037692583026781214,-1.5597668657646722,-0.029634819056136408,1.5608880041202422,0.10289999842643738,0.40549999475479126,1.6497999429702759,-1.5707963267948966,0.0,1.5707963267948966,0.10482640796548298,-0.16045608827592683,1.7394840641337599
0.08942433559093847,0.38105042268272327,1.6247035501451035,0.0018913529024484326,-0.0023995979663789893,0.00010427882578214597,-1.5595790286263858,-0.029391541805126042,1.5611898752458933,0.10289999842643738,0.40549999475479126,1.6497999429702759,-1.5707963267948966,0.0,1.5707963267948966,0.10496242888387389,-0.16042161476757372,1.7395238822400316
0.08928033273562169,0.3808643261197804,1.6246920228376214,0.0009168025799829548,-0.0023301659320932454,5.556745442271692e-07,-1.559362385826091,-0.029099608168560387,1.5615003464307513,0.10289999842643738,0.40549999475479126,1.6497999429702759,-1.5707963267948966,0.0,1.5707963267948966,0.10509913501552876,-0.16038557241172022,1.7395617326700339
0.0891317086744756,0.3806783596471679,1.6246861015238043,0.0004513400839929427,-0.0021329601328784896,0.0001602366488005663,-1.5591474451138323,-0.02877881029809526,1.5618128615619997,0.10289999842643738,0.40549999475479126,1.6497999429702759,-1.5707963267948966,0.0,1.5707963267948966,0.10523618435285947,-0.16034813952350732,1.7395953374228612
0.08898844984210029,0.3804972539123568,1.6246751174038223,0.0008104721441578897,-0.001747062550556974,0.0006790484190412911,-1.5589596861841823,-0.02846225735436736,1.5621102427351954,0.10289999842643738,0.40549999475479126,1.6497999429702759,-1.5707963267948966,0.0,1.5707963267948966,0.10537223330754111,-0.16030988254448741,1.7396266700166134
0.08885829002478442,0.3803213429879144,1.6246529391413225,0.0013993691413525795,-0.001370220717849247,0.0011077100539512224,-1.5587765478571876,-0.028149839034244728,1.5623888763558686,0.10289999842643738,0.40549999475479126,1.6497999429702759,-1.5707963267948966,0.0,1.5707963267948966,0.10550579372452261,-0.16027070861676918,1.739660700990018
0.08872947392157896,0.3801316551029843,1.6246135005476645,0.0011186925423595144,-0.0010030394003696138,0.0012269000080319236,-1.5586043890014736,-0.027835782508952356,1.5626724107220162,0.10289999842643738,0.40549999475479126,1.6497999429702759,-1.5707963267948966,0.0,1.5707963267948966,0.10565001473328654,-0.1602261275445457,1.7397032522029412
0.08863133055194214,0.379974386740604,1.6245812101168466,-1.9299861961073904e-05,-0.0008120006946130507,0.0009490498229626564,-1.5584652122208724,-0.02760430863075447,1.5629045988449428,0.10289999842643738,0.40549999475479126,1.6497999429702759,-1.5707963267948966,0.0,1.5707963267948966,0.10576644492826519,-0.16018774706778305,1.7397374121275064
0.08851934028340935,0.3797972033322142,1.6245526909182266,-0.0010714540425348152,-0.0007378331065735741,0.0003883929408357674,-1.5582791229312998,-0.02734695012683508,1.5631772719024237,0.10289999842643738,0.40549999475479126,1.6497999429702759,-1.5707963267948966,0.0,1.5707963267948966,0.10589600346285327,-0.16014339292794796,1.7397731501463292
0.08840123554857901,0.37961619554450315,1.624524428720139,-0.0012148506570316302,-0.0006666738730506129,8.887710903138128e-05,-1.5580561016606085,-0.02710773186503257,1.5634525486287356,0.10289999842643738,0.40549999475479126,1.6497999429702759,-1.5707963267948966,0.0,1.5707963267948966,0.10602615995806308,-0.1600973372494259,1.7398096196577062
0.0882800783220219,0.37943344881135477,1.624489604139594,-0.0009296660250623693,-0.0006182452553900886,-8.083074018795227e-06,-1.5578205531598464,-0.026893717573573728,1.5637196976527796,0.10289999842643738,0.40549999475479126,1.6497999429702759,-1.5707963267948966,0.0,1.5707963267948966,0.10615637258298968,-0.16004994209458945,1.7398465467444617
0.0881559247982721,0.3792511497983381,1.6244496709335765,-0.0004883172537668005,-0.0006933557572689141,-6.788323846417808e-05,-1.5575630257023305,-0.026676506927165722,1.5639855961911806,0.10289999842643738,0.40549999475479126,1.6497999429702759,-1.5707963267948966,0.0,1.5707963267948966,0.10628639102092534,-0.16000157182373204,1.739880407812905
0.08804363404501586,0.3790885218862347,1.6244090532401765,-0.0002048093175627585,-0.0008580832739809406,8.748003023397393e-05,-1.5573327456143262,-0.026483697774674297,1.5642241725296409,0.10289999842643738,0.40549999475479126,1.6497999429702759,-1.5707963267948966,0.0,1.5707963267948966,0.10641593352809584,-0.15995243624571764,1.7399090250422216
0.08791709990526585,0.3788979155331502,1.6243580951721772,-0.000685274004385207,-0.0010158248216643392,0.0005235525362318503,-1.557082090486229,-0.02628834614321196,1.564507802546575,0.10289999842643738,0.40549999475479126,1.6497999429702759,-1.5707963267948966,0.0,1.5707963267948966,0.10654370051072574,-0.15990271897787836,1.7399325375950545
0.08781488371671896,0.37873376701732714,1.624309340166849,-0.000501854416111712,-0.0011604341265946511,0.0006457595905364138,-1.556859609383688,-0.02613968473877648,1.5647596634316028,0.10289999842643738,0.40549999475479126,1.6497999429702759,-1.5707963267948966,0.0,1.5707963267948966,0.10666926469412301,-0.1598524960952019,1.7399541154632312
0.08772017186048717,0.378577169939098,1.6242509529766698,-1.0362088423395269e-05,-0.0012070484168225995,0.0005294850239408523,-1.5566421336098464,-0.0260248645740635,1.5649968161219825,0.10289999842643738,0.40549999475479126,1.6497999429702759,-1.5707963267948966,0.0,1.5707963267948966,0.10679333013284394,-0.15980193465565282,1.7399745520351286
0.08762938577726305,0.37842290154765823,1.624186903929196,0.00032226281486637736,-0.0012454521907489312,0.0003391661467662265,-1.556437203580444,-0.02593333148050503,1.5652320730920217,0.10289999842643738,0.40549999475479126,1.6497999429702759,-1.5707963267948966,0.0,1.5707963267948966,0.10691618178241923,-0.15975036370643383,1.7399909682720092
0.08753981073609489,0.3782703284580215,1.624116251598561,0.0006440329108122806,-0.0012999848528265758,0.00011495303682987104,-1.5562405753865214,-0.02582562352014417,1.5654554996962735,0.10289999842643738,0.40549999475479126,1.6497999429702759,-1.5707963267948966,0.0,1.5707963267948966,0.10703819065145644,-0.1596978757984602,1.740003098985768
0.0874310300837129,0.3780904826506322,1.6240239731142307,0.0011525860945756558,-0.00131067704918652,-0.0002988811052835724,-1.5560116247306495,-0.02568667261715296,1.5656932642787857,0.10289999842643738,0.40549999475479126,1.6497999429702759,-1.5707963267948966,0.0,1.5707963267948966,0.1071842169781398,-0.15963388970696202,1.7400119740020223
0.08734464433564117,0.37795755363187744,1.6239454428873659,0.0018054960042447905,-0.0011820084313877905,-0.00047921973806035607,-1.5558477282688161,-0.025579558718778372,1.5658418909468723,0.10289999842643738,0.40549999475479126,1.6497999429702759,-1.5707963267948966,0.0,1.5707963267948966,0.10729411203567565,-0.15958528355668927,1.7400167494751961
0.08726503297515946,0.37783698531355436,1.623869575153278,0.002237411900133991,-0.0010059381726715505,-0.0006097894072571742,-1.5556837947953974,-0.025467636041430985,1.5659713943625488,0.10289999842643738,0.40549999475479126,1.6497999429702759,-1.5707963267948966,0.0,1.5707963267948966,0.10739175216684706,-0.15954115860204587,1.7400199517106183
0.08715794373820519,0.3776835235077027,1.6237708968700575,0.002183736942869599,-0.0008282401852132914,-0.0007943566943780797,-1.5554505893789556,-0.025304207828339198,1.5661418459279461,0.10289999842643738,0.40549999475479126,1.6497999429702759,-1.5707963267948966,0.0,1.5707963267948966,0.1075143681566682,-0.15948479279398767,1.740021327584986
0.08704494922305023,0.3775317205046387,1.6236687488339903,0.0014547364869829764,-0.0006647611767207596,-0.0008260578396764108,-1.5552062468867822,-0.02514963804861603,1.5663128444730297,0.10289999842643738,0.40549999475479126,1.6497999429702759,-1.5707963267948966,0.0,1.5707963267948966,0.10763733671064592,-0.1594274004670272,1.740019098130376
0.08692705657346238,0.37738202605429344,1.6235703124756107,0.00046501599133940476,-0.00048460618371276267,-0.0007001089330662492,-1.5549410228334097,-0.025008532212237533,1.5664884907369634,0.10289999842643738,0.40549999475479126,1.6497999429702759,-1.5707963267948966,0.0,1.5707963267948966,0.10776041985589833,-0.1593688800768328,1.7400103033131133
0.08679706017121382,0.37721754853173406,1.6234629112591987,0.00028062458408011743,-0.00043007101109180447,-0.000548120321079673,-1.5546262802326334,-0.02485704269781941,1.566679994977076,0.10289999842643738,0.40549999475479126,1.6497999429702759,-1.5707963267948966,0.0,1.5707963267948966,0.10789493031937678,-0.15930297412317768,1.7399946581645502
0.08669009011162493,0.37708475693957155,1.6233667909193663,0.0007812835679325812,-0.0005470468448789866,-0.0005483325708541609,-1.5543686007098845,-0.024745506451529398,1.566825755179489,0.10289999842643738,0.40549999475479126,1.6497999429702759,-1.5707963267948966,0.0,1.5707963267948966,0.10801658151715146,-0.15924214634193268,1.73997796389776
0.08655661987379436,0.37692438000469347,1.6232367539299764,0.0016936292593957662,-0.0007659009428399305,-0.0006476541091331972,-1.5540458134489368,-0.024613029016988364,1.5669987470479048,0.10289999842643738,0.40549999475479126,1.6497999429702759,-1.5707963267948966,0.0,1.5707963267948966,0.10813777977651741,-0.1591806297827914,1.739958352382506
0.08641855423057346,0.3767658474911102,1.6230962823413984,0.0017217386040109268,-0.0009726775988943639,-0.0005419161229420178,-1.5537135535054423,-0.02445993371552735,1.5671758966481315,0.10289999842643738,0.40549999475479126,1.6497999429702759,-1.5707963267948966,0.0,1.5707963267948966,0.10827070463066066,-0.1591121421348548,1.739932872926585
0.08630903409541096,0.3766389992451282,1.6229811005679025,0.0011346433440420941,-0.001112660201621735,-0.00030036059589561454,-1.553460783119849,-0.02434553822932406,1.567324138202729,0.10289999842643738,0.40549999475479126,1.6497999429702759,-1.5707963267948966,0.0,1.5707963267948966,0.1083782403987988,-0.15905516855790164,1.7399092825235012
0.08619455422362539,0.37650270184664425,1.6228539977424106,0.0007519926304827085,-0.0013068048395064593,-1.2713819725623184e-05,-1.553193843351855,-0.024234633251898785,1.567482523526631,0.10289999842643738,0.40549999475479126,1.6497999429702759,-1.5707963267948966,0.0,1.5707963267948966,0.10849585072758329,-0.1589909487957022,1.7398817442251384
0.08607112322267259,0.3763457364082747,1.6227003498069092,0.0010201674014947042,-0.001439948288582379,0.00030281755356915865,-1.5528698469090405,-0.024109638828089253,1.567651275851166,0.10289999842643738,0.40549999475479126,1.6497999429702759,-1.5707963267948966,0.0,1.5707963267948966,0.1086336233243124,-0.1589128727877948,1.7398494845308714
0.08597416753343105,0.376208817054989,1.6225603500374943,0.0011768348616313987,-0.001422335129995623,0.0003259168308670103,-1.5525896684723752,-0.02403412984634201,1.5677838507845663,0.10289999842643738,0.40549999475479126,1.6497999429702759,-1.5707963267948966,0.0,1.5707963267948966,0.10875649188008078,-0.15884049003295225,1.7398211756239064
0.08590181032246075,0.3761012008582691,1.622448362300895,0.0014873412846247768,-0.0012718708023670275,0.0001584285105183567,-1.5523608634864543,-0.02399011847116972,1.5678710752277942,0.10289999842643738,0.40549999475479126,1.6497999429702759,-1.5707963267948966,0.0,1.5707963267948966,0.10885518000686183,-0.1587806989069021,1.7397972348707578
0.0858404667564287,0.37601048207038595,1.6223443321526243,0.002167218647300456,-0.00101487292320016,2.387556073130121e-05,-1.552145617699163,-0.023945830342363195,1.5679243724510135,0.10289999842643738,0.40549999475479126,1.6497999429702759,-1.5707963267948966,0.0,1.5707963267948966,0.1089418895860583,-0.15872752970187212,1.7397759520306595
0.08576895601584811,0.37589749754390445,1.6222128764246089,0.002344935096159032,-0.0005819351660954271,-0.00010142499148235806,-1.5518748765944392,-0.023883445367296474,1.5679850073718535,0.10289999842643738,0.40549999475479126,1.6497999429702759,-1.5707963267948966,0.0,1.5707963267948966,0.10904870068426464,-0.1586601534568673,1.739748349681774
0.08570189542655159,0.375785677959559,1.6220845484109887,0.0018405806128179302,-0.0001785432051398509,-0.0003072081758894913,-1.5516161434850506,-0.023827989495979196,1.5680516584815787,0.10289999842643738,0.40549999475479126,1.6497999429702759,-1.5707963267948966,0.0,1.5707963267948966,0.10915433121868147,-0.15859170246457657,1.739718387365362
0.08563806900716488,0.3756796494596241,1.6219570876264282,0.0009713938298416394,0.0002294723760873414,-0.0005607213053340042,-1.551361374579705,-0.023774457715645347,1.5681080666390497,0.10289999842643738,0.40549999475479126,1.6497999429702759,-1.5707963267948966,0.0,1.5707963267948966,0.10925930491900614,-0.15852273867788394,1.739687148212581
0.08556844040654496,0.3755709979364809,1.621817328265296,-0.00014023151945788862,0.0005373650339529031,-0.0005855938622655611,-1.551069204775818,-0.023726765892003954,1.568152023733923,0.10289999842643738,0.40549999475479126,1.6497999429702759,-1.5707963267948966,0.0,1.5707963267948966,0.10937442905780519,-0.15844630107436933,1.7396524717036486
0.08551686688937128,0.3754881273117346,1.6216994168282444,-0.0005886117131991235,0.0006239857538205058,-0.0006019994819508366,-1.550822248894467,-0.023717954890039472,1.5681680656674581,0.10289999842643738,0.40549999475479126,1.6497999429702759,-1.5707963267948966,0.0,1.5707963267948966,0.10946743319193875,-0.15838312416382638,1.7396256566317512
0.08545866262614468,0.37540015664114,1.621558386883343,-0.00044286469852890215,0.000514820897364827,-0.0008472736027196798,-1.550518151222926,-0.023705734542589063,1.5681615969034373,0.10289999842643738,0.40549999475479126,1.6497999429702759,-1.5707963267948966,0.0,1.5707963267948966,0.10957037322137782,-0.15831239368585923,1.7395993819588418
0.08539841311191224,0.3753156750850201,1.6214074796069855,-0.00023177356604677996,0.00045480571972067777,-0.0009552306995725187,-1.550185802790858,-0.02367145264121806,1.5681365792066717,0.10289999842643738,0.40549999475479126,1.6497999429702759,-1.5707963267948966,0.0,1.5707963267948966,0.1096729981242442,-0.1582411209597994,1.7395771185327447
0.08533726232981644,0.37523264356402897,1.621249604807472,3.3551728611349624e-05,0.0003876793183847495,-0.001021583315487852,-1.5498604429924614,-0.02363511465780732,1.56810392372422,0.10289999842643738,0.40549999475479126,1.6497999429702759,-1.5707963267948966,0.0,1.5707963267948966,0.1097750890193725,-0.15816900906556106,1.7395569372304456
0.0852747072575435,0.3751480651155284,1.6210866715660954,0.00036532103469872354,0.00028908695627447527,-0.0010116503301026267,-1.5495417144186645,-0.02358530845443596,1.568063342223841,0.10289999842643738,0.40549999475479126,1.6497999429702759,-1.5707963267948966,0.0,1.5707963267948966,0.10987657836452464,-0.15809584579976432,1.7395371112717233
0.08521411023646745,0.37506243852560994,1.620923230675815,0.0004142814980955508,0.00029964912684851203,-0.0007013080368544268,-1.5492116972364547,-0.023517914292207287,1.5680179776661147,0.10289999842643738,0.40549999475479126,1.6497999429702759,-1.5707963267948966,0.0,1.5707963267948966,0.10997691249295534,-0.15802161947305457,1.7395163425922435
0.0851584729467666,0.374960705817702,1.6207295578191505,0.00021598507570592303,0.00038569858162803807,-0.0004122201789609934,-1.5488452910801263,-0.023472492629458053,1.56795686308213,0.10289999842643738,0.40549999475479126,1.6497999429702759,-1.5707963267948966,0.0,1.5707963267948966,0.11009401794170845,-0.15793095365895418,1.7394935663608655
0.0851215025898653,0.3748762046290691,1.620570018683104,8.088147063769598e-05,0.0004918988768547384,-0.00043320374837174083,-1.5485567406077063,-0.02345439564624119,1.5678914889386697,0.10289999842643738,0.40549999475479126,1.6497999429702759,-1.5707963267948966,0.0,1.5707963267948966,0.11018963787925432,-0.1578541079406893,1.739478485547489
0.08509438437313964,0.3748002559596656,1.6204287518200189,-0.00011554044785918722,0.0006172682063927164,-0.0005126352452190749,-1.5482953894398261,-0.02344180462579626,1.5678268426201265,0.10289999842643738,0.40549999475479126,1.6497999429702759,-1.5707963267948966,0.0,1.5707963267948966,0.11027422164901253,-0.15778399316575745,1.7394656770944688
0.08507059581152157,0.3747234151472362,1.6202921483660635,-4.2326418210605944e-05,0.0007418509564095005,-0.0007250737226754038,-1.5480475584900641,-0.02343527356513686,1.567764435905543,0.10289999842643738,0.40549999475479126,1.6497999429702759,-1.5707963267948966,0.0,1.5707963267948966,0.11035795378602777,-0.1577129442345019,1.7394522598091624
0.08504631801721664,0.3746392416726176,1.620140133292167,0.0009178412889207349,0.0008816633021791702,-0.0007586332471585991,-1.54778486407988,-0.023438062467844745,1.567686955155266,0.10289999842643738,0.40549999475479126,1.6497999429702759,-1.5707963267948966,0.0,1.5707963267948966,0.11045017431030545,-0.15763345206327997,1.73943782076796
0.08502938590171025,0.3745576567051664,1.6199864455522681,0.002022208278727985,0.0009894584007619361,-0.0006602654243744949,-1.5475294603391474,-0.02344005640476965,1.567599957761823,0.10289999842643738,0.40549999475479126,1.6497999429702759,-1.5707963267948966,0.0,1.5707963267948966,0.1105405755632764,-0.15755358208500345,1.7394248031472415
0.08501833823204735,0.37447983039081045,1.6198329962359554,0.002523665667737682,0.0009979806992949747,-0.0007114506483364509,-1.5472744749492098,-0.023441380220060815,1.5675200079467835,0.10289999842643738,0.40549999475479126,1.6497999429702759,-1.5707963267948966,0.0,1.5707963267948966,0.1106293683328697,-0.15747339855738648,1.7394124086055753
0.08501310427288374,0.3744064586291565,1.6196857938758773,0.002706787618034541,0.0008890212067565789,-0.0008349475796513965,-1.547028957760623,-0.023467324070792106,1.567457371680684,0.10289999842643738,0.40549999475479126,1.6497999429702759,-1.5707963267948966,0.0,1.5707963267948966,0.11071687832377772,-0.15739290086357197,1.7393979467375393
0.08500837104774747,0.3743333096735592,1.6195429833637545,0.002999488025050453,0.0006891370075721011,-0.0012035706811339075,-1.5467793764262023,-0.02348910086866418,1.5674046508756347,0.10289999842643738,0.40549999475479126,1.6497999429702759,-1.5707963267948966,0.0,1.5707963267948966,0.11080371685421699,-0.1573117782455198,1.7393815110090778
0.08499668175017099,0.3742616618976826,1.619399503911649,0.003471304961253253,0.0005009226710772212,-0.0015958449378505144,-1.5465302262139535,-0.023497199928801837,1.5673574696930916,0.10289999842643738,0.40549999475479126,1.6497999429702759,-1.5707963267948966,0.0,1.5707963267948966,0.1108911370084522,-0.15723039240710257,1.7393667888818056
0.08497758162738084,0.3741936913045369,1.619254595451185,0.0037433634943710324,0.00043425959039627087,-0.0017675019110805327,-1.5463043931419775,-0.023515210689547317,1.567314241670454,0.10289999842643738,0.40549999475479126,1.6497999429702759,-1.5707963267948966,0.0,1.5707963267948966,0.110979400775839,-0.15714897293785277,1.7393561715543644
0.08495360934987176,0.374130485201416,1.6191108589110184,0.0034110535571186904,0.0004918219575049738,-0.0015866856233323241,-1.5460954718065412,-0.023541255113514126,1.5672614333424282,0.10289999842643738,0.40549999475479126,1.6497999429702759,-1.5707963267948966,0.0,1.5707963267948966,0.11106794353304972,-0.15706750370179515,1.7393479545419743
0.08493322200382407,0.3740677098845997,1.6189607913008452,0.0023771943073765717,0.0006695749642092132,-0.0007922308091161819,-1.5458542032093368,-0.023589546124561878,1.5671865471364033,0.10289999842643738,0.40549999475479126,1.6497999429702759,-1.5707963267948966,0.0,1.5707963267948966,0.11116360478527616,-0.15697739563334356,1.7393394063387264
0.08493114618440896,0.3740265272213462,1.6188576074915633,0.001752496800466156,0.0007332919171988089,-0.00043974932043506967,-1.5456824902565762,-0.023655746875903105,1.5671269205818277,0.10289999842643738,0.40549999475479126,1.6497999429702759,-1.5707963267948966,0.0,1.5707963267948966,0.11123063706651797,-0.1569111692261858,1.7393366668629437
0.08493551498641658,0.37396164693690714,1.6186929734819089,0.001989264076860216,0.000529670703088911,-0.0006763299314953695,-1.5453925469129959,-0.023758596051412617,1.5670238440565747,0.10289999842643738,0.40549999475479126,1.6497999429702759,-1.5707963267948966,0.0,1.5707963267948966,0.11133714061136514,-0.15680228132405089,1.7393423272987218
0.08493804654304227,0.3739218115630619,1.6185880692093118,0.002317761970672836,0.00036792369779046835,-0.0009753377742822371,-1.5452094131740104,-0.02380659848645461,1.5669519044029958,0.10289999842643738,0.40549999475479126,1.6497999429702759,-1.5707963267948966,0.0,1.5707963267948966,0.11140190389297389,-0.1567347644033089,1.7393506144020032
0.08493446222949205,0.37387034854832724,1.6184585287542965,0.0021131241701392873,0.0003311538700900502,-0.0014986702007964714,-1.5449846574758381,-0.023852610220665316,1.5668574138149702,0.10289999842643738,0.40549999475479126,1.6497999429702759,-1.5707963267948966,0.0,1.5707963267948966,0.1114833536909697,-0.1566496836259513,1.739365004229986
0.08492116415996227,0.37381853515316504,1.6183284779516167,0.0017260512205092698,0.0005280697750416187,-0.0017214729963271407,-1.5447794725428154,-0.023873582773522806,1.566748679209015,0.10289999842643738,0.40549999475479126,1.6497999429702759,-1.5707963267948966,0.0,1.5707963267948966,0.11156587733362032,-0.1565640168802327,1.739385888168421
0.08490085018046524,0.37376524658721055,1.6182030696943013,0.0007057235344449939,0.000805930044234557,-0.0017132428673431706,-1.5445610078960188,-0.023871109996422835,1.5666326923715679,0.10289999842643738,0.40549999475479126,1.6497999429702759,-1.5707963267948966,0.0,1.5707963267948966,0.11164880190716707,-0.15647742552697133,1.739410428882681
0.0848782884832445,0.37371351860144514,1.618100628672674,-0.0001812345725948884,0.0010001564440459483,-0.001654341452952659,-1.544345718333625,-0.023864910817500196,1.566543423494751,0.10289999842643738,0.40549999475479126,1.6497999429702759,-1.5707963267948966,0.0,1.5707963267948966,0.1117317827952102,-0.1563894012021606,1.7394338759701036
0.08484679466854503,0.373643564494516,1.6179814090481621,-0.00021980179649040208,0.0010979857698363443,-0.0015146542158571532,-1.5440810953119124,-0.023854733772361136,1.566445742280878,0.10289999842643738,0.40549999475479126,1.6497999429702759,-1.5707963267948966,0.0,1.5707963267948966,0.11181457649085591,-0.15630002236444288,1.7394552799770449
0.08481761335282183,0.37357530690494595,1.6178762535720788,-0.0001082274395779395,0.00100315238703045,-0.0013053147003355763,-1.5438457407344837,-0.023830837958256357,1.5663575670340102,0.10289999842643738,0.40549999475479126,1.6497999429702759,-1.5707963267948966,0.0,1.5707963267948966,0.11189675194377377,-0.15620970970678788,1.7394744796389983
0.08478961120759912,0.37349752621026927,1.61776681961079,0.00012212529082073086,0.0008275546016291615,-0.0010809328644777,-1.5435989142263693,-0.023796319122949328,1.5662687030976006,0.10289999842643738,0.40549999475479126,1.6497999429702759,-1.5707963267948966,0.0,1.5707963267948966,0.11198601826602166,-0.15610945716608032,1.739493721151921
0.08477091424446481,0.3734309197276731,1.6176759349727712,0.00027603437683327046,0.0008391726968057216,-0.0009694878405752267,-1.543409541754559,-0.02376319203789068,1.566199557973702,0.10289999842643738,0.40549999475479126,1.6497999429702759,-1.5707963267948966,0.0,1.5707963267948966,0.11205797211665584,-0.1560265475109691,1.739509796725824
0.08475487974598289,0.37336473333110365,1.6175845907083792,-0.0001627385285513572,0.0008452102207239943,-0.0010078257280033242,-1.543225156371954,-0.023725844196259338,1.5661270410984227,0.10289999842643738,0.40549999475479126,1.6497999429702759,-1.5707963267948966,0.0,1.5707963267948966,0.11212927007832639,-0.15594312957460868,1.739525713900764
0.08473620919614688,0.373292325086871,1.6174867524071483,-0.0007791668561542921,0.0007495421605977719,-0.0012320141497083785,-1.5430270191516973,-0.023675039711484214,1.5660446772537493,0.10289999842643738,0.40549999475479126,1.6497999429702759,-1.5707963267948966,0.0,1.5707963267948966,0.11220844546347797,-0.15584992222744917,1.7395419242323817
0.08471362129890268,0.3732190761678267,1.617386323325531,-0.0004571817401534753,0.0006319166032777471,-0.001266921122076974,-1.542849348395648,-0.023625918758766407,1.5659549888966515,0.10289999842643738,0.40549999475479126,1.6497999429702759,-1.5707963267948966,0.0,1.5707963267948966,0.11228799572732054,-0.15575614006910748,1.7395588817544538
0.084692858402802,0.37314684534369247,1.6172806324704365,0.00035185860042418084,0.0005158860616765902,-0.0011532882100904359,-1.5426930411951514,-0.023589501753233044,1.565862080247909,0.10289999842643738,0.40549999475479126,1.6497999429702759,-1.5707963267948966,0.0,1.5707963267948966,0.11236689655959428,-0.15566207771042223,1.7395783812225907
0.08467140848946687,0.3730763221703714,1.6171738347578026,0.0005696827918033913,0.0004469783170020962,-0.0011208868299714561,-1.5425334994901576,-0.02355013912268067,1.5657588755936294,0.10289999842643738,0.40549999475479126,1.6497999429702759,-1.5707963267948966,0.0,1.5707963267948966,0.11245319643031557,-0.15555850374485503,1.7396008474471685
0.08464946726662531,0.37299754831691156,1.6170696057652294,-2.8943369769130622e-05,0.0005012285703167512,-0.001083063906697813,-1.5423494946790093,-0.023532852589954523,1.565637145797793,0.10289999842643738,0.40549999475479126,1.6497999429702759,-1.5707963267948966,0.0,1.5707963267948966,0.11253098291396112,-0.15546366590363414,1.7396182060325152
0.08462814150878764,0.37291912075185474,1.6169965948045693,-0.00036909007926595196,0.0006464481961921158,-0.0011362965305412795,-1.5421748964044124,-0.02353078616955795,1.5655371087544792,0.10289999842643738,0.40549999475479126,1.6497999429702759,-1.5707963267948966,0.0,1.5707963267948966,0.11260836350385353,-0.1553675543295099,1.7396302453746137
0.08460442800025311,0.3728323621857981,1.6169442581038362,0.000480093864224967,0.0007293160964985766,-0.0011554868930539147,-1.5419969546002716,-0.02350448532782501,1.5654585419061704,0.10289999842643738,0.40549999475479126,1.6497999429702759,-1.5707963267948966,0.0,1.5707963267948966,0.1126930496431124,-0.15526056530400714,1.7396373724098582
0.08457913312733094,0.37273751817582407,1.6169009889254233,0.00263336236821983,0.0005872626919144683,-0.0012241979839837265,-1.5418362392893665,-0.023467266871770143,1.5654060160692265,0.10289999842643738,0.40549999475479126,1.6497999429702759,-1.5707963267948966,0.0,1.5707963267948966,0.11276190544256509,-0.1551724303375098,1.7396402925180732
0.08454920610456508,0.37263664265402796,1.6168565428684096,0.004599410424309416,0.0003855494050688284,-0.0012930171697639941,-1.5416770740700378,-0.023404887060931134,1.5653761561199127,0.10289999842643738,0.40549999475479126,1.6497999429702759,-1.5707963267948966,0.0,1.5707963267948966,0.11283831927573583,-0.15507425783700926,1.7396427766650446
0.08451560837683747,0.37253147662516783,1.6168153261367497,0.005594607091567366,0.0003505264520102476,-0.0013436949134439772,-1.541508148559086,-0.023303047419680922,1.5653757001593864,0.10289999842643738,0.40549999475479126,1.6497999429702759,-1.5707963267948966,0.0,1.5707963267948966,0.1129145679115556,-0.15497571488148126,1.7396442629507398
0.08447788785245443,0.3724243357462253,1.6167760503197874,0.006037864320877135,0.0004258896024649643,-0.00134412910158165,-1.5413419360558718,-0.023172635954288978,1.5653860418147536,0.10289999842643738,0.40549999475479126,1.6497999429702759,-1.5707963267948966,0.0,1.5707963267948966,0.11299115665685346,-0.1548769290746058,1.7396451121518033
0.08443975341947277,0.37231643313410956,1.6167361885305571,0.0054482259873965015,0.000751496128201422,-0.0011248050375165604,-1.541188201839925,-0.023033242159745004,1.565391001547922,0.10289999842643738,0.40549999475479126,1.6497999429702759,-1.5707963267948966,0.0,1.5707963267948966,0.11306760499277742,-0.15477764642739522,1.7396461509600627
0.08440480661918104,0.3722053945451582,1.6167034913597018,0.004084401643683146,0.0011374375084116535,-0.0008500872184461965,-1.541016373192446,-0.0228922650166532,1.5654112249636087,0.10289999842643738,0.40549999475479126,1.6497999429702759,-1.5707963267948966,0.0,1.5707963267948966,0.11314317548108037,-0.1546771144796608,1.7396469757374666
0.0843749269853531,0.37208908758536646,1.6166799078089347,0.0030169793271817014,0.0015046791226593704,-0.0006469932747858172,-1.5408303660151015,-0.02276119824474332,1.5654570997932393,0.10289999842643738,0.40549999475479126,1.6497999429702759,-1.5707963267948966,0.0,1.5707963267948966,0.113217521849493,-0.15457502807473236,1.7396486684975823
0.0843514602284854,0.37196882160415423,1.61666278192112,0.002405653871811026,0.0017810732261818241,-0.0005540939490342244,-1.540655775797176,-0.022660139100572962,1.5655231821231326,0.10289999842643738,0.40549999475479126,1.6497999429702759,-1.5707963267948966,0.0,1.5707963267948966,0.11329071183380834,-0.1544717450251437,1.739651842118649
0.08433277632715094,0.37184711412642263,1.6166464326653933,0.0024740274207893475,0.0019182054812599879,-0.0006733334353217025,-1.5404883472253526,-0.022573942517703394,1.5655923732174055,0.10289999842643738,0.40549999475479126,1.6497999429702759,-1.5707963267948966,0.0,1.5707963267948966,0.1133631104735109,-0.15436792049720885,1.7396564580603682
0.08431357123699101,0.371722903087667,1.6166275300306419,0.002824960689699266,0.0019362388160262872,-0.0007894055711705387,-1.5403171966602023,-0.02248279143193832,1.565656614908212,0.10289999842643738,0.40549999475479126,1.6497999429702759,-1.5707963267948966,0.0,1.5707963267948966,0.11343537649090966,-0.15426376544067769,1.7396628805421326
0.08429585844448288,0.37159520520521444,1.6166074876319818,0.002976457878342019,0.0018968463735104988,-0.0007745809286762576,-1.5401614115163098,-0.022401792716830293,1.565723604866783,0.10289999842643738,0.40549999475479126,1.6497999429702759,-1.5707963267948966,0.0,1.5707963267948966,0.11350719354814072,-0.15415913240723605,1.7396709556413672
0.08427964010902554,0.37146136805405505,1.6165958363103465,0.002614495006504908,0.0018597499854063212,-0.0007928173060543467,-1.5400191297110237,-0.022332853442066813,1.5658070783266134,0.10289999842643738,0.40549999475479126,1.6497999429702759,-1.5707963267948966,0.0,1.5707963267948966,0.11357845214956672,-0.1540536498956001,1.739677541117501
0.08426247236478145,0.3713229263027089,1.6165954189489038,0.0024463457813173215,0.0018464191788570283,-0.0008468660324898437,-1.5398735545986857,-0.022261366119849857,1.5659108693588915,0.10289999842643738,0.40549999475479126,1.6497999429702759,-1.5707963267948966,0.0,1.5707963267948966,0.11365652695080145,-0.15393700857651885,1.7396817314983384
0.08424582793723957,0.3711839174523802,1.6166046594247665,0.002613988351904277,0.0018763642406902233,-0.0006959633500010887,-1.539739083976612,-0.02220376522790035,1.5660301787941728,0.10289999842643738,0.40549999475479126,1.6497999429702759,-1.5707963267948966,0.0,1.5707963267948966,0.11372009636444948,-0.153841580279154,1.7396829923676798
0.08423740003034395,0.371048644824684,1.6166201975047414,0.002871310492502787,0.001892269429517919,-0.0004630650435204277,-1.539636456725033,-0.022186392073924033,1.5661512909485227,0.10289999842643738,0.40549999475479126,1.6497999429702759,-1.5707963267948966,0.0,1.5707963267948966,0.11378951471127673,-0.15373602957351523,1.739684293328136
0.08423545970925368,0.3709170921900548,1.6166472533359293,0.0024929792835330675,0.0018746626842889138,-0.000505794220329038,-1.5395509186218588,-0.02218808016336382,1.5662868054002772,0.10289999842643738,0.40549999475479126,1.6497999429702759,-1.5707963267948966,0.0,1.5707963267948966,0.11385799570763755,-0.15363098039260964,1.7396861531292416
0.08423557892837578,0.37078764858586655,1.6166922681987272,0.002022302837996627,0.001902365617618204,-0.0006939515489683895,-1.5394838233791417,-0.02222261210829135,1.5664548539246894,0.10289999842643738,0.40549999475479126,1.6497999429702759,-1.5707963267948966,0.0,1.5707963267948966,0.11392637734289277,-0.15352625093351685,1.7396871468073223
0.08423344862842044,0.3706571805713158,1.616755603968281,0.002117978355564389,0.002010541543244951,-0.0009679394849041622,-1.539430924006396,-0.022276248097441886,1.5666590781400556,0.10289999842643738,0.40549999475479126,1.6497999429702759,-1.5707963267948966,0.0,1.5707963267948966,0.11399526284420064,-0.1534216944452363,1.7396876968920398
0.08422296547202585,0.37050890534504993,1.6168395709418673,0.0025707069474987083,0.0022125273247985164,-0.0010643317234327679,-1.539360944305525,-0.02232264725995181,1.5669167709776979,0.10289999842643738,0.40549999475479126,1.6497999429702759,-1.5707963267948966,0.0,1.5707963267948966,0.11407232033620271,-0.153306833426636,1.7396914675209365
0.08421157781305713,0.37037095540824055,1.616926908568865,0.003012502048945298,0.0022515463872375425,-0.001030143254265839,-1.53932341728029,-0.022376785755846562,1.56717085339707,0.10289999842643738,0.40549999475479126,1.6497999429702759,-1.5707963267948966,0.0,1.5707963267948966,0.11414276153996432,-0.15320250267832708,1.7396978979981637
0.08419869870198755,0.3702471035529963,1.617009054331837,0.0035108586290113998,0.0021203214585401,-0.0009976934091012399,-1.5393186811423205,-0.022433528932140234,1.5673999975079227,0.10289999842643738,0.40549999475479126,1.6497999429702759,-1.5707963267948966,0.0,1.5707963267948966,0.11420664236395109,-0.15310912244742245,1.7397052526936183
0.08418314968779235,0.37011232757748436,1.6171065548227688,0.0038212969474610155,0.0018639830354235125,-0.0010108645089971992,-1.5393331355377193,-0.022495001628996647,1.5676524782217682,0.10289999842643738,0.40549999475479126,1.6497999429702759,-1.5707963267948966,0.0,1.5707963267948966,0.11427790087340148,-0.15300621838490275,1.7397138115827289
0.08415800262282312,0.36996901249294334,1.6172164686863923,0.004672880233004872,0.0015613925982799143,-0.0013673590658132887,-1.5393661481153633,-0.02256189997151603,1.5679184427348947,0.10289999842643738,0.40549999475479126,1.6497999429702759,-1.5707963267948966,0.0,1.5707963267948966,0.11435791789122413,-0.1528945485024177,1.739725254968697
0.08412497215953674,0.3698544793751045,1.6173039248155041,0.005264027487325162,0.0013199997350915372,-0.0017884040405759202,-1.5394057401612482,-0.022607490983110434,1.5681294855437988,0.10289999842643738,0.40549999475479126,1.6497999429702759,-1.5707963267948966,0.0,1.5707963267948966,0.11442574927348999,-0.15280445920552593,1.7397391693463178
0.08407489450154189,0.36973624157863694,1.6173949602326083,0.004813019979544226,0.0011455388560457423,-0.001996557457609617,-1.5394415713471126,-0.02261728338812885,1.5683442876081972,0.10289999842643738,0.40549999475479126,1.6497999429702759,-1.5707963267948966,0.0,1.5707963267948966,0.11449649279274193,-0.15271472424983792,1.7397586895920845
0.08400793526751155,0.3695994127869036,1.6175051339720048,0.003964827509518823,0.0011381458445274655,-0.0015970146293812183,-1.5394706394473765,-0.022597462687347303,1.5685929384342154,0.10289999842643738,0.40549999475479126,1.6497999429702759,-1.5707963267948966,0.0,1.5707963267948966,0.11457707635714412,-0.15261479086692126,1.739787178860586
0.08393098117488405,0.36944655630563883,1.6176328683855181,0.003267951971994321,0.0013076233937257971,-0.0010143699959458403,-1.5395088036725313,-0.022574112403344948,1.5688713840058175,0.10289999842643738,0.40549999475479126,1.6497999429702759,-1.5707963267948966,0.0,1.5707963267948966,0.1146665795120422,-0.15250481941776678,1.7398263758502959
0.08386954914299107,0.36931865322788326,1.6177435340497675,0.002675775995046119,0.0015343536404993417,-0.0005311074000998912,-1.5395322435271672,-0.022550108249737022,1.5691033598707762,0.10289999842643738,0.40549999475479126,1.6497999429702759,-1.5707963267948966,0.0,1.5707963267948966,0.11473965336676904,-0.1524146103634387,1.7398648080514647
0.08380462825176838,0.36917054010640415,1.617877530434331,0.00197049317942048,0.0016837183198469539,-0.000338056888790387,-1.539544748026689,-0.02251848541749979,1.5693729730106962,0.10289999842643738,0.40549999475479126,1.6497999429702759,-1.5707963267948966,0.0,1.5707963267948966,0.11482021750395154,-0.15231374283395444,1.7399139966524886
0.08372266810543343,0.36898425992494294,1.6180507681631473,0.0017997483523670827,0.0015507673645615094,-0.00034036205141520584,-1.5395518175888376,-0.02247268528018065,1.5697036303087686,0.10289999842643738,0.40549999475479126,1.6497999429702759,-1.5707963267948966,0.0,1.5707963267948966,0.11491730186073602,-0.15219217796282847,1.7399791963322873
0.08365257836834629,0.36882465093321026,1.6182001569864444,0.0020024450087959954,0.0014439735728268045,-8.59622075883083e-05,-1.539541424964967,-0.022431574403406707,1.5699678232416812,0.10289999842643738,0.40549999475479126,1.6497999429702759,-1.5707963267948966,0.0,1.5707963267948966,0.11499820678150813,-0.15209105157616154,1.7400350869313672
0.08359472688260089,0.36868334920038465,1.6183394916996376,0.002134149183774457,0.0014018292570303714,0.00015159723037637648,-1.5395071263424553,-0.022411067671911145,1.5701952410383027,0.10289999842643738,0.40549999475479126,1.6497999429702759,-1.5707963267948966,0.0,1.5707963267948966,0.11507006486901485,-0.1520007555797732,1.7400853753177392
0.08353534739510654,0.368530188320527,1.6184985642714038,0.0024637232044974152,0.001413674597937306,0.00028372913459948963,-1.5394616622599546,-0.022400623061106906,1.5704435316114662,0.10289999842643738,0.40549999475479126,1.6497999429702759,-1.5707963267948966,0.0,1.5707963267948966,0.11514919370099813,-0.1519014024475248,1.7401420549988376
0.08348180426507883,0.36837982754898,1.6186588537497426,0.002988309146474544,0.001486281419151369,0.00033074548402494357,-1.5394133016597458,-0.02239958132575426,1.5707030544135026,0.10289999842643738,0.40549999475479126,1.6497999429702759,-1.5707963267948966,0.0,1.5707963267948966,0.11523533147201329,-0.15179312200783193,1.7402045303953888
0.0834356076669848,0.3682409849063756,1.618799473189557,0.003488952303142657,0.0016299044548842058,0.0003172360535735681,-1.539366725218762,-0.02237427849520568,1.5709412266932263,0.10289999842643738,0.40549999475479126,1.6497999429702759,-1.5707963267948966,0.0,1.5707963267948966,0.11529764568407719,-0.15171453543607533,1.7402502336015861
0.08338943185121285,0.3680832739715191,1.6189528422924695,0.003460721005192893,0.0018453151095001992,0.0002665886001344109,-1.5393322884052572,-0.022344430011696392,1.5711917104567699,0.10289999842643738,0.40549999475479126,1.6497999429702759,-1.5707963267948966,0.0,1.5707963267948966,0.11537512954603998,-0.1516165167745854,1.7403067232047855
0.08334011774728094,0.3679047695810714,1.6191230256651044,0.00255493416384214,0.002112266387641285,9.090573996725602e-05,-1.5393110903607634,-0.02232174747226967,1.5714594089368972,0.10289999842643738,0.40549999475479126,1.6497999429702759,-1.5707963267948966,0.0,1.5707963267948966,0.1154607919260891,-0.15150876170386185,1.7403671877096922
0.08329573614313823,0.36773683621519526,1.6192844306663152,0.0018698881775853302,0.002202240845874085,7.106985080980648e-05,-1.5392883275796567,-0.022293202785084176,1.5717194939216892,0.10289999842643738,0.40549999475479126,1.6497999429702759,-1.5707963267948966,0.0,1.5707963267948966,0.11553907283870758,-0.15141064430348697,1.74042027855903
0.08325292515396421,0.3675671592982378,1.6194472072899533,0.002112481870941395,0.002062330910520485,8.109792192865798e-05,-1.5392562998233985,-0.022261543478782286,1.571994401802621,0.10289999842643738,0.40549999475479126,1.6497999429702759,-1.5707963267948966,0.0,1.5707963267948966,0.11561741626689488,-0.15131301277765902,1.7404714680522386
0.08321109855587822,0.3673982995791856,1.6196056023235086,0.0030078876902777116,0.001883904694335466,0.00014772220449686454,-1.5392201537200372,-0.022233478436581855,1.572277360592576,0.10289999842643738,0.40549999475479126,1.6497999429702759,-1.5707963267948966,0.0,1.5707963267948966,0.11569576761668778,-0.1512164644884022,1.7405206289995472
0.08317240867733203,0.3672271825779344,1.6197623877391691,0.0037228757247725016,0.0018739572719785914,0.00038164207103293194,-1.5391914726211782,-0.022186845808219946,1.5725813346585156,0.10289999842643738,0.40549999475479126,1.6497999429702759,-1.5707963267948966,0.0,1.5707963267948966,0.11577357281792165,-0.15112065049225018,1.740567313132411
0.08314182919235237,0.3670521306166574,1.6199200224643566,0.003905743598363358,0.0020039709900043696,0.0006052534384877334,-1.539189813574518,-0.022115536740586528,1.5729068484726185,0.10289999842643738,0.40549999475479126,1.6497999429702759,-1.5707963267948966,0.0,1.5707963267948966,0.11585007975116633,-0.15102507491574663,1.7406125816502653
0.08311849445191036,0.3668776881103232,1.6200769987726784,0.0038502635008761605,0.002212788940522542,0.0006465926165166119,-1.539233252106478,-0.022030938019322654,1.5732378884541125,0.10289999842643738,0.40549999475479126,1.6497999429702759,-1.5707963267948966,0.0,1.5707963267948966,0.1159257456262352,-0.1509301331144175,1.740657986901819
0.08310225477070159,0.36670725041256236,1.6202284733794765,0.0041399025614950865,0.002525073106912708,0.0008111933006134383,-1.5393197728775805,-0.021938808928234632,1.573555248328089,0.10289999842643738,0.40549999475479126,1.6497999429702759,-1.5707963267948966,0.0,1.5707963267948966,0.11600072529553045,-0.15083635937526785,1.7407032353408751
0.08309881210966717,0.3665234554120348,1.6203885841034058,0.00429133195340518,0.0031826064675167377,0.0010172656551455318,-1.5394458089380956,-0.02185134310175263,1.5738915817913406,0.10289999842643738,0.40549999475479126,1.6497999429702759,-1.5707963267948966,0.0,1.5707963267948966,0.11608149504007367,-0.15073441082616654,1.740753822965318
0.08310495248643207,0.36637302625907087,1.620518535204173,0.0038448889535789535,0.003643731947780925,0.0008872752826466207,-1.539568062517959,-0.02179308280677894,1.5741612868976929,0.10289999842643738,0.40549999475479126,1.6497999429702759,-1.5707963267948966,0.0,1.5707963267948966,0.11614665012089181,-0.15065147181579894,1.74079582563473
0.08311412251433167,0.3662087273707319,1.6206613816244297,0.00276373829614879,0.004400575889727753,0.00069428589248246,-1.5396972246481515,-0.0217345982128192,1.5744404243666206,0.10289999842643738,0.40549999475479126,1.6497999429702759,-1.5707963267948966,0.0,1.5707963267948966,0.1162191374427105,-0.15056017123542598,1.740843045143383
0.08312727093786194,0.3660471865425547,1.6208064399148112,0.0009038248178354504,0.004791141659683103,0.0007232714972144042,-1.5397940047737744,-0.021693666327136096,1.5746974214027234,0.10289999842643738,0.40549999475479126,1.6497999429702759,-1.5707963267948966,0.0,1.5707963267948966,0.11629879273770229,-0.1504604927776963,1.7408957189036824
0.0831490369382146,0.3658881656107669,1.6209605040761235,-0.0016536482402658766,0.005137456832506322,0.0008416084266633435,-1.5398677158091298,-0.021699792887696745,1.574942261412402,0.10289999842643738,0.40549999475479126,1.6497999429702759,-1.5707963267948966,0.0,1.5707963267948966,0.11636344058613095,-0.15037922512152488,1.740937599041838
0.08317844142191858,0.3657263174656314,1.6211291665962702,-0.003551448266431612,0.005091397521165345,0.0007788757707231455,-1.5399494205659416,-0.021736391056689897,1.57521131852213,0.10289999842643738,0.40549999475479126,1.6497999429702759,-1.5707963267948966,0.0,1.5707963267948966,0.11643488241514575,-0.15028865242691394,1.7409818121548464
0.08321212315848896,0.3655614825243749,1.6213017775214116,-0.0037042013295593527,0.0044762459130732336,0.0006059126194694239,-1.5400628990429783,-0.021782299220491907,1.5754852221426272,0.10289999842643738,0.40549999475479126,1.6497999429702759,-1.5707963267948966,0.0,1.5707963267948966,0.11650644609037428,-0.15019845692204542,1.7410253421443371
0.08324808933245058,0.3653940335815613,1.6214656539196597,-0.002612421843103513,0.003980249083472607,0.0006237700017608332,-1.5402070087738158,-0.021828093576480523,1.5757427758422748,0.10289999842643738,0.40549999475479126,1.6497999429702759,-1.5707963267948966,0.0,1.5707963267948966,0.11657823907894611,-0.15010919893888186,1.7410711317638423
0.08329162423184072,0.36522646003615106,1.6216178711258646,-0.001653065713152676,0.0036509684601385224,0.0008727747026617352,-1.5403530982993752,-0.02188590183482475,1.5759781920837133,0.10289999842643738,0.40549999475479126,1.6497999429702759,-1.5707963267948966,0.0,1.5707963267948966,0.11664927486599101,-0.1500210396231013,1.741120055653243
0.0833438930671586,0.3650625348968549,1.6217628552948196,-0.0017728143870480938,0.0033624806299753815,0.000917613388798977,-1.540496237932768,-0.021963750765095824,1.57618767478093,0.10289999842643738,0.40549999475479126,1.6497999429702759,-1.5707963267948966,0.0,1.5707963267948966,0.11671945054577773,-0.14993410874280114,1.7411712500417074
0.08339961138681455,0.36490368089025976,1.62190525405423,-0.0029004234715399356,0.0031622773077165365,0.0008169834547816382,-1.5406452247986961,-0.022053799139353458,1.5763652529472587,0.10289999842643738,0.40549999475479126,1.6497999429702759,-1.5707963267948966,0.0,1.5707963267948966,0.11679676861125177,-0.14983976295798287,1.7412284978361454
0.08345849764350474,0.3647440300415832,1.6220509905567797,-0.004225218820779655,0.00295145929028349,0.0005884329594007873,-1.5408203190940477,-0.02215081464927593,1.5765280589510393,0.10289999842643738,0.40549999475479126,1.6497999429702759,-1.5707963267948966,0.0,1.5707963267948966,0.11686027725663375,-0.14976274193085717,1.741274471171214
0.08351209278455682,0.3645810129649293,1.6221956391374246,-0.004676276759446168,0.00272374527431732,0.0002510264376047861,-1.5410002965213034,-0.02223755104321068,1.5766773349315955,0.10289999842643738,0.40549999475479126,1.6497999429702759,-1.5707963267948966,0.0,1.5707963267948966,0.1169323985184558,-0.14967740828601728,1.7413260287371755
0.08356161289324408,0.3644163135823866,1.6223321231308883,-0.004952384239774391,0.0025570818830937835,0.000255390196372094,-1.5411827855070475,-0.022314988219642284,1.5768108483606849,0.10289999842643738,0.40549999475479126,1.6497999429702759,-1.5707963267948966,0.0,1.5707963267948966,0.11700607090891152,-0.14959268474609233,1.741381695646249
0.08361736746814902,0.3642264819575701,1.6224801488593892,-0.00580362467253204,0.0025620214186884947,0.0005129461701559232,-1.5413840904684253,-0.02240712393062161,1.5769782555780103,0.10289999842643738,0.40549999475479126,1.6497999429702759,-1.5707963267948966,0.0,1.5707963267948966,0.11708776062244584,-0.14949893448462706,1.7414452687626618
0.08366104504942044,0.364080160674237,1.6225911935266284,-0.006092260381951012,0.002596060713998154,0.0006674410104774527,-1.5415398845965493,-0.02248050632888754,1.5771240842143273,0.10289999842643738,0.40549999475479126,1.6497999429702759,-1.5707963267948966,0.0,1.5707963267948966,0.11714726773502238,-0.14943002699167432,1.7414916195639158
0.08371972947303731,0.36389058229221094,1.6227320454354501,-0.0057156224841047425,0.0026097590847730984,0.0008950926948855224,-1.5417462603276866,-0.022565996821076517,1.5773266701574655,0.10289999842643738,0.40549999475479126,1.6497999429702759,-1.5707963267948966,0.0,1.5707963267948966,0.11722176666258105,-0.1493436275505084,1.7415496484152326
0.08378695067552883,0.36370017082142925,1.6228711516421102,-0.005238518090544303,0.002588668077490978,0.0010084841544931115,-1.5419711536444258,-0.022660556782708063,1.5775446126251818,0.10289999842643738,0.40549999475479126,1.6497999429702759,-1.5707963267948966,0.0,1.5707963267948966,0.11729588205204612,-0.14925771613139086,1.7416086806839572
0.0838645052706238,0.36349229760663515,1.6230280330940792,-0.004677933173386224,0.0024894436228989117,0.0008903590484172571,-1.5422248216151202,-0.0227775383069595,1.5778006017443515,0.10289999842643738,0.40549999475479126,1.6497999429702759,-1.5707963267948966,0.0,1.5707963267948966,0.11737818350480976,-0.14916417487042544,1.7416745371942222
0.08392936619814191,0.36333035419357745,1.6231541903215698,-0.004049210105813652,0.002311125808173777,0.00084588369783002,-1.5424304777156375,-0.022882315068634806,1.5779889814485801,0.10289999842643738,0.40549999475479126,1.6497999429702759,-1.5707963267948966,0.0,1.5707963267948966,0.11745388451140246,-0.14908106983195768,1.7417349330761374
0.084009460325314,0.3631389549646404,1.6233105686038052,-0.003976344563714521,0.002076046313355374,0.0009174585091426145,-1.5426644008123993,-0.02301837493193748,1.5782035399174947,0.10289999842643738,0.40549999475479126,1.6497999429702759,-1.5707963267948966,0.0,1.5707963267948966,0.11753028432914937,-0.1489992548931084,1.741793530298901
0.08408618179560597,0.3629680062751506,1.6234617636433126,-0.004515793079247556,0.001789970862542485,0.0010350340836716237,-1.54284666308734,-0.023160193408659158,1.5784116349438404,0.10289999842643738,0.40549999475479126,1.6497999429702759,-1.5707963267948966,0.0,1.5707963267948966,0.11760687869050741,-0.14891798778071397,1.7418486092274368
0.08415893655607765,0.3628166210433856,1.6236040453848042,-0.004767170748291858,0.0014969102487878258,0.001147486515800124,-1.542987085785651,-0.02329213125306273,1.5786139106426926,0.10289999842643738,0.40549999475479126,1.6497999429702759,-1.5707963267948966,0.0,1.5707963267948966,0.117675999450599,-0.14884522674799797,1.741895239038005
0.08425458197754838,0.3626361503263327,1.6237763644858172,-0.0043750303035667406,0.0011499141017202784,0.0011870653701658964,-1.5431308827980563,-0.023461181015978383,1.5788641135468973,0.10289999842643738,0.40549999475479126,1.6497999429702759,-1.5707963267948966,0.0,1.5707963267948966,0.11776057566212231,-0.14875708041479546,1.7419500561088792
0.08433538548612506,0.36249076114553846,1.6239130709213678,-0.00393448737154701,0.0010017507983003991,0.0011730086949339079,-1.5432290744412855,-0.023591160533904976,1.579077300841241,0.10289999842643738,0.40549999475479126,1.6497999429702759,-1.5707963267948966,0.0,1.5707963267948966,0.11783029936975785,-0.14868550733159622,1.7419939856383628
0.08444825196010228,0.36230131479460964,1.6240877306460209,-0.003141061635910309,0.0011295007458617821,0.001250064448494451,-1.543339067844549,-0.02375897000770255,1.5793644500301947,0.10289999842643738,0.40549999475479126,1.6497999429702759,-1.5707963267948966,0.0,1.5707963267948966,0.11793167326901524,-0.1485830182288696,1.7420554790275733
0.08454737241522953,0.36215063138288883,1.6242206736718394,-0.0025817238212996756,0.0012160429295769665,0.001219242520637103,-1.5434139970362601,-0.023903311743238564,1.5795866826840526,0.10289999842643738,0.40549999475479126,1.6497999429702759,-1.5707963267948966,0.0,1.5707963267948966,0.11800242918503515,-0.1485130762015237,1.7420966677300531
0.08464678474113496,0.3620063113845192,1.6243441456576428,-0.0025975883093431224,0.0011615838343309295,0.0009285467835863058,-1.543471481098887,-0.024047370612142682,1.5797948107188682,0.10289999842643738,0.40549999475479126,1.6497999429702759,-1.5707963267948966,0.0,1.5707963267948966,0.11808243159358454,-0.1484362766486928,1.7421408625126071
0.08472184476444716,0.36189329362813605,1.62443584583106,-0.0027380743652899533,0.0009855259540324285,0.0007113617600240288,-1.5435134752140456,-0.024153189540030873,1.5799522221804723,0.10289999842643738,0.40549999475479126,1.6497999429702759,-1.5707963267948966,0.0,1.5707963267948966,0.11814824853978886,-0.14837526170471116,1.7421768907545452
0.08481282001493252,0.36175637298322105,1.624541790372935,-0.0032007332048278763,0.0006660798599983749,0.0007613386507317911,-1.5435701829377617,-0.024284457947119975,1.5801319937550156,0.10289999842643738,0.40549999475479126,1.6497999429702759,-1.5707963267948966,0.0,1.5707963267948966,0.11823249998433037,-0.1482995641047423,1.7422243161923352
0.08490463230042572,0.36162221244809556,1.6246430786499906,-0.00401755803319196,0.0003265184602333817,0.0008805037073796116,-1.5436333942103462,-0.02440729070307235,1.5803028617879353,0.10289999842643738,0.40549999475479126,1.6497999429702759,-1.5707963267948966,0.0,1.5707963267948966,0.1183181910040538,-0.1482240048410037,1.7422724758637276
0.08500327016325072,0.36147946768059613,1.6247487407270842,-0.004987531124534069,-0.00018143972830095845,0.0008533252213382566,-1.5437041002639644,-0.024542604620638286,1.5804831557683128,0.10289999842643738,0.40549999475479126,1.6497999429702759,-1.5707963267948966,0.0,1.5707963267948966,0.11841437622782086,-0.14814113758667657,1.7423245410185788
0.085089459743273,0.3613505279884168,1.6248420197063662,-0.005730397435463632,-0.0006737473691080904,0.001045118117512016,-1.543757632627668,-0.024675646945260254,1.5806553904208633,0.10289999842643738,0.40549999475479126,1.6497999429702759,-1.5707963267948966,0.0,1.5707963267948966,0.11850355709525061,-0.1480656070821853,1.7423692186392163
0.08518128076390424,0.36122054190751424,1.6249357688482304,-0.0062492701477748075,-0.0009647214150018758,0.0015135298360155623,-1.5437919619337035,-0.024834525373108818,1.5808356493854643,0.10289999842643738,0.40549999475479126,1.6497999429702759,-1.5707963267948966,0.0,1.5707963267948966,0.11859282933030756,-0.1479894544670533,1.7424120907898484
0.0852832143873709,0.3610873617531615,1.6250295629927114,-0.006281743862835988,-0.0010313716880816037,0.0018091344720508962,-1.54381029104969,-0.025016097813531424,1.5810221137195974,0.10289999842643738,0.40549999475479126,1.6497999429702759,-1.5707963267948966,0.0,1.5707963267948966,0.1186814846961248,-0.14791235036503803,1.742456264930113
0.08539376239459306,0.3609507698006569,1.6251239886133182,-0.0061856691326862105,-0.0009975206860247826,0.0018533619658518642,-1.5438129699174377,-0.025218775273128546,1.5812131444537316,0.10289999842643738,0.40549999475479126,1.6497999429702759,-1.5707963267948966,0.0,1.5707963267948966,0.11876989502337916,-0.14783437794378312,1.7425017772544988
0.08550895978565604,0.36081055150549396,1.6252201521146088,-0.005934378140977056,-0.0010043260655865581,0.0016390497909168301,-1.5438078887449012,-0.025429920794365124,1.5814083918861417,0.10289999842643738,0.40549999475479126,1.6497999429702759,-1.5707963267948966,0.0,1.5707963267948966,0.1188587596442491,-0.14775567820452737,1.7425461713392205
0.08564346075178607,0.3606350433023111,1.6253371555362541,-0.005250880899260425,-0.0012596026206640526,0.0011441143150341684,-1.5437996103195297,-0.025663836017443487,1.581657062461219,0.10289999842643738,0.40549999475479126,1.6497999429702759,-1.5707963267948966,0.0,1.5707963267948966,0.11896765198749948,-0.14766039940964504,1.742598318777047
0.08573723149297328,0.360500317368132,1.625425803670279,-0.004526995853586654,-0.0014783391601281678,0.0009065423160836068,-1.5438048944177885,-0.025817247668666887,1.5818427780817468,0.10289999842643738,0.40549999475479126,1.6497999429702759,-1.5707963267948966,0.0,1.5707963267948966,0.11905170617696315,-0.14758872443657503,1.7426388530144723
0.08583618802402353,0.36035169794306765,1.6255250004941986,-0.004016583934358283,-0.0015524987672106078,0.0009557601437358258,-1.5438197110319545,-0.025974715355902234,1.5820340555835117,0.10289999842643738,0.40549999475479126,1.6497999429702759,-1.5707963267948966,0.0,1.5707963267948966,0.1191471118702482,-0.14750926513601476,1.742685141755503
0.08591469673596722,0.3602325317624169,1.625609028742958,-0.0040094603453845416,-0.001568579025212107,0.0011955630476283565,-1.54383077173303,-0.0261024546020856,1.5821854786646126,0.10289999842643738,0.40549999475479126,1.6497999429702759,-1.5707963267948966,0.0,1.5707963267948966,0.11922433704772245,-0.14744545926191824,1.7427208648363708
0.08604988520351005,0.360037231321758,1.6257538166555854,-0.003562184701428027,-0.0016294193642022582,0.0014146711570952849,-1.5438965824484512,-0.02631488842045293,1.5824404906924177,0.10289999842643738,0.40549999475479126,1.6497999429702759,-1.5707963267948966,0.0,1.5707963267948966,0.1193501512617747,-0.14734083937400694,1.7427772526045993
0.08615319225384142,0.3598848847989252,1.6258698446009077,-0.0029709715139989937,-0.0015332078232454963,0.0013330517500858233,-1.5439907721223474,-0.026459023328967213,1.58264435226817,0.10289999842643738,0.40549999475479126,1.6497999429702759,-1.5707963267948966,0.0,1.5707963267948966,0.1194483560900926,-0.14725971588057976,1.7428205364039735
0.08625588657273173,0.35973554215639303,1.6259870130286833,-0.002315926269958041,-0.001419392762522665,0.0014082534256296337,-1.544112428867926,-0.02659290497728861,1.582844544877011,0.10289999842643738,0.40549999475479126,1.6497999429702759,-1.5707963267948966,0.0,1.5707963267948966,0.11954784771773208,-0.14717867338418525,1.7428619245120036
0.08635171686074708,0.3596050025625384,1.6260955242830213,-0.0018718673140746766,-0.0013654070898508218,0.001539374099531172,-1.5442508576456835,-0.026716512353726074,1.5830184494665303,0.10289999842643738,0.40549999475479126,1.6497999429702759,-1.5707963267948966,0.0,1.5707963267948966,0.11963796066380569,-0.14710583843166872,1.7428960191524903
0.08643971521188691,0.35949281604106786,1.6261944816664924,-0.0014837688675499831,-0.0012601886590121727,0.0015942476586780438,-1.5443926737876483,-0.026825205655464313,1.5831732682639752,0.10289999842643738,0.40549999475479126,1.6497999429702759,-1.5707963267948966,0.0,1.5707963267948966,0.11971853859597932,-0.14704122871405811,1.7429237883124085
0.08655272832597648,0.35935672206879066,1.6263188269228903,-0.0010530256248264072,-0.0010493765706516226,0.0016213197012671038,-1.5445884882652376,-0.02695808003938094,1.5833714399466512,0.10289999842643738,0.40549999475479126,1.6497999429702759,-1.5707963267948966,0.0,1.5707963267948966,0.11983010381587891,-0.14695241231873435,1.742957834939369
0.08666856940871709,0.3592245995219815,1.6264415779792492,-0.0009443931852598123,-0.00078787787704909,0.0016976890970220506,-1.544800342168709,-0.0270927865601176,1.5835639659716352,0.10289999842643738,0.40549999475479126,1.6497999429702759,-1.5707963267948966,0.0,1.5707963267948966,0.1199323328896854,-0.14687146820838282,1.7429844509731747
0.08679209126770404,0.3590985659025222,1.626558127968044,-0.0011006031373062598,-0.0003878911439299478,0.0018935491492676727,-1.545040059061146,-0.02725293994299438,1.5837378252717735,0.10289999842643738,0.40549999475479126,1.6497999429702759,-1.5707963267948966,0.0,1.5707963267948966,0.12002443288424354,-0.14679840580583708,1.7430061997417106
0.08692273381190117,0.3589807330304114,1.6266636369219063,-0.0016456659460087095,-3.23463097606835e-05,0.0018976634664411905,-1.5452897813560311,-0.027441109687504905,1.583884945620789,0.10289999842643738,0.40549999475479126,1.6497999429702759,-1.5707963267948966,0.0,1.5707963267948966,0.12012699670716963,-0.14671701410461738,1.7430299621884973
0.08705553916416614,0.3588703289546796,1.6267558204109964,-0.0023910480027743205,3.7938443902154504e-05,0.0017057763624877336,-1.5455294636612569,-0.027648217303980704,1.5840008061334774,0.10289999842643738,0.40549999475479126,1.6497999429702759,-1.5707963267948966,0.0,1.5707963267948966,0.12023039155576233,-0.1466352291732722,1.743053498900507
0.08718606477258183,0.3587622123596098,1.626834247355157,-0.002945861958349919,-0.00016628033138070018,0.0015320597952876095,-1.5457466953221979,-0.02786290825506388,1.5840886018416687,0.10289999842643738,0.40549999475479126,1.6497999429702759,-1.5707963267948966,0.0,1.5707963267948966,0.12034572051484227,-0.14654420594493034,1.7430801687040325
0.08731591668927077,0.35865325176982255,1.6269004849122768,-0.0034863443377232163,-0.0004208034034635405,0.0015022879686511592,-1.545930100219469,-0.02808303432870174,1.5841558424623818,0.10289999842643738,0.40549999475479126,1.6497999429702759,-1.5707963267948966,0.0,1.5707963267948966,0.12044088246085115,-0.14646856871328376,1.743102733643729
0.08745589984747161,0.3585319929678448,1.6269665444138888,-0.004582880415673068,-0.0007176824619926604,0.0014306642034061083,-1.5460694492515847,-0.02832023877190082,1.584227455708854,0.10289999842643738,0.40549999475479126,1.6497999429702759,-1.5707963267948966,0.0,1.5707963267948966,0.12055824199340938,-0.1463745724350906,1.7431282772571706
0.08757979149889683,0.3584211179325069,1.6270282701696528,-0.005593415622919993,-0.0009735750985189201,0.0012276559341904316,-1.5461529535200242,-0.028535139201798287,1.5843141918706702,0.10289999842643738,0.40549999475479126,1.6497999429702759,-1.5707963267948966,0.0,1.5707963267948966,0.1206661560133078,-0.14628764462019625,1.7431472670771186
0.0876955925972137,0.3583063783694501,1.6270923492100404,-0.005925045639689541,-0.0013263943021876612,0.000949160630381254,-1.5462340250400406,-0.02873574087559483,1.584422944643106,0.10289999842643738,0.40549999475479126,1.6497999429702759,-1.5707963267948966,0.0,1.5707963267948966,0.12077626980425923,-0.14619929801774953,1.7431630413496242
0.08780462824964474,0.3581875963949429,1.6271559114326049,-0.0054123393205680655,-0.001756888652998423,0.0008936895503999352,-1.5463378609993443,-0.028916597406291267,1.5845468092609134,0.10289999842643738,0.40549999475479126,1.6497999429702759,-1.5707963267948966,0.0,1.5707963267948966,0.12088854807250748,-0.14610983401710573,1.7431781937733068
0.08791054088822978,0.3580682826336862,1.6272185350358679,-0.00458718869728,-0.0020136742983006993,0.0009621158655084458,-1.5464666502745676,-0.02908582541556992,1.5846718249216005,0.10289999842643738,0.40549999475479126,1.6497999429702759,-1.5707963267948966,0.0,1.5707963267948966,0.12100251016079183,-0.1460197697738709,1.7431919785066545
0.08800446907240364,0.3579610345687626,1.627275179716722,-0.003438172993588852,-0.0020013025626719272,0.0010757010578685083,-1.5465956083281285,-0.02922757920389074,1.584784346697134,0.10289999842643738,0.40549999475479126,1.6497999429702759,-1.5707963267948966,0.0,1.5707963267948966,0.12110635943033049,-0.14593827902742698,1.743202000473477
0.08812039825269417,0.35783168412499977,1.6273354563129523,-0.001555155512688877,-0.001813897705720034,0.0014570932746937506,-1.5467553762520476,-0.029379832119750482,1.584917496540928,0.10289999842643738,0.40549999475479126,1.6497999429702759,-1.5707963267948966,0.0,1.5707963267948966,0.12123407165401662,-0.14583825190820152,1.7432126837150497
0.08822077530569626,0.35772802392640923,1.6273782692514072,-0.0007129154324342956,-0.001687272003893871,0.0016474431633180678,-1.5468981495313578,-0.02949230698702454,1.585023487799214,0.10289999842643738,0.40549999475479126,1.6497999429702759,-1.5707963267948966,0.0,1.5707963267948966,0.12133833585985514,-0.14575579295311306,1.7432218981532934
0.08834438516100031,0.3576019719312973,1.6274325778311096,-0.0009706782697063142,-0.0015488304308313432,0.001646128067101751,-1.5470909443942318,-0.02962285023186162,1.5851751244328087,0.10289999842643738,0.40549999475479126,1.6497999429702759,-1.5707963267948966,0.0,1.5707963267948966,0.12146646579389941,-0.14565372666600326,1.7432335419453775
0.08846047370527833,0.3574889280817949,1.6274864982066757,-0.0012639786416416806,-0.0012955606981349356,0.001846346899949736,-1.5472800595610843,-0.02974866307548396,1.5853297013434289,0.10289999842643738,0.40549999475479126,1.6497999429702759,-1.5707963267948966,0.0,1.5707963267948966,0.12158309372682169,-0.14555950494074624,1.7432424755144589
0.0885844515111398,0.357381375100022,1.6275405249387085,-0.0011816333988796217,-0.0010513264308159122,0.0019980679884908903,-1.5474791112814152,-0.02988463277200548,1.585478734955896,0.10289999842643738,0.40549999475479126,1.6497999429702759,-1.5707963267948966,0.0,1.5707963267948966,0.12169926556431,-0.14546437934109907,1.7432505163945664
0.08871437163470397,0.35727796078785085,1.6275927524504397,-0.0008888392940724537,-0.0008524232353594172,0.001979513228447969,-1.5477054015104594,-0.030016840702431935,1.5856324782048434,0.10289999842643738,0.40549999475479126,1.6497999429702759,-1.5707963267948966,0.0,1.5707963267948966,0.1218152758441397,-0.14536831020605,1.7432580825233246
0.08884829064963748,0.3571804348258795,1.6276417414994697,1.669948913703839e-05,-0.0007083388559226486,0.001791798728837133,-1.5479632922757225,-0.030147141061159566,1.5857882676234683,0.10289999842643738,0.40549999475479126,1.6497999429702759,-1.5707963267948966,0.0,1.5707963267948966,0.12193146303700055,-0.145271685648353,1.7432636985853518
0.0889809283190386,0.35709283242703116,1.627678848766666,0.001853681381053544,-0.0005557189208435737,0.0015926958593847971,-1.5482336537328563,-0.030269901977509228,1.5859240807547637,0.10289999842643738,0.40549999475479126,1.6497999429702759,-1.5707963267948966,0.0,1.5707963267948966,0.12204874140909402,-0.14517547303219863,1.7432692424116298
0.08912811869253838,0.3570118903071969,1.6277006695658287,0.003560132905912133,-0.0005672206215443655,0.001512005329579663,-1.5485387944555937,-0.030409011105636097,1.5860382308313477,0.10289999842643738,0.40549999475479126,1.6497999429702759,-1.5707963267948966,0.0,1.5707963267948966,0.12217872445884782,-0.14507069724258667,1.7432771003169765
0.08924853356472146,0.3569581532768356,1.6277100336395245,0.003431978524193126,-0.0008053724546948895,0.0013484818423469506,-1.5487973085812925,-0.0305316232750541,1.586109284516648,0.10289999842643738,0.40549999475479126,1.6497999429702759,-1.5707963267948966,0.0,1.5707963267948966,0.12229805599503912,-0.14497613919988278,1.7432831598947904
0.08937879151242241,0.356906021789277,1.6277248904319088,0.0021917481103237986,-0.001305217752875013,0.0012286015245899877,-1.5490901726669586,-0.030658258010945794,1.5861865920837492,0.10289999842643738,0.40549999475479126,1.6497999429702759,-1.5707963267948966,0.0,1.5707963267948966,0.12240676302880514,-0.14489065493681588,1.7432860612056917
0.0895071016430167,0.3568602590597562,1.627745033574308,0.0012531435440844218,-0.0018790272742072566,0.0012267130600391832,-1.5493886766438674,-0.03077571551527125,1.5862733606313564,0.10289999842643738,0.40549999475479126,1.6497999429702759,-1.5707963267948966,0.0,1.5707963267948966,0.12252851095463245,-0.1447949496520985,1.7432867181697196
0.08964545693285067,0.35681477700035347,1.627767923581854,0.0012080785320916882,-0.0024278925698814754,0.0013312104688726215,-1.5497192224027272,-0.030892011703965938,1.5863723550337476,0.10289999842643738,0.40549999475479126,1.6497999429702759,-1.5707963267948966,0.0,1.5707963267948966,0.12266342108584935,-0.14468877288493484,1.743284004635624
0.08979980780102881,0.35676993790309125,1.6277874473797485,0.001845255264904918,-0.0027397279871799246,0.00155333792802529,-1.5500848655119308,-0.031017100888937055,1.5864760265220899,0.10289999842643738,0.40549999475479126,1.6497999429702759,-1.5707963267948966,0.0,1.5707963267948966,0.12281061428950743,-0.14457196466269784,1.7432791113111414
0.08993283949416998,0.356736414295442,1.6278008470969965,0.0016852816031710843,-0.0027511482564419056,0.0014701276394367996,-1.5504011990697681,-0.031120074540882836,1.586557782079193,0.10289999842643738,0.40549999475479126,1.6497999429702759,-1.5707963267948966,0.0,1.5707963267948966,0.12293328855805977,-0.1444738032565258,1.7432749389302125
0.09006137492866928,0.3567005755681897,1.6278161738654857,0.0006278247649320812,-0.0026033702413449846,0.0012502783999230197,-1.5507011793310066,-0.03120567629770532,1.5866496446498972,0.10289999842643738,0.40549999475479126,1.6497999429702759,-1.5707963267948966,0.0,1.5707963267948966,0.12305720064014798,-0.14437404875290272,1.7432708738725302
0.09016130743743488,0.35666735096575275,1.627832521357642,-0.0002364572653638374,-0.0024434441377875825,0.0012640182696447685,-1.5509175316448223,-0.0312728843969321,1.5867383583167347,0.10289999842643738,0.40549999475479126,1.6497999429702759,-1.5707963267948966,0.0,1.5707963267948966,0.12315705187965996,-0.14429257899626224,1.743267408549348
0.09027493248589248,0.35662768374995135,1.627849718770635,-0.00039352323174154035,-0.0022236283847061234,0.001434826295446327,-1.5511413755135137,-0.031348241963519374,1.5868413882592434,0.10289999842643738,0.40549999475479126,1.6497999429702759,-1.5707963267948966,0.0,1.5707963267948966,0.12326941306420487,-0.14419950396950712,1.7432638423712168
0.09040324444357416,0.35658125966265447,1.6278652641656406,-0.0005788912497441812,-0.0019265024393247297,0.0014473835034400616,-1.5513656648512562,-0.03141206974119726,1.586939343353049,0.10289999842643738,0.40549999475479126,1.6497999429702759,-1.5707963267948966,0.0,1.5707963267948966,0.12339421873626102,-0.14409452005679063,1.7432610877248695
0.09053201479959129,0.35653292912337714,1.627882743103675,-0.0007406770009753552,-0.0015582534758355776,0.0013788731688506475,-1.5515731177402625,-0.031455787773078114,1.587027619504081,0.10289999842643738,0.40549999475479126,1.6497999429702759,-1.5707963267948966,0.0,1.5707963267948966,0.12351947074597346,-0.14398802665616747,1.743257668136036
0.09066210627369989,0.35648913823001027,1.6278981598286952,5.6079558318498153e-05,-0.0012891581171526228,0.0013328936427164828,-1.5517847922583046,-0.031499460827459025,1.5870971492069537,0.10289999842643738,0.40549999475479126,1.6497999429702759,-1.5707963267948966,0.0,1.5707963267948966,0.12364526678741136,-0.14388106023727482,1.7432531143918994
0.09079354428542707,0.3564507888112736,1.6279073495766363,0.0014427559099439882,-0.0012977152556726587,0.0012728076512279038,-1.5520129956409368,-0.03152931574670337,1.5871395557832801,0.10289999842643738,0.40549999475479126,1.6497999429702759,-1.5707963267948966,0.0,1.5707963267948966,0.12377158182766723,-0.1437741364422667,1.743247587696433
0.09092675587199275,0.35641443548013335,1.6279135375726959,0.0024030171823723858,-0.0016164861590083964,0.0012703724727615889,-1.5522742372620617,-0.03154231699487209,1.587168076228864,0.10289999842643738,0.40549999475479126,1.6497999429702759,-1.5707963267948966,0.0,1.5707963267948966,0.12389836923103888,-0.14366694567952074,1.7432403938821461
0.09106473215534598,0.35638016791688865,1.6279217489489304,0.0027835589548494584,-0.0020790850292766233,0.0014483398742366142,-1.5525798018586878,-0.0315605121520699,1.5871988702208046,0.10289999842643738,0.40549999475479126,1.6497999429702759,-1.5707963267948966,0.0,1.5707963267948966,0.12402512039908199,-0.14355920463844932,1.7432307064272012
0.09124254034217878,0.3563409833140612,1.627935868669247,0.0026088445478740516,-0.0024566366761940416,0.0017094786628186922,-1.552989500899051,-0.0315800602004499,1.587252710807592,0.10289999842643738,0.40549999475479126,1.6497999429702759,-1.5707963267948966,0.0,1.5707963267948966,0.12417601606148686,-0.1434286912257979,1.7432180008157905
0.09138451314842323,0.3563122035783461,1.627953145108122,0.0019220398582640865,-0.0027362935417214558,0.0016960605092965707,-1.553315127641243,-0.03159293357358539,1.5873130769145911,0.10289999842643738,0.40549999475479126,1.6497999429702759,-1.5707963267948966,0.0,1.5707963267948966,0.12428828411183655,-0.14332954533726572,1.743208686994979
0.0915292731073404,0.3562847503269088,1.6279715708618936,0.001524951394736786,-0.002969526946661931,0.0015149666074445061,-1.553652784098206,-0.03160774721448956,1.5873792828745188,0.10289999842643738,0.40549999475479126,1.6497999429702759,-1.5707963267948966,0.0,1.5707963267948966,0.12440049850612593,-0.14322946325838332,1.7432002945718594
0.09169200251848716,0.3562546130210674,1.627988123909634,0.0013313956339081074,-0.003061744792844353,0.0014017161337380065,-1.5540299437039795,-0.03161221680710202,1.5874528327143975,0.10289999842643738,0.40549999475479126,1.6497999429702759,-1.5707963267948966,0.0,1.5707963267948966,0.12452508756890249,-0.14311711354520062,1.7431926869736452
0.09185649351618633,0.3562247699802876,1.6280011561307879,0.0010072171648759637,-0.00301153991079642,0.0013996609711429246,-1.5543923274143066,-0.03161053257949975,1.5875250379177372,0.10289999842643738,0.40549999475479126,1.6497999429702759,-1.5707963267948966,0.0,1.5707963267948966,0.12466196066266047,-0.14299214563984244,1.74318488521699
0.09202691197018496,0.35619513110626566,1.6280134052873712,0.0007894881205836527,-0.002909891520995668,0.0014309545073552248,-1.5547400891940626,-0.031627583736757,1.587605997556392,0.10289999842643738,0.40549999475479126,1.6497999429702759,-1.5707963267948966,0.0,1.5707963267948966,0.12477327464831311,-0.14288872054109533,1.7431784388070342
0.09221786046667219,0.35616253027325173,1.628026092744191,0.0009466515294556764,-0.0028537632229898315,0.0013245008719552556,-1.5551060163580497,-0.03166399908706552,1.5877065360860123,0.10289999842643738,0.40549999475479126,1.6497999429702759,-1.5707963267948966,0.0,1.5707963267948966,0.12490895559795162,-0.1427610863111115,1.7431707458336885
0.09239365986954828,0.3561349015303161,1.6280344517816083,0.0016931027784979557,-0.0029123439530542444,0.001216875160510691,-1.55540938035854,-0.03170919804742223,1.5878027453519268,0.10289999842643738,0.40549999475479126,1.6497999429702759,-1.5707963267948966,0.0,1.5707963267948966,0.12503190521674618,-0.14264433928098819,1.7431636843589602
0.09255235918764522,0.3561118404802976,1.628034957110836,0.0026894114550361117,-0.0030423289860219177,0.0011081907342119287,-1.5556657649026697,-0.031752347004447845,1.5878825442007183,0.10289999842643738,0.40549999475479126,1.6497999429702759,-1.5707963267948966,0.0,1.5707963267948966,0.1251547308717952,-0.14252720181905737,1.7431572212213662
0.09272982928238786,0.3560903714962343,1.6280246617068734,0.003240148034480019,-0.003250100997056791,0.0008820262375599503,-1.5559390335380092,-0.0318222466350182,1.5879526396716575,0.10289999842643738,0.40549999475479126,1.6497999429702759,-1.5707963267948966,0.0,1.5707963267948966,0.12526523785213414,-0.1424216291749071,1.7431525770040703
0.09289987252583931,0.35607017818611175,1.628005486276745,0.0028197512695101994,-0.0035067473346399505,0.00044906394873030464,-1.556192188036316,-0.03188300595550064,1.588000149720262,0.10289999842643738,0.40549999475479126,1.6497999429702759,-1.5707963267948966,0.0,1.5707963267948966,0.1253892281764478,-0.1423037631177705,1.7431498434987525
0.09305894095543596,0.35604996756843865,1.627986304498383,0.002274384930451021,-0.0037447470131538128,0.0002035066800095129,-1.5564292515678753,-0.0319207204486327,1.588037480252614,0.10289999842643738,0.40549999475479126,1.6497999429702759,-1.5707963267948966,0.0,1.5707963267948966,0.12551504996928306,-0.1421850455674848,1.7431513355942276
0.09322474094624883,0.3560310931510234,1.627963677172714,0.0025767453848474105,-0.003957573394176188,0.00014159212218885095,-1.5566842374020633,-0.03193786333023407,1.588054608801525,0.10289999842643738,0.40549999475479126,1.6497999429702759,-1.5707963267948966,0.0,1.5707963267948966,0.12565486472418927,-0.14205397930134467,1.7431580816327883
0.09335284051625588,0.35601851331905654,1.627938801186294,0.003102996405286086,-0.004112216519713401,0.00016141330874467163,-1.556881891852136,-0.03190855866630837,1.5880392638405478,0.10289999842643738,0.40549999475479126,1.6497999429702759,-1.5707963267948966,0.0,1.5707963267948966,0.12577016875819352,-0.1419466548382373,1.7431664896880836
0.09349144862124806,0.3560069718632748,1.6279083411865403,0.003094247209559746,-0.004176709975515609,0.0004117808967347903,-1.557090872383072,-0.03184752242713529,1.5880172132190715,0.10289999842643738,0.40549999475479126,1.6497999429702759,-1.5707963267948966,0.0,1.5707963267948966,0.12589854746696988,-0.14182703071417815,1.7431772717064122
0.09363227760722444,0.35599747850039776,1.627878508949614,0.0029474136556461644,-0.004080253502940655,0.0006861393945411803,-1.5573005850343482,-0.03177800108887041,1.5880133401641807,0.10289999842643738,0.40549999475479126,1.6497999429702759,-1.5707963267948966,0.0,1.5707963267948966,0.12602627523861987,-0.14170661923692127,1.7431901904350064
0.09377550807512373,0.3559902211775928,1.6278509641505192,0.002791084109211682,-0.0038878987108483445,0.0006685978137633078,-1.5575041736147854,-0.031699091065838125,1.5880293424354543,0.10289999842643738,0.40549999475479126,1.6497999429702759,-1.5707963267948966,0.0,1.5707963267948966,0.12615344135522594,-0.1415855396611662,1.743206622888381
0.09391633480893763,0.3559846020441465,1.6278244184380832,0.0024217022105966868,-0.0035337597077160117,0.0006164877883452128,-1.5577055988136674,-0.03160804141352003,1.588049610353255,0.10289999842643738,0.40549999475479126,1.6497999429702759,-1.5707963267948966,0.0,1.5707963267948966,0.12628097790515477,-0.14146394191955525,1.7432265628371932
0.09408786045234216,0.3559791030235486,1.6277958305483193,0.0015461238193086551,-0.002969442321895504,0.0005087237939356058,-1.5579673491844035,-0.03152216099017746,1.5880763792509072,0.10289999842643738,0.40549999475479126,1.6497999429702759,-1.5707963267948966,0.0,1.5707963267948966,0.12643367977656272,-0.1413168544710757,1.7432545474852068
0.09421269323036602,0.35597944092436495,1.6277750925017591,0.0008273960179463001,-0.0025923562249923152,0.0003014586662231264,-1.5581644609104341,-0.03146504182999177,1.5880836821889623,0.10289999842643738,0.40549999475479126,1.6497999429702759,-1.5707963267948966,0.0,1.5707963267948966,0.12654901327521043,-0.1412062962425164,1.7432790717122935
0.09434617036134929,0.35598683896927824,1.6277497116239046,0.0001161594392463383,-0.0023054148534576275,3.0340901572397946e-05,-1.5583759625710956,-0.0314041432978418,1.5880648617306172,0.10289999842643738,0.40549999475479126,1.6497999429702759,-1.5707963267948966,0.0,1.5707963267948966,0.12667812842416773,-0.14108358253153855,1.743309901293046
0.09446822772846282,0.3559960047527285,1.6277237551192965,-0.0007386857342305361,-0.0022763187477144505,-0.0003386163340474304,-1.5586039332512833,-0.03133678540345386,1.5880274524592934,0.10289999842643738,0.40549999475479126,1.6497999429702759,-1.5707963267948966,0.0,1.5707963267948966,0.1268092550855541,-0.14096053494478983,1.7433444556985
0.09457887025626482,0.35599967285578366,1.6277047959600939,-0.0014456048160936732,-0.002507952250064222,-0.00034413834540159694,-1.5588486565609192,-0.03125353970809286,1.5880023200308315,0.10289999842643738,0.40549999475479126,1.6497999429702759,-1.5707963267948966,0.0,1.5707963267948966,0.12695533354997232,-0.14082378936137413,1.7433865780201883
0.09466401710960762,0.3559992240019471,1.6276950817718467,-0.0012812499792594265,-0.002898687491585602,-0.0001934272219125134,-1.5590537541953595,-0.03117327137276682,1.5879939211703418,0.10289999842643738,0.40549999475479126,1.6497999429702759,-1.5707963267948966,0.0,1.5707963267948966,0.12704857143262416,-0.14073616404004693,1.7434152019692675
0.09477826929556407,0.3559950023155203,1.6276832748270786,-0.0005257089570427686,-0.003454054229615897,-0.00011256545866260111,-1.55935319665584,-0.03104760175662591,1.5879939879010896,0.10289999842643738,0.40549999475479126,1.6497999429702759,-1.5707963267948966,0.0,1.5707963267948966,0.12719528808384145,-0.14059797448695618,1.7434636594823898
0.09485875479009089,0.3559904109180139,1.627679120038425,-0.00053807439961402,-0.0037169857822943807,-7.349784968786276e-05,-1.55959283037973,-0.03095771168021022,1.5880018572637555,0.10289999842643738,0.40549999475479126,1.6497999429702759,-1.5707963267948966,0.0,1.5707963267948966,0.12730229613452523,-0.14049712593809555,1.74349969003585
0.09497658506295258,0.35598009911702433,1.6276831545878898,-0.0008263186995648268,-0.003966570882861707,-3.079181476711562e-05,-1.55997191497652,-0.03081720320756265,1.5880297842145412,0.10289999842643738,0.40549999475479126,1.6497999429702759,-1.5707963267948966,0.0,1.5707963267948966,0.12746290393039772,-0.14034493432894074,1.7435529026517458
0.09506964389326322,0.35596881066009844,1.627693600510336,-0.001201833045203072,-0.004252032276196829,-0.00017549942545229952,-1.5603053659692045,-0.03068016961476694,1.5880673241971672,0.10289999842643738,0.40549999475479126,1.6497999429702759,-1.5707963267948966,0.0,1.5707963267948966,0.12759725588249618,-0.14021732436961165,1.7435968784098752
0.09517202315706648,0.3559517192587077,1.627715788787267,-0.0018518222712099346,-0.004357755504371903,-0.00021957777458095413,-1.5607309530778448,-0.030504246276530367,1.5881264724121902,0.10289999842643738,0.40549999475479126,1.6497999429702759,-1.5707963267948966,0.0,1.5707963267948966,0.12775956842677755,-0.14006312919205754,1.743648722756019
0.09523710938827733,0.35593908536407337,1.6277379290480858,-0.0022739640996577346,-0.004184335400381902,-7.303070285623061e-05,-1.561006227717428,-0.030382067213358788,1.5881714424803581,0.10289999842643738,0.40549999475479126,1.6497999429702759,-1.5707963267948966,0.0,1.5707963267948966,0.12788144225836875,-0.1399467277288177,1.7436868578423368
0.0953133891883339,0.35592519277175594,1.627772838233817,-0.002951071216328467,-0.0037878946640955424,0.0003970244968613024,-1.5612944492866914,-0.03024648697805077,1.5882360318935265,0.10289999842643738,0.40549999475479126,1.6497999429702759,-1.5707963267948966,0.0,1.5707963267948966,0.1280021368475266,-0.13982952351969116,1.7437245162832375
0.09540846012094238,0.3559090708381825,1.6278259161365096,-0.0036845340447078704,-0.0033140429813398532,0.0008689093387423411,-1.5616194963074357,-0.030111164601223983,1.5883386684166314,0.10289999842643738,0.40549999475479126,1.6497999429702759,-1.5707963267948966,0.0,1.5707963267948966,0.12812084985665018,-0.1397111204297857,1.7437647028126195
0.0955197055563484,0.3558976933618018,1.6278896383419608,-0.003703012555438936,-0.0028395681471620007,0.001349077490747465,-1.5619699754744272,-0.030001569286827845,1.5884542509736899,0.10289999842643738,0.40549999475479126,1.6497999429702759,-1.5707963267948966,0.0,1.5707963267948966,0.1282497456643539,-0.1395787657025578,1.7438153893000374
0.09569506596687377,0.35589375294305436,1.627980002028565,-0.002945236486814362,-0.0023518747170054744,0.0016891299627803215,-1.5624250115065148,-0.02989355455206777,1.5885828743959605,0.10289999842643738,0.40549999475479126,1.6497999429702759,-1.5707963267948966,0.0,1.5707963267948966,0.12841129546293115,-0.13940604986243563,1.7438943210087656
0.09585179468603242,0.3558956874461856,1.6280590357499973,-0.0023692914037227292,-0.0022518786746337414,0.0014497010953659598,-1.5627890627385093,-0.02985055490173849,1.5886571876083788,0.10289999842643738,0.40549999475479126,1.6497999429702759,-1.5707963267948966,0.0,1.5707963267948966,0.12854328058697004,-0.13925912402662438,1.7439694014446006
0.09601189550251628,0.355904720700536,1.6281397631762238,-0.0014048181664057925,-0.0022951794926193607,0.0008191062594218658,-1.5631473225402033,-0.029816104761676065,1.5886923087770657,0.10289999842643738,0.40549999475479126,1.6497999429702759,-1.5707963267948966,0.0,1.5707963267948966,0.12865026158166268,-0.139139133793386,1.7440364353757154
0.0961734940866477,0.3559213123178254,1.628217901665377,-0.00044351809705142766,-0.0020342989583667743,0.0006311268710054137,-1.5634832795598006,-0.029782364926083993,1.588689636090599,0.10289999842643738,0.40549999475479126,1.6497999429702759,-1.5707963267948966,0.0,1.5707963267948966,0.12876808310653398,-0.13900610542709205,1.7441183351865455
0.09634344453108465,0.3559412810818471,1.6283019423269782,-0.00015089277089399837,-0.001520875617257663,0.0007232710912632029,-1.5638085778013218,-0.029776135181787566,1.5886759617754784,0.10289999842643738,0.40549999475479126,1.6497999429702759,-1.5707963267948966,0.0,1.5707963267948966,0.12888358145454176,-0.13887247943291792,1.744203604585263
0.09650494636154286,0.3559599126004707,1.6283841728261834,0.00016167783663807063,-0.001144413736656119,0.00071306289267525,-1.5640970399721195,-0.029802754841905088,1.5886628158353577,0.10289999842643738,0.40549999475479126,1.6497999429702759,-1.5707963267948966,0.0,1.5707963267948966,0.12898534157663602,-0.13875139210629645,1.7442806028966182
0.09669118668398342,0.35597768106538297,1.628481934663197,0.0006699138907953017,-0.0009629778301631312,0.00042840303373134367,-1.5644051746957677,-0.029849757104152275,1.5886649571664728,0.10289999842643738,0.40549999475479126,1.6497999429702759,-1.5707963267948966,0.0,1.5707963267948966,0.12909637185158118,-0.13861570713228463,1.7443645069888876
0.09685820113651686,0.3559883512517099,1.6285739800035617,0.0012438630714920196,-0.0010176368769176888,-8.406822916680167e-05,-1.564668435962392,-0.029889539818866773,1.588691287007201,0.10289999842643738,0.40549999475479126,1.6497999429702759,-1.5707963267948966,0.0,1.5707963267948966,0.12919557301214085,-0.13849249471842667,1.7444389971243588
0.09701674518059587,0.3559909327549879,1.6286702157459922,0.001702075135919136,-0.0012873809858990498,-0.0007813423477586643,-1.5649250313822596,-0.029912753392985714,1.5887559096635244,0.10289999842643738,0.40549999475479126,1.6497999429702759,-1.5707963267948966,0.0,1.5707963267948966,0.12929537195733468,-0.13836806537163515,1.7445152739657177
0.09717539342362137,0.3559859891247676,1.6287803339264886,0.002043036788024678,-0.001808410348112726,-0.001367044275915026,-1.565202551782613,-0.029897189207472863,1.5888633336372973,0.10289999842643738,0.40549999475479126,1.6497999429702759,-1.5707963267948966,0.0,1.5707963267948966,0.12940829387847755,-0.13822879348812608,1.744606797280208
0.09731961800021283,0.3559784671821745,1.6288950936903477,0.0017978756898357675,-0.002187603006791918,-0.0012470126332645847,-1.5654734154772088,-0.029841960259335387,1.588992432660997,0.10289999842643738,0.40549999475479126,1.6497999429702759,-1.5707963267948966,0.0,1.5707963267948966,0.12952260860384954,-0.1380887917842577,1.7447058735909164
0.09747773902722477,0.35597212796530564,1.6290243966130369,0.0009493107526557874,-0.002231610086375316,-0.000820517278841721,-1.565785981167098,-0.029774236127496856,1.5891254449128736,0.10289999842643738,0.40549999475479126,1.6497999429702759,-1.5707963267948966,0.0,1.5707963267948966,0.12964732450764407,-0.13793374836116734,1.7448212384728716
0.09762056993299773,0.3559676665693712,1.629144131740514,-0.00017244390239764856,-0.0021195667441681124,-0.0007273009006019356,-1.5660903038914011,-0.029706036017561388,1.5892150487058587,0.10289999842643738,0.40549999475479126,1.6497999429702759,-1.5707963267948966,0.0,1.5707963267948966,0.1297598935415581,-0.13779165103220264,1.7449305976729113
0.09776056135448256,0.3559640958087514,1.6292672839301259,-0.0011858247511967728,-0.0018531081659365345,-0.0005920786577860081,-1.5664037556756711,-0.029627337985462354,1.5892717171366715,0.10289999842643738,0.40549999475479126,1.6497999429702759,-1.5707963267948966,0.0,1.5707963267948966,0.1298719972281185,-0.13764852221728816,1.7450402068184083
0.09790384816371378,0.3559593005582729,1.6293955848169246,-0.0014011786592570657,-0.0013677120886845765,-0.00038709600583740236,-1.566730535495229,-0.02957749614191174,1.5893211957894509,0.10289999842643738,0.40549999475479126,1.6497999429702759,-1.5707963267948966,0.0,1.5707963267948966,0.12999364442838443,-0.1374895927219392,1.74515904505195
0.09804889709661904,0.35595076754099614,1.6295235138497202,-0.0003603057940719723,-0.0009886012255645048,-0.0005014894764859962,-1.5670672138109443,-0.02954251613421155,1.5893665694301824,0.10289999842643738,0.40549999475479126,1.6497999429702759,-1.5707963267948966,0.0,1.5707963267948966,0.13009198980868164,-0.13735855242865894,1.745255638612635
0.09818660845368132,0.35593789304126355,1.6296439151602655,0.0011809480743547765,-0.0007642050408188984,-0.0008634707949295754,-1.567402948952593,-0.029481445847978627,1.5894012667633164,0.10289999842643738,0.40549999475479126,1.6497999429702759,-1.5707963267948966,0.0,1.5707963267948966,0.13020121910060495,-0.137212358198997,1.7453628711237563
0.0983160950058709,0.35592932458905363,1.6297598179979778,0.0019019182414352271,-0.0007381556731366649,-0.001140665636646392,-1.5677483197181081,-0.029411437682850483,1.589425422213686,0.10289999842643738,0.40549999475479126,1.6497999429702759,-1.5707963267948966,0.0,1.5707963267948966,0.13031093261249926,-0.13706653580218886,1.7454702288810242
0.0984354571926084,0.3559266087095115,1.6298789853037436,0.0017343577887518353,-0.0009582542983785033,-0.0013255234330483878,-1.5680760021380853,-0.029334472665121236,1.5894596301129107,0.10289999842643738,0.40549999475479126,1.6497999429702759,-1.5707963267948966,0.0,1.5707963267948966,0.13042139444121195,-0.13692103004967554,1.745575849526603
0.09854665251277031,0.3559311189231117,1.6300018632448303,0.0015719445706138776,-0.0011854582267237176,-0.0012436231763792076,-1.5683794624053133,-0.029244837745385333,1.58950621542584,0.10289999842643738,0.40549999475479126,1.6497999429702759,-1.5707963267948966,0.0,1.5707963267948966,0.13053223819354565,-0.13677583515475128,1.7456784531367473
0.0986562963378447,0.3559400668741712,1.630122658345544,0.0017540064369543098,-0.0012009769016229563,-0.0008782019018498596,-1.5686510600581278,-0.029155995241359367,1.5895612898408287,0.10289999842643738,0.40549999475479126,1.6497999429702759,-1.5707963267948966,0.0,1.5707963267948966,0.13064216500967524,-0.13663041626616632,1.7457780728993557
0.09877247000718883,0.3559498387034412,1.6302412514551938,0.0021380911848169937,-0.001015452923020752,-0.0004228239320897374,-1.568879513415552,-0.029088494573681345,1.5896288656053343,0.10289999842643738,0.40549999475479126,1.6497999429702759,-1.5707963267948966,0.0,1.5707963267948966,0.1307497625938199,-0.13648413104561793,1.7458766784624629
0.09888307291159677,0.35595680530902807,1.630344646538142,0.002684709695812804,-0.0008420130311936569,-0.0003172339823303902,-1.5690412755218426,-0.02903680192517699,1.5896974768098795,0.10289999842643738,0.40549999475479126,1.6497999429702759,-1.5707963267948966,0.0,1.5707963267948966,0.13084438703336193,-0.1363515196992612,1.745966907104952
0.09901992630592446,0.35596579995291655,1.6304708764172375,0.0028395717409145024,-0.0006231444990020552,-0.0006414031963260619,-1.5692237130453828,-0.02899081849949603,1.5897747447745716,0.10289999842643738,0.40549999475479126,1.6497999429702759,-1.5707963267948966,0.0,1.5707963267948966,0.1309585337399092,-0.13618882264504198,1.7460769491267554
0.09913824228953885,0.3559726785152829,1.630590881236687,0.002817765360504986,-0.00045706986326240763,-0.001141457170646505,-1.5693918505103037,-0.028959406211387595,1.5898356297990215,0.10289999842643738,0.40549999475479126,1.6497999429702759,-1.5707963267948966,0.0,1.5707963267948966,0.13106218922370938,-0.13604031582201362,1.746174365739917
0.09925185537610094,0.35597574457878794,1.6307288005984628,0.002886978342715109,-0.00044324917317631844,-0.0017161029483497004,-1.5695704473745915,-0.028884805075447773,1.589904158779302,0.10289999842643738,0.40549999475479126,1.6497999429702759,-1.5707963267948966,0.0,1.5707963267948966,0.13117760030712963,-0.1358762836134744,1.7462808225252657
0.099340041712854,0.3559764208386023,1.6308528833963936,0.0030935268194650727,-0.0005029024546710182,-0.0018258041070630285,-1.5697322707059849,-0.028774305433455716,1.589964927312721,0.10289999842643738,0.40549999475479126,1.6497999429702759,-1.5707963267948966,0.0,1.5707963267948966,0.13128376608358924,-0.13572672211531106,1.746379848205604
0.09941286094863876,0.35597808533968994,1.6309602900231914,0.0032272888777853345,-0.0004811853353122316,-0.0015800264804117772,-1.5698698082434115,-0.02865662559923221,1.5900094231184891,0.10289999842643738,0.40549999475479126,1.6497999429702759,-1.5707963267948966,0.0,1.5707963267948966,0.13137920025137487,-0.13559182306684062,1.7464697190510259
0.09950247255435368,0.3559850307827957,1.631082096735423,0.0033391960520381112,-0.00031398835299939904,-0.0010127727588218672,-1.5700058281336242,-0.02850718320986445,1.590046702964146,0.10289999842643738,0.40549999475479126,1.6497999429702759,-1.5707963267948966,0.0,1.5707963267948966,0.1314940476608781,-0.13542670481341865,1.7465805340805096
0.09957386252284811,0.35599351045633065,1.6311674742349238,0.003357264813191832,-0.00017106130568450727,-0.0006510068811242289,-1.5700923329059653,-0.028404599562803057,1.5900766336657572,0.10289999842643738,0.40549999475479126,1.6497999429702759,-1.5707963267948966,0.0,1.5707963267948966,0.13157549357580683,-0.13530627305644316,1.7466632124745665
0.09967228117264161,0.356007186251073,1.6312731575491106,0.0031662957881506636,2.327911756154946e-05,-0.0004892401740067951,-1.5702117342205,-0.028300159721924345,1.5901019051521963,0.10289999842643738,0.40549999475479126,1.6497999429702759,-1.5707963267948966,0.0,1.5707963267948966,0.1316844794117828,-0.135140078926299,1.7467801498551458
0.09979384294742151,0.35602281505349487,1.6314009847088555,0.003016075812046331,0.0002056332693220321,-0.0008834992515094151,-1.570356064826324,-0.02819980122004484,1.5901121637617979,0.10289999842643738,0.40549999475479126,1.6497999429702759,-1.5707963267948966,0.0,1.5707963267948966,0.131791312991792,-0.13497295213979402,1.746897534588871
0.09988695085804732,0.3560312300240921,1.6315046903605215,0.0037373600214906486,0.000386675179595042,-0.0012862559364016988,-1.5704645441799043,-0.028103895611550023,1.5901112455540947,0.10289999842643738,0.40549999475479126,1.6497999429702759,-1.5707963267948966,0.0,1.5707963267948966,0.13189805861635884,-0.13480511995275057,1.7470156444724168
0.09997440139669696,0.35604001842117916,1.6316003146677016,0.004759950278873631,0.0006894965813198176,-0.0013902632042184046,-1.5705746909490101,-0.028000293401732268,1.590096121490056,0.10289999842643738,0.40549999475479126,1.6497999429702759,-1.5707963267948966,0.0,1.5707963267948966,0.1319851078235483,-0.13466788416371803,1.7471138235991386
0.10005766305601736,0.35604583163901093,1.6316937159763556,0.004951334758651841,0.0009470631127842965,-0.0014599104934104956,-1.5706705221087665,-0.027878882093144597,1.5900733431462672,0.10289999842643738,0.40549999475479126,1.6497999429702759,-1.5707963267948966,0.0,1.5707963267948966,0.13208104636599063,-0.13451496502124605,1.7472204283958475
0.10012681290177301,0.3560433427809825,1.6317827763325832,0.004800820418989665,0.000997443807131124,-0.00149399375561039,-1.5707314872656002,-0.02775256782053681,1.5900647629013147,0.10289999842643738,0.40549999475479126,1.6497999429702759,-1.5707963267948966,0.0,1.5707963267948966,0.13216694176763302,-0.13437636903198977,1.74731121400451
0.10019553994985447,0.35603719924666444,1.6318761768226808,0.004755303128975367,0.0009227293675306738,-0.0013491496268550243,-1.5707857247577577,-0.02763616997647933,1.5900710752518148,0.10289999842643738,0.40549999475479126,1.6497999429702759,-1.5707963267948966,0.0,1.5707963267948966,0.13225182907909314,-0.13423720661514388,1.747396999915386
0.1002724758243655,0.3560271260258743,1.6319837410753937,0.004500528005835774,0.0006941146905689094,-0.0012082848652531127,-1.5708259963336464,-0.027522513287816075,1.590101427542138,0.10289999842643738,0.40549999475479126,1.6497999429702759,-1.5707963267948966,0.0,1.5707963267948966,0.1323447134408844,-0.13408200381384386,1.7474867816451707
0.10034947883795524,0.35601228475933094,1.6320938902481732,0.00421680776828215,0.0003373535444046372,-0.0012548569774888658,-1.570827348289432,-0.027412878361547044,1.5901606008540514,0.10289999842643738,0.40549999475479126,1.6497999429702759,-1.5707963267948966,0.0,1.5707963267948966,0.1324358374250118,-0.13392597120836755,1.7475708179183036
0.10043903001865394,0.3559916634126107,1.6322299851606992,0.0038428926546642266,-0.00022210896237521397,-0.00174115030518996,-1.5708060144310438,-0.02726170266144745,1.5902395533142286,0.10289999842643738,0.40549999475479126,1.6497999429702759,-1.5707963267948966,0.0,1.5707963267948966,0.1325536683566813,-0.1337228390148286,1.7476746865003225
0.10049332146422871,0.3559813430270693,1.6323249948791814,0.0034802753834378827,-0.000535814674509106,-0.0021224551972669654,-1.5707927963929618,-0.027123903330074306,1.590274113429297,0.10289999842643738,0.40549999475479126,1.6497999429702759,-1.5707963267948966,0.0,1.5707963267948966,0.13264532682644387,-0.13356736390192955,1.7477537892858288
0.10053213618679528,0.3559720569708711,1.632416325471433,0.0031545041005196063,-0.0007617606629542046,-0.0022855632813044984,-1.5707698178119347,-0.026931853401047867,1.5903030896740562,0.10289999842643738,0.40549999475479126,1.6497999429702759,-1.5707963267948966,0.0,1.5707963267948966,0.13273818384518798,-0.13341220672905227,1.7478331888761505
0.10056103632270662,0.3559649458939937,1.6325011590284273,0.003282956318761156,-0.0009234260945221398,-0.0020695536957105565,-1.5707568753771923,-0.02670847461526371,1.5903175147499429,0.10289999842643738,0.40549999475479126,1.6497999429702759,-1.5707963267948966,0.0,1.5707963267948966,0.13283131165603448,-0.13325746492566784,1.7479122918684995
0.10058532117969465,0.35595727137439975,1.6325778137574802,0.0032147742053452387,-0.0008906136448226888,-0.0018301160533342811,-1.5707455831845523,-0.02646659425406206,1.590318321548882,0.10289999842643738,0.40549999475479126,1.6497999429702759,-1.5707963267948966,0.0,1.5707963267948966,0.1329235771183124,-0.13310264154462226,1.7479902011298805
0.10060315868748179,0.35594553194904466,1.6326490782045449,0.0028046532146850604,-0.0007218603703833038,-0.0016756876867747297,-1.570704779445323,-0.026194983646955272,1.5903011659851976,0.10289999842643738,0.40549999475479126,1.6497999429702759,-1.5707963267948966,0.0,1.5707963267948966,0.13301504676914527,-0.1329473236385144,1.7480658507938072
0.10061838132330314,0.3559301625272509,1.6327177744494452,0.002166888941262089,-0.0005311149287489038,-0.0014591371621903008,-1.570656918990707,-0.025927622519204885,1.590261056230284,0.10289999842643738,0.40549999475479126,1.6497999429702759,-1.5707963267948966,0.0,1.5707963267948966,0.13310533189975407,-0.1327914511187579,1.7481375317319425
0.10063425722571574,0.35591372729968573,1.6327853969959345,0.0015772737789304324,-0.000465299613347093,-0.0013934820556054245,-1.570616030087909,-0.025684418771207973,1.5902035102714103,0.10289999842643738,0.40549999475479126,1.6497999429702759,-1.5707963267948966,0.0,1.5707963267948966,0.13319423554639853,-0.1326353043445264,1.7482045738267151
0.10064888209478637,0.35589446166120586,1.6328626171481242,0.001462697453707331,-0.00048548103025016653,-0.0015148645504895085,-1.5705560181036384,-0.025380643073325437,1.5901334163432197,0.10289999842643738,0.40549999475479126,1.6497999429702759,-1.5707963267948966,0.0,1.5707963267948966,0.13330009342602736,-0.13244829326662252,1.7482805872610774
0.10065843991930508,0.3558789047661443,1.632927073941328,0.0015306264166932192,-0.0006503257011104312,-0.0015298273425009131,-1.5704986921495665,-0.025142013554456444,1.5900908769377071,0.10289999842643738,0.40549999475479126,1.6497999429702759,-1.5707963267948966,0.0,1.5707963267948966,0.13338762818120087,-0.13229290379394454,1.7483379656535067
0.10066674121055293,0.3558647459786455,1.6329857058760902,0.0018719218307071015,-0.0009319263839884669,-0.0015294183134812957,-1.5704430012081867,-0.024933592271169314,1.5900673343585718,0.10289999842643738,0.40549999475479126,1.6497999429702759,-1.5707963267948966,0.0,1.5707963267948966,0.1334656306781803,-0.13215348549395065,1.7483839729781068
0.1006751945391622,0.3558431739685678,1.633060415612182,0.0020454997015637907,-0.0012148757508639255,-0.0014925489884046585,-1.5703608692497373,-0.024644836300125483,1.5900650800074358,0.10289999842643738,0.40549999475479126,1.6497999429702759,-1.5707963267948966,0.0,1.5707963267948966,0.13356001879242949,-0.13198331013040313,1.748432379526479
0.10068540075417748,0.355822225885351,1.6331310523790632,0.0018911435480349977,-0.0012761999371064747,-0.001332940743333701,-1.5702982473483165,-0.024379179478748902,1.5900730594841952,0.10289999842643738,0.40549999475479126,1.6497999429702759,-1.5707963267948966,0.0,1.5707963267948966,0.1336443504788458,-0.13182881039475014,1.7484692082483775
0.10069739140281936,0.3558048353185331,1.6331937341721903,0.001783641805159406,-0.0010865237593762228,-0.0012399201972956779,-1.5702468433445644,-0.024155395950247627,1.5900750673444062,0.10289999842643738,0.40549999475479126,1.6497999429702759,-1.5707963267948966,0.0,1.5707963267948966,0.1337188107166619,-0.13169007365262878,1.7484980264234862
0.10071311787966279,0.3557869204675905,1.6332667018681906,0.0016711895888830625,-0.0006497186664298482,-0.0012731700710244581,-1.5701705405360131,-0.023879977430179444,1.5900672511353031,0.10289999842643738,0.40549999475479126,1.6497999429702759,-1.5707963267948966,0.0,1.5707963267948966,0.13380817258269923,-0.13152113742213403,1.748528562068363
0.10072545214357075,0.35577332967671227,1.6333281675702687,0.001330820031921921,-0.00016292360088294834,-0.0014672233218359176,-1.570084811665556,-0.02364776505771271,1.5900548957247533,0.10289999842643738,0.40549999475479126,1.6497999429702759,-1.5707963267948966,0.0,1.5707963267948966,0.13388838983131057,-0.13136804918754882,1.7485517161313775
0.10073103609690129,0.35576291808575905,1.6333768571172778,0.0009315915419997962,0.00041366724945234945,-0.0016973131130147746,-1.570008850554945,-0.023445784482727383,1.5900336240936384,0.10289999842643738,0.40549999475479126,1.6497999429702759,-1.5707963267948966,0.0,1.5707963267948966,0.13396052208315865,-0.13123066806004044,1.748570369578028
0.10073083910535317,0.355755811241205,1.6334172922313013,0.00041671224245916875,0.0010062916671149881,-0.0017818404943632197,-1.5699407753435006,-0.023229286255283643,1.5899956005909899,0.10289999842643738,0.40549999475479126,1.6497999429702759,-1.5707963267948966,0.0,1.5707963267948966,0.13403268631628912,-0.1310938031125838,1.7485887116868333
0.10072607377490779,0.3557536242233614,1.6334510865035916,-0.00034566300453823845,0.0015251042816580812,-0.0016218339949546456,-1.5698872583745118,-0.022974429802071317,1.5899168395604901,0.10289999842643738,0.40549999475479126,1.6497999429702759,-1.5707963267948966,0.0,1.5707963267948966,0.13411247694505327,-0.13094236529967831,1.748608149180097
0.10072596646216088,0.35575527977494303,1.633475048919502,-0.0010081586096119316,0.0018057313655578733,-0.0012762612178424918,-1.569878043481861,-0.022721468808923895,1.5898086408474552,0.10289999842643738,0.40549999475479126,1.6497999429702759,-1.5707963267948966,0.0,1.5707963267948966,0.13419030230002427,-0.13079100902785123,1.748626851330873
0.10073032741018165,0.35576103704294093,1.6334873618462968,-0.0015926414842107172,0.0018522737434261017,-0.0011595508752582661,-1.5698753621567811,-0.022428335020693968,1.5896543619677075,0.10289999842643738,0.40549999475479126,1.6497999429702759,-1.5707963267948966,0.0,1.5707963267948966,0.13427379704854278,-0.1306247868988549,1.748650134941112
0.10073849127163204,0.35576991722997,1.6334884820009383,-0.0024245034781186347,0.0018239383363267794,-0.001065365650793848,-1.5698787813025306,-0.022190067106302003,1.5894902060798273,0.10289999842643738,0.40549999475479126,1.6497999429702759,-1.5707963267948966,0.0,1.5707963267948966,0.1343403961195933,-0.13048905513255196,1.74866988227425
0.10075300159670968,0.35578583286792936,1.6334828423020376,-0.0033551152409077756,0.001807563511663725,-0.0009914404820467882,-1.5698944849556342,-0.021949511957105372,1.5892693969679201,0.10289999842643738,0.40549999475479126,1.6497999429702759,-1.5707963267948966,0.0,1.5707963267948966,0.13441253072944978,-0.13033860427666175,1.7486911025768845
0.10077316822343205,0.35580596957256266,1.633471820558878,-0.0040305444666451475,0.0017936904213523288,-0.0010016374568029283,-1.569900191784812,-0.02172438233266405,1.5890205807689344,0.10289999842643738,0.40549999475479126,1.6497999429702759,-1.5707963267948966,0.0,1.5707963267948966,0.13448265237120824,-0.13018842928937546,1.7487107409200822
0.1007939197273842,0.35582234630384496,1.6334599302366841,-0.004409138494083015,0.0018175544131885449,-0.001089073407750131,-1.569888189699068,-0.021529433548755694,1.5887928871046157,0.10289999842643738,0.40549999475479126,1.6497999429702759,-1.5707963267948966,0.0,1.5707963267948966,0.13454435458320277,-0.13005301466351446,1.7487264048858389
0.10081706919376429,0.35583648769701626,1.6334457905013018,-0.004456200554995855,0.0018754810655707101,-0.0010876874976390718,-1.5698678978343208,-0.021351034653611656,1.588565823874057,0.10289999842643738,0.40549999475479126,1.6497999429702759,-1.5707963267948966,0.0,1.5707963267948966,0.1346046761663242,-0.12991730641125213,1.7487398870338637
0.10084805004311097,0.35585429646898264,1.6334268280919935,-0.003987726662530673,0.0019792115387262635,-0.000931463517482565,-1.5698237884415145,-0.021177664960211118,1.5882990276094102,0.10289999842643738,0.40549999475479126,1.6497999429702759,-1.5707963267948966,0.0,1.5707963267948966,0.13466958890611638,-0.1297667963476691,1.7487521327969495
0.10088765179111575,0.3558753672052484,1.633406834228738,-0.0030981550701332733,0.002130876398666751,-0.0008553904981600229,-1.5697708237180519,-0.021017104753636495,1.588019988371703,0.10289999842643738,0.40549999475479126,1.6497999429702759,-1.5707963267948966,0.0,1.5707963267948966,0.13473166614744359,-0.12961677279210335,1.74876233647004
0.10093655443518998,0.35590017429208315,1.6333835551913427,-0.0019182697749174419,0.0020441449996311703,-0.0011429757902926595,-1.569727915783975,-0.02086261969425074,1.5877188134391362,0.10289999842643738,0.40549999475479126,1.6497999429702759,-1.5707963267948966,0.0,1.5707963267948966,0.13479763835854708,-0.12945228980438978,1.748772734248443
0.10097550723495423,0.35592302248324353,1.6333654459131,-0.0012371415239178995,0.0018434691821775475,-0.00142453376711488,-1.5696989467782172,-0.020744813967807474,1.5874850176745654,0.10289999842643738,0.40549999475479126,1.6497999429702759,-1.5707963267948966,0.0,1.5707963267948966,0.13485100453013973,-0.12931848532737922,1.7487815417713586
0.10101903883976242,0.3559515232031352,1.6333439571326176,-0.0006029386983701046,0.001657632825994323,-0.0014422799995674228,-1.569659504637081,-0.020609149990148623,1.587245599747845,0.10289999842643738,0.40549999475479126,1.6497999429702759,-1.5707963267948966,0.0,1.5707963267948966,0.13491530131860502,-0.12915581748125818,1.7487952068782202
0.10106692272807578,0.35598709511634413,1.6333199319755545,-0.0008581916825082709,0.0016147906823454719,-0.0012810321172898043,-1.569628492000542,-0.020491323048377197,1.5870172329561612,0.10289999842643738,0.40549999475479126,1.6497999429702759,-1.5707963267948966,0.0,1.5707963267948966,0.1349666389179638,-0.12902342715274914,1.748807405488186
0.1011229326521642,0.3560324976041172,1.633295075531079,-0.0014392823979742135,0.0017332172618479587,-0.0011918785383314351,-1.5696147752393637,-0.02040269868287936,1.586776696853106,0.10289999842643738,0.40549999475479126,1.6497999429702759,-1.5707963267948966,0.0,1.5707963267948966,0.1350218426756498,-0.12887698534893874,1.748821194675432
0.10118222059892525,0.35608909997261634,1.6332650756590201,-0.001617097011596471,0.0020195235333584287,-0.0012003062188860718,-1.5695989524926397,-0.0203231193248552,1.5865102052167064,0.10289999842643738,0.40549999475479126,1.6497999429702759,-1.5707963267948966,0.0,1.5707963267948966,0.1350758847865785,-0.12873159690896646,1.7488364608479066
0.10124911785283174,0.3561559511529887,1.6332275343975131,-0.0013292486959759577,0.002336009914734224,-0.0011539561604129622,-1.5695917249087419,-0.020286499958828585,1.586217154246549,0.10289999842643738,0.40549999475479126,1.6497999429702759,-1.5707963267948966,0.0,1.5707963267948966,0.13512822867418592,-0.12858714654275746,1.7488532936750332
0.10131855341450308,0.35622814297018857,1.6331823560085363,-0.0009098603858822489,0.0025366871152331825,-0.0014683682401786038,-1.569580571799914,-0.020296769646122925,1.585889491696236,0.10289999842643738,0.40549999475479126,1.6497999429702759,-1.5707963267948966,0.0,1.5707963267948966,0.13518479144075501,-0.12842904366061156,1.7488738003170496
0.10138519920067894,0.35630651633610444,1.6331324927053708,-0.0014576613459577835,0.002669089748534133,-0.0019871750108368465,-1.569545021079611,-0.0203001472039519,1.5855039972785834,0.10289999842643738,0.40549999475479126,1.6497999429702759,-1.5707963267948966,0.0,1.5707963267948966,0.13523691730462545,-0.1282854576612402,1.7488948663181192
0.10143622976149155,0.3563745588074021,1.6330972694209123,-0.0027802023449923835,0.0027856214302088653,-0.0020819084640488774,-1.5695256889265,-0.020284513043950625,1.5851475902265502,0.10289999842643738,0.40549999475479126,1.6497999429702759,-1.5707963267948966,0.0,1.5707963267948966,0.13529007462601592,-0.12814141573158375,1.748919482559374
0.10148800833717112,0.356440281463496,1.6330750222754873,-0.004063309592269736,0.00294359531275551,-0.0017335661720956283,-1.5695450223433978,-0.020270458488554688,1.5847992038987795,0.10289999842643738,0.40549999475479126,1.6497999429702759,-1.5707963267948966,0.0,1.5707963267948966,0.13534281356916472,-0.12799663933066552,1.7489472892560194
0.10154526946362798,0.35650282964277547,1.6330671870405555,-0.00480737200769287,0.0030849440569770264,-0.0014124342373773209,-1.569586544010866,-0.02024976098192166,1.584470220140935,0.10289999842643738,0.40549999475479126,1.6497999429702759,-1.5707963267948966,0.0,1.5707963267948966,0.13539419330870664,-0.12785098323792327,1.7489779048703478
0.10160859422207331,0.3565613972011603,1.6330658476388291,-0.00444337495865078,0.0031612963496608767,-0.00116636133451354,-1.5696547769851812,-0.020235478170447685,1.584152154117078,0.10289999842643738,0.40549999475479126,1.6497999429702759,-1.5707963267948966,0.0,1.5707963267948966,0.13544388960134304,-0.12770451694129553,1.7490119255144239
0.10168051159163617,0.3566174088269023,1.6330657915957392,-0.003369987917782556,0.003187064448525066,-0.000921190340019323,-1.5697639440522417,-0.02024941464056651,1.5838350956889231,0.10289999842643738,0.40549999475479126,1.6497999429702759,-1.5707963267948966,0.0,1.5707963267948966,0.13549145698362663,-0.12755757165288945,1.7490490104163365
0.10176997814667205,0.3566773972055435,1.6330630701626765,-0.0019733105997158363,0.0032002049390861807,-0.0007333696135692722,-1.569903140173992,-0.020274356905228608,1.5834755727164023,0.10289999842643738,0.40549999475479126,1.6497999429702759,-1.5707963267948966,0.0,1.5707963267948966,0.13554106292296422,-0.1273957792175225,1.7490932370532997
0.10185150393820357,0.3567260735332568,1.6330654928557287,-0.0014473102733543427,0.0031611941121651235,-0.0007807858410233134,-1.570031738952205,-0.020319112536112627,1.5831854720690506,0.10289999842643738,0.40549999475479126,1.6497999429702759,-1.5707963267948966,0.0,1.5707963267948966,0.1355838141206336,-0.12724850378263997,1.7491335717312604
0.10194407895933028,0.3567819910420222,1.6330774927219376,-0.0009819620000581315,0.0030260951939667323,-0.0011117240318336578,-1.5701845420786535,-0.02038609449655393,1.582871411456707,0.10289999842643738,0.40549999475479126,1.6497999429702759,-1.5707963267948966,0.0,1.5707963267948966,0.13562158175227115,-0.12711613672053765,1.7491690376511144
0.10203495265494074,0.35684041153067436,1.6330947532368791,-0.0001984538053804639,0.0029318958051924343,-0.0014340655199453405,-1.5703247241325382,-0.02045039623707634,1.5825721245063575,0.10289999842643738,0.40549999475479126,1.6497999429702759,-1.5707963267948966,0.0,1.5707963267948966,0.13566344728292465,-0.12696953529368046,1.7492099701292605
0.1021204972420134,0.35689715946906586,1.633117152667678,0.00026285167657215614,0.002859686407846426,-0.0017315282063870678,-1.570452933019119,-0.02049969029355303,1.582295992081515,0.10289999842643738,0.40549999475479126,1.6497999429702759,-1.5707963267948966,0.0,1.5707963267948966,0.13571020660110172,-0.12680829496259102,1.74925793320318
0.10220911742943581,0.35695262063530897,1.6331520086540152,0.0003260888467543244,0.002769918198564858,-0.001869887699423261,-1.5705976207634236,-0.020547215420820386,1.5820239711453994,0.10289999842643738,0.40549999475479126,1.6497999429702759,-1.5707963267948966,0.0,1.5707963267948966,0.13575330286316692,-0.1266610290343617,1.7493034593423529
0.10228183669201348,0.3569930659699608,1.6331958767540435,0.0003742169150444344,0.0026816205461438277,-0.0020208002867630973,-1.570713915397128,-0.020553579959247337,1.5818068671037653,0.10289999842643738,0.40549999475479126,1.6497999429702759,-1.5707963267948966,0.0,1.5707963267948966,0.13579697463261617,-0.12651270498981165,1.7493482984897035
0.10234436427249502,0.3570278123370424,1.633249442482623,0.0007629772859255844,0.002618422436062097,-0.0020040244627432457,-1.5708146785180597,-0.0205269729914197,1.5816135132464924,0.10289999842643738,0.40549999475479126,1.6497999429702759,-1.5707963267948966,0.0,1.5707963267948966,0.13584156826215218,-0.1263638888063175,1.74939164541168
0.10239826700025845,0.3570572783440958,1.6333048751169217,0.0014886486688450776,0.0025910044311067615,-0.0018144157668031754,-1.5709129571982887,-0.02049710279950201,1.5814618587973983,0.10289999842643738,0.40549999475479126,1.6497999429702759,-1.5707963267948966,0.0,1.5707963267948966,0.13588166695015394,-0.12622982404326283,1.7494298472690888
0.10244892859914807,0.3570821189542544,1.6333662880928326,0.0022576520176561996,0.0024774335893519945,-0.0018090866995520095,-1.5710014636734337,-0.020448899966531542,1.5813358219589881,0.10289999842643738,0.40549999475479126,1.6497999429702759,-1.5707963267948966,0.0,1.5707963267948966,0.135921807665422,-0.1260954484443107,1.7494671140649107
0.10250227350846136,0.3571078720249878,1.6334472250474146,0.0028983885280652343,0.002195243278457496,-0.0019193400002068585,-1.5710821282401926,-0.02034942798157857,1.5812144187174004,0.10289999842643738,0.40549999475479126,1.6497999429702759,-1.5707963267948966,0.0,1.5707963267948966,0.13597170652309903,-0.12593107532258063,1.7495107090369277
0.1025420371312306,0.3571257449055063,1.6335248724234723,0.0030040000442887,0.0017816662207361623,-0.0020892495892432545,-1.5711594218187908,-0.020231931733610153,1.581139493597362,0.10289999842643738,0.40549999475479126,1.6497999429702759,-1.5707963267948966,0.0,1.5707963267948966,0.13601832978490003,-0.12578129589896947,1.7495489275953529
0.10256983377143782,0.35713674510324966,1.63360762467666,0.002588729661545079,0.0015139658487538991,-0.0021876518494098073,-1.571247753731143,-0.02008665289372935,1.5811037444242688,0.10289999842643738,0.40549999475479126,1.6497999429702759,-1.5707963267948966,0.0,1.5707963267948966,0.13606694828541516,-0.12563099187640372,1.749586557541069
0.10258981630298865,0.35714084764439025,1.6336986094380876,0.001837888918057842,0.001487785216128227,-0.0018506413744354524,-1.5713414334088471,-0.01991596439173371,1.5811018881924346,0.10289999842643738,0.40549999475479126,1.6497999429702759,-1.5707963267948966,0.0,1.5707963267948966,0.13611683502639355,-0.12547988722080458,1.749623609738009
0.10261280569393726,0.35714467686950824,1.6337938460136177,0.0017935814812905142,0.0014502004624503016,-0.0012911953712777928,-1.5714426667194106,-0.01976134952009101,1.581123503600932,0.10289999842643738,0.40549999475479126,1.6497999429702759,-1.5707963267948966,0.0,1.5707963267948966,0.13616616602109063,-0.12532836778115292,1.7496617789853655
0.10264092910153594,0.35715352860969357,1.6338856464246783,0.0023682188897109642,0.0012844077814231079,-0.001084026903721043,-1.5715425682295463,-0.019631700418453413,1.581155978793766,0.10289999842643738,0.40549999475479126,1.6497999429702759,-1.5707963267948966,0.0,1.5707963267948966,0.13621453966762195,-0.12517721599618942,1.7497054824604261
0.10266442396235535,0.3571646547167991,1.6339640233359656,0.0026151732877137198,0.0011565308253378562,-0.0012517991445263445,-1.5716127334991197,-0.019519742198879975,1.5811838742699702,0.10289999842643738,0.40549999475479126,1.6497999429702759,-1.5707963267948966,0.0,1.5707963267948966,0.13625816929654322,-0.12504165272763224,1.7497488825958623
0.10268208541585987,0.35717789577113057,1.6340502983010465,0.0021349507501440424,0.001144974855646153,-0.0014921508713218912,-1.571668697188716,-0.01940852766590062,1.5812058664701092,0.10289999842643738,0.40549999475479126,1.6497999429702759,-1.5707963267948966,0.0,1.5707963267948966,0.1363079296183997,-0.12489123602149546,1.7497988813653218
0.1026933257850738,0.3571907479236824,1.6341350353455106,0.0016134008504661824,0.0012467773807045505,-0.0013914439083909376,-1.5717074911991908,-0.01931336338867151,1.581219938864124,0.10289999842643738,0.40549999475479126,1.6497999429702759,-1.5707963267948966,0.0,1.5707963267948966,0.13635856111740444,-0.12474061382678735,1.749850755248501
0.10270227553519264,0.35720289540407973,1.6342180749622546,0.0008156785062509313,0.0012987336336080636,-0.0010645239502346119,-1.5717291368008532,-0.019221725037386506,1.5812244764709875,0.10289999842643738,0.40549999475479126,1.6497999429702759,-1.5707963267948966,0.0,1.5707963267948966,0.13640919051182457,-0.12458964134667475,1.7499027322716751
0.10271315693703405,0.3572132359282032,1.6342861052923165,1.8463566793006226e-05,0.0012740228701677964,-0.0007753692331924466,-1.5717396292791475,-0.01916532867218601,1.5812215861471786,0.10289999842643738,0.40549999475479126,1.6497999429702759,-1.5707963267948966,0.0,1.5707963267948966,0.13645380002525737,-0.12445336833034813,1.7499493962674069
0.10273319672879727,0.35723200868806154,1.6343875354613149,-0.0006698605424670743,0.001040762925258451,-0.0007576309850813127,-1.571761534338999,-0.01911672610641224,1.5811999767454261,0.10289999842643738,0.40549999475479126,1.6497999429702759,-1.5707963267948966,0.0,1.5707963267948966,0.13650785083958328,-0.12428677519252339,1.750007727455793
0.10275271215193363,0.3572498274880324,1.63447393158893,-0.000992286471983573,0.0008780024266022323,-0.0006538763741194933,-1.571771746854565,-0.019096361367713754,1.5811811737175225,0.10289999842643738,0.40549999475479126,1.6497999429702759,-1.5707963267948966,0.0,1.5707963267948966,0.1365565849222677,-0.12413539117829055,1.7500593848734316
0.10277597644910078,0.3572680950132645,1.6345620290394531,-0.0005977369021683237,0.0007357501311012263,-0.0005736367980331534,-1.571770804368873,-0.01908180605195353,1.5811776912352191,0.10289999842643738,0.40549999475479126,1.6497999429702759,-1.5707963267948966,0.0,1.5707963267948966,0.1366045058373314,-0.12398400158849372,1.7501084036375356
0.10280097715442725,0.35728825701997957,1.6346444855347944,0.0005420538451832061,0.0005811938671689063,-0.0007018450626702675,-1.5717694821454755,-0.01909018921265071,1.5811721616610164,0.10289999842643738,0.40549999475479126,1.6497999429702759,-1.5707963267948966,0.0,1.5707963267948966,0.136652055871829,-0.12383310238651016,1.7501556331949044
0.10282217443136965,0.3573085235346619,1.6347176028936996,0.0014469320083607437,0.0005228213259795049,-0.0008085046841288648,-1.571758516222422,-0.01909698816428529,1.5811567770016088,0.10289999842643738,0.40549999475479126,1.6497999429702759,-1.5707963267948966,0.0,1.5707963267948966,0.13670482168781228,-0.12366766610350201,1.750206824724531
0.10284551542568252,0.35733568882038946,1.6347865905493355,0.0016516491597254887,0.0006446346727935361,-0.0006470684688070658,-1.571729906753805,-0.01910931786331993,1.5811020515521625,0.10289999842643738,0.40549999475479126,1.6497999429702759,-1.5707963267948966,0.0,1.5707963267948966,0.13675734058456548,-0.12350293079019349,1.7502583813721182
0.10286916663034615,0.35736677767274383,1.6348373102828604,0.0012922880756373535,0.0007371685241968769,-0.0005909243223319543,-1.5717234020429245,-0.019138784298228906,1.581003480472462,0.10289999842643738,0.40549999475479126,1.6497999429702759,-1.5707963267948966,0.0,1.5707963267948966,0.1368001119275089,-0.12336858540035629,1.7503005245946754
0.10289378965944579,0.35740220499023734,1.6348797667574022,0.0009505145709137168,0.0007699539982915151,-0.00051416550139428,-1.57174336723974,-0.019167968034669247,1.5808790396520611,0.10289999842643738,0.40549999475479126,1.6497999429702759,-1.5707963267948966,0.0,1.5707963267948966,0.13684759186138967,-0.1232195304978471,1.7503458711836297
0.10293031841859396,0.35745825268862247,1.6349243609498771,0.00030738113481080804,0.0007011860231810139,-0.00046772959215199005,-1.5717868539737743,-0.019202658144773732,1.580689545784243,0.10289999842643738,0.40549999475479126,1.6497999429702759,-1.5707963267948966,0.0,1.5707963267948966,0.1369086437338299,-0.12302659803301166,1.7504018783907696
0.1029561118709377,0.3575011687813481,1.6349543456203854,-0.0005754717904006024,0.0006489859587124921,-0.0005673470738831026,-1.5718344079464184,-0.019243798879252427,1.5805520931003896,0.10289999842643738,0.40549999475479126,1.6497999429702759,-1.5707963267948966,0.0,1.5707963267948966,0.13695580224819795,-0.12287843154863862,1.7504417803623655
0.10298442352023872,0.357553538866749,1.6349898973853603,-0.0016518737553632254,0.0006425804462885385,-0.0006838752657677889,-1.5718911935078876,-0.019312793696930175,1.5803825001815273,0.10289999842643738,0.40549999475479126,1.6497999429702759,-1.5707963267948966,0.0,1.5707963267948966,0.13700349100217957,-0.12273000900729733,1.750478933022476
0.10300666908187708,0.3575988306281216,1.6350202941314844,-0.0024118464775846724,0.0006523848154564717,-0.0006211902740832765,-1.571932406311174,-0.01937489418152305,1.580235587162532,0.10289999842643738,0.40549999475479126,1.6497999429702759,-1.5707963267948966,0.0,1.5707963267948966,0.13705164530690286,-0.12258103099499955,1.750513694786937
0.10303075522102068,0.3576469814318967,1.635037584932982,-0.0021367174479968777,0.0005049968864076767,-0.0004504417147283233,-1.5719841519315862,-0.01945046350937174,1.5800888170959595,0.10289999842643738,0.40549999475479126,1.6497999429702759,-1.5707963267948966,0.0,1.5707963267948966,0.1370993166555751,-0.12243201629107023,1.7505484717662436
0.10305442146375401,0.35770319157190367,1.635036494639971,-0.0017645244285799037,3.872844760122217e-05,-0.000522140515864752,-1.572047283089221,-0.01953429367938364,1.579928895000371,0.10289999842643738,0.40549999475479126,1.6497999429702759,-1.5707963267948966,0.0,1.5707963267948966,0.13714690021234432,-0.12228381408645747,1.7505848790448084
0.10307306784022958,0.35775974060726945,1.6350245867323,-0.002055566810748123,-0.000531136707807326,-0.000619031636542025,-1.572117144092109,-0.019603055618255816,1.5797734551000104,0.10289999842643738,0.40549999475479126,1.6497999429702759,-1.5707963267948966,0.0,1.5707963267948966,0.1371948830835592,-0.12213633363161071,1.7506212337096438
0.10309209033892192,0.35783207930815875,1.635001808293171,-0.0028646357952117093,-0.0009857556084969903,-0.0006693519497659064,-1.5722368884156543,-0.01968402783560208,1.5795771186432463,0.10289999842643738,0.40549999475479126,1.6497999429702759,-1.5707963267948966,0.0,1.5707963267948966,0.1372433335123331,-0.12198887864698787,1.7506564155078375
0.10310564420894965,0.3578946971780145,1.634978642182395,-0.003630566758179337,-0.0012802361462691497,-0.0006607934543580777,-1.5723703805101072,-0.01975466831944761,1.5794015103537018,0.10289999842643738,0.40549999475479126,1.6497999429702759,-1.5707963267948966,0.0,1.5707963267948966,0.13728731008283004,-0.12185625338746266,1.7506862733710733
0.10311750799005297,0.3579678696495865,1.6349511726374324,-0.0043046727527565505,-0.0010156087016772682,-0.0006642284645470103,-1.5725332848244638,-0.01982849123209096,1.5791898770728432,0.10289999842643738,0.40549999475479126,1.6497999429702759,-1.5707963267948966,0.0,1.5707963267948966,0.1373366235484045,-0.12170895457733279,1.7507161087224632
0.10312517650067717,0.3580428122414107,1.634920365156572,-0.0041684756959438395,-0.0004940041823766027,-0.0006239191341569973,-1.572705160270942,-0.019894105849624033,1.5789669881413027,0.10289999842643738,0.40549999475479126,1.6497999429702759,-1.5707963267948966,0.0,1.5707963267948966,0.1373864953373306,-0.12156165718169384,1.750742442468002
0.10313301013711487,0.3581235240513744,1.634882965211596,-0.0034458840549106123,0.00015598843204165278,-0.00043890579252490054,-1.572903132973689,-0.019974959813269688,1.5787207033515533,0.10289999842643738,0.40549999475479126,1.6497999429702759,-1.5707963267948966,0.0,1.5707963267948966,0.1374414277136902,-0.12139931720115149,1.7507679371863163
0.10314333161110469,0.3582062144777525,1.634847464401524,-0.002811211747122281,0.0005363691534531536,-0.00043729749164561724,-1.573099813108364,-0.020055145346262293,1.5784643316114264,0.10289999842643738,0.40549999475479126,1.6497999429702759,-1.5707963267948966,0.0,1.5707963267948966,0.13749606122841268,-0.12123722651811618,1.750790282630745
0.10314844904556669,0.35829149562755247,1.6348144503820012,-0.0014408026522857477,0.0005156483963065678,-0.0005661618772922884,-1.5732813995515047,-0.020119173715122507,1.5781942618202922,0.10289999842643738,0.40549999475479126,1.6497999429702759,-1.5707963267948966,0.0,1.5707963267948966,0.13755164655366603,-0.1210757634957444,1.7508118423197745
0.10315103647035789,0.3583714702168018,1.6347785199595508,0.00034197722925424,0.00030092060583061857,-0.0004937202241145892,-1.573448936741343,-0.020177577775564615,1.577931600705552,0.10289999842643738,0.40549999475479126,1.6497999429702759,-1.5707963267948966,0.0,1.5707963267948966,0.1376026168956642,-0.12092972795860822,1.7508326875705862
0.10315323052840841,0.35845326590769716,1.6347398776286364,0.001480092018470729,-3.2428346013297314e-05,-0.0004472445922593284,-1.5736156462131976,-0.020221232440412074,1.5776641096422788,0.10289999842643738,0.40549999475479126,1.6497999429702759,-1.5707963267948966,0.0,1.5707963267948966,0.13765361286415162,-0.1207842826576121,1.7508531961274192
0.1031529656159729,0.3585321955537123,1.6347053710380084,0.0016867268452178806,-0.00038362703861241957,-0.000445696773415652,-1.5737932542591446,-0.020244401516170463,1.577411227716232,0.10289999842643738,0.40549999475479126,1.6497999429702759,-1.5707963267948966,0.0,1.5707963267948966,0.1377049360027912,-0.12063866895651879,1.7508715571661886
0.10315151805338585,0.3586031757149659,1.6346768026280465,0.0015568169830838098,-0.0006174657545849311,-0.00038285221464476717,-1.5739812741008503,-0.02026552241354551,1.5771898169112326,0.10289999842643738,0.40549999475479126,1.6497999429702759,-1.5707963267948966,0.0,1.5707963267948966,0.1377512449122596,-0.12050742620040716,1.7508856858652548
0.10314775259498167,0.35867222609831034,1.6346502577926365,0.0013115646941226444,-0.0008409825437574765,-0.00033952598021925453,-1.5741797401219075,-0.02026964371195028,1.5769824206621064,0.10289999842643738,0.40549999475479126,1.6497999429702759,-1.5707963267948966,0.0,1.5707963267948966,0.13780264899770575,-0.12036098896162417,1.7508982152863035
0.10313861198653386,0.35874401892317354,1.6346233730257753,0.0008574914512952355,-0.0011148962897077953,-0.0004441366794591093,-1.5743893898095354,-0.02022743320370779,1.5767660154655134,0.10289999842643738,0.40549999475479126,1.6497999429702759,-1.5707963267948966,0.0,1.5707963267948966,0.1378490145950209,-0.12022840489353571,1.750906305856228
0.10312012899603368,0.3588118057673063,1.634599993944028,0.00046680586814948924,-0.00136548906213347,-0.0005824566917652563,-1.574585348020772,-0.020156669047368236,1.576565494010673,0.10289999842643738,0.40549999475479126,1.6497999429702759,-1.5707963267948966,0.0,1.5707963267948966,0.13790154475501648,-0.12008039129641747,1.7509123204247345
0.10309685017959183,0.3588826932305658,1.6345725467964152,0.0009370420867356134,-0.001600440747599025,-0.0004645079151865781,-1.5747708110194347,-0.02008395845253652,1.5763552776321001,0.10289999842643738,0.40549999475479126,1.6497999429702759,-1.5707963267948966,0.0,1.5707963267948966,0.13795470256837042,-0.11993257590321599,1.7509184708467334
0.10307121766101168,0.3589618566687062,1.6345331660485662,0.0019291606491736184,-0.001871341383188814,-0.0003173579900018611,-1.5749374305213,-0.01999204627737683,1.576117963044685,0.10289999842643738,0.40549999475479126,1.6497999429702759,-1.5707963267948966,0.0,1.5707963267948966,0.13800826270318536,-0.11978587886148331,1.7509263051992325
0.1030476398327551,0.3590511637752455,1.6344885325781164,0.002153425901803136,-0.00204389933691703,-0.00018442248654639617,-1.575110625984343,-0.01991876735203002,1.5758678660309031,0.10289999842643738,0.40549999475479126,1.6497999429702759,-1.5707963267948966,0.0,1.5707963267948966,0.13806182976843612,-0.11964035229165511,1.750934524173525
0.10302645054814107,0.35913868700876544,1.634450181740041,0.0017825412991317223,-0.0019932176729318225,-0.00011783489985855452,-1.5752749010338045,-0.019861988689843457,1.5756399241758297,0.10289999842643738,0.40549999475479126,1.6497999429702759,-1.5707963267948966,0.0,1.5707963267948966,0.13811029292724075,-0.1195100843913522,1.7509410930289506
0.10300470334916881,0.3592357436368984,1.6344178496606736,0.0010056261896940523,-0.001639177932818026,2.5084306055676712e-05,-1.575457397356571,-0.0197795173448867,1.5754059717001736,0.10289999842643738,0.40549999475479126,1.6497999429702759,-1.5707963267948966,0.0,1.5707963267948966,0.1381637622178737,-0.11936494226655829,1.750945736580898
0.10298232356553513,0.3593284357859978,1.634390616816175,0.0010292008710087893,-0.0013345877099231395,-8.473590934274919e-05,-1.575644726979458,-0.019687006334360824,1.575188046797001,0.10289999842643738,0.40549999475479126,1.6497999429702759,-1.5707963267948966,0.0,1.5707963267948966,0.13821722582067641,-0.1192190133147188,1.7509489224141022
0.10295525814312362,0.35941753695743517,1.6343609196433317,0.0015735581611457643,-0.001166936569089568,-0.00025163594710087494,-1.5758490783546586,-0.019604305566895963,1.574988257976424,0.10289999842643738,0.40549999475479126,1.6497999429702759,-1.5707963267948966,0.0,1.5707963267948966,0.13827142750890348,-0.11907275441530103,1.7509519889640632
0.10292296794448356,0.35950806544412717,1.6343289290297582,0.0017573846744504977,-0.0010638248395405414,-0.00023568258863033468,-1.5760477174355116,-0.01951108975269289,1.574800177320205,0.10289999842643738,0.40549999475479126,1.6497999429702759,-1.5707963267948966,0.0,1.5707963267948966,0.13832637492714486,-0.11892683278167245,1.7509557819505366
0.10288997402331639,0.35960233884409504,1.6343006795144808,0.0016803837339274526,-0.0010147342138653805,3.934803327420863e-05,-1.5762447209664032,-0.01941901147290981,1.5746259813174583,0.10289999842643738,0.40549999475479126,1.6497999429702759,-1.5707963267948966,0.0,1.5707963267948966,0.13838127055004526,-0.11878123525359593,1.7509588707881028
0.10286077200758573,0.35971499761194503,1.6342708274855078,0.0016196473523138926,-0.0011220797774316078,0.0004838842973775139,-1.5764663555349379,-0.019353752929097467,1.5744424666112367,0.10289999842643738,0.40549999475479126,1.6497999429702759,-1.5707963267948966,0.0,1.5707963267948966,0.13844001771032213,-0.11862163605953473,1.750963335638426
0.1028435276393623,0.3598228309487063,1.634248350853725,0.0011026166633042198,-0.001379095953514421,0.0007250138393707735,-1.5766537365659237,-0.01931000080157208,1.5742949689666592,0.10289999842643738,0.40549999475479126,1.6497999429702759,-1.5707963267948966,0.0,1.5707963267948966,0.13849124511606345,-0.11847654867457832,1.7509709493663117
0.10283390923151958,0.35993663671403675,1.6342259231198741,0.000771502792114312,-0.001635426928666029,0.0007156735471455785,-1.5768479093984509,-0.01927187198340352,1.5741448770749853,0.10289999842643738,0.40549999475479126,1.6497999429702759,-1.5707963267948966,0.0,1.5707963267948966,0.13854090453857795,-0.11833158194575391,1.7509828729470927
0.10283112297303146,0.3600581723600001,1.6341965222403338,0.00031561459249112965,-0.001771321318160737,0.0006727612136097251,-1.5770754386353727,-0.019244273726116923,1.5739602993135975,0.10289999842643738,0.40549999475479126,1.6497999429702759,-1.5707963267948966,0.0,1.5707963267948966,0.1385894861188214,-0.11818703960042709,1.7509978327713929
0.10283548387637731,0.3601827307753993,1.6341658333447926,-0.0008437631523541019,-0.0016288588217896545,0.0007356543046212718,-1.577320057484069,-0.01920951459002218,1.573741240520369,0.10289999842643738,0.40549999475479126,1.6497999429702759,-1.5707963267948966,0.0,1.5707963267948966,0.13863679767754053,-0.11804225615683621,1.7510128232215698
0.10285044013492815,0.3603222843992221,1.634133405915883,-0.0019058860707963222,-0.001239950498092238,0.0007194466295431404,-1.5776044730067398,-0.019194326893323677,1.5734603995445082,0.10289999842643738,0.40549999475479126,1.6497999429702759,-1.5707963267948966,0.0,1.5707963267948966,0.1386870087194308,-0.11788240496459705,1.7510275022457407
0.10286794116710796,0.36045418800680823,1.6340991237587452,-0.0021270750930046,-0.0009193052120648222,0.0003581177426499934,-1.5778773475886023,-0.019212238561499895,1.5731599162132683,0.10289999842643738,0.40549999475479126,1.6497999429702759,-1.5707963267948966,0.0,1.5707963267948966,0.13873196043916802,-0.11773719940516568,1.7510407878265761
0.10287811024997365,0.36058262757296977,1.6340592926375068,-0.0017775175855778145,-0.000824907360276685,-1.2533451471876058e-05,-1.578149353911763,-0.019200393435705898,1.5728485224110684,0.10289999842643738,0.40549999475479126,1.6497999429702759,-1.5707963267948966,0.0,1.5707963267948966,0.13877783531814294,-0.11759164209944697,1.7510573065459982
0.10288504343447052,0.360706019450653,1.6340149517414078,-0.0015296696439666558,-0.0008431320823174174,6.272097774589457e-05,-1.5784386809921689,-0.019162149942645534,1.5725471317781072,0.10289999842643738,0.40549999475479126,1.6497999429702759,-1.5707963267948966,0.0,1.5707963267948966,0.13882403692338682,-0.11744553302188922,1.751079507634025
0.10290004901555526,0.3608240934539836,1.6339760731176816,-0.0020808525484111904,-0.000918859952256417,0.0005032522338798277,-1.5787571730971954,-0.019143362686710574,1.5722725073994566,0.10289999842643738,0.40549999475479126,1.6497999429702759,-1.5707963267948966,0.0,1.5707963267948966,0.13886869304439187,-0.11729831624957607,1.7511048596526149
0.10292716134549232,0.36093920379521943,1.6339462684102133,-0.00258807004313621,-0.0010846940883512104,0.0006823264432035455,-1.5790604635370502,-0.019145704467573577,1.5720127155221184,0.10289999842643738,0.40549999475479126,1.6497999429702759,-1.5707963267948966,0.0,1.5707963267948966,0.13891090048312543,-0.1171500877213809,1.7511343277176405
0.10295974308422642,0.3610581533857916,1.6339215412151467,-0.0028083120608037937,-0.0012103430245831864,0.000473863595663169,-1.5793507218813363,-0.019176822204170385,1.5717415110261412,0.10289999842643738,0.40549999475479126,1.6497999429702759,-1.5707963267948966,0.0,1.5707963267948966,0.13895194198300492,-0.11700190636895867,1.7511682164643478
0.10300832900028613,0.3612393553825587,1.6338937828998026,-0.003067831093180857,-0.001175331187124833,0.00017199633474616094,-1.5797896485923868,-0.01929087484119396,1.5713235844209616,0.10289999842643738,0.40549999475479126,1.6497999429702759,-1.5707963267948966,0.0,1.5707963267948966,0.1390087383258509,-0.11679570880517855,1.7512187207610135
0.10304225936771766,0.3613779230954654,1.633877669326793,-0.0033198753693707674,-0.0010275722787837095,0.00014846210998823364,-1.5801159430959502,-0.019379669852361836,1.5709959591494824,0.10289999842643738,0.40549999475479126,1.6497999429702759,-1.5707963267948966,0.0,1.5707963267948966,0.13904889635032158,-0.11664915071653174,1.751255374525449
0.10308077177186505,0.36151910981261953,1.6338662987400785,-0.003327520422802347,-0.0008305935050927305,0.0002661540980130539,-1.5804657803874953,-0.019478159849145804,1.570672966550286,0.10289999842643738,0.40549999475479126,1.6497999429702759,-1.5707963267948966,0.0,1.5707963267948966,0.13909160787769276,-0.11648769306407569,1.7512947376514754
0.10313161017495232,0.3616784906370733,1.6338591921739545,-0.002597304747771975,-0.0008551422609409759,0.00031639944146620943,-1.580899210131533,-0.019610302674483382,1.5703254930955721,0.10289999842643738,0.40549999475479126,1.6497999429702759,-1.5707963267948966,0.0,1.5707963267948966,0.13912901177159856,-0.1163410551653575,1.7513290946414781
0.10318430044444417,0.3618298858221251,1.6338574929805063,-0.0014444549183365925,-0.000997417801840175,0.00020198760351937167,-1.5813157175362684,-0.019741454280591597,1.5700208692240067,0.10289999842643738,0.40549999475479126,1.6497999429702759,-1.5707963267948966,0.0,1.5707963267948966,0.1391653212005626,-0.11619527370706303,1.7513612973869839
0.10323862058970613,0.3619863596186526,1.633859251492718,0.0001718504506733683,-0.0011638782868682222,-0.00013046083817098037,-1.5817556960982442,-0.019886391452411445,1.569733541903286,0.10289999842643738,0.40549999475479126,1.6497999429702759,-1.5707963267948966,0.0,1.5707963267948966,0.13920496220649045,-0.11603599244423396,1.7513943707524815
0.10329198410506552,0.36216089479269115,1.6338614916570209,0.001960345931901785,-0.0011967370530103056,-0.0005067694834597132,-1.5822602071563712,-0.02002644460873082,1.56943662733302,0.10289999842643738,0.40549999475479126,1.6497999429702759,-1.5707963267948966,0.0,1.5707963267948966,0.139241916642171,-0.11589204258082658,1.7514255505300196
0.1033358195432764,0.3623182003636022,1.6338657267692294,0.002666705436645599,-0.0010384142542508976,-0.0004755329702985324,-1.5827240506464415,-0.02010914140898734,1.5692013635119113,0.10289999842643738,0.40549999475479126,1.6497999429702759,-1.5707963267948966,0.0,1.5707963267948966,0.13927931666215762,-0.11574819401840114,1.7514595059792792
0.10338163501051613,0.36247262901997573,1.6338785672239355,0.0025079944958846328,-0.0007879436152508453,-0.00023941143832705095,-1.5832111693815345,-0.02017532012960821,1.5690020274873568,0.10289999842643738,0.40549999475479126,1.6497999429702759,-1.5707963267948966,0.0,1.5707963267948966,0.13931606834257426,-0.11560370655095807,1.7514936842099944
0.1034314590593216,0.3626251693455327,1.6338991202325701,0.0022635549699007527,-0.0005144243063966185,-0.00012958268575504104,-1.583719549285241,-0.020250058634982526,1.5688111738600112,0.10289999842643738,0.40549999475479126,1.6497999429702759,-1.5707963267948966,0.0,1.5707963267948966,0.13935171588124234,-0.1154584913033666,1.7515276464285516
0.10347831828490547,0.36277463769735663,1.6339217456143484,0.0020992888634456144,-0.0002893077881755701,-0.00038738920497349616,-1.5842130591827557,-0.020303535740276324,1.5686200026858201,0.10289999842643738,0.40549999475479126,1.6497999429702759,-1.5707963267948966,0.0,1.5707963267948966,0.13938713963781604,-0.11531259532877326,1.7515621538154447
0.10351677074028066,0.3629228884847965,1.633940691742996,0.001999829295318884,-9.268332124275239e-05,-0.0006445208360821957,-1.5846864742369366,-0.02033748432940463,1.5684165068129985,0.10289999842643738,0.40549999475479126,1.6497999429702759,-1.5707963267948966,0.0,1.5707963267948966,0.13942333208876326,-0.11516628696794642,1.7515985358076605
0.10354951599602495,0.3630924610428907,1.6339489216912246,0.0020006348167470587,9.910619993964958e-05,-0.0006900134562223244,-1.5851880274831562,-0.0203859191347604,1.5681590789831283,0.10289999842643738,0.40549999475479126,1.6497999429702759,-1.5707963267948966,0.0,1.5707963267948966,0.13946408711945632,-0.1150057957036842,1.7516423518731326
0.10357100134068468,0.3632384266302438,1.6339503371419315,0.0013242899082456464,0.0002444241666052048,-0.0005942959022218753,-1.5855610889198255,-0.02043092018442172,1.5679316613344274,0.10289999842643738,0.40549999475479126,1.6497999429702759,-1.5707963267948966,0.0,1.5707963267948966,0.13949763697745246,-0.11487492229318864,1.7516793245838471
0.10359062290650296,0.36340820622033426,1.6339484433009608,0.0004982470472381697,0.0004042834805677407,-0.0006021268590134056,-1.5859543328881007,-0.0204872425957614,1.567663244224323,0.10289999842643738,0.40549999475479126,1.6497999429702759,-1.5707963267948966,0.0,1.5707963267948966,0.13953877135537374,-0.11471533288648944,1.751724182743845
0.10360403192145362,0.36363657969476126,1.6339371524658581,-0.00040345975356258923,0.0006787693959332123,-0.0006865542491420013,-1.5864578522838515,-0.02057324978882491,1.5672951350743154,0.10289999842643738,0.40549999475479126,1.6497999429702759,-1.5707963267948966,0.0,1.5707963267948966,0.13958472436848365,-0.11454135864230075,1.751772898999613
0.10360680444006336,0.3638341398181554,1.633918266911242,-0.0011458049332123553,0.0009607628696787744,-0.0005991127036099434,-1.5868496577555407,-0.020628504140758785,1.566970648976228,0.10289999842643738,0.40549999475479126,1.6497999429702759,-1.5707963267948966,0.0,1.5707963267948966,0.1396271885596249,-0.11438165953469748,1.7518175473986992
0.10360481230054243,0.3640135159600648,1.6338954765952787,-0.0015703575988831465,0.0010999481793588796,-0.0004522981339577832,-1.5871956663410411,-0.02066695943510144,1.5666661599416976,0.10289999842643738,0.40549999475479126,1.6497999429702759,-1.5707963267948966,0.0,1.5707963267948966,0.13966575696062067,-0.11423589337454366,1.7518568067839422
0.10360333975883267,0.36420985918906135,1.633860587541576,-0.0011301426692529835,0.001057979692870189,-0.00028713287222299305,-1.5876070995029903,-0.02072583937331629,1.5663090051517736,0.10289999842643738,0.40549999475479126,1.6497999429702759,-1.5707963267948966,0.0,1.5707963267948966,0.13970735991977518,-0.11407497303394462,1.7518997397117606
0.10359967977289726,0.3643831930992677,1.6338237188207776,-0.000880924772418447,0.0008772513451643987,-0.0003680734056767943,-1.5879760230133855,-0.020762490960893665,1.5659935713163775,0.10289999842643738,0.40549999475479126,1.6497999429702759,-1.5707963267948966,0.0,1.5707963267948966,0.13974469632624825,-0.11392794769634183,1.7519387790426546
0.10358699719067908,0.3645829603884708,1.6337832927398868,-0.0009702957841896172,0.0007412915420192975,-0.0005722553059134529,-1.588401652840295,-0.02077509623269691,1.5656627661324527,0.10289999842643738,0.40549999475479126,1.6497999429702759,-1.5707963267948966,0.0,1.5707963267948966,0.13978988619149618,-0.11375044173563019,1.7519834997207218
0.10356808638315497,0.3647415267425752,1.6337576977778183,-0.0009987866999983744,0.0007628134086825836,-0.0007016126900968376,-1.5887453560161808,-0.02077934743165155,1.5654346598443585,0.10289999842643738,0.40549999475479126,1.6497999429702759,-1.5707963267948966,0.0,1.5707963267948966,0.13982822912839668,-0.11360150246039319,1.752018501930791
0.10354045506671547,0.36489157932722366,1.6337401206570907,-0.0009282304507318604,0.0009129504962282292,-0.0005795824177648501,-1.589063987481348,-0.02075460145030439,1.5652414823333423,0.10289999842643738,0.40549999475479126,1.6497999429702759,-1.5707963267948966,0.0,1.5707963267948966,0.13986712248364094,-0.11345158483920945,1.75205128733587
0.1035126619142662,0.3650524656891445,1.633725055206505,-0.00019131264625046573,0.0011286867956146224,-5.08920579534866e-05,-1.5894216414619475,-0.02071833443866211,1.5650418514048732,0.10289999842643738,0.40549999475479126,1.6497999429702759,-1.5707963267948966,0.0,1.5707963267948966,0.1399084254556671,-0.11328582516033923,1.7520876970128691
0.10349467457365656,0.3652145139108023,1.63370222441638,0.0012709026127917288,0.0010654700450709377,8.968124918306063e-05,-1.5898085191568496,-0.0207106281374978,1.564833064976744,0.10289999842643738,0.40549999475479126,1.6497999429702759,-1.5707963267948966,0.0,1.5707963267948966,0.13994733495600575,-0.1131198050707214,1.752131349638581
0.10347611697418281,0.36536516595817226,1.6336686994931042,0.0020617633520995655,0.0008182662963177945,-0.0003209744640162624,-1.5901510585276841,-0.020694396369145718,1.5646247240795599,0.10289999842643738,0.40549999475479126,1.6497999429702759,-1.5707963267948966,0.0,1.5707963267948966,0.1399824990876428,-0.11296924941126787,1.7521797031472606
0.10344610150462608,0.36551984143839844,1.6336267846738481,0.0018476011757821008,0.00043908963229412617,-0.0007365174522063414,-1.5904786517840592,-0.020656527434954164,1.5643932394288333,0.10289999842643738,0.40549999475479126,1.6497999429702759,-1.5707963267948966,0.0,1.5707963267948966,0.14002309712838348,-0.1128041507664152,1.7522420094017512
0.1034028192897169,0.36571153154658187,1.6335743455674314,0.0005521768024005129,0.0001352501889565716,-0.0006637932284312091,-1.5908734353829506,-0.020619245944991427,1.5641023409622978,0.10289999842643738,0.40549999475479126,1.6497999429702759,-1.5707963267948966,0.0,1.5707963267948966,0.14006476110588276,-0.11263911729351478,1.752313021785416
0.10335789903585407,0.36588494012805317,1.6335391998648725,-0.0013611889258126398,-7.46124798142192e-05,-0.0006441010294574052,-1.5912140153417407,-0.020560537858442807,1.5638735180887322,0.10289999842643738,0.40549999475479126,1.6497999429702759,-1.5707963267948966,0.0,1.5707963267948966,0.1401067760139363,-0.11247292406305813,1.752385892959626
0.10330971756579166,0.36603684756081944,1.6335170949445563,-0.0021768204579499075,-0.0003295733471000654,-0.0006373546691672375,-1.5915194190748567,-0.020482991459608968,1.563696462373275,0.10289999842643738,0.40549999475479126,1.6497999429702759,-1.5707963267948966,0.0,1.5707963267948966,0.14014559195393947,-0.11232059906854525,1.7524514312054627
0.10325837007933968,0.36618662644950106,1.633497338423196,-0.0015825108714297709,-0.0005052497312890833,-0.0005461152227150233,-1.591837825616672,-0.020418314163856977,1.5635322762764503,0.10289999842643738,0.40549999475479126,1.6497999429702759,-1.5707963267948966,0.0,1.5707963267948966,0.14018440653085626,-0.11216779615079961,1.7525166071316016
0.1032013291471301,0.3663346619690854,1.633473315223472,-0.0001444020755205117,-0.0007111719657219663,-0.0007000708564589761,-1.5921481969837383,-0.02033662830823868,1.5633619447143534,0.10289999842643738,0.40549999475479126,1.6497999429702759,-1.5707963267948966,0.0,1.5707963267948966,0.14022354476881327,-0.11201515618525583,1.7525820090990432
0.10311820244963775,0.36651328069682965,1.6334333956247,0.0011860203288645605,-0.0007824276530691398,-0.0008748335332810708,-1.592507842834362,-0.02021577742269498,1.5631244921142604,0.10289999842643738,0.40549999475479126,1.6497999429702759,-1.5707963267948966,0.0,1.5707963267948966,0.14027214584181077,-0.11183272939233192,1.7526615186624253
0.10302298960381108,0.366693198347237,1.633386411248147,0.0014037558941146966,-0.0007435088351365706,-0.0007513171129295118,-1.5928691315418666,-0.020085449727909932,1.562848464255436,0.10289999842643738,0.40549999475479126,1.6497999429702759,-1.5707963267948966,0.0,1.5707963267948966,0.14032203012177302,-0.11165061095422672,1.7527414795925471
0.10293451272182733,0.36685634878528345,1.6333499885719016,-0.00013508894297688162,-0.0005983270437544358,-0.00014651290614541002,-1.5931744701301953,-0.019930538951842713,1.5625938403455844,0.10289999842643738,0.40549999475479126,1.6497999429702759,-1.5707963267948966,0.0,1.5707963267948966,0.14036718569934073,-0.11148288277300356,1.7528132213742562
0.10286176401011576,0.3670192536090539,1.63333204119411,-0.0025267256799919196,-0.00022217803339344064,0.0004447981111750679,-1.5934731228458379,-0.019796178811306575,1.562360481079549,0.10289999842643738,0.40549999475479126,1.6497999429702759,-1.5707963267948966,0.0,1.5707963267948966,0.1404093021217278,-0.11131342577489099,1.752886556949785
0.10279932942523468,0.36718238023249594,1.6333287164052996,-0.0038862610361939873,0.0003157801923045458,0.00037174399089517305,-1.5937573993266547,-0.019686428125014643,1.5621502578170445,0.10289999842643738,0.40549999475479126,1.6497999429702759,-1.5707963267948966,0.0,1.5707963267948966,0.14044911373758218,-0.11114236018026218,1.752965259574416
0.10273962239870385,0.3673303100190296,1.6333288489111673,-0.0038234086228589375,0.0008235298949921053,-6.117991464669721e-05,-1.5939713669540285,-0.019582833256254872,1.5619634478502433,0.10289999842643738,0.40549999475479126,1.6497999429702759,-1.5707963267948966,0.0,1.5707963267948966,0.14048877390714376,-0.11097057801926334,1.7530487184806625
0.10264579688622605,0.3675209903378742,1.6333198607062962,-0.0022706005886946193,0.0012663294098545648,-0.000704769893284257,-1.5942389160558619,-0.019440187887235005,1.5617051361594563,0.10289999842643738,0.40549999475479126,1.6497999429702759,-1.5707963267948966,0.0,1.5707963267948966,0.14053406938261423,-0.11078303624495969,1.7531484813720144
0.10255074861151223,0.36768302904269967,1.6332946900991945,-0.0011971217026952566,0.0014885482904935612,-0.0007926210326806871,-1.5944608031053558,-0.01929563081429908,1.5614629950240078,0.10289999842643738,0.40549999475479126,1.6497999429702759,-1.5707963267948966,0.0,1.5707963267948966,0.14057767175896535,-0.11061138017085424,1.7532511738822318
0.10245917265412555,0.3678324011057245,1.633265415355602,-0.0012390337735454498,0.0016036476511410585,-0.0005076152423656994,-1.5946407325653151,-0.01913877819380394,1.561224387033374,0.10289999842643738,0.40549999475479126,1.6497999429702759,-1.5707963267948966,0.0,1.5707963267948966,0.14061754723502168,-0.11045522285219231,1.7533503400579284
0.10236971300429303,0.3679806530115095,1.6332407665218154,-0.001950112329240423,0.0016470358092930057,-0.00010941812513682292,-1.5948430152942215,-0.018985631555980653,1.5609936979139272,0.10289999842643738,0.40549999475479126,1.6497999429702759,-1.5707963267948966,0.0,1.5707963267948966,0.1406565113276395,-0.11029813628140768,1.753451296928953
0.10227951951300562,0.36813973018985335,1.6332256385780302,-0.0025554163346445703,0.001755974258490153,0.00025064508284240223,-1.5950868143339982,-0.018827002271721405,1.560766243425855,0.10289999842643738,0.40549999475479126,1.6497999429702759,-1.5707963267948966,0.0,1.5707963267948966,0.14069728927888173,-0.11012376687720904,1.7535638506021403
0.1022100450999804,0.36826625116987555,1.6332218645375274,-0.0025471394668210383,0.0018175816245536392,0.0002027364221537505,-1.5952696924097085,-0.018687164875231588,1.5606012661381874,0.10289999842643738,0.40549999475479126,1.6497999429702759,-1.5707963267948966,0.0,1.5707963267948966,0.1407292394682749,-0.10998004138890488,1.7536571096799456
0.10212857776024743,0.36840481482701176,1.633222068660226,-0.00159016501433128,0.0018489427717324027,-0.00016327881471583076,-1.5954685825878423,-0.018522955078419834,1.56043026522203,0.10289999842643738,0.40549999475479126,1.6497999429702759,-1.5707963267948966,0.0,1.5707963267948966,0.14076479060665364,-0.10981992951861423,1.7537614870958989
0.10203930194383085,0.36854329035612254,1.6332266341863841,-0.0006099456394612983,0.001957184026363699,-0.0004088091085169488,-1.5956738838016644,-0.018355680465346857,1.5602711357947556,0.10289999842643738,0.40549999475479126,1.6497999429702759,-1.5707963267948966,0.0,1.5707963267948966,0.14080106985122454,-0.10965985309718994,1.7538670492263528
0.10193357629894424,0.3686985821119479,1.6332386856164838,2.142193717915446e-05,0.002018713260042056,-0.0004135447816296978,-1.5958942469502486,-0.01815032322716803,1.5601029284326666,0.10289999842643738,0.40549999475479126,1.6497999429702759,-1.5707963267948966,0.0,1.5707963267948966,0.14084164245604958,-0.10948414960793032,1.7539831324606199
0.10184633909473959,0.3688267523562747,1.6332556221574184,0.00023070432073837708,0.001931018084400561,-0.00017332359473378503,-1.5960674561599557,-0.017982144716827797,1.5599792195411215,0.10289999842643738,0.40549999475479126,1.6497999429702759,-1.5707963267948966,0.0,1.5707963267948966,0.1408745975322962,-0.10934031436366246,1.7540760540543763
0.10175545023340439,0.3689710774038955,1.6332840869784382,0.00035071093669560396,0.0018001297374888793,0.0001886158535608462,-1.5962504578959413,-0.017834640146046965,1.559860408501806,0.10289999842643738,0.40549999475479126,1.6497999429702759,-1.5707963267948966,0.0,1.5707963267948966,0.14090991122409635,-0.1091801735923263,1.7541769165125103
0.10166390397051259,0.36913199123388307,1.6333190152990849,0.001344911987570072,0.0015065532191168747,0.00037399778773098373,-1.596412040318263,-0.01767867538443957,1.5597559274800208,0.10289999842643738,0.40549999475479126,1.6497999429702759,-1.5707963267948966,0.0,1.5707963267948966,0.1409465258959373,-0.10900363842750577,1.7542886376571627
0.10158383043959678,0.36928176885549613,1.6333486302595206,0.0023207980959173823,0.0012986432819108579,0.00032812119565627505,-1.5965262343770448,-0.01752624490594279,1.5596719035717321,0.10289999842643738,0.40549999475479126,1.6497999429702759,-1.5707963267948966,0.0,1.5707963267948966,0.14097851714047988,-0.10884320037452133,1.7543916445104866
0.10150801348043034,0.3694355372799259,1.6333771257308853,0.0029907437945613405,0.0012562535259508438,0.0002758070422700279,-1.5966487890962233,-0.01739354983392616,1.5595900565961422,0.10289999842643738,0.40549999475479126,1.6497999429702759,-1.5707963267948966,0.0,1.5707963267948966,0.14100941165825054,-0.10868283492422384,1.7544933788415147
0.10143324146611296,0.36959715874255017,1.6334054857260123,0.0031557158900439035,0.0013758211907806662,4.2306258494197894e-05,-1.59675899747347,-0.01725538929581205,1.559507273248257,0.10289999842643738,0.40549999475479126,1.6497999429702759,-1.5707963267948966,0.0,1.5707963267948966,0.14103995755557208,-0.10852308420250388,1.7545925280238748
0.10136162291311726,0.36975037281095446,1.6334290813328094,0.0030237699175086935,0.0015574137052948667,-0.0002632597810714387,-1.5968380483127351,-0.017122395786702604,1.5594216854839724,0.10289999842643738,0.40549999475479126,1.6497999429702759,-1.5707963267948966,0.0,1.5707963267948966,0.14106822793821108,-0.10837992459813492,1.7546804429703597
0.10127085405907375,0.36994556345302826,1.6334502437369975,0.0026254839849006767,0.001701853900665093,-0.0003392322308074439,-1.5969419895438135,-0.01698156602218681,1.5592957414205744,0.10289999842643738,0.40549999475479126,1.6497999429702759,-1.5707963267948966,0.0,1.5707963267948966,0.14110352720003808,-0.1082052449592963,1.7547889448563836
0.10118489046648546,0.3701242646312381,1.633463491425844,0.0018905942198400181,0.0017121752038751711,-0.00026979622373026363,-1.5970284332449174,-0.016850056241116018,1.559172322890941,0.10289999842643738,0.40549999475479126,1.6497999429702759,-1.5707963267948966,0.0,1.5707963267948966,0.14113606580414897,-0.10804594032621097,1.7548869846748167
0.10110090845738395,0.37030541488975643,1.633474681257928,0.0008945064602236744,0.0016308370326318907,-0.00011920789721360998,-1.5971250738700178,-0.016721674612071524,1.5590377882128035,0.10289999842643738,0.40549999475479126,1.6497999429702759,-1.5707963267948966,0.0,1.5707963267948966,0.1411682314941543,-0.10788613897526424,1.75498354577939
0.10102000806734857,0.3704914550627411,1.6334860634224089,-8.466852380183196e-05,0.0015019073464562984,-6.110113599658895e-05,-1.597262410557333,-0.01661068737836846,1.5588945509447156,0.10289999842643738,0.40549999475479126,1.6497999429702759,-1.5707963267948966,0.0,1.5707963267948966,0.14120010366037772,-0.10772606012166164,1.7550783976237583
0.10094089665325219,0.3706783322554554,1.6334981273167861,-0.0007284004426386525,0.001400404184566227,-5.424849481244865e-05,-1.5974186190757758,-0.016499728997004137,1.5587511343707623,0.10289999842643738,0.40549999475479126,1.6497999429702759,-1.5707963267948966,0.0,1.5707963267948966,0.1412316993318944,-0.10756542097574524,1.7551703369050076
0.10086101513935723,0.3708618340153784,1.6335126266422069,-0.0008490963968730429,0.0012394031313199493,-0.00016758251569872523,-1.5975867251955878,-0.01636658949278491,1.558619833604899,0.10289999842643738,0.40549999475479126,1.6497999429702759,-1.5707963267948966,0.0,1.5707963267948966,0.14126324705742008,-0.10740399946410689,1.7552583855735755
0.10077743600048218,0.3710425228973354,1.6335279323222285,-0.00036002372499586906,0.0009927945466291909,-0.00040922955408980555,-1.5977960277432848,-0.01621923176175022,1.5584904611057757,0.10289999842643738,0.40549999475479126,1.6497999429702759,-1.5707963267948966,0.0,1.5707963267948966,0.14129544453670076,-0.10724216638785736,1.7553432203738355
0.100686410238285,0.3712221125362923,1.6335415661271138,0.00016680476720934637,0.0008123552823668384,-0.0005677510485564045,-1.5980180161445563,-0.01604273413820234,1.5583540476798707,0.10289999842643738,0.40549999475479126,1.6497999429702759,-1.5707963267948966,0.0,1.5707963267948966,0.14133222239194995,-0.10706412005350316,1.7554354079648864
0.10057901764471221,0.37141847663240996,1.633560495763513,9.502107565260637e-05,0.0008134541193029418,-0.000444219799832721,-1.598243237442664,-0.01580224872360425,1.5582141511196497,0.10289999842643738,0.40549999475479126,1.6497999429702759,-1.5707963267948966,0.0,1.5707963267948966,0.1413664409875906,-0.1069020563476555,1.7555177200014882
0.10048056896086471,0.3715966891709345,1.6335880549486343,-0.0003113095733773295,0.0009366472652868823,-0.0002879039534669924,-1.5984510187081802,-0.015583614186589045,1.5581143192331854,0.10289999842643738,0.40549999475479126,1.6497999429702759,-1.5707963267948966,0.0,1.5707963267948966,0.1414007330104206,-0.10673960498516835,1.755596682825395
0.1003812427834651,0.37177655543687904,1.6336269922188824,-0.0007499580469254318,0.0009809938892591731,-0.00020373635589490034,-1.5986634984520083,-0.015381026329409853,1.558036862286724,0.10289999842643738,0.40549999475479126,1.6497999429702759,-1.5707963267948966,0.0,1.5707963267948966,0.14143542350235694,-0.10657703090616406,1.7556720499659881
0.10028440977501109,0.3719611454242686,1.633671101224545,-0.0005877881240186017,0.0009891725465954557,2.413327869089839e-05,-1.598863501762665,-0.015191343922120293,1.5579604031124974,0.10289999842643738,0.40549999475479126,1.6497999429702759,-1.5707963267948966,0.0,1.5707963267948966,0.1414700017608141,-0.10641475755427099,1.7557447133445574
0.10020016394571236,0.37212970028569614,1.6337085373681215,-0.00028693747189219374,0.0009601020607120005,0.00014858646469464757,-1.5990289662594916,-0.015046596814293878,1.5578873611393547,0.10289999842643738,0.40549999475479126,1.6497999429702759,-1.5707963267948966,0.0,1.5707963267948966,0.14150079081799946,-0.10626874500558123,1.7558096905808913
0.10010904963725843,0.37231833958344956,1.633748350580439,-0.00026510947091440136,0.0009132888081468878,0.0001348608535730331,-1.5991914631308526,-0.014920776005393765,1.5578167863434902,0.10289999842643738,0.40549999475479126,1.6497999429702759,-1.5707963267948966,0.0,1.5707963267948966,0.14153452485587256,-0.10610621345525692,1.7558809604756342
0.100013026594762,0.3725050159001351,1.6337880691341389,-0.00043537297779126766,0.0008030017408979091,-7.563127586818493e-05,-1.5993126383362133,-0.01478071068222686,1.5577724764337841,0.10289999842643738,0.40549999475479126,1.6497999429702759,-1.5707963267948966,0.0,1.5707963267948966,0.14156879821269727,-0.10594311153096642,1.7559515972008108
0.09990396484190031,0.37270536870081294,1.6338345242174925,-0.0007360409145607549,0.0009173171137036324,2.296449538865131e-05,-1.5994063192840446,-0.01461847530990612,1.557758693911358,0.10289999842643738,0.40549999475479126,1.6497999429702759,-1.5707963267948966,0.0,1.5707963267948966,0.14160698435215424,-0.10576261203232111,1.7560289383346346
0.0998097967365946,0.37288514769863557,1.6338770112763183,-0.0007536691237409289,0.0012552150509048125,0.00037287794664288623,-1.5994902563649311,-0.014499509482083006,1.5577564420658483,0.10289999842643738,0.40549999475479126,1.6497999429702759,-1.5707963267948966,0.0,1.5707963267948966,0.141641075099416,-0.10559762222942051,1.756098824995554
0.09972652768717352,0.37306465622752166,1.6339210508098545,-0.0005678259789613536,0.0017138785401839042,0.0007413898640900298,-1.5995486400617993,-0.014402619434361164,1.5577569425294486,0.10289999842643738,0.40549999475479126,1.6497999429702759,-1.5707963267948966,0.0,1.5707963267948966,0.14167341657507967,-0.10543189996449641,1.7561699834724123
0.09964399112276547,0.3732605370746799,1.6339669645201704,-3.842268507015025e-05,0.002085920479394408,0.000650309274272986,-1.5995593280475617,-0.014312884056235209,1.5577527580126462,0.10289999842643738,0.40549999475479126,1.6497999429702759,-1.5707963267948966,0.0,1.5707963267948966,0.14170737452296578,-0.10524875841395842,1.7562522568178955
0.09956830670212648,0.37343705005556405,1.634003454047457,0.0002572708981303524,0.0021998871386192773,0.00032739011615198977,-1.5995436255832858,-0.014251042318807805,1.5577410050264848,0.10289999842643738,0.40549999475479126,1.6497999429702759,-1.5707963267948966,0.0,1.5707963267948966,0.14173838057819618,-0.10508163771162711,1.7563306076510294
0.09948881451158718,0.37361030559549446,1.6340354847281133,7.853898447489712e-05,0.0021969587965518125,0.00023165853551162082,-1.599492619814726,-0.014185345697909302,1.5577284215475629,0.10289999842643738,0.40549999475479126,1.6497999429702759,-1.5707963267948966,0.0,1.5707963267948966,0.14176981585180654,-0.10491367280149094,1.7564131037100816
0.09940939381670111,0.3737784645382347,1.6340682270862408,-0.0006036674806594509,0.001962758261663196,0.0003467587465557055,-1.599405062830541,-0.014119715178173564,1.5577360280577484,0.10289999842643738,0.40549999475479126,1.6497999429702759,-1.5707963267948966,0.0,1.5707963267948966,0.14180089748830516,-0.10474439748743469,1.7564978922956591
0.09933401430314652,0.3739453758235426,1.6341070877405326,-0.001848588147294756,0.0014271084437844216,0.0005173297259772489,-1.599305467334002,-0.014090831139930593,1.557776641311741,0.10289999842643738,0.40549999475479126,1.6497999429702759,-1.5707963267948966,0.0,1.5707963267948966,0.14183115178903247,-0.10457403254939361,1.7565822196899306
0.09926519040432365,0.3741135408894466,1.6341579894011804,-0.003134302544323144,0.0006358505403915043,0.0006217826888907456,-1.5991947879926627,-0.01409500158024013,1.5578476937837453,0.10289999842643738,0.40549999475479126,1.6497999429702759,-1.5707963267948966,0.0,1.5707963267948966,0.14186030659774346,-0.10440282140689923,1.7566645861932983
0.099193899924732,0.37429900492463963,1.6342256700512936,-0.00353910806267173,-0.00027730369294801734,0.0005509341403610962,-1.5990519531103247,-0.01409520423249866,1.5579485441515455,0.10289999842643738,0.40549999475479126,1.6497999429702759,-1.5707963267948966,0.0,1.5707963267948966,0.14189154068068016,-0.10421378376241534,1.7567529292539643
0.09913212431357715,0.374470369506455,1.634289168821521,-0.0031563360528771064,-0.000879726956137819,0.0004783254339954931,-1.598910520256954,-0.014117679902693414,1.5580449200494084,0.10289999842643738,0.40549999475479126,1.6497999429702759,-1.5707963267948966,0.0,1.5707963267948966,0.14191949579014,-0.10404181825770804,1.7568315929540175
0.09907228417683639,0.3746411091868374,1.6343589165826575,-0.002771996080140092,-0.001178767344740713,0.00043910208240235856,-1.5987527314726955,-0.014165962197093762,1.5581598218867467,0.10289999842643738,0.40549999475479126,1.6497999429702759,-1.5707963267948966,0.0,1.5707963267948966,0.14194710585157683,-0.10386949504222474,1.7569074361874162
0.0990133200940469,0.374811062262869,1.6344373871453575,-0.001810000429478324,-0.0011096029307608602,0.00048471826401817974,-1.598551621658658,-0.01421000435409514,1.5582992804980185,0.10289999842643738,0.40549999475479126,1.6497999429702759,-1.5707963267948966,0.0,1.5707963267948966,0.141974232639206,-0.10369692245623191,1.7569795782182165
0.09895903807317033,0.3749825964640487,1.634518238066764,0.0002610374697345229,-0.0007475572272261841,0.000517003036977404,-1.598331437989498,-0.014269747705190738,1.5584515505074832,0.10289999842643738,0.40549999475479126,1.6497999429702759,-1.5707963267948966,0.0,1.5707963267948966,0.14200045368242406,-0.10352448230487697,1.7570491686828866
0.09890405781297233,0.37515871202029016,1.6345913316458143,0.002308365991087516,-0.0003462234509121251,0.0002249547502614106,-1.5981141292733612,-0.014342387622908515,1.5585906281431103,0.10289999842643738,0.40549999475479126,1.6497999429702759,-1.5707963267948966,0.0,1.5707963267948966,0.1420269916927982,-0.10335282356772436,1.757119908252532
0.09883138242512116,0.3753742795523036,1.6346802629762966,0.002196843577331892,-7.081420062604642e-05,-8.966312615967124e-05,-1.5978313120596408,-0.014407463897562423,1.5587541722316691,0.10289999842643738,0.40549999475479126,1.6497999429702759,-1.5707963267948966,0.0,1.5707963267948966,0.1420632697760516,-0.10313012820510278,1.7572148361087532
0.09875192215453074,0.37558961422984916,1.6347891899249571,0.0006593224262042269,-0.00010109885943949712,-0.0002257254043002802,-1.5975659095471142,-0.014460714545418085,1.5589416707982764,0.10289999842643738,0.40549999475479126,1.6497999429702759,-1.5707963267948966,0.0,1.5707963267948966,0.14209605820921214,-0.10294091726509115,1.757296279095233
0.0986759661708506,0.37578289232916595,1.634907883528389,-0.0007199012785314213,-0.0002444866404845577,-0.0002038286018421792,-1.5973507460156462,-0.014502533714412014,1.5591413526393552,0.10289999842643738,0.40549999475479126,1.6497999429702759,-1.5707963267948966,0.0,1.5707963267948966,0.14213010454219543,-0.10275034599327834,1.757377552208228
0.09860121173577033,0.37595144885824755,1.6350243026365598,-0.0012109510261321885,-0.0004441107640614556,-0.00016756581805237226,-1.5971467398191714,-0.014516320984274245,1.559339931868276,0.10289999842643738,0.40549999475479126,1.6497999429702759,-1.5707963267948966,0.0,1.5707963267948966,0.1421620937704858,-0.10257567404960856,1.7574503677199285
0.09852332968656775,0.37611180313795123,1.635141552205142,-0.0005650176877362927,-0.0004451273216678026,-6.345946342097807e-05,-1.5969495559994151,-0.014525050695321173,1.5595506151137748,0.10289999842643738,0.40549999475479126,1.6497999429702759,-1.5707963267948966,0.0,1.5707963267948966,0.14219455390956803,-0.10239963426296349,1.7575223520585608
0.09842663095759752,0.37629503829912514,1.6352764433142497,0.0013305042737296073,-0.00021345965689466216,-3.0533612751168416e-05,-1.5967378237727974,-0.014525176704573095,1.5598140111062453,0.10289999842643738,0.40549999475479126,1.6497999429702759,-1.5707963267948966,0.0,1.5707963267948966,0.14223422112804127,-0.10218732677155165,1.7576083377230272
0.09835045769467132,0.3764263337959225,1.6353767548546523,0.0025930389934173204,1.989423422488148e-05,-9.64580719452445e-05,-1.5965792363215165,-0.014490229131520316,1.5600261063198593,0.10289999842643738,0.40549999475479126,1.6497999429702759,-1.5707963267948966,0.0,1.5707963267948966,0.14226479745606874,-0.10202767088047142,1.7576715302210186
0.0982583748844204,0.37656748375087984,1.6354938090256772,0.00314797355387064,0.00015660331199286506,-0.00042714686925910707,-1.5964180611420276,-0.014417121146856449,1.5602884382917757,0.10289999842643738,0.40549999475479126,1.6497999429702759,-1.5707963267948966,0.0,1.5707963267948966,0.14230039745028253,-0.10184992441056771,1.757739564225205
0.09816260790274026,0.37668866307051413,1.635610290878256,0.003132250858167141,0.00018046292259185978,-0.0008190100670159228,-1.5962948033426252,-0.014313827029222015,1.5605654129249122,0.10289999842643738,0.40549999475479126,1.6497999429702759,-1.5707963267948966,0.0,1.5707963267948966,0.14233518117740734,-0.101689445737584,1.7578001422877685
0.09803956150715078,0.3768172729986137,1.6357524532702994,0.00298970766621919,0.00021387708204300467,-0.001014936449064442,-1.5961504849712662,-0.014134478525339667,1.5609179914670852,0.10289999842643738,0.40549999475479126,1.6497999429702759,-1.5707963267948966,0.0,1.5707963267948966,0.14237701614650455,-0.10151056980658439,1.7578695882242819
0.09789858298073391,0.37694090719533396,1.6359008080376523,0.0033167310279539233,0.0001085178010868513,-0.0010014450044627543,-1.5959885883832696,-0.013897048741709384,1.5613060925172617,0.10289999842643738,0.40549999475479126,1.6497999429702759,-1.5707963267948966,0.0,1.5707963267948966,0.14242213701775416,-0.10133123226322273,1.7579420549563967
0.09774778025491428,0.37706120388058195,1.6360489963487528,0.003730504109816747,-3.6756428182781175e-06,-0.000567552923682652,-1.5958295100077395,-0.013646268643374704,1.561709506295761,0.10289999842643738,0.40549999475479126,1.6497999429702759,-1.5707963267948966,0.0,1.5707963267948966,0.14246911518901853,-0.10115146389348552,1.7580179071065551
0.09759473153792125,0.3771817563930384,1.6361974677960907,0.003730124735950986,2.43047934053195e-05,-9.981463125331267e-05,-1.5956532880823238,-0.01338662073593655,1.562118089807268,0.10289999842643738,0.40549999475479126,1.6497999429702759,-1.5707963267948966,0.0,1.5707963267948966,0.14251644944521874,-0.1009714027604445,1.758098390279877
0.09743875686086541,0.37730164655639686,1.6363490092943802,0.0033291432282367165,0.0001047694266338879,6.945710837400227e-05,-1.5954477732673509,-0.01311191802934264,1.562523674517868,0.10289999842643738,0.40549999475479126,1.6497999429702759,-1.5707963267948966,0.0,1.5707963267948966,0.142569062181576,-0.10077280091579457,1.7581929138204428
0.09726296040191165,0.3774303109759685,1.6365275992410206,0.0024360104485686915,0.00021573074612931634,0.00017549154861024822,-1.595228938782812,-0.012833161954380223,1.5629665554757266,0.10289999842643738,0.40549999475479126,1.6497999429702759,-1.5707963267948966,0.0,1.5707963267948966,0.14261771921907462,-0.10059150658030636,1.7582798402571747
0.09711612761962785,0.37753123756139606,1.6366839606275414,0.0020803440169457166,0.00026869898215565655,0.000252055911870969,-1.595041978608995,-0.012605912381410622,1.5633291584400193,0.10289999842643738,0.40549999475479126,1.6497999429702759,-1.5707963267948966,0.0,1.5707963267948966,0.14266196836306538,-0.10042767549935311,1.7583567537667932
0.09694761011000137,0.37763652464106356,1.6368633017602428,0.0025935772238582506,0.00029131546662058153,0.0002002151792479566,-1.5948072034486027,-0.012331425715161437,1.5637342808475256,0.10289999842643738,0.40549999475479126,1.6497999429702759,-1.5707963267948966,0.0,1.5707963267948966,0.14271698046495543,-0.10022667314285431,1.758448850960625
0.09675640033537199,0.37774242639882927,1.6370605602601291,0.0037399318748200694,0.00033879415245860993,0.00017550687623813134,-1.5945582673207113,-0.012030905620156851,1.5641804724950552,0.10289999842643738,0.40549999475479126,1.6497999429702759,-1.5707963267948966,0.0,1.5707963267948966,0.14276807901421215,-0.10004330538163825,1.758530673162989
0.09657748533250445,0.37782555735234596,1.6372432497680833,0.004409132353637357,0.000386993331169648,0.00017722073657472882,-1.5943310941843363,-0.011747906776203187,1.5646021442508413,0.10289999842643738,0.40549999475479126,1.6497999429702759,-1.5707963267948966,0.0,1.5707963267948966,0.14282000047391546,-0.09985893720702527,1.7586091474605803
0.09639146219651852,0.37789690518213503,1.6374316123985955,0.00482540209571139,0.00048052430621988053,0.00022849569429393864,-1.594079371944943,-0.011419646015224494,1.565054930676744,0.10289999842643738,0.40549999475479126,1.6497999429702759,-1.5707963267948966,0.0,1.5707963267948966,0.14287292583337555,-0.09967362201956385,1.758683569237226
0.09620508886116337,0.37796532013861517,1.6376199944604422,0.005521338341513333,0.0006246660525149613,0.0005573231580829861,-1.5938335189898407,-0.01108317959169458,1.5655282674324227,0.10289999842643738,0.40549999475479126,1.6497999429702759,-1.5707963267948966,0.0,1.5707963267948966,0.14292607235693408,-0.09948808871654037,1.758755965879838
0.09602423365374183,0.37803433676905224,1.6378024989207818,0.006230030160133457,0.0007837336376461411,0.0009125303341168784,-1.5935837004261475,-0.01074808376344194,1.566010788476635,0.10289999842643738,0.40549999475479126,1.6497999429702759,-1.5707963267948966,0.0,1.5707963267948966,0.1429785382549688,-0.09930264386687725,1.7588300895162332
0.09584968316877958,0.37810381770610757,1.6379803022171306,0.0061860488805146625,0.0009458638360081152,0.001112131738257295,-1.5933122283030756,-0.010391908832963814,1.566493463758891,0.10289999842643738,0.40549999475479126,1.6497999429702759,-1.5707963267948966,0.0,1.5707963267948966,0.14303012826080827,-0.09911715110456124,1.7589078447248467
0.09568182199568534,0.3781752823024583,1.6381577905587286,0.005163187453858707,0.0010872526719767728,0.0012573163239870157,-1.5930527243069645,-0.010042740183722643,1.5669625352618273,0.10289999842643738,0.40549999475479126,1.6497999429702759,-1.5707963267948966,0.0,1.5707963267948966,0.14308097261401995,-0.09893149743065342,1.7589876079583937
0.09553877410905834,0.37824243832095783,1.6383228081959325,0.003623313354488605,0.0011500507395466452,0.0014050404862643929,-1.592836770951956,-0.00973765104452351,1.5673775825074232,0.10289999842643738,0.40549999475479126,1.6497999429702759,-1.5707963267948966,0.0,1.5707963267948966,0.14312576331880128,-0.09876419399485964,1.7590591995312816
0.09538801754115292,0.3783161088589448,1.6385123796245593,0.002186615468375403,0.0012177764013475898,0.0013135638159565818,-1.5926094950810878,-0.009391743802714458,1.5678467576682484,0.10289999842643738,0.40549999475479126,1.6497999429702759,-1.5707963267948966,0.0,1.5707963267948966,0.14317474274278627,-0.09857775208194143,1.759138511549317
0.0952550437527555,0.37838023334467746,1.6386877431208213,0.0013180249980314725,0.0012914200487719276,0.001150139257739069,-1.5924328978903455,-0.00909161266295433,1.5682855809149174,0.10289999842643738,0.40549999475479126,1.6497999429702759,-1.5707963267948966,0.0,1.5707963267948966,0.14321902758198907,-0.09840951201852713,1.759209220414342
0.09511245854922679,0.3784513885336439,1.6388875375730856,0.0009442057885555298,0.001345654711499738,0.0011119172177132403,-1.5922564865075124,-0.008786983109430047,1.5687934249671471,0.10289999842643738,0.40549999475479126,1.6497999429702759,-1.5707963267948966,0.0,1.5707963267948966,0.143267819482425,-0.09822250515621564,1.7592875390873153
0.09495296305930756,0.37852713781286473,1.639114240985991,0.0008243579601044859,0.0012306586673393963,0.0009076174456917305,-1.592028074516816,-0.008431961412015632,1.569389859441727,0.10289999842643738,0.40549999475479126,1.6497999429702759,-1.5707963267948966,0.0,1.5707963267948966,0.14332181990613577,-0.0980168540378576,1.759372937689289
0.09480746330257551,0.3785989291728914,1.639323329908937,0.0010279215656499926,0.0010602076042488093,0.0008660310710744488,-1.5918222724738278,-0.008119611830055717,1.5699454757529643,0.10289999842643738,0.40549999475479126,1.6497999429702759,-1.5707963267948966,0.0,1.5707963267948966,0.1433710818953454,-0.09783054840282114,1.759450224378134
0.09466111895263482,0.3786753614854394,1.6395303562954626,0.001414000631395172,0.0007504425699951252,0.0007790674076416397,-1.591645372513343,-0.007816594768986995,1.570500545043423,0.10289999842643738,0.40549999475479126,1.6497999429702759,-1.5707963267948966,0.0,1.5707963267948966,0.14342072963015542,-0.0976452338218871,1.7595264537384478
0.09451340533751006,0.37875686397127706,1.6397353775375187,0.001394269454339267,0.0004256711467317172,0.0007874186091839983,-1.5914707309332683,-0.007510962740584937,1.5710444751872534,0.10289999842643738,0.40549999475479126,1.6497999429702759,-1.5707963267948966,0.0,1.5707963267948966,0.14347086464203437,-0.09746101622755082,1.7596008115867157
0.0943683142134441,0.3788439014560663,1.6399368692433236,0.001319372002129834,0.00022740895892475483,0.0009727332317992979,-1.5913166727403454,-0.007232329061876541,1.5715701385670018,0.10289999842643738,0.40549999475479126,1.6497999429702759,-1.5707963267948966,0.0,1.5707963267948966,0.14352097627401458,-0.09727769449340329,1.7596729789053465
0.09420297328882433,0.37895796879845195,1.6401703291641574,0.001571640790282791,0.0002548938607920139,0.0011791896072573717,-1.5911555378417452,-0.006943089294761506,1.5721693794905456,0.10289999842643738,0.40549999475479126,1.6497999429702759,-1.5707963267948966,0.0,1.5707963267948966,0.1435801209930705,-0.09705899081419841,1.7597588120321472
0.09405514487209177,0.3790701850099401,1.6403719272417845,0.001776750646666676,0.0004765291271594738,0.001084367725858381,-1.590992291432089,-0.006684450993761359,1.5726780838422902,0.10289999842643738,0.40549999475479126,1.6497999429702759,-1.5707963267948966,0.0,1.5707963267948966,0.1436339713717375,-0.09685973629349072,1.7598388244901026
0.09391976973870989,0.3791763389557115,1.6405462453660862,0.0012719120270586765,0.0007346433964365311,0.0008534326201313198,-1.5908238672158586,-0.006459890390651424,1.5731096758503542,0.10289999842643738,0.40549999475479126,1.6497999429702759,-1.5707963267948966,0.0,1.5707963267948966,0.1436833538510893,-0.09667921662455213,1.7599115446775715
0.09373530380648369,0.3793127578187735,1.6407701531239165,0.00023318724421947495,0.0011812743643410774,0.0006098032416858145,-1.5905595660787997,-0.006158924988319825,1.5736605624594742,0.10289999842643738,0.40549999475479126,1.6497999429702759,-1.5707963267948966,0.0,1.5707963267948966,0.14374946922672627,-0.0964445806001909,1.7600062908679108
0.09359161250334926,0.3794162900290871,1.6409436541107476,-0.00041243147452259233,0.0015798037022836818,0.0007375053859451223,-1.5903236023416578,-0.005934656404189553,1.574081308279619,0.10289999842643738,0.40549999475479126,1.6497999429702759,-1.5707963267948966,0.0,1.5707963267948966,0.14380128824177466,-0.09626415290207936,1.7600798495853265
0.09343911688437656,0.3795295554702122,1.6411379421692276,-0.0008360427985849791,0.0019437282910502063,0.0009268130269663793,-1.5900749807674053,-0.005725392798621165,1.574546101436084,0.10289999842643738,0.40549999475479126,1.6497999429702759,-1.5707963267948966,0.0,1.5707963267948966,0.1438583572289193,-0.09606577334533146,1.7601600108645505
0.09330581588417511,0.3796316991429299,1.6413142540414036,-0.000591330794195072,0.002151532211043212,0.0011865233897918113,-1.5898538227952779,-0.005549621573828656,1.5749621486410623,0.10289999842643738,0.40549999475479126,1.6497999429702759,-1.5707963267948966,0.0,1.5707963267948966,0.14391016177556604,-0.09588569094056078,1.7602328636463835
0.09317445421058797,0.3797457597527757,1.6415024695655622,-8.094151639952511e-05,0.0022361900208817346,0.0017050493532765134,-1.5896302606667,-0.0053842005334772125,1.5754043369343342,0.10289999842643738,0.40549999475479126,1.6497999429702759,-1.5707963267948966,0.0,1.5707963267948966,0.14396540464446286,-0.0956880870209672,1.7603149824207698
0.09305741459334216,0.37987835107763146,1.6417018131047079,-7.331290675009118e-05,0.002133646827726688,0.0020112893815554507,-1.589448388094777,-0.005266818142962482,1.5758615623432053,0.10289999842643738,0.40549999475479126,1.6497999429702759,-1.5707963267948966,0.0,1.5707963267948966,0.1440224963651816,-0.09547336727840701,1.7604112701534393
0.09296788455375608,0.3800085013484734,1.6418821602908036,-0.0007893672907903861,0.0018533335351927885,0.0019480977795233974,-1.5893166638524607,-0.005181977521532044,1.576251675211605,0.10289999842643738,0.40549999475479126,1.6497999429702759,-1.5707963267948966,0.0,1.5707963267948966,0.14407290339910805,-0.09527742205986797,1.7605052320269488
0.09290484672866461,0.3801218634111843,1.6420319559026837,-0.00182145112931608,0.0015758370280325239,0.0018236305058967207,-1.5892276514126564,-0.005146178516349131,1.5765551802049729,0.10289999842643738,0.40549999475479126,1.6497999429702759,-1.5707963267948966,0.0,1.5707963267948966,0.14411308426993197,-0.09511770511698156,1.7605823858704783
0.09283997096678759,0.38025392922492496,1.6421971468165037,-0.002597342755569547,0.001244378374166582,0.0015048092577986658,-1.5891695856480375,-0.005139606290416765,1.576877028258845,0.10289999842643738,0.40549999475479126,1.6497999429702759,-1.5707963267948966,0.0,1.5707963267948966,0.14415751147106035,-0.09494079425966452,1.7606678698457712
0.0927771551164461,0.38039010351102,1.6423555348194028,-0.0030320488070598615,0.0009888143924936686,0.0012235243474517056,-1.5891354026630062,-0.005138321994549777,1.577182854032668,0.10289999842643738,0.40549999475479126,1.6497999429702759,-1.5707963267948966,0.0,1.5707963267948966,0.1442020703271697,-0.09476430371173257,1.7607552226363936
0.0927056056830727,0.3805458520389949,1.6425221314523484,-0.0034689385178790495,0.0007453351006061279,0.0009714276739992446,-1.5891178282852583,-0.0051281556447340115,1.5774859118474778,0.10289999842643738,0.40549999475479126,1.6497999429702759,-1.5707963267948966,0.0,1.5707963267948966,0.14425216434926094,-0.09457097533453283,1.760854044532181
0.09264823240223363,0.38067740579946663,1.6426574127726705,-0.00398662981849021,0.0006329686236108318,0.0010504877188407377,-1.5891312949793694,-0.005132410997557457,1.5777181029576492,0.10289999842643738,0.40549999475479126,1.6497999429702759,-1.5707963267948966,0.0,1.5707963267948966,0.14429807302042383,-0.09439575311100495,1.7609450860849727
0.0925918545931846,0.380826162412649,1.6428085923426894,-0.004202924127173662,0.0005672293532808224,0.0013552354964264986,-1.5891588576703326,-0.005166460894549196,1.5779603307892618,0.10289999842643738,0.40549999475479126,1.6497999429702759,-1.5707963267948966,0.0,1.5707963267948966,0.14434302454449932,-0.09422074075557642,1.7610356962530083
0.09254469448455116,0.3809785385278073,1.6429559565091114,-0.0034298518314092603,0.0004164130735431966,0.0015214299405229414,-1.5891843314333498,-0.0052308827166283045,1.5781796546057243,0.10289999842643738,0.40549999475479126,1.6497999429702759,-1.5707963267948966,0.0,1.5707963267948966,0.14438667835544527,-0.09404628551659067,1.7611274348559034
0.09250302625933086,0.38115068866784096,1.6431126734120824,-0.0021280309109570072,0.0001511908996211218,0.0015352649262672078,-1.5892332008652423,-0.005338716208749261,1.5784120320513457,0.10289999842643738,0.40549999475479126,1.6497999429702759,-1.5707963267948966,0.0,1.5707963267948966,0.14442923273342181,-0.09387258817272764,1.7612194793405334
0.09246472849419628,0.3813557977629235,1.643293533419814,-0.0007102101164276852,-0.00013674921405712007,0.0014227108875723533,-1.5893204177965692,-0.005488579214882883,1.5787013154170184,0.10289999842643738,0.40549999475479126,1.6497999429702759,-1.5707963267948966,0.0,1.5707963267948966,0.14448344358959114,-0.09364764020465444,1.7613365869519428
0.09244088990214967,0.38151706653074713,1.6434297684696668,-0.00023194627148337573,-0.00017453301146297298,0.0013059797300447266,-1.589385889412472,-0.005605816115671125,1.5789402140879392,0.10289999842643738,0.40549999475479126,1.6497999429702759,-1.5707963267948966,0.0,1.5707963267948966,0.14452477418520615,-0.09347539084952781,1.7614239136432832
0.09241855558177253,0.3817016732827012,1.6435732555753209,-2.3429249774423887e-06,5.608649940951935e-05,0.0013328099018318084,-1.589446175400886,-0.005765730929731205,1.5791997343794466,0.10289999842643738,0.40549999475479126,1.6497999429702759,-1.5707963267948966,0.0,1.5707963267948966,0.1445701439895726,-0.09328680839629828,1.76151760017557
0.09240651995694744,0.3818737690924916,1.6437009693193754,-2.3089353890231086e-05,0.0003682280945906871,0.0014805774658070761,-1.5894854822173903,-0.005935397542174314,1.5794350534468669,0.10289999842643738,0.40549999475479126,1.6497999429702759,-1.5707963267948966,0.0,1.5707963267948966,0.14461036965757879,-0.09311569026675647,1.7616007530263311
0.0924018214381955,0.38204722582871736,1.643826303549417,-3.5521045853697366e-05,0.0005861942148452639,0.0014999401664324613,-1.5895160528127406,-0.006106434350352963,1.5796647159019097,0.10289999842643738,0.40549999475479126,1.6497999429702759,-1.5707963267948966,0.0,1.5707963267948966,0.14464975780156678,-0.09294460109432569,1.761682402343706
0.09240590695489036,0.3822215204635139,1.6439460309076324,6.695402490757331e-05,0.000818402098726008,0.0015481972495945333,-1.5895627663502407,-0.006302089526817323,1.579881837200847,0.10289999842643738,0.40549999475479126,1.6497999429702759,-1.5707963267948966,0.0,1.5707963267948966,0.14468831113378924,-0.09277345276588356,1.7617619657702412
0.09241905750446518,0.38239648931764064,1.644056853928154,0.00018254763675147503,0.0010829308557312569,0.0015748478700163982,-1.589623637581928,-0.0065151836281551745,1.5800845579867977,0.10289999842643738,0.40549999475479126,1.6497999429702759,-1.5707963267948966,0.0,1.5707963267948966,0.14472590471833585,-0.09260219098396404,1.761839288918619
0.09244131467960842,0.3825925064242993,1.6441660012441845,-6.89543858999665e-05,0.0013026776010781104,0.0014136756090709596,-1.5896891044330292,-0.006748726705176011,1.5802881848689532,0.10289999842643738,0.40549999475479126,1.6497999429702759,-1.5707963267948966,0.0,1.5707963267948966,0.14476652378222843,-0.09241396691095084,1.761921713647468
0.09246385028280794,0.3827766659650783,1.6442593310602631,-0.0008911201214142708,0.0012391352957943382,0.0011894424616046406,-1.5897416063153131,-0.00697329557756321,1.580463095786248,0.10289999842643738,0.40549999475479126,1.6497999429702759,-1.5707963267948966,0.0,1.5707963267948966,0.14480385685807323,-0.09224323797717385,1.7619941018430183
0.09248790540938423,0.38296422233766514,1.6443516387515393,-0.0018325660129968207,0.0010425996650751267,0.0010517401252371436,-1.5897700351363808,-0.007205240119456668,1.58064530254299,0.10289999842643738,0.40549999475479126,1.6497999429702759,-1.5707963267948966,0.0,1.5707963267948966,0.1448454021273767,-0.09205544923637836,1.7620717981749812
0.0925183494143958,0.3832069647731245,1.6444720642540949,-0.002444729052598342,0.0007603580037152278,0.0009784928052785622,-1.589754342289957,-0.007484601854973683,1.5809090449492387,0.10289999842643738,0.40549999475479126,1.6497999429702759,-1.5707963267948966,0.0,1.5707963267948966,0.14489144699136589,-0.09185014963030479,1.7621540088135779
0.09254505992419271,0.3833903414732774,1.6445613607763658,-0.0023599439099920927,0.000629797634188889,0.001003807471770212,-1.5897322783794492,-0.007691485973373879,1.58113089320993,0.10289999842643738,0.40549999475479126,1.6497999429702759,-1.5707963267948966,0.0,1.5707963267948966,0.14492976195444637,-0.09167853249329455,1.7622209899661234
0.09257481803121968,0.3835888871739954,1.6446556287330025,-0.0021224871171078856,0.0005994722139873864,0.0009540711296216886,-1.5897011985128366,-0.007917992270502161,1.5813885803248828,0.10289999842643738,0.40549999475479126,1.6497999429702759,-1.5707963267948966,0.0,1.5707963267948966,0.14497224424314895,-0.09148939754341628,1.7622920696858957
0.09260241362958675,0.383765373788615,1.6447399047392517,-0.001747129339139405,0.0005898383296180647,0.0008684561412414616,-1.5896622220702858,-0.00811173574354207,1.581636533848075,0.10289999842643738,0.40549999475479126,1.6497999429702759,-1.5707963267948966,0.0,1.5707963267948966,0.14501113979828278,-0.09131712011188874,1.7623534546585269
0.09262790472431255,0.38395466101516385,1.6448284651861838,-0.0011370513261807532,0.0006146555402684497,0.0007453388146586248,-1.589611790473119,-0.008307947291657847,1.5819174428061415,0.10289999842643738,0.40549999475479126,1.6497999429702759,-1.5707963267948966,0.0,1.5707963267948966,0.1450552193152099,-0.09112734746028522,1.7624183308394925
0.09265309863155134,0.38413929012756115,1.6449168134895285,-0.0009013860424431782,0.000820381047336251,0.0009985019659887722,-1.5895474049228808,-0.00849097117555253,1.5822205195946144,0.10289999842643738,0.40549999475479126,1.6497999429702759,-1.5707963267948966,0.0,1.5707963267948966,0.14509969069438425,-0.09093709457922791,1.7624814629393437
0.09268179633243187,0.38430188671410065,1.645002640314239,-0.0009990078423876962,0.0010205885339269287,0.001101179286682176,-1.5894739167855572,-0.008647017152152436,1.5825220118271295,0.10289999842643738,0.40549999475479126,1.6497999429702759,-1.5707963267948966,0.0,1.5707963267948966,0.14513944406128426,-0.09076337021566529,1.7625371917622472
0.09270677843194071,0.384457973487431,1.6450897163865421,-0.0005544489730358594,0.0008998704549658169,0.0006604158085163846,-1.589406279018464,-0.008790044007140452,1.5828383699466864,0.10289999842643738,0.40549999475479126,1.6497999429702759,-1.5707963267948966,0.0,1.5707963267948966,0.14518036876356444,-0.0905889683748658,1.7625944286962962
0.09272261506364786,0.3845944518139071,1.6451636575878312,0.0002766073203902482,0.0006080694736433558,0.00044362189160891913,-1.5893731894486043,-0.008908255459177727,1.5831129841839426,0.10289999842643738,0.40549999475479126,1.6497999429702759,-1.5707963267948966,0.0,1.5707963267948966,0.14522358542094904,-0.0904144395629759,1.7626565896866457
0.09274411153548394,0.384776352089626,1.6452582603015178,0.001046115926904836,0.00022726718509839957,0.0008328725847334034,-1.5893398727139398,-0.009064052218616059,1.5834477570102239,0.10289999842643738,0.40549999475479126,1.6497999429702759,-1.5707963267948966,0.0,1.5707963267948966,0.14527216186964603,-0.09022282915012099,1.7627301825457653
0.09277918767027983,0.38496538465202634,1.6453595343122203,0.0009962167572005124,-0.00012501467777226982,0.0013086068072021189,-1.5893085076466025,-0.00925969558485118,1.5837474227402029,0.10289999842643738,0.40549999475479126,1.6497999429702759,-1.5707963267948966,0.0,1.5707963267948966,0.14532432476464194,-0.09001463284471975,1.7628131057730128
0.0928276041723743,0.38515952251824115,1.6454774257405034,0.0006638196773080541,-0.00031458683956420754,0.0013436803461476048,-1.5892961689195029,-0.009499893593051922,1.5840337760633465,0.10289999842643738,0.40549999475479126,1.6497999429702759,-1.5707963267948966,0.0,1.5707963267948966,0.14537574781194268,-0.08980688612889527,1.7628971343658748
0.09287089366014245,0.38532314958016384,1.6455868515899232,0.0009375251474537221,-0.00035364323611451406,0.0011425603953491693,-1.5892925363479764,-0.00969892179239995,1.584269061834666,0.10289999842643738,0.40549999475479126,1.6497999429702759,-1.5707963267948966,0.0,1.5707963267948966,0.1454190862237318,-0.08963417036081732,1.7629656057321201
0.09291260720693288,0.3854863086778606,1.6457002782543793,0.0015999105111359406,-0.0003985821432910598,0.001026598009793495,-1.589289134791952,-0.00988133693588722,1.5845014409303875,0.10289999842643738,0.40549999475479126,1.6497999429702759,-1.5707963267948966,0.0,1.5707963267948966,0.1454633900861864,-0.08946177529203453,1.763032735276179
0.09295713845180889,0.3856443655212852,1.6458205618254045,0.001817434268947382,-0.0005618044219411365,0.0011151472164921937,-1.5893035782886988,-0.010053687297899572,1.5847516473986356,0.10289999842643738,0.40549999475479126,1.6497999429702759,-1.5707963267948966,0.0,1.5707963267948966,0.1455079764976696,-0.0892890662911995,1.7630976547825283
0.09300587149495869,0.3857964128589158,1.6459511710942614,0.0017150172246978602,-0.0007282034963581643,0.0012205214636946975,-1.589329936117937,-0.010206765200969414,1.5850171168692513,0.10289999842643738,0.40549999475479126,1.6497999429702759,-1.5707963267948966,0.0,1.5707963267948966,0.14555250987123652,-0.08911586509699694,1.763158271145091
0.09306666338063153,0.38596236984579024,1.6461044981135682,0.0013660318272845386,-0.0007665443947011056,0.0014570659143382427,-1.5893661375589334,-0.010374975687541976,1.5853120494721014,0.10289999842643738,0.40549999475479126,1.6497999429702759,-1.5707963267948966,0.0,1.5707963267948966,0.1456011223023781,-0.08892525450023851,1.7632195754284212
0.09314090558048743,0.38612730857850347,1.6462642173731372,0.0010713280389027852,-0.0008266667493318823,0.0017031824518436154,-1.5894031240832347,-0.01056581523221567,1.585613807898189,0.10289999842643738,0.40549999475479126,1.6497999429702759,-1.5707963267948966,0.0,1.5707963267948966,0.14564829893965434,-0.08873424657166434,1.7632773887441957
0.0932270228827172,0.38629109535555345,1.6464258031768233,0.0011418313026904314,-0.0009334310233782093,0.0017704393603492907,-1.5894176045106172,-0.010761029063053762,1.5859151994804643,0.10289999842643738,0.40549999475479126,1.6497999429702759,-1.5707963267948966,0.0,1.5707963267948966,0.1456941202327665,-0.08854292382558412,1.76333383190433
0.09333345280961958,0.3864726320450422,1.646597495193827,0.0017445969284837753,-0.001183358362892478,0.0015883646768231029,-1.5894157950262462,-0.011001432604452521,1.5862273065703723,0.10289999842643738,0.40549999475479126,1.6497999429702759,-1.5707963267948966,0.0,1.5707963267948966,0.1457428560284103,-0.08833455246224882,1.763393134368001
0.09342451988165672,0.3866256838105161,1.6467334021111035,0.002227850339732041,-0.0015566973465555073,0.0012704001212651504,-1.5894183349277202,-0.011210508415246512,1.5864649183519988,0.10289999842643738,0.40549999475479126,1.6497999429702759,-1.5707963267948966,0.0,1.5707963267948966,0.1457837614650683,-0.08816137615535279,1.7634415365243377
0.09353083946757784,0.3868096808478035,1.6468870725057565,0.002512500476648537,-0.0019492029686173716,0.0008667725601459201,-1.5894176039439492,-0.011422368646551107,1.5867430011090946,0.10289999842643738,0.40549999475479126,1.6497999429702759,-1.5707963267948966,0.0,1.5707963267948966,0.145833808896171,-0.08795382292014696,1.7635014956317778
0.09361730783587183,0.38697707310519996,1.64702034936435,0.002663034812625825,-0.0021984247766741374,0.00044216948775539474,-1.58943620362091,-0.011556725139221236,1.5870062603688495,0.10289999842643738,0.40549999475479126,1.6497999429702759,-1.5707963267948966,0.0,1.5707963267948966,0.14588206711545404,-0.08776367309864204,1.7635599754914106
0.09368632893873532,0.3871297871784822,1.6471395712792176,0.002621850348731711,-0.0023402908604142235,0.0003522411176823714,-1.5894733467979323,-0.011636060281956517,1.5872616801247137,0.10289999842643738,0.40549999475479126,1.6497999429702759,-1.5707963267948966,0.0,1.5707963267948966,0.14593279226146963,-0.08757389206102327,1.763622764617208
0.09376464876415516,0.38731649973176807,1.6472883338789877,0.002342228436795872,-0.002423509366371134,0.0005622223622403587,-1.5895402342998965,-0.011700295648576109,1.5875869641223896,0.10289999842643738,0.40549999475479126,1.6497999429702759,-1.5707963267948966,0.0,1.5707963267948966,0.14598480554711263,-0.08738476373005137,1.7636863136686227
0.09384347763477614,0.38750369466878065,1.647447505747371,0.002331086854115717,-0.0024007368117167547,0.0007787917918514927,-1.5896444012711148,-0.01176387379821664,1.5879412964517703,0.10289999842643738,0.40549999475479126,1.6497999429702759,-1.5707963267948966,0.0,1.5707963267948966,0.14604219506251098,-0.08717884468560465,1.763753114337898
0.09391037513508617,0.3876630475218109,1.6475800391433162,0.0031127916494269976,-0.0022970108028118716,0.0009010826033364405,-1.5897549132056625,-0.011823693858451279,1.588240125455586,0.10289999842643738,0.40549999475479126,1.6497999429702759,-1.5707963267948966,0.0,1.5707963267948966,0.14609022667159072,-0.08700806219339148,1.7638071708316991
0.09398395628596168,0.387843365813465,1.6477160239023658,0.004474443519126615,-0.0021096558195171033,0.0009998216172211196,-1.5898704330319333,-0.01187504864671407,1.5885529378008136,0.10289999842643738,0.40549999475479126,1.6497999429702759,-1.5707963267948966,0.0,1.5707963267948966,0.14614331676455763,-0.08682151496934595,1.7638658254383695
0.09406166409098206,0.38802958905473905,1.6478393066210149,0.005194433841572793,-0.0018336514145229613,0.0012564201531502781,-1.5899905186856726,-0.011935455342718893,1.5888534508943686,0.10289999842643738,0.40549999475479126,1.6497999429702759,-1.5707963267948966,0.0,1.5707963267948966,0.14619616838159832,-0.08663623961533079,1.7639235301246698
0.09414192259446764,0.3882037008512357,1.6479456219341915,0.004997357936801298,-0.0015117723239579217,0.0014911320191405891,-1.5901167494185673,-0.012014701490375757,1.5891311120705485,0.10289999842643738,0.40549999475479126,1.6497999429702759,-1.5707963267948966,0.0,1.5707963267948966,0.14624312441649118,-0.08646848336820358,1.7639756613723439
0.09424089063287117,0.3883967076415839,1.6480644658023509,0.0039211688060695,-0.0012749756316685636,0.0016136024002642744,-1.590278444494303,-0.012120204207909602,1.5894552467127772,0.10289999842643738,0.40549999475479126,1.6497999429702759,-1.5707963267948966,0.0,1.5707963267948966,0.1462936397520241,-0.08628408235420823,1.7640323198635288
0.09434261731497033,0.3885751626265468,1.6481739616150515,0.002718983144563203,-0.001267297436060862,0.00161461867279008,-1.5904645191323463,-0.012252323493609385,1.5897583266348616,0.10289999842643738,0.40549999475479126,1.6497999429702759,-1.5707963267948966,0.0,1.5707963267948966,0.14634281913278147,-0.08609986367551523,1.7640875610430207
0.09446026365860101,0.38877286257037236,1.6482946409271226,0.001493514795526246,-0.0015152584401135016,0.0012618227627830905,-1.590706418492987,-0.012432266169132511,1.5900915369905873,0.10289999842643738,0.40549999475479126,1.6497999429702759,-1.5707963267948966,0.0,1.5707963267948966,0.14638742704398885,-0.0859325158336735,1.764137130605623
0.0945963594876447,0.3889976716027889,1.6484391274256718,0.000966174886679686,-0.001784416440416951,0.0008622434863403762,-1.5909767505061112,-0.012642698950010356,1.5904955873989466,0.10289999842643738,0.40549999475479126,1.6497999429702759,-1.5707963267948966,0.0,1.5707963267948966,0.1464465778439922,-0.08571448587157474,1.7642027223426426
0.09470743902911236,0.38917549326154055,1.6485577713650255,0.0016139731442777836,-0.001971596569613963,0.0006693180296839968,-1.5911865375087775,-0.012806439367426314,1.590844583354891,0.10289999842643738,0.40549999475479126,1.6497999429702759,-1.5707963267948966,0.0,1.5707963267948966,0.1464975131662861,-0.0855294056285977,1.7642608738345908
0.09480282376863763,0.38933007619965043,1.648657196158773,0.002492871406405471,-0.002191461446562524,0.0005942255234872772,-1.5913499317331583,-0.012930083034452977,1.5911612646711744,0.10289999842643738,0.40549999475479126,1.6497999429702759,-1.5707963267948966,0.0,1.5707963267948966,0.14654459086241256,-0.08536127863428422,1.7643154834350037
0.09490482849249683,0.3894967856951448,1.6487610941163147,0.002924965247570402,-0.002383800420816595,0.0006319470834653492,-1.5914972411204424,-0.013041900781336047,1.591502898529641,0.10289999842643738,0.40549999475479126,1.6497999429702759,-1.5707963267948966,0.0,1.5707963267948966,0.14659667234193008,-0.08517696642265409,1.7643753833569373
0.09500238121008485,0.3896600384518635,1.6488682788215374,0.002922902004396388,-0.0023059505574261913,0.0004992749618088062,-1.5916218772453734,-0.013152489715885451,1.5918493534043494,0.10289999842643738,0.40549999475479126,1.6497999429702759,-1.5707963267948966,0.0,1.5707963267948966,0.14664944125694454,-0.08499326672772194,1.7644315880752794
0.09508414572222754,0.3898094615058282,1.6489685943206798,0.0030438856635389465,-0.00211139424780778,0.00041083352882894845,-1.5917230346344955,-0.013251765130379844,1.592160503178807,0.10289999842643738,0.40549999475479126,1.6497999429702759,-1.5707963267948966,0.0,1.5707963267948966,0.14669873904036584,-0.08482739811056404,1.7644790342372298
0.09516211125755007,0.3899626891438316,1.649072073751372,0.0032427152500968657,-0.0019419737030996627,0.0005178379415957354,-1.591788998818366,-0.013346156240531926,1.5924789029467405,0.10289999842643738,0.40549999475479126,1.6497999429702759,-1.5707963267948966,0.0,1.5707963267948966,0.14674882563499397,-0.08466294235960661,1.7645234424146086
0.09526971475178762,0.39018052368447353,1.6492235538314537,0.0033186264937895196,-0.0017017360093593943,0.0007016600564121377,-1.5918083161591607,-0.013497662094116958,1.592952016931285,0.10289999842643738,0.40549999475479126,1.6497999429702759,-1.5707963267948966,0.0,1.5707963267948966,0.14681944058082033,-0.08443463101444915,1.764579496750733
0.09534746408222358,0.39033541732910526,1.6493366392718845,0.00323097022455016,-0.0014827560440673056,0.0007936009333593884,-1.5917529215688502,-0.013623932561814378,1.5933094253201718,0.10289999842643738,0.40549999475479126,1.6497999429702759,-1.5707963267948966,0.0,1.5707963267948966,0.1468747646741255,-0.08425630378272755,1.7646184367175282
0.09543210981120913,0.39050107333976547,1.6494605271654394,0.0034519105364927347,-0.0012740840630756738,0.0007957683299812587,-1.5916386315721955,-0.013763735614250816,1.59371290836792,0.10289999842643738,0.40549999475479126,1.6497999429702759,-1.5707963267948966,0.0,1.5707963267948966,0.1469251735200196,-0.08409466702689736,1.7646509437232436
0.09551079994945565,0.39065026955871507,1.6495655697822085,0.003809561217526042,-0.0010697786926070613,0.0009007182886299368,-1.5915142520537329,-0.013906429134693532,1.594063071984919,0.10289999842643738,0.40549999475479126,1.6497999429702759,-1.5707963267948966,0.0,1.5707963267948966,0.1469754117156346,-0.0839337861333613,1.7646814513838693
