eef_pos_x,eef_pos_y,eef_pos_z,eef_vel_0,eef_vel_1,eef_vel_2,eef_rpy_roll,eef_rpy_pitch,eef_rpy_yaw,target_pos_x,target_pos_y,target_pos_z,target_rpy_roll,target_rpy_pitch,target_rpy_yaw,drone_pos_x,drone_pos_y,drone_pos_z
-0.009523690777155164,0.6421294786873069,2.060020833771361,-0.01319408455613386,-0.0002722392568362671,-0.00014140436496676268,-1.5709186149551313,-0.0005147294460696727,1.1237636132652487,0.10289999842643738,0.40549999475479126,1.6497999429702759,-1.5707963267948966,0.0,1.5707963267948966,-3.393487443555431e-05,0.009216402758938667,2.1536680433000557
-0.009521075797684742,0.6419678786435663,2.0605099842841903,-0.018486384750769847,-0.00030132760044163787,-0.00012480777359535778,-1.570870099022218,-0.0005070062958667521,1.123739020565837,0.10289999842643738,0.40549999475479126,1.6497999429702759,-1.5707963267948966,0.0,1.5707963267948966,-3.334389009361183e-05,0.009095436362748507,2.1541307555209106
-0.009515591939409884,0.6416246785898767,2.061590998412834,-0.03728771941936595,-0.00045988613416893075,-0.00013698070043238647,-1.5708135670785581,-0.0005066834961908739,1.1234947985870494,0.10289999842643738,0.40549999475479126,1.6497999429702759,-1.5707963267948966,0.0,1.5707963267948966,-3.177200195874747e-05,0.008772554961768922,2.1552632304603647
-0.00950939147684853,0.6412391087467216,2.062748991488424,-0.03871846239449632,-0.0006137855021354069,-7.803985806335873e-05,-1.5708069724183111,-0.0005294572832608146,1.1228667408572943,0.10289999842643738,0.40549999475479126,1.6497999429702759,-1.5707963267948966,0.0,1.5707963267948966,-3.0125036476502734e-05,0.008404359097623233,2.156390170125636
-0.009505969843622258,0.6410370832082988,2.063276388364764,-0.03547311594227928,-0.0006633897875895424,-7.701780829424889e-05,-1.5708034967955966,-0.0005345892518180406,1.122398372630483,0.10289999842643738,0.40549999475479126,1.6497999429702759,-1.5707963267948966,0.0,1.5707963267948966,-2.9379409679522292e-05,0.008209182774998972,2.1569199762039593
-0.009500784443851471,0.6407542687722557,2.063919110508343,-0.030066246179436613,-0.0006819737097089653,-6.70268702536609e-05,-1.5708050371531326,-0.000538723784110573,1.1216390889856185,0.10289999842643738,0.40549999475479126,1.6497999429702759,-1.5707963267948966,0.0,1.5707963267948966,-2.8405465272457934e-05,0.007933252080975884,2.1575894645847806
-0.009495273466443827,0.6405083339193223,2.064398239404748,-0.0260635882632608,-0.0006637594732813667,-5.154551749439388e-05,-1.57082418696747,-0.0005533840327256456,1.1208999206099102,0.10289999842643738,0.40549999475479126,1.6497999429702759,-1.5707963267948966,0.0,1.5707963267948966,-2.7643163484288477e-05,0.007688020087232025,2.1581060418779225
-0.009489942139696667,0.6402221144542705,2.064866216470776,-0.021112189482762694,-0.0006401321764680272,-0.00023038707585796702,-1.570830840952172,-0.0005762707417646951,1.119962441452718,0.10289999842643738,0.40549999475479126,1.6497999429702759,-1.5707963267948966,0.0,1.5707963267948966,-2.653741540666603e-05,0.00739257677523857,2.1586304783646457
-0.009488866358455108,0.6399540412537937,2.0652087580253773,-0.01757833682478581,-0.0006504175009988939,-0.0002606666713891826,-1.5707967662870645,-0.000614255080225945,1.1189957403565445,0.10289999842643738,0.40549999475479126,1.6497999429702759,-1.5707963267948966,0.0,1.5707963267948966,-2.4906412543522972e-05,0.007102022278367925,2.15904304238875
-0.009489268180741719,0.6397930810095362,2.0653667688085164,-0.016096329924264942,-0.0006770930146327249,-0.0002381738219195412,-1.570773596098398,-0.0006551337609002061,1.1183758816945302,0.10289999842643738,0.40549999475479126,1.6497999429702759,-1.5707963267948966,0.0,1.5707963267948966,-2.3724908544266152e-05,0.0069202687573239555,2.1592477136599544
-0.009491255368281978,0.6395542200047225,2.0655270730752266,-0.013846522136424264,-0.0007280272057752261,-0.0002210922733488088,-1.570732089070903,-0.0007265639283948744,1.117393195690605,0.10289999842643738,0.40549999475479126,1.6497999429702759,-1.5707963267948966,0.0,1.5707963267948966,-2.1708259314674225e-05,0.006640024998930375,2.1594621806992294
-0.009494090254160637,0.6393681779242851,2.065577918886927,-0.011575283174852102,-0.0007555166023253167,-0.0001870701627678909,-1.5706785560884613,-0.0007789800236861488,1.1166030826635924,0.10289999842643738,0.40549999475479126,1.6497999429702759,-1.5707963267948966,0.0,1.5707963267948966,-1.9932817426809307e-05,0.0064161046564754735,2.1595580508756034
-0.00949820042805174,0.6391319316990792,2.0655352186622102,-0.008855519395284712,-0.0007620214605363291,-0.000137097056114744,-1.5706061351341012,-0.0008634832144913673,1.1155774348188472,0.10289999842643738,0.40549999475479126,1.6497999429702759,-1.5707963267948966,0.0,1.5707963267948966,-1.751790777961249e-05,0.006125484050870112,2.1595839344209806
-0.009501543662950654,0.638965238112743,2.065425120787561,-0.007165107240048093,-0.0007523059349637018,-0.00014311386012099477,-1.5705577766967294,-0.0009308422576266295,1.114830911841758,0.10289999842643738,0.40549999475479126,1.6497999429702759,-1.5707963267948966,0.0,1.5707963267948966,-1.5679796008228035e-05,0.005913727301784922,2.1595281383580653
-0.009506105116059137,0.6387879079514606,2.0652323110085895,-0.0055187808104523945,-0.0007319182434526537,-0.00013900734199592035,-1.5704874840018783,-0.0009933028065036709,1.1140316513859374,0.10289999842643738,0.40549999475479126,1.6497999429702759,-1.5707963267948966,0.0,1.5707963267948966,-1.354710468872819e-05,0.005685129260375991,2.1593954915392586
-0.009510956268808853,0.6386183290480252,2.0649695314380354,-0.0037548194303949037,-0.0007082920726358414,-0.0001250724620895805,-1.5704145589106528,-0.001063591704446587,1.1132556448144522,0.10289999842643738,0.40549999475479126,1.6497999429702759,-1.5707963267948966,0.0,1.5707963267948966,-1.1366193457089372e-05,0.005463606029147613,2.159189328946726
-0.009515980035154732,0.6384589013825257,2.064637786762669,-0.0016930534152187191,-0.0006873449931308724,-0.00011563070960890696,-1.5703541476490679,-0.0011375066359331498,1.1125008441759654,0.10289999842643738,0.40549999475479126,1.6497999429702759,-1.5707963267948966,0.0,1.5707963267948966,-9.165490913658467e-06,0.005249086966319163,2.158913864818088
-0.009522182740545134,0.6382941278092045,2.0641971984076353,0.0004531749051913529,-0.0006688076234884068,-0.00011235717095104158,-1.570276781185382,-0.001201074914413791,1.1117008030571562,0.10289999842643738,0.40549999475479126,1.6497999429702759,-1.5707963267948966,0.0,1.5707963267948966,-6.729854301293506e-06,0.005021239473780042,2.1585347800330044
-0.009530137922785028,0.6380983997590645,2.063530790858082,0.0029395868438358494,-0.0006351053943517439,-9.117775445457817e-05,-1.5701707136282195,-0.0012946469524002246,1.110729457225308,0.10289999842643738,0.40549999475479126,1.6497999429702759,-1.5707963267948966,0.0,1.5707963267948966,-3.666961581011606e-06,0.0047438541570459965,2.1579433213886725
-0.009532976374576705,0.6380332790420887,2.0632648004172163,0.0036714899490142157,-0.0006227432118526904,-8.871100987936913e-05,-1.5701393878801133,-0.0013292817854200223,1.1103948953421612,0.10289999842643738,0.40549999475479126,1.6497999429702759,-1.5707963267948966,0.0,1.5707963267948966,-2.5982361980974547e-06,0.0046482191196000585,2.15770329846781
-0.009538287949539918,0.6379219555166094,2.062751850709677,0.005022313209661132,-0.0006029527769933596,-8.625279203040433e-05,-1.5700772208491127,-0.0013794865883509644,1.1098088561128558,0.10289999842643738,0.40549999475479126,1.6497999429702759,-1.5707963267948966,0.0,1.5707963267948966,-4.912697524770436e-07,0.004462536896111641,2.1571816814747513
-0.00954471589637749,0.6377832442992667,2.062001889645177,0.006770765846202588,-0.0005690150059603045,-3.402930982038692e-05,-1.5699747796224943,-0.0014520380639235775,1.1090579425039166,0.10289999842643738,0.40549999475479126,1.6497999429702759,-1.5707963267948966,0.0,1.5707963267948966,1.670418729519234e-06,0.004266815525148987,2.156546112278357
-0.009549152811019522,0.6376776630980152,2.061321430398046,0.008104278787596673,-0.0005533469914142853,-5.91373945069098e-05,-1.5698983133582143,-0.0015227878623429447,1.10845548704829,0.10289999842643738,0.40549999475479126,1.6497999429702759,-1.5707963267948966,0.0,1.5707963267948966,3.464845117203031e-06,0.004096655298034185,2.1559160684331644
-0.009553547468663423,0.6375912804069499,2.060668937415981,0.00908623629171277,-0.0005439091408814836,-8.326868489322273e-05,-1.5698337496276862,-0.0015704782763030778,1.1079310809202902,0.10289999842643738,0.40549999475479126,1.6497999429702759,-1.5707963267948966,0.0,1.5707963267948966,5.0623820990750475e-06,0.003949840520066518,2.1553070046361182
-0.00955896973499627,0.6374941730222807,2.0598238614141833,0.010413722664052638,-0.0005250369122976137,-8.33135040118334e-05,-1.5697389219515339,-0.0016319764447763063,1.107316634420525,0.10289999842643738,0.40549999475479126,1.6497999429702759,-1.5707963267948966,0.0,1.5707963267948966,6.97413130308093e-06,0.0037786137399040036,2.1545142278885594
-0.009564302869078322,0.6374072306224305,2.058927276658896,0.011737641443079752,-0.0005010555480454862,-9.965484237139386e-05,-1.5696516459762575,-0.001703043479592381,1.1067259194423507,0.10289999842643738,0.40549999475479126,1.6497999429702759,-1.5707963267948966,0.0,1.5707963267948966,8.835080534105063e-06,0.0036162840522136566,2.1536718018887235
-0.009568508828469737,0.637351558855819,2.0582450963225365,0.01232731635094935,-0.0004781785143456133,-9.048016191608902e-05,-1.5695970701746917,-0.001741376680324258,1.1063106497757227,0.10289999842643738,0.40549999475479126,1.6497999429702759,-1.5707963267948966,0.0,1.5707963267948966,1.0156647404500081e-05,0.003503784719024651,2.153028285445392
-0.00957340238788931,0.6372887209669265,2.0573609032511024,0.013209057224208046,-0.00043976516095214034,-6.0722694772002624e-05,-1.5695163327903299,-0.0017896863644990546,1.1058160608259038,0.10289999842643738,0.40549999475479126,1.6497999429702759,-1.5707963267948966,0.0,1.5707963267948966,1.1687393209378018e-05,0.0033698972557609603,2.15219251924815
-0.009577795728005595,0.637227943940458,2.056348046946493,0.014233753821239585,-0.00040386051965234223,-5.2315969543983465e-05,-1.5694265142693458,-0.0018582343004283075,1.105294496516092,0.10289999842643738,0.40549999475479126,1.6497999429702759,-1.5707963267948966,0.0,1.5707963267948966,1.3151774869328554e-05,0.003231035639439798,2.15123493647897
-0.009581980811911538,0.6371824042428311,2.0553920946545423,0.015002525688855132,-0.00038862825050485646,-9.94906240497959e-05,-1.5693605993224156,-0.0019061289703738993,1.1048381106183318,0.10289999842643738,0.40549999475479126,1.6497999429702759,-1.5707963267948966,0.0,1.5707963267948966,1.4378093627190648e-05,0.0031123348190999255,2.1503326016758653
-0.009586428278482278,0.637144879503122,2.054407048765213,0.015455156517518723,-0.00036933483455702095,-9.104626968319907e-05,-1.5692849118893963,-0.0019527960150282908,1.1044016025523384,0.10289999842643738,0.40549999475479126,1.6497999429702759,-1.5707963267948966,0.0,1.5707963267948966,1.5536202157416297e-05,0.003000838538624396,2.149402058150881
-0.009590236355469142,0.6371139625364821,2.0533962490536943,0.015926190079065004,-0.00034370381675554324,-6.641563485138943e-05,-1.5692006089892439,-0.002014911387944185,1.1039820847014141,0.10289999842643738,0.40549999475479126,1.6497999429702759,-1.5707963267948966,0.0,1.5707963267948966,1.650551936245158e-05,0.0028965266350905266,2.148446487333076
-0.009593564178107528,0.6370933839997537,2.052464570976294,0.01639174603338145,-0.00032487364729562356,-8.574520049587034e-05,-1.5691366610491713,-0.002060914604146369,1.1036140117218172,0.10289999842643738,0.40549999475479126,1.6497999429702759,-1.5707963267948966,0.0,1.5707963267948966,1.7299038195988556e-05,0.0027991985157422438,2.1474682335077606
-0.009598178527290668,0.637077562021671,2.0512989105832045,0.017048577265936265,-0.000302418760338902,-0.00012680369893695813,-1.5690538504326945,-0.0021098745926577678,1.1031791911007085,0.10289999842643738,0.40549999475479126,1.6497999429702759,-1.5707963267948966,0.0,1.5707963267948966,1.803010798331276e-05,0.002708689965802274,2.1464701677667173
-0.009603690178133647,0.6370692546010552,2.0499977345970875,0.017485771630158166,-0.0002819293598899699,-0.00014237883255829308,-1.568945233124863,-0.0021801091135973394,1.1027251693520448,0.10289999842643738,0.40549999475479126,1.6497999429702759,-1.5707963267948966,0.0,1.5707963267948966,1.8867488524991162e-05,0.002608998735706742,2.1452499063357577
-0.009607293656021258,0.6370693203907066,2.049226350239513,0.017473256450788944,-0.0002735133876587743,-0.0001441268934827159,-1.5688891473500046,-0.002213807067923401,1.1024686053887174,0.10289999842643738,0.40549999475479126,1.6497999429702759,-1.5707963267948966,0.0,1.5707963267948966,1.9320546553886874e-05,0.002555328273089836,2.1445278942161603
-0.009613314747749627,0.637078922995205,2.0481002824784347,0.01946916750602224,-0.00024465336364366423,-0.00017932567956843224,-1.5688091416952599,-0.0022574462014706143,1.1021009470450793,0.10289999842643738,0.40549999475479126,1.6497999429702759,-1.5707963267948966,0.0,1.5707963267948966,2.00458568918996e-05,0.002476733011354596,2.143382358608676
-0.009621043471564004,0.6371000656474056,2.0469398721997334,0.02048659685430319,-0.00023476407118173798,-0.0002620715894927288,-1.5687065868816106,-0.002318715132481941,1.101726551900875,0.10289999842643738,0.40549999475479126,1.6497999429702759,-1.5707963267948966,0.0,1.5707963267948966,2.0896121578103702e-05,0.0024108398081108436,2.142333396681406
-0.00963233798603747,0.6371351428885241,2.045636557143894,0.020159135429613843,-0.00021882836725335784,-0.0002636464430108519,-1.5685860188751022,-0.0023831442127173474,1.1013195801567215,0.10289999842643738,0.40549999475479126,1.6497999429702759,-1.5707963267948966,0.0,1.5707963267948966,2.197805912094716e-05,0.0023508605967295488,2.141277489889994
-0.009643667424354001,0.6371786038768211,2.044433517236676,0.019203468182549515,-0.00019515375984668407,-0.00018200414546953915,-1.5684831073340575,-0.0024347697580182626,1.1009547615757236,0.10289999842643738,0.40549999475479126,1.6497999429702759,-1.5707963267948966,0.0,1.5707963267948966,2.304272190298257e-05,0.002297145619869408,2.140215750110126
-0.009654772753837563,0.6372293617030095,2.0432178297476633,0.018248742266263707,-0.00017878662973926408,-0.00014885161567625385,-1.5683663488400545,-0.0024974906739663183,1.1005978675128247,0.10289999842643738,0.40549999475479126,1.6497999429702759,-1.5707963267948966,0.0,1.5707963267948966,2.3957622642581494e-05,0.0022498487648899422,2.13915014593548
-0.009666268519121697,0.6372854388265218,2.041991591425298,0.01768707736818341,-0.00017156051905021553,-0.0001606198592080961,-1.568246429309179,-0.002556984583072186,1.1002438327022919,0.10289999842643738,0.40549999475479126,1.6497999429702759,-1.5707963267948966,0.0,1.5707963267948966,2.478861029918179e-05,0.002208799908813909,2.138082630492017
-0.009678315531157713,0.6373490080729992,2.0407550613214527,0.017481275740430815,-0.00016014654876236382,-0.00014820454873326635,-1.568140002627433,-0.002608405573339745,1.0998852232395957,0.10289999842643738,0.40549999475479126,1.6497999429702759,-1.5707963267948966,0.0,1.5707963267948966,2.5543641725848786e-05,0.0021735729485083373,2.1370137053146325
-0.009687905274470892,0.6374042018611572,2.0397601927404274,0.017520503980835274,-0.00015048673296230917,-0.00014397874085800134,-1.568050565009863,-0.002655412654575251,1.0995996486895767,0.10289999842643738,0.40549999475479126,1.6497999429702759,-1.5707963267948966,0.0,1.5707963267948966,2.605406122506071e-05,0.0021494187757018198,2.136159502017655
-0.00970367484928144,0.637499384124213,2.0381353885320337,0.01793035533939721,-0.00013026361341080428,-0.00015070582571538978,-1.5678913593563963,-0.0027312687289144932,1.099138270579159,0.10289999842643738,0.40549999475479126,1.6497999429702759,-1.5707963267948966,0.0,1.5707963267948966,2.671519037624782e-05,0.0021174117223452336,2.1347741110620384
-0.00971495854116088,0.6375719516064356,2.037004903982802,0.017815450816448152,-0.00011420221496089663,-0.00015347491262392314,-1.567791718677677,-0.002775469330120295,1.0988162828034813,0.10289999842643738,0.40549999475479126,1.6497999429702759,-1.5707963267948966,0.0,1.5707963267948966,2.705478945807207e-05,0.002100251995149647,2.133819445706089
-0.009725036266923996,0.6376411344692463,2.036000562707195,0.017320477249826008,-0.00010234652067685016,-0.00015924499956272633,-1.5677017754823601,-0.0028192849668631226,1.098530703152714,0.10289999842643738,0.40549999475479126,1.6497999429702759,-1.5707963267948966,0.0,1.5707963267948966,2.7294620175661724e-05,0.0020872522804134992,2.132867676580277
-0.00974023421188338,0.6377492438932534,2.0344971567900525,0.017245012226333387,-8.434286640500575e-05,-0.00015960317676135075,-1.5675479485203632,-0.002888948456202467,1.0981090600327463,0.10289999842643738,0.40549999475479126,1.6497999429702759,-1.5707963267948966,0.0,1.5707963267948966,2.7440810633377794e-05,0.0020769181526007216,2.1317115328199154
-0.009751841815856609,0.6378348429278492,2.033371222774335,0.016855004045699354,-7.790255918446589e-05,-0.00016569152645621145,-1.5674377780543787,-0.0029342973276946793,1.0977934896949741,0.10289999842643738,0.40549999475479126,1.6497999429702759,-1.5707963267948966,0.0,1.5707963267948966,2.7432015366688845e-05,0.0020727673132930153,2.1307722535978217
-0.009764554559904267,0.6379329311536626,2.0321286866103603,0.016052996303693747,-7.563339713068026e-05,-0.00016042423397421432,-1.5673283503936162,-0.002980474852608328,1.0974616908699248,0.10289999842643738,0.40549999475479126,1.6497999429702759,-1.5707963267948966,0.0,1.5707963267948966,2.7264735064051702e-05,0.0020730698232776564,2.129736056880899
-0.009777736804885407,0.6380390767754769,2.030776453241789,0.015873174775239276,-4.806365434502048e-05,-0.0001374483894892564,-1.5672071908813008,-0.003024828172021987,1.0971377620905045,0.10289999842643738,0.40549999475479126,1.6497999429702759,-1.5707963267948966,0.0,1.5707963267948966,2.680488845849391e-05,0.0020794374189395774,2.1286073011667224
-0.009789809434543365,0.6381460556995205,2.0294364351430407,0.01606495297503512,-1.9946383072060336e-06,-0.00010466955169739874,-1.567101632122297,-0.003054500449710673,1.0968380131544602,0.10289999842643738,0.40549999475479126,1.6497999429702759,-1.5707963267948966,0.0,1.5707963267948966,2.5972886803297938e-05,0.002091326917433063,2.127492297501239
-0.009799729676913066,0.638247141490905,2.0282295819385014,0.01602690309953311,3.972704407441465e-05,-0.00012521842625705425,-1.5670226496918138,-0.003079309419087295,1.0965785192644102,0.10289999842643738,0.40549999475479126,1.6497999429702759,-1.5707963267948966,0.0,1.5707963267948966,2.4913441117094085e-05,0.0021065094392730423,2.126490046137099
-0.009808203152900902,0.6383400329789674,2.0271547744809353,0.0161303000660106,7.10507689989291e-05,-0.0001496576496377988,-1.5669438491006762,-0.003105929990301348,1.096358519661747,0.10289999842643738,0.40549999475479126,1.6497999429702759,-1.5707963267948966,0.0,1.5707963267948966,2.3787936410925398e-05,0.0021236196415374674,2.1256008007587788
-0.009816485929132361,0.6384346781687438,2.026090978932383,0.016041678206657257,9.640094397853449e-05,-0.00015476238183065482,-1.5668641951487265,-0.003127581396069168,1.0961451852247572,0.10289999842643738,0.40549999475479126,1.6497999429702759,-1.5707963267948966,0.0,1.5707963267948966,2.2498009026481514e-05,0.0021437972248406515,2.124721782330998
-0.00982503682329712,0.6385443029561342,2.024920569420461,0.016097983042588793,0.00012382639970500562,-0.00014531549235471063,-1.5667897453202495,-0.003149347589832985,1.095912804412639,0.10289999842643738,0.40549999475479126,1.6497999429702759,-1.5707963267948966,0.0,1.5707963267948966,2.080620082687265e-05,0.0021696431660963916,2.1237595610770406
-0.009833235692460722,0.6386694751415838,2.0236466642157502,0.01603017680072705,0.00015124271812116456,-0.00013960481638639036,-1.5667042476346222,-0.003178943641177767,1.0956665253848956,0.10289999842643738,0.40549999475479126,1.6497999429702759,-1.5707963267948966,0.0,1.5707963267948966,1.8578735115438994e-05,0.002202048479440713,2.1227197380405904
-0.009836541827689683,0.6387754574071856,2.0226127016756017,0.016592763079693935,0.000247935078236948,0.00019024067040235293,-1.5666293416712853,-0.0032062313418510513,1.0954676289332155,0.10289999842643738,0.40549999475479126,1.6497999429702759,-1.5707963267948966,0.0,1.5707963267948966,1.6041543004547035e-05,0.002231304895759,2.12188478056731
-0.009833573771014542,0.6389011002018085,2.02146669633155,0.016643861474380642,0.0003387375893175327,0.00014472734606951214,-1.5665714657387544,-0.0032450531070638,1.0952477982171196,0.10289999842643738,0.40549999475479126,1.6497999429702759,-1.5707963267948966,0.0,1.5707963267948966,1.157682652444571e-05,0.0022698778950765823,2.120889556196348
-0.009823116973588262,0.6390569406161629,2.0201125554230774,0.014662134371574369,0.0005849126674482965,0.00037822311623830773,-1.566523295255802,-0.0033053861878844515,1.0950280910232566,0.10289999842643738,0.40549999475479126,1.6497999429702759,-1.5707963267948966,0.0,1.5707963267948966,5.884917961957339e-06,0.0023127338697756916,2.1199217410730156
-0.009811586562218423,0.6391588853258607,2.019233032540931,0.013093410867823294,0.0007247456039355368,5.654813612033339e-05,-1.5664877464350095,-0.0033491461900725383,1.0949151205100547,0.10289999842643738,0.40549999475479126,1.6497999429702759,-1.5707963267948966,0.0,1.5707963267948966,9.603557864233382e-07,0.0023471446836782865,2.1192331234830144
-0.009800137894561238,0.6392811839446207,2.0181619871199765,0.011945694270282489,0.0008501704777981204,-0.00032266759938226545,-1.5664573550075882,-0.0033799771385210065,1.094809231416447,0.10289999842643738,0.40549999475479126,1.6497999429702759,-1.5707963267948966,0.0,1.5707963267948966,-4.58681007986598e-06,0.002394140438877684,2.1183942111934524
-0.00978697278453015,0.6394090635641632,2.0170252524316097,0.010769969630480504,0.0009762468850355027,-0.00020048782495994693,-1.566440490463145,-0.0034016221657520163,1.0947612423000805,0.10289999842643738,0.40549999475479126,1.6497999429702759,-1.5707963267948966,0.0,1.5707963267948966,-1.0587719438177317e-05,0.0024506039570898735,2.1174996798180867
-0.009771940301106601,0.6394955648071998,2.0162289158882234,0.010985939297198119,0.0010786815291817802,0.00021247089772876747,-1.5664197601516245,-0.0034226655451798926,1.094779071355528,0.10289999842643738,0.40549999475479126,1.6497999429702759,-1.5707963267948966,0.0,1.5707963267948966,-1.582839100671165e-05,0.002494542917451919,2.1168663283815525
-0.009741890152386025,0.6396157285116446,2.0150690213747824,0.013005656699075822,0.0010713911497816863,2.9594661461854973e-05,-1.5664139454282084,-0.003453176200033603,1.0948503958052251,0.10289999842643738,0.40549999475479126,1.6497999429702759,-1.5707963267948966,0.0,1.5707963267948966,-2.4550136942290407e-05,0.0025638917439411908,2.115947966477462
-0.009714400495827731,0.6397193948628328,2.0140396833025553,0.013991582313827616,0.001001702585232905,-0.0002714668373836315,-1.5664402672900306,-0.003489604492763032,1.0949494869584715,0.10289999842643738,0.40549999475479126,1.6497999429702759,-1.5707963267948966,0.0,1.5707963267948966,-3.283356334671207e-05,0.0026305122149920253,2.1151369265641553
-0.00969069974967653,0.6398108507314358,2.013134421727674,0.015182255011064036,0.0009141568956764153,-0.0002793557018824422,-1.5664609936863787,-0.0035289282664408006,1.0950784981201211,0.10289999842643738,0.40549999475479126,1.6497999429702759,-1.5707963267948966,0.0,1.5707963267948966,-4.021672283869492e-05,0.0026932532359397903,2.1144250779819163
-0.009670304090790309,0.6398841376777155,2.0124274722444695,0.015493485923615368,0.0008419022146044425,-0.00019542939434339927,-1.5664796832166161,-0.0035514105090133086,1.0952029458348065,0.10289999842643738,0.40549999475479126,1.6497999429702759,-1.5707963267948966,0.0,1.5707963267948966,-4.719318848133408e-05,0.002751083354697563,2.1138044521451884
-0.00963025032853329,0.640011512555518,2.0112361105220424,0.0150541478287038,0.0006716430463543389,-0.00016903018746662984,-1.566527130998086,-0.0036231948471066033,1.0954599583503182,0.10289999842643738,0.40549999475479126,1.6497999429702759,-1.5707963267948966,0.0,1.5707963267948966,-5.7539230257535274e-05,0.00283763395785609,2.112937153404598
-0.009614191633627242,0.640055363830694,2.0108258272364425,0.014717112219136618,0.0006316444471916012,-4.452513449031958e-05,-1.5665440410357903,-0.0036641868056896953,1.0955687615601755,0.10289999842643738,0.40549999475479126,1.6497999429702759,-1.5707963267948966,0.0,1.5707963267948966,-6.187177132535923e-05,0.002871982108731409,2.1126120498963736
-0.009564150771615605,0.6401535879685238,2.0098730564411835,0.014320989466055164,0.0006111415857186622,0.0005046405300512215,-1.566597805201663,-0.0037733093843654864,1.0958845077749224,0.10289999842643738,0.40549999475479126,1.6497999429702759,-1.5707963267948966,0.0,1.5707963267948966,-7.380193668510981e-05,0.002956985423581886,2.1118535327709997
-0.00950811812862425,0.6402385051225822,2.009034936424599,0.01386754969579213,0.0005071094870299953,0.00016377026468504614,-1.5666711434948646,-0.0038828094204781394,1.0962434357660875,0.10289999842643738,0.40549999475479126,1.6497999429702759,-1.5707963267948966,0.0,1.5707963267948966,-8.679680437237321e-05,0.003037664413917257,2.111189033685016
-0.009462433222478082,0.640306847027049,2.0083699172107603,0.014594660457051746,0.00047924596191185794,-0.0001390766546098472,-1.5667255883053584,-0.003974575581585427,1.0965766830240589,0.10289999842643738,0.40549999475479126,1.6497999429702759,-1.5707963267948966,0.0,1.5707963267948966,-9.744225414410316e-05,0.003105072609692547,2.1106692247255583
-0.00939862887870274,0.6403965375564853,2.0075085485237807,0.013910523294529359,0.0006369483082888606,4.8192237631683e-05,-1.566771446369591,-0.004090997579790034,1.0970565188201982,0.10289999842643738,0.40549999475479126,1.6497999429702759,-1.5707963267948966,0.0,1.5707963267948966,-0.00011194201003143398,0.003196419815308553,2.1100092778439707
-0.009356501314665892,0.6404473528284867,2.007024690334856,0.0130131775184798,0.0007695445462228012,0.0002353563761193469,-1.5668000666418544,-0.004161359248175955,1.097357177234724,0.10289999842643738,0.40549999475479126,1.6497999429702759,-1.5707963267948966,0.0,1.5707963267948966,-0.00012141356512260454,0.003250848851955848,2.1096389657594563
-0.009288686355327966,0.6405167404623419,2.0063602103538054,0.011782819362312437,0.0008411369343502001,0.0002479158314390141,-1.5668519151476414,-0.004266052501372464,1.097826320574057,0.10289999842643738,0.40549999475479126,1.6497999429702759,-1.5707963267948966,0.0,1.5707963267948966,-0.00013760461818181666,0.0033383669269662314,2.1090792273285093
-0.009207758981056195,0.6405862653341934,2.0056644453034065,0.011338275900066277,0.0007822807590906455,6.3573760303456e-05,-1.566903979231669,-0.004367757833915409,1.0984009983201322,0.10289999842643738,0.40549999475479126,1.6497999429702759,-1.5707963267948966,0.0,1.5707963267948966,-0.00015454775543276346,0.0034278796078248694,2.1085441331003123
-0.009133646289118445,0.6406440533228605,2.0050621444029906,0.010824003680597018,0.0005707308700693128,-0.00041299099094521734,-1.5669461490304954,-0.004435473269281953,1.098975219258386,0.10289999842643738,0.40549999475479126,1.6497999429702759,-1.5707963267948966,0.0,1.5707963267948966,-0.00016786488317204376,0.003502260722499478,2.108124285525672
-0.009068500924323103,0.6406923610002206,2.0045441698008335,0.011092331282344988,0.00042673412081995057,-0.0003799914259145128,-1.566975700782774,-0.0044867174404834564,1.099525194016088,0.10289999842643738,0.40549999475479126,1.6497999429702759,-1.5707963267948966,0.0,1.5707963267948966,-0.00018198240586104152,0.0035859404975534504,2.1076785449844255
-0.008977337722076312,0.6407537662646658,2.0038351591024735,0.010935513378889514,0.0001731795204397704,-0.0007958725697060176,-1.5669752145531097,-0.004541139551914597,1.1003766668125983,0.10289999842643738,0.40549999475479126,1.6497999429702759,-1.5707963267948966,0.0,1.5707963267948966,-0.00019892878156283584,0.0036875492144315225,2.107171067568833
-0.008933053574275164,0.6407816483603448,2.003474427005089,0.011141464384994583,7.790883959726549e-05,-0.0008631713829661385,-1.5669502358147422,-0.004552125515091987,1.1008669424509265,0.10289999842643738,0.40549999475479126,1.6497999429702759,-1.5707963267948966,0.0,1.5707963267948966,-0.00020930853438171478,0.003756030690373128,2.106849459460431
-0.008869137386816493,0.6408279664869516,2.002878859531039,0.011995662483947364,-0.00015019948625014969,-0.0014973068656878715,-1.5668824301543498,-0.0045660770315993915,1.1017298935267297,0.10289999842643738,0.40549999475479126,1.6497999429702759,-1.5707963267948966,0.0,1.5707963267948966,-0.00022161362740568747,0.0038501924703473835,2.106429539658347
-0.00883338904918365,0.6408634731653873,2.0024469107614125,0.012828421268767072,-0.00018354743960183125,-0.0012661193934786266,-1.566800709017655,-0.0045608628192397305,1.1023903310295582,0.10289999842643738,0.40549999475479126,1.6497999429702759,-1.5707963267948966,0.0,1.5707963267948966,-0.0002297905637250596,0.003926835212805265,2.1061082310475108
-0.008791908623347862,0.640901946079805,2.0019815657566133,0.012763405608935786,-8.58399517186093e-05,-0.0005426334367229894,-1.5667068611997257,-0.004547599533797353,1.1031375657971214,0.10289999842643738,0.40549999475479126,1.6497999429702759,-1.5707963267948966,0.0,1.5707963267948966,-0.00023936482278907385,0.0040116876040117,2.1057751213809643
-0.008738474408049205,0.6409450721013077,2.0014908366655524,0.01235058661675524,6.199545966839409e-05,-0.00026441088231601574,-1.5666405434517645,-0.004522355906808606,1.103967778287486,0.10289999842643738,0.40549999475479126,1.6497999429702759,-1.5707963267948966,0.0,1.5707963267948966,-0.0002506596948925871,0.004104908836184742,2.105438946181201
-0.008693995887916318,0.6409825078365984,2.00110425419657,0.011862552538329655,0.00019750155463320825,-0.0003921586049032964,-1.5665907686043985,-0.004491377013338571,1.104640984700739,0.10289999842643738,0.40549999475479126,1.6497999429702759,-1.5707963267948966,0.0,1.5707963267948966,-0.0002598882186737669,0.00418079833372668,2.1051836357333142
-0.008647859145822386,0.6410243575908579,2.000693856260743,0.010880059204017105,0.0004023953522903247,-0.00047772986580461147,-1.566511593927262,-0.0044502530951024966,1.1053966168481724,0.10289999842643738,0.40549999475479126,1.6497999429702759,-1.5707963267948966,0.0,1.5707963267948966,-0.00026959602758192376,0.0042647362726683955,2.104917110934731
-0.008605560201802608,0.6410620328231922,2.0003398398895236,0.010700505502906415,0.000629948211374945,-0.0001741748014838749,-1.5664425024414514,-0.0044085850322757025,1.106086900490872,0.10289999842643738,0.40549999475479126,1.6497999429702759,-1.5707963267948966,0.0,1.5707963267948966,-0.00027947339873648765,0.004348236593945261,2.104666633504531
-0.00855667843262056,0.6411062049902206,1.9999542068300602,0.011224171442390077,0.0007647576055603915,-0.00039043897774041674,-1.5663788808941466,-0.0043553954879507195,1.1068602598904533,0.10289999842643738,0.40549999475479126,1.6497999429702759,-1.5707963267948966,0.0,1.5707963267948966,-0.00028849844343630947,0.004422494823042818,2.104455611760376
-0.008511758824842968,0.6411518519097447,1.9995749956200826,0.010986686164183248,0.0008346623700060823,-0.0005393262497920438,-1.5663046031434427,-0.0042950808985535716,1.1076449834862756,0.10289999842643738,0.40549999475479126,1.6497999429702759,-1.5707963267948966,0.0,1.5707963267948966,-0.0002977584624747073,0.004503861031136763,2.1042378802614254
-0.008472712776497726,0.641196946353533,1.999210001844443,0.00978485947272469,0.0007353379149924677,-0.000909161788530108,-1.5662276549497294,-0.004226723483579775,1.1084570733643497,0.10289999842643738,0.40549999475479126,1.6497999429702759,-1.5707963267948966,0.0,1.5707963267948966,-0.0003058953431237189,0.004584573326750741,2.104035011630431
-0.008434787467102021,0.6412500448194514,1.9987949004437762,0.008029447387614201,0.0005461350471437159,-0.0008015087876705047,-1.5661441748528242,-0.00413508814435426,1.109466508113858,0.10289999842643738,0.40549999475479126,1.6497999429702759,-1.5707963267948966,0.0,1.5707963267948966,-0.00031412455781287645,0.004681012801958541,2.103810394268526
-0.008409957829572176,0.6412821861631484,1.998531466746006,0.007673444531805893,0.0004356528357610524,-0.0004975652166302907,-1.5660795657579378,-0.004080556117030731,1.1101583731538418,0.10289999842643738,0.40549999475479126,1.6497999429702759,-1.5707963267948966,0.0,1.5707963267948966,-0.0003195122287475518,0.00474503279020807,2.1036708460962803
-0.008373452345946218,0.6413198794832033,1.9982139833192547,0.006800235409141798,0.0003712060148674748,-3.0141957518216142e-05,-1.5659918282617595,-0.004017333963701297,1.111047903899761,0.10289999842643738,0.40549999475479126,1.6497999429702759,-1.5707963267948966,0.0,1.5707963267948966,-0.0003271044705464949,0.0048242363356882575,2.1035080158755712
-0.008329212255904913,0.6413568608455398,1.9978887282888604,0.005791633589558815,0.00037050928441109037,-0.0003109891049896586,-1.5659187839520001,-0.0039336281607043055,1.112083602765996,0.10289999842643738,0.40549999475479126,1.6497999429702759,-1.5707963267948966,0.0,1.5707963267948966,-0.00033599958065252717,0.004910832367345511,2.1033448089227726
-0.008289021244936107,0.6413883790303134,1.9976099870069628,0.006341271818998283,0.0006058682302424458,-5.99701752974367e-05,-1.565855154715576,-0.0038517975341414434,1.1130743088170338,0.10289999842643738,0.40549999475479126,1.6497999429702759,-1.5707963267948966,0.0,1.5707963267948966,-0.0003440010215430468,0.004988363399244736,2.1032106200668994
-0.00824605471089279,0.6414190198507512,1.997341063671216,0.0070140536020739065,0.0008368841028534677,-0.00013717324424182306,-1.5657733384942225,-0.003767374707813076,1.1141033536760538,0.10289999842643738,0.40549999475479126,1.6497999429702759,-1.5707963267948966,0.0,1.5707963267948966,-0.00035245893929448783,0.005063997504188801,2.103090384212436
-0.00819959010289229,0.6414513861636401,1.9970594975070062,0.0071184229185573085,0.0010870072980952601,-0.00020822531500646477,-1.5656663837831275,-0.0036538504295098306,1.115275574668507,0.10289999842643738,0.40549999475479126,1.6497999429702759,-1.5707963267948966,0.0,1.5707963267948966,-0.00036163277208209565,0.0051452682796152465,2.1029699761819822
-0.008164020618351099,0.6414752169221312,1.9968616017445864,0.007944089709233278,0.0012916012395973247,1.3133056281396782e-05,-1.565577188161962,-0.0035825368662254498,1.1161399281269855,0.10289999842643738,0.40549999475479126,1.6497999429702759,-1.5707963267948966,0.0,1.5707963267948966,-0.0003685655573347251,0.005202938350660897,2.102887827353384
-0.008110839447404032,0.641511748040378,1.9965636953214978,0.008958542015694541,0.001355716692223137,-0.0004280325097619477,-1.5654122529679235,-0.0034734205174657973,1.117438601811862,0.10289999842643738,0.40549999475479126,1.6497999429702759,-1.5707963267948966,0.0,1.5707963267948966,-0.00037880193400892555,0.00528653294647734,2.1027773269363457
-0.008076941659932042,0.6415376714676158,1.99636611844071,0.008220435140473152,0.0014068555020322385,-0.00014884225608930208,-1.5652909521496279,-0.00339124083210951,1.1183081676574775,0.10289999842643738,0.40549999475479126,1.6497999429702759,-1.5707963267948966,0.0,1.5707963267948966,-0.0003852517474847356,0.00534054395938211,2.1027123839139557
-0.008031088112574643,0.6415714841771686,1.9961280199378773,0.006633502511660568,0.0013806592893825008,-0.00027470015647940605,-1.5651479239398207,-0.0032944382341244527,1.119408670710711,0.10289999842643738,0.40549999475479126,1.6497999429702759,-1.5707963267948966,0.0,1.5707963267948966,-0.00039447976248387925,0.005413435946498808,2.102632967253029
-0.007986456431863655,0.6416013764860918,1.9959035925094477,0.004603472450323343,0.0013722589019660402,-0.0003118785178122937,-1.5649907050617449,-0.0031749956495783493,1.1205362516339608,0.10289999842643738,0.40549999475479126,1.6497999429702759,-1.5707963267948966,0.0,1.5707963267948966,-0.00040174997832409515,0.0054723248461625235,2.102575128996218
-0.007941649712068904,0.6416243106367252,1.9956955955722921,0.0030677956050225086,0.0014421333090170153,-0.00022584037703616996,-1.5648184119135784,-0.0030306998290727805,1.1216851681459308,0.10289999842643738,0.40549999475479126,1.6497999429702759,-1.5707963267948966,0.0,1.5707963267948966,-0.0004098997551646543,0.005537101232487628,2.102514842108873
-0.007895329002930393,0.6416395589884974,1.9955010869040788,0.002164265675389967,0.0015397061983827766,-0.00021582434107698953,-1.5646528902911068,-0.0028803763726443776,1.1228533046016151,0.10289999842643738,0.40549999475479126,1.6497999429702759,-1.5707963267948966,0.0,1.5707963267948966,-0.0004181811118308859,0.0056011472147162265,2.102458181201403
-0.007845377162711093,0.6416468038348704,1.9953152845706732,0.0026898837253337927,0.0017513071429459365,5.721670214124531e-05,-1.5644974149374054,-0.002723600215000843,1.124036686220847,0.10289999842643738,0.40549999475479126,1.6497999429702759,-1.5707963267948966,0.0,1.5707963267948966,-0.00042683803387452625,0.00566393470319261,2.102403680595008
-0.007786547219074855,0.6416493959579846,1.9951301045144625,0.00374179978302348,0.0020264678747931243,0.0004197688487852547,-1.5643528959843198,-0.002562446458546752,1.1252217801395203,0.10289999842643738,0.40549999475479126,1.6497999429702759,-1.5707963267948966,0.0,1.5707963267948966,-0.0004366401400328548,0.005724484441001798,2.1023538068606777
-0.007713094496488283,0.6416514264208721,1.9949423530515238,0.004371861044874851,0.0023770686663690706,0.0009037720788169505,-1.5642526975102808,-0.0024158011990298434,1.1264079397894338,0.10289999842643738,0.40549999475479126,1.6497999429702759,-1.5707963267948966,0.0,1.5707963267948966,-0.0004483344555502198,0.005782544962926225,2.102309654437455
-0.007624543282745569,0.6416537747277913,1.9947560538587448,0.003729229058472427,0.002675545111547897,0.0008275691528789369,-1.5641869654899399,-0.002291805887698395,1.1276057254862173,0.10289999842643738,0.40549999475479126,1.6497999429702759,-1.5707963267948966,0.0,1.5707963267948966,-0.00046180897762201315,0.005838400018671609,2.102273131063473
-0.0075081287505880225,0.6416502788457716,1.9945464107446684,0.0021896826287724678,0.0029802654993982716,0.0004995024271641087,-1.564125013738256,-0.0021288453718932843,1.1290857323629826,0.10289999842643738,0.40549999475479126,1.6497999429702759,-1.5707963267948966,0.0,1.5707963267948966,-0.0004787404164714636,0.005903491206763454,2.102236045989423
-0.007427185071412712,0.6416455111510343,1.994412420695811,0.0017509480649636514,0.003119760899449244,0.00019648615578892435,-1.5641088177402787,-0.002018851169734326,1.1300941473103703,0.10289999842643738,0.40549999475479126,1.6497999429702759,-1.5707963267948966,0.0,1.5707963267948966,-0.0004900715565108166,0.00594565184348891,2.1022139443665404
-0.007307305570432719,0.6416390735397223,1.9942224471489975,0.002177364256592156,0.00283411731038241,0.0006072732014673461,-1.564108976328227,-0.0018745920488880685,1.1314978072281265,0.10289999842643738,0.40549999475479126,1.6497999429702759,-1.5707963267948966,0.0,1.5707963267948966,-0.000506292061273327,0.0060013361737885195,2.1021899246464053
-0.007177821621007105,0.641630651012815,1.9940428284557552,0.0015953380304255377,0.002988171427031382,0.0011644276102907047,-1.5641259215282988,-0.0017515136006984733,1.1327854698212398,0.10289999842643738,0.40549999475479126,1.6497999429702759,-1.5707963267948966,0.0,1.5707963267948966,-0.0005236952108097777,0.00604970126138152,2.102177005947312
-0.007044945504254096,0.6416213444144209,1.9938822053311478,0.00047260610822748793,0.0034968191245583783,0.0011022465161950963,-1.564168084613107,-0.0016570362475984979,1.1339574762976312,0.10289999842643738,0.40549999475479126,1.6497999429702759,-1.5707963267948966,0.0,1.5707963267948966,-0.0005413791295278895,0.006091773663758353,2.1021723296559465
-0.006885692258583656,0.6416123856373485,1.9937040784869726,-0.0005258199268804147,0.0034755784734462032,0.0008487034628251297,-1.564251865450836,-0.0015767421667005621,1.135273971964573,0.10289999842643738,0.40549999475479126,1.6497999429702759,-1.5707963267948966,0.0,1.5707963267948966,-0.0005621102597642409,0.006136734698349303,2.102171536285419
-0.0067210788974098705,0.6416019767430967,1.9935287424941035,-0.001862052321296598,0.003349496935892644,0.0002974160350450526,-1.564341797199883,-0.0015031115270525142,1.1366038517630135,0.10289999842643738,0.40549999475479126,1.6497999429702759,-1.5707963267948966,0.0,1.5707963267948966,-0.0005828623293212505,0.006179843584620535,2.1021731263918335
-0.006536200424687538,0.6415891782127771,1.9933418977864459,-0.00282628836266232,0.0032582411827245562,0.00017687896692732686,-1.5644422988153692,-0.0014367754328539206,1.138081607492766,0.10289999842643738,0.40549999475479126,1.6497999429702759,-1.5707963267948966,0.0,1.5707963267948966,-0.0006054893004845728,0.006225035992718171,2.1021792091850457
-0.006380189843749832,0.6415801440378223,1.9931907363565216,-0.0031326264654798408,0.0031387065245381753,6.639012925648417e-07,-1.5645443009706252,-0.0014034092408179433,1.1392886684020676,0.10289999842643738,0.40549999475479126,1.6497999429702759,-1.5707963267948966,0.0,1.5707963267948966,-0.0006238900871505472,0.006260009476973424,2.1021848751207566
-0.006220833566023911,0.6415693094527736,1.9930413912338087,-0.003074893851839293,0.0030298165326449553,0.00011907484974430989,-1.564650789315922,-0.0013664701285311942,1.1404971312677183,0.10289999842643738,0.40549999475479126,1.6497999429702759,-1.5707963267948966,0.0,1.5707963267948966,-0.0006422203365981321,0.006293235819320663,2.1021899843601264
-0.006038887749295206,0.6415545156714269,1.992878080327455,-0.002655840616051023,0.0028016711046831223,-7.046999724767857e-05,-1.5647691120669835,-0.0013244895584305638,1.14184399307702,0.10289999842643738,0.40549999475479126,1.6497999429702759,-1.5707963267948966,0.0,1.5707963267948966,-0.00066472313306622,0.00633121268369302,2.1021945257058356
-0.005799376218145998,0.6415402914128411,1.992657886037963,-0.000969522763476676,0.0025284384181008986,-7.331315444183102e-05,-1.564956331050072,-0.001272521058218068,1.143571032359608,0.10289999842643738,0.40549999475479126,1.6497999429702759,-1.5707963267948966,0.0,1.5707963267948966,-0.0006904845748076138,0.006371290493530995,2.102199441811192
-0.005609834045864284,0.6415327206874375,1.9924788813111043,-0.00031210089789529967,0.00236011831352963,0.00017004363306347004,-1.5651306200574369,-0.001202103158576051,1.144877754521669,0.10289999842643738,0.40549999475479126,1.6497999429702759,-1.5707963267948966,0.0,1.5707963267948966,-0.0007084556326519733,0.0063959975817705905,2.102201019596409
-0.0054532518601889245,0.6415245577593869,1.992337409529945,-0.001106054152015323,0.002233149026954744,0.00023648393819780127,-1.565281978847969,-0.001135972077385361,1.1459296091963769,0.10289999842643738,0.40549999475479126,1.6497999429702759,-1.5707963267948966,0.0,1.5707963267948966,-0.0007247910774861379,0.006416520757812514,2.1021998067777994
-0.005229257261222339,0.6415103670075853,1.9921534887398726,-0.0025733611083270146,0.002197435252655061,0.0005422881912732744,-1.565526825561483,-0.0010644539650552787,1.1474007356731257,0.10289999842643738,0.40549999475479126,1.6497999429702759,-1.5707963267948966,0.0,1.5707963267948966,-0.000748005499826714,0.006443236185528499,2.1021922263187527
-0.005016703754828688,0.6414957827338876,1.9919892755871371,-0.00267511523451927,0.0022069549664744605,0.00048545332572736094,-1.565782479197079,-0.00099027534919216,1.148750444285469,0.10289999842643738,0.40549999475479126,1.6497999429702759,-1.5707963267948966,0.0,1.5707963267948966,-0.000769864726152449,0.00646574732353856,2.1021806980855255
-0.00480357041788555,0.6414770824365948,1.9918161948283528,-0.001651024705582187,0.0021489611567789887,-7.186113876604954e-05,-1.5660259459936607,-0.0008953759408751871,1.1500984327234223,0.10289999842643738,0.40549999475479126,1.6497999429702759,-1.5707963267948966,0.0,1.5707963267948966,-0.0007909944634926598,0.006486136225794377,2.1021674331354174
-0.004614168393332591,0.6414600842417151,1.9916475313087034,-0.0009521681332393752,0.0021533804279388405,-0.0001036916708431517,-1.5662409143705025,-0.000820511501169463,1.1513032640768488,0.10289999842643738,0.40549999475479126,1.6497999429702759,-1.5707963267948966,0.0,1.5707963267948966,-0.000810606355154691,0.006504014374077244,2.102156199578322
-0.004377994364038983,0.6414430716424789,1.9914316283963467,-0.0016930451643950917,0.0021980565688831865,0.00018243931552843184,-1.5665266084016627,-0.0007239065627082653,1.152775432471853,0.10289999842643738,0.40549999475479126,1.6497999429702759,-1.5707963267948966,0.0,1.5707963267948966,-0.0008299377334354059,0.00651957819909977,2.102145610121791
-0.004178067230024275,0.6414254072285882,1.991258976258958,-0.0034052751056039845,0.002214733924149717,0.0004510580729348771,-1.5667630101752528,-0.0006317281396737151,1.1540035631874568,0.10289999842643738,0.40549999475479126,1.6497999429702759,-1.5707963267948966,0.0,1.5707963267948966,-0.000847526882503045,0.006532522609467307,2.1021326292720133
-0.003947214946862678,0.6413970171249986,1.991076309257232,-0.004618068756287393,0.002221077816091462,0.0005841807876077181,-1.5670252206659019,-0.0005584459865861646,1.1554172494983908,0.10289999842643738,0.40549999475479126,1.6497999429702759,-1.5707963267948966,0.0,1.5707963267948966,-0.0008694035351089241,0.006547782949465594,2.1021138410082125
-0.0037103319383701154,0.6413619775758745,1.9908956978430385,-0.005002803360606795,0.0021960214310178263,0.0005300401332347065,-1.5673070748615416,-0.00047820783365404296,1.1568593587281624,0.10289999842643738,0.40549999475479126,1.6497999429702759,-1.5707963267948966,0.0,1.5707963267948966,-0.0008872484943144074,0.006559431171245894,2.1020950457876078
-0.0034746470669204956,0.6413198884576682,1.9907127429458955,-0.004416582931493218,0.0020179169514447904,0.00010786902957174808,-1.5675803453177963,-0.0003506980472955945,1.1583009407056586,0.10289999842643738,0.40549999475479126,1.6497999429702759,-1.5707963267948966,0.0,1.5707963267948966,-0.0009061070375105283,0.006571041517831929,2.102070970826904
-0.0031946619759018356,0.6412613614543886,1.9904875387023384,-0.003549900526121592,0.0017993532289725988,0.00010960578895674316,-1.567886973583413,-0.0001942088424859989,1.1600315610119627,0.10289999842643738,0.40549999475479126,1.6497999429702759,-1.5707963267948966,0.0,1.5707963267948966,-0.0009268537463298956,0.006582711866237358,2.102042531951861
-0.003006316211672334,0.6412200703246123,1.9903366619996556,-0.003792046667599074,0.0016369509652638654,0.00027013110338982606,-1.5681025732215776,-8.142207319483674e-05,1.161189537731705,0.10289999842643738,0.40549999475479126,1.6497999429702759,-1.5707963267948966,0.0,1.5707963267948966,-0.0009401245941571511,0.006589144281209291,2.1020229186616772
-0.002769987733427743,0.6411641095817773,1.990155275015214,-0.004089644303937591,0.0013090536052175986,0.00017573851410795178,-1.5683758640506649,9.406537143874516e-05,1.162660923898631,0.10289999842643738,0.40549999475479126,1.6497999429702759,-1.5707963267948966,0.0,1.5707963267948966,-0.00095608682222846,0.006596053236843661,2.1019959951795784
-0.0025343614362967853,0.6411018759649413,1.9899804026335837,-0.004188093778069807,0.0009651543101398921,0.0001945040754016077,-1.5686357003818467,0.00026220489585426776,1.1641662606489964,0.10289999842643738,0.40549999475479126,1.6497999429702759,-1.5707963267948966,0.0,1.5707963267948966,-0.0009708357868615907,0.006601663717000958,2.101967520075362
-0.0022482283494851267,0.6410217071582808,1.9897758399741214,-0.003996394450831406,0.0006355939623181821,0.000421248575640224,-1.5689783412242864,0.0004733526060389792,1.1660084590767381,0.10289999842643738,0.40549999475479126,1.6497999429702759,-1.5707963267948966,0.0,1.5707963267948966,-0.0009876406542463348,0.006606596057741353,2.101931234770041
-0.0020558591767725217,0.6409645662332949,1.9896399969931402,-0.0033447223053757807,0.00040209641805171104,0.00034553293700394493,-1.5692367281956758,0.0006568047223929341,1.1672492651338384,0.10289999842643738,0.40549999475479126,1.6497999429702759,-1.5707963267948966,0.0,1.5707963267948966,-0.000998271991605367,0.0066087815702040205,2.101906364859129
-0.0018153958836477071,0.6408868746574496,1.9894654873300215,-0.0022543106347715242,0.000137990570268738,0.00042330846406431286,-1.5695544786619025,0.0008816062963132865,1.1687991973341023,0.10289999842643738,0.40549999475479126,1.6497999429702759,-1.5707963267948966,0.0,1.5707963267948966,-0.0010105139962506417,0.006610172967544874,2.1018762834121762
-0.0015724060124625756,0.6408062767727065,1.9892865613571482,-0.0021324866198937234,-6.475531648347814e-05,0.0005009810618211058,-1.569881493118537,0.001095202155501518,1.1703466844435015,0.10289999842643738,0.40549999475479126,1.6497999429702759,-1.5707963267948966,0.0,1.5707963267948966,-0.0010219517934583072,0.0066099122905502305,2.101846616322697
-0.0013292889025976631,0.6407262110741727,1.9891092785707427,-0.0026894607442916794,-0.000212223971396431,0.00046217321737256783,-1.5702349247089273,0.0013440796877821626,1.1719048798820353,0.10289999842643738,0.40549999475479126,1.6497999429702759,-1.5707963267948966,0.0,1.5707963267948966,-0.0010323414206668572,0.00660808731506795,2.101815005430678
-0.0010387923342658283,0.6406296925681992,1.9889042572929665,-0.003527056246468789,-0.00035765352380802,0.00040679581117499425,-1.5706552583289448,0.0016272432119039948,1.1738103719105757,0.10289999842643738,0.40549999475479126,1.6497999429702759,-1.5707963267948966,0.0,1.5707963267948966,-0.0010429713316553047,0.006603916811681894,2.101773450258667
-0.0008240410780053619,0.6405568411098028,1.9887534535333085,-0.00323238497210598,-0.0005391441378303621,0.00012166928301379285,-1.5709666946246637,0.001819025590782175,1.1752646490142549,0.10289999842643738,0.40549999475479126,1.6497999429702759,-1.5707963267948966,0.0,1.5707963267948966,-0.0010492269613414256,0.006599325716310858,2.1017403200345757
-0.000611966011253855,0.6404837436566954,1.9885987142011938,-0.0027075146652388482,-0.0005942502084984462,0.0005353131018985648,-1.571297435202605,0.0020321449053972707,1.1767238080763147,0.10289999842643738,0.40549999475479126,1.6497999429702759,-1.5707963267948966,0.0,1.5707963267948966,-0.0010542878474271633,0.006593416763735242,2.101708411684573
-0.00036928602484687816,0.6403997567553298,1.9884227923859725,-0.00185449239965404,-0.0005555102495340038,0.0010746303201814716,-1.5716825762423303,0.002255165413243887,1.178361107661464,0.10289999842643738,0.40549999475479126,1.6497999429702759,-1.5707963267948966,0.0,1.5707963267948966,-0.0010600841473847235,0.006585485428984759,2.1016775637772422
-0.00011847855600178713,0.6403113482480299,1.9882433891633033,-0.0016058592874103577,-0.0005197673897799443,0.0011551816463110254,-1.5720654171879438,0.002443201808075557,1.1800181398965122,0.10289999842643738,0.40549999475479126,1.6497999429702759,-1.5707963267948966,0.0,1.5707963267948966,-0.0010660427252810586,0.006576279675562315,2.1016529968611875
0.00018567516585696038,0.6402040018563461,1.9880294979831645,-0.0023303011250650975,-0.0005094294332192526,0.0010846321324415316,-1.57253772707408,0.002694718362914017,1.182019134585939,0.10289999842643738,0.40549999475479126,1.6497999429702759,-1.5707963267948966,0.0,1.5707963267948966,-0.0010723120473630889,0.006563627670574971,2.1016265193893164
0.0003909955318255249,0.6401312536324115,1.9878912379553682,-0.003195718391405897,-0.0005135997243158135,0.0011917357516971366,-1.5728552789527515,0.0028662053807000376,1.1833584112494462,0.10289999842643738,0.40549999475479126,1.6497999429702759,-1.5707963267948966,0.0,1.5707963267948966,-0.0010759889337053274,0.006554382462919559,2.1016073509618813
0.0006808358960998305,0.6400218072919479,1.9877063978679368,-0.0031758431302382835,-0.0005957208126280238,0.001355516306802583,-1.5732951419885637,0.003085980805217936,1.185221146121138,0.10289999842643738,0.40549999475479126,1.6497999429702759,-1.5707963267948966,0.0,1.5707963267948966,-0.0010809478952335744,0.0065412387684795174,2.1015777671427527
0.0009450527338676932,0.6399176798934363,1.9875321366009693,-0.0023052745642792444,-0.0008322850807584817,0.0008086385115742649,-1.5737179142530981,0.003325014279355276,1.1869157109246746,0.10289999842643738,0.40549999475479126,1.6497999429702759,-1.5707963267948966,0.0,1.5707963267948966,-0.001084683002240713,0.006526763285372863,2.1015461466236673
0.0012009240552528404,0.6398131364161763,1.9873507243069843,-0.002392042378321087,-0.0010324797138166577,0.0006351919131047706,-1.5741478113218723,0.0035910288854390515,1.1886060442208852,0.10289999842643738,0.40549999475479126,1.6497999429702759,-1.5707963267948966,0.0,1.5707963267948966,-0.001085749662882619,0.006513678180817767,2.1015216305119897
0.001453141124078085,0.6397049080803404,1.9871718657696424,-0.0030372905665840056,-0.0012212534845229396,0.0006111867527778714,-1.574561855829381,0.003844254224636412,1.1903045971875448,0.10289999842643738,0.40549999475479126,1.6497999429702759,-1.5707963267948966,0.0,1.5707963267948966,-0.0010854062559476649,0.006498269548147295,2.1014931684532234
0.0017081787340365927,0.6395955616589072,1.9869945160536757,-0.0035637387846200906,-0.0011923901347031156,0.0013082520202043126,-1.5749805358075444,0.004116795452186128,1.192001261139145,0.10289999842643738,0.40549999475479126,1.6497999429702759,-1.5707963267948966,0.0,1.5707963267948966,-0.0010847397926430093,0.00648182474255214,2.101460831148752
0.0020490658571096386,0.6394523491427374,1.9867578791857947,-0.0028105381687467215,-0.0012062132618259815,0.0012052875890896648,-1.5755557427009317,0.004480862547702635,1.1942046746738662,0.10289999842643738,0.40549999475479126,1.6497999429702759,-1.5707963267948966,0.0,1.5707963267948966,-0.0010842223769871584,0.006458759908480281,2.101418789919195
0.0022057241856486874,0.6393851091045792,1.986643588933958,-0.0022040459281280813,-0.0012244491604965421,0.0009359086551032574,-1.5758146715858599,0.004637577389397407,1.1952173569674958,0.10289999842643738,0.40549999475479126,1.6497999429702759,-1.5707963267948966,0.0,1.5707963267948966,-0.0010830645899582696,0.006445322631484681,2.101395996610786
0.0024628820439628425,0.6392732707352051,1.9864471378780233,-0.0018928647730296374,-0.0011668748867750972,0.0009117835635344601,-1.576219165712808,0.00490594460619409,1.196897498011454,0.10289999842643738,0.40549999475479126,1.6497999429702759,-1.5707963267948966,0.0,1.5707963267948966,-0.0010804801324977398,0.006426931047479511,2.1013651595918024
0.0027174512730845715,0.6391598561531229,1.9862495432162124,-0.0019699465827400005,-0.0011608444082444754,0.0007117614596254358,-1.5766106774988213,0.005192111669021671,1.1985835545184327,0.10289999842643738,0.40549999475479126,1.6497999429702759,-1.5707963267948966,0.0,1.5707963267948966,-0.0010764476861675198,0.006405556390096457,2.101326008089933
0.002965573929664222,0.6390416449796418,1.9860516181551622,-0.0016473830152381607,-0.0012235644330915122,0.0005145163183790299,-1.5769737701490227,0.005458413031441456,1.2002859741124627,0.10289999842643738,0.40549999475479126,1.6497999429702759,-1.5707963267948966,0.0,1.5707963267948966,-0.0010704124107441344,0.0063834266804902095,2.101280088981376
0.0032115946357643326,0.6389167202176749,1.9858514772930487,-0.0014775900147485845,-0.0011986488269285606,0.000897478008416871,-1.5773083226242797,0.005716552120970775,1.2020033694100316,0.10289999842643738,0.40549999475479126,1.6497999429702759,-1.5707963267948966,0.0,1.5707963267948966,-0.0010630007182768325,0.006360567689049635,2.101226825714483
0.003464179442185118,0.6387866436775154,1.985648448663243,-0.0011307797027002354,-0.001126636443059898,0.0013796468703484313,-1.577643000403125,0.005994522961812798,1.203738337513293,0.10289999842643738,0.40549999475479126,1.6497999429702759,-1.5707963267948966,0.0,1.5707963267948966,-0.001055771387660305,0.006337102044248769,2.1011670408480065
0.003698919134574351,0.6386659853249916,1.985461351928448,-0.0009241439139236478,-0.0010574071669933714,0.001608085814244382,-1.5779488126716672,0.006229225209142264,1.2053150297097084,0.10289999842643738,0.40549999475479126,1.6497999429702759,-1.5707963267948966,0.0,1.5707963267948966,-0.0010490901223778927,0.006312909946533668,2.101101850306167
0.003992081481680495,0.6385111848422258,1.9852324984061895,-0.0013976014125392196,-0.0010347757834562924,0.0015487384072752025,-1.5783124218412452,0.006486188186943576,1.2072645493309055,0.10289999842643738,0.40549999475479126,1.6497999429702759,-1.5707963267948966,0.0,1.5707963267948966,-0.0010424306220146115,0.006288207469444083,2.10102851327113
0.004232753272459371,0.638379560536658,1.985046083031535,-0.0013732964876190603,-0.0010439381006964966,0.0012988832365184316,-1.5786059056309696,0.006700482772290073,1.2088849850568,0.10289999842643738,0.40549999475479126,1.6497999429702759,-1.5707963267948966,0.0,1.5707963267948966,-0.0010350231506476473,0.006263002296394406,2.100943806442133
0.004525370397399485,0.6382183485650998,1.9848081042903245,-0.000355782552892084,-0.0010055503003017713,0.0012467602566837857,-1.5789620655345071,0.006928455021246727,1.2108749883076255,0.10289999842643738,0.40549999475479126,1.6497999429702759,-1.5707963267948966,0.0,1.5707963267948966,-0.001026663387526132,0.006236581007703313,2.1008484677032424
0.004790760022656942,0.638069259822876,1.984576294449194,0.0008536126036999878,-0.0010104976998555459,0.0011100213604038013,-1.5792562333914408,0.007090852572759765,1.212690961844231,0.10289999842643738,0.40549999475479126,1.6497999429702759,-1.5707963267948966,0.0,1.5707963267948966,-0.0010176545370509087,0.00620875040220776,2.1007422532864553
0.0050525748066333935,0.6379163442166186,1.9843286120712393,0.001905085813599314,-0.0010560282826209614,0.0010540077722998493,-1.579522522963879,0.007257622043981726,1.2145202851456103,0.10289999842643738,0.40549999475479126,1.6497999429702759,-1.5707963267948966,0.0,1.5707963267948966,-0.001006680577918744,0.006176828825680894,2.1006119399517433
0.0053916851908509845,0.6377133931298035,1.983986505481656,0.0014760210878089802,-0.0012166675160771871,0.0011781947755032862,-1.5798700863947988,0.0074425184844963965,1.2169155801597893,0.10289999842643738,0.40549999475479126,1.6497999429702759,-1.5707963267948966,0.0,1.5707963267948966,-0.0009928766462047511,0.006137919990377899,2.100436396128255
0.005574626075802082,0.6376003038195674,1.9837973244306348,0.0008254866381740843,-0.0013585488594939482,0.0011058092290009642,-1.5800472002400747,0.007523570701350124,1.2182153575157022,0.10289999842643738,0.40549999475479126,1.6497999429702759,-1.5707963267948966,0.0,1.5707963267948966,-0.0009862067000430057,0.006119740976068837,2.1003466078244966
0.005857558641311471,0.6374188744652797,1.983489544282126,0.0002553426101603654,-0.0016065920942988422,0.0008461644935642937,-1.5802914617179324,0.007667918563389442,1.2202632762933252,0.10289999842643738,0.40549999475479126,1.6497999429702759,-1.5707963267948966,0.0,1.5707963267948966,-0.0009727438699898826,0.006085895967762017,2.100168542573401
0.006086686906353908,0.637271149581349,1.9832215127513242,0.0003406211629512308,-0.0016750481036798969,0.0010506656312556078,-1.5804828800407742,0.007780072412432837,1.2219348703033428,0.10289999842643738,0.40549999475479126,1.6497999429702759,-1.5707963267948966,0.0,1.5707963267948966,-0.0009607561087841902,0.0060573665434318835,2.100012030414798
0.0063430536139837315,0.6371070261971423,1.9829033135597534,0.0004393888799062728,-0.0017084815431394828,0.001092768609856668,-1.5806889032916067,0.007890662136573745,1.2237860035770474,0.10289999842643738,0.40549999475479126,1.6497999429702759,-1.5707963267948966,0.0,1.5707963267948966,-0.0009471620051641519,0.006024614107577482,2.099828837422386
0.006572814162502175,0.6369578494323518,1.982600443378595,0.0003090714547890758,-0.0016934394211417763,0.001053800529884239,-1.5808512482576562,0.008007084827005961,1.225452503041097,0.10289999842643738,0.40549999475479126,1.6497999429702759,-1.5707963267948966,0.0,1.5707963267948966,-0.0009342219943334212,0.00599426548546401,2.0996548706775484
0.006881105470377262,0.6367614121882028,1.9821738239861206,-0.000503887534767597,-0.0015592723611046807,0.0012908399023572649,-1.5810627679327525,0.00814014796189877,1.22766920573352,0.10289999842643738,0.40549999475479126,1.6497999429702759,-1.5707963267948966,0.0,1.5707963267948966,-0.0009163291370583587,0.005952522757795175,2.0994073544227043
0.007115675497973612,0.6366141950290078,1.9818400696204452,-0.0014083973771516491,-0.001489728947050325,0.0012375917522242787,-1.581225099721425,0.008216135684380621,1.2293213122892386,0.10289999842643738,0.40549999475479126,1.6497999429702759,-1.5707963267948966,0.0,1.5707963267948966,-0.0009027073843251609,0.00592052427585697,2.0992103217946423
0.007378145200327759,0.6364467492712216,1.9814615196539258,-0.0027614908813465015,-0.0013656280101507479,0.0014415579847013831,-1.581384096923178,0.00831902744073254,1.2311662026918362,0.10289999842643738,0.40549999475479126,1.6497999429702759,-1.5707963267948966,0.0,1.5707963267948966,-0.0008857947815020741,0.005880987834329027,2.0989558212172272
0.0076437325399765135,0.6362751248651413,1.9810812594982776,-0.004515232787218048,-0.001412255697280535,0.0012426853024546962,-1.5815299959296736,0.008422961140772678,1.2330362433985316,0.10289999842643738,0.40549999475479126,1.6497999429702759,-1.5707963267948966,0.0,1.5707963267948966,-0.0008703071611699288,0.0058450942337336005,2.0987113778206914
0.007904952793661206,0.6360965966454735,1.9807011760624864,-0.004866303240174647,-0.0016484354446788963,0.0008011419575701158,-1.5816904287947091,0.008543598197973346,1.2349313386077196,0.10289999842643738,0.40549999475479126,1.6497999429702759,-1.5707963267948966,0.0,1.5707963267948966,-0.0008552106937817109,0.005812956990086183,2.0984821274619287
0.00818811279200163,0.6358917334880396,1.9802723356953222,-0.003457229220439056,-0.0018523336774191226,0.0010627264380570897,-1.5818795411729094,0.008711260986200564,1.2370294744961718,0.10289999842643738,0.40549999475479126,1.6497999429702759,-1.5707963267948966,0.0,1.5707963267948966,-0.0008337869280888822,0.005769340959323759,2.0981688346910543
0.00839687943812402,0.6357396345322552,1.9799523182078325,-0.003039676758259358,-0.0020193347160934955,0.0011136001500690897,-1.5820312453154504,0.008834684576889629,1.2385635020571006,0.10289999842643738,0.40549999475479126,1.6497999429702759,-1.5707963267948966,0.0,1.5707963267948966,-0.0008212028085860673,0.005743254928868916,2.0979827771827564
0.008684801720216418,0.635525368179487,1.9795171180256943,-0.0034390524877125567,-0.0021960358343603645,0.0010913219628659598,-1.58226165695788,0.008996416129588791,1.240713783966833,0.10289999842643738,0.40549999475479126,1.6497999429702759,-1.5707963267948966,0.0,1.5707963267948966,-0.0008007912871044057,0.005701958122267666,2.097681167723976
0.00894807280919943,0.6353216717950055,1.9791312735420652,-0.0035236189380900653,-0.002295904236319952,0.0011874174810662162,-1.5824758609711798,0.009129700926492568,1.2427060541548813,0.10289999842643738,0.40549999475479126,1.6497999429702759,-1.5707963267948966,0.0,1.5707963267948966,-0.0007817115789800703,0.0056642623002106,2.097394456984702
0.00921355592235094,0.6351122622044212,1.978749676205691,-0.0026532641129229867,-0.002391343670382153,0.0012157001563152217,-1.58267030957841,0.009249696914535477,1.2447171485066222,0.10289999842643738,0.40549999475479126,1.6497999429702759,-1.5707963267948966,0.0,1.5707963267948966,-0.0007624328135895714,0.005625839389328967,2.097096046886555
0.009508426020564746,0.6348796263529942,1.9783304833164745,-0.0020979940699641817,-0.002364801155285763,0.0013847040524508326,-1.582870263607182,0.00936180801839015,1.2469297012415632,0.10289999842643738,0.40549999475479126,1.6497999429702759,-1.5707963267948966,0.0,1.5707963267948966,-0.0007412624458466701,0.005582355251445859,2.0967545241040124
0.009781224192116718,0.6346615379299192,1.977958011747621,-0.0021835376594783245,-0.0022846829265054853,0.0014292712584573254,-1.583036966000112,0.009448526765689191,1.2489548036477043,0.10289999842643738,0.40549999475479126,1.6497999429702759,-1.5707963267948966,0.0,1.5707963267948966,-0.000722345398179227,0.005542302775680058,2.0964320683807083
0.010033334436453531,0.6344586589463139,1.9776319289862991,-0.0021141524048542927,-0.002097092126987551,0.0018015809779083054,-1.5831754075172455,0.009521847969155672,1.250798802552767,0.10289999842643738,0.40549999475479126,1.6497999429702759,-1.5707963267948966,0.0,1.5707963267948966,-0.0007058854062890705,0.00550599225288201,2.096132439062953
0.010323665495552244,0.6342312191048184,1.9772696500147866,-0.0007663550452443817,-0.0019369376424987637,0.0017949616190612537,-1.5833351156032565,0.00958368156246081,1.2528596025977528,0.10289999842643738,0.40549999475479126,1.6497999429702759,-1.5707963267948966,0.0,1.5707963267948966,-0.0006888791021617194,0.005464858391835585,2.095793700780568
0.010620537157769993,0.6340035361970153,1.9769002153849646,5.743119061633959e-05,-0.0017942192079755546,0.0017649442688474834,-1.5835046949746743,0.009637856919813004,1.2549192001129335,0.10289999842643738,0.40549999475479126,1.6497999429702759,-1.5707963267948966,0.0,1.5707963267948966,-0.0006725318110655036,0.0054224922971180985,2.0954511412229353
0.0109263603663374,0.6337724513393803,1.9765354460944982,-0.0006398218803865468,-0.001649956867064026,0.0017760094696647997,-1.5836745065602205,0.009686748372106813,1.2569874412489432,0.10289999842643738,0.40549999475479126,1.6497999429702759,-1.5707963267948966,0.0,1.5707963267948966,-0.0006569530113042349,0.00537939138516073,2.0951014607415743
0.011269972217769939,0.6335135701835719,1.9761450043229858,-0.0006752422382762315,-0.0016062458022928704,0.0013787100286327735,-1.5838656763759884,0.009722839417973361,1.2592835628126406,0.10289999842643738,0.40549999475479126,1.6497999429702759,-1.5707963267948966,0.0,1.5707963267948966,-0.0006401234163783186,0.005331683484939095,2.0947074431876946
0.011581942554382538,0.633272781247641,1.9757910957589915,-0.0002472102159270533,-0.0016694947103733653,0.0010046733604537244,-1.584056310585658,0.009754861120971015,1.2613866790259873,0.10289999842643738,0.40549999475479126,1.6497999429702759,-1.5707963267948966,0.0,1.5707963267948966,-0.0006240918698003861,0.005288035600392673,2.0943455472663715
0.011923464047395064,0.6329992032660094,1.9754000775845155,0.00048477350891504783,-0.0017718521441593457,0.000813015057979444,-1.5842678267293817,0.009803277260852283,1.263717020621478,0.10289999842643738,0.40549999475479126,1.6497999429702759,-1.5707963267948966,0.0,1.5707963267948966,-0.000605549811525093,0.005239725337863,2.0939472273592354
0.01214075095384483,0.6328225885674487,1.97514884897726,0.000729695772019598,-0.001799305590739335,0.0008296118918667761,-1.58440258723133,0.009838505863380753,1.2652071268524256,0.10289999842643738,0.40549999475479126,1.6497999429702759,-1.5707963267948966,0.0,1.5707963267948966,-0.0005934883136966571,0.005208676186237179,2.093693721539733
0.01245410474481724,0.6325696292065147,1.9747871757009876,0.0009434506541498616,-0.0017358930884586233,0.0010509718622549276,-1.5846175701441563,0.009888432564835625,1.2673428843807784,0.10289999842643738,0.40549999475479126,1.6497999429702759,-1.5707963267948966,0.0,1.5707963267948966,-0.0005765498864037921,0.005163825672222411,2.0933306930973408
0.012806275331562091,0.632288106296212,1.9743847637806007,0.0011848500379909859,-0.001562336673728026,0.0012217631859371165,-1.584870598866214,0.009921343097036406,1.2697058933323344,0.10289999842643738,0.40549999475479126,1.6497999429702759,-1.5707963267948966,0.0,1.5707963267948966,-0.0005587347681673169,0.005113857311604206,2.092931779332444
0.013128804378640892,0.6320309152765126,1.9740122332200971,0.001423515921741002,-0.0014098688708765092,0.0007507578524603813,-1.5850904780728188,0.009919974988191527,1.2718609223022443,0.10289999842643738,0.40549999475479126,1.6497999429702759,-1.5707963267948966,0.0,1.5707963267948966,-0.0005424271536906683,0.005067683170935924,2.0925708046253786
0.013448564055647184,0.6317749382124548,1.9736329828489279,0.0009195094813217235,-0.001170214970586176,0.0008001202974391756,-1.5853155525239524,0.009901729264332193,1.2740216696414177,0.10289999842643738,0.40549999475479126,1.6497999429702759,-1.5707963267948966,0.0,1.5707963267948966,-0.0005251156392590235,0.005020901624351486,2.092214378195096
0.01377452518866957,0.6315163453145315,1.9732507114776057,0.0005899999139252496,-0.00086441893577986,0.001159202059899312,-1.5855553221465046,0.009851686715316,1.276200632943365,0.10289999842643738,0.40549999475479126,1.6497999429702759,-1.5707963267948966,0.0,1.5707963267948966,-0.0005082183175138433,0.004973969560290734,2.0918625562872935
0.014143870453590703,0.6312314664673188,1.9728239121547304,-9.396815060834175e-05,-0.0005542541246632212,0.0014316283396135815,-1.5857942154256928,0.009751208493165464,1.278599351562233,0.10289999842643738,0.40549999475479126,1.6497999429702759,-1.5707963267948966,0.0,1.5707963267948966,-0.000490991982165313,0.004921695486403078,2.0914816611368816
0.014448273207283226,0.6309996388632417,1.972473517806045,-0.00089403631155781,-0.000546088892885058,0.0008074714674236815,-1.5859753662573666,0.009648892027282585,1.2805653560077395,0.10289999842643738,0.40549999475479126,1.6497999429702759,-1.5707963267948966,0.0,1.5707963267948966,-0.0004770625675074186,0.0048785140263216545,2.0911742633453083
0.014776152898030791,0.6307402850689667,1.972085148326006,-0.0015298925739343151,-0.000672476797616378,0.0003345525753827806,-1.5861687525979762,0.009532002432390385,1.2827620012591183,0.10289999842643738,0.40549999475479126,1.6497999429702759,-1.5707963267948966,0.0,1.5707963267948966,-0.0004597433926252103,0.004830448544627444,2.090840520634789
0.015095488477615444,0.6304739234679797,1.9716976777410344,-0.0018548169457030122,-0.0008370966274197738,0.00014339053341361807,-1.5863414262381554,0.009415154855437535,1.2849680197653974,0.10289999842643738,0.40549999475479126,1.6497999429702759,-1.5707963267948966,0.0,1.5707963267948966,-0.00044090827475605466,0.004782582833090218,2.090515723008843
0.0153762976717814,0.6302300280598273,1.9713492004157667,-0.0020119769394004064,-0.0009799410999291195,3.920606640749485e-05,-1.5864824506902795,0.009321605262622157,1.286939520448811,0.10289999842643738,0.40549999475479126,1.6497999429702759,-1.5707963267948966,0.0,1.5707963267948966,-0.0004207700437984277,0.004734630537460853,2.0901961825461965
0.015714001301231913,0.6299304640067885,1.9709223141757122,-0.001686358237038458,-0.0009682675041822178,0.00025086914024736887,-1.58665101853717,0.00920287098374839,1.2893209480867749,0.10289999842643738,0.40549999475479126,1.6497999429702759,-1.5707963267948966,0.0,1.5707963267948966,-0.0003998660903914151,0.004686138322959143,2.0898789388244756
0.01605221659365574,0.6296259207762465,1.9704974912672695,-0.0016995292735136791,-0.0007582510404536753,0.0006068595358056029,-1.5868033479232335,0.009052689586892537,1.2916861348095134,0.10289999842643738,0.40549999475479126,1.6497999429702759,-1.5707963267948966,0.0,1.5707963267948966,-0.00037703398755846565,0.004632189536243662,2.0895317204170216
0.01632777766116352,0.6293761768181896,1.9701535388052636,-0.001373769498581639,-0.0006378206909234669,0.0003268396376969205,-1.586903269252589,0.008914123733011259,1.2936182107579752,0.10289999842643738,0.40549999475479126,1.6497999429702759,-1.5707963267948966,0.0,1.5707963267948966,-0.00035827112195433645,0.004587368260450334,2.0892492029555334
0.016626825833858938,0.6291026763056351,1.9697693079549097,-0.0007151081224839685,-0.0004838111933337048,0.0002514488602609302,-1.5869860573457661,0.008739349799004259,1.2957570882174,0.10289999842643738,0.40549999475479126,1.6497999429702759,-1.5707963267948966,0.0,1.5707963267948966,-0.0003363221179762904,0.004536376340782157,2.088938926025876
0.016916911882627332,0.6288340805243233,1.9693792769937302,8.960334473771165e-05,-0.0005230658420403701,-0.00029959222207044336,-1.5870246515558626,0.008546411184000569,1.2978711028781602,0.10289999842643738,0.40549999475479126,1.6497999429702759,-1.5707963267948966,0.0,1.5707963267948966,-0.0003129777363201614,0.004483781126345497,2.0886321775596914
0.017245029258942897,0.628515639656732,1.968909127315109,-0.0010413680806343995,-0.0006419050765606524,-0.0004668226570537927,-1.587023688984066,0.008346360945932219,1.3003760005570508,0.10289999842643738,0.40549999475479126,1.6497999429702759,-1.5707963267948966,0.0,1.5707963267948966,-0.00028181695993037526,0.0044192573679176185,2.088270159011598
0.017456120444671527,0.6283040560492582,1.9686017201739143,-0.0020339844207665483,-0.000712434740934386,-0.0003614419048672157,-1.5870226791481838,0.008225490761350152,1.302024156559692,0.10289999842643738,0.40549999475479126,1.6497999429702759,-1.5707963267948966,0.0,1.5707963267948966,-0.0002597797832308426,0.004376018194007567,2.0880297052908676
0.017689613652411985,0.6280631348506919,1.9682609840204002,-0.0026664624055452615,-0.0007747115906030643,-8.835428033688369e-05,-1.5870276934074359,0.008098831486879732,1.3038600654415236,0.10289999842643738,0.40549999475479126,1.6497999429702759,-1.5707963267948966,0.0,1.5707963267948966,-0.00023157349104949986,0.004321963226208073,2.087728598736338
0.01799693640221338,0.6277308784918092,1.9678139859181092,-0.002671460184624163,-0.0008342709585330041,0.00014460753515335196,-1.5870215457827057,0.007962940944337582,1.3063078132510568,0.10289999842643738,0.40549999475479126,1.6497999429702759,-1.5707963267948966,0.0,1.5707963267948966,-0.00020015260436208635,0.004262785061314064,2.0873976421323506
0.0182249381350603,0.6274767226315936,1.967481983730158,-0.0023823417766364323,-0.0008110440146870949,0.00029163494530121337,-1.587004534711875,0.007875824870016146,1.308144547689862,0.10289999842643738,0.40549999475479126,1.6497999429702759,-1.5707963267948966,0.0,1.5707963267948966,-0.00017418926942915593,0.0042143093840758695,2.0871269013782623
0.01847376705516921,0.6271931061565492,1.9671145500313434,-0.001723729281988056,-0.0010288052789274224,0.0001237267288656744,-1.5869710671930661,0.007794159744873852,1.3101778490025144,0.10289999842643738,0.40549999475479126,1.6497999429702759,-1.5707963267948966,0.0,1.5707963267948966,-0.0001449334002371583,0.004159805744199965,2.086825527558722
0.018714883844358512,0.6269060031917421,1.9667474882964586,-0.0010000525371723194,-0.0009374413164928965,0.00013598091028579358,-1.5869005437530639,0.007746777538266247,1.3122062862114507,0.10289999842643738,0.40549999475479126,1.6497999429702759,-1.5707963267948966,0.0,1.5707963267948966,-0.00011483943618290451,0.004104611496740144,2.0865236703798193
0.018951853423504063,0.6266174647615309,1.9663831114094719,-0.0014199846985039485,-0.0008033783369212037,0.00023976166421442634,-1.5868023587544582,0.0076970295557057256,1.3142344827890315,0.10289999842643738,0.40549999475479126,1.6497999429702759,-1.5707963267948966,0.0,1.5707963267948966,-8.435888382145246e-05,0.004048899717015089,2.0862196225166585
0.019212646537923157,0.6262990671516567,1.965990301329467,-0.0018373416795756682,-0.0006166468106725943,0.0006401974595506703,-1.5866924279379264,0.007616638647621077,1.3164761074327762,0.10289999842643738,0.40549999475479126,1.6497999429702759,-1.5707963267948966,0.0,1.5707963267948966,-5.10910138820173e-05,0.003987317830196614,2.085880957539351
0.019406831496568036,0.6260664076589936,1.9657048603263523,-0.001502809071759947,-0.000488909107044651,0.0010077373030556798,-1.5866045953880674,0.007549055138297067,1.3181057579599469,0.10289999842643738,0.40549999475479126,1.6497999429702759,-1.5707963267948966,0.0,1.5707963267948966,-2.4999061581915703e-05,0.0039364404455067125,2.085603680613175
0.01970957518958536,0.6257229749220455,1.9652709092573502,-0.001823763959479837,-0.00034189788619656423,0.0013026146295356377,-1.586450152342348,0.007430619901051649,1.3205328015286848,0.10289999842643738,0.40549999475479126,1.6497999429702759,-1.5707963267948966,0.0,1.5707963267948966,7.575554765859173e-06,0.0038673201407250063,2.0852374054730727
0.019946051595023582,0.6254687864276449,1.9649491685957243,-0.002827246699896488,-0.00024971465515686057,0.001566010545692255,-1.586333656108506,0.007326941717929802,1.3223461260020137,0.10289999842643738,0.40549999475479126,1.6497999429702759,-1.5707963267948966,0.0,1.5707963267948966,2.7825586799143563e-05,0.0038208600211147204,2.084993703791167
0.020217677168925856,0.6251836888154214,1.9645993423996042,-0.003185301544064392,-0.00027591832145644447,0.0012399227174893757,-1.586215002541739,0.007209184786531875,1.3243608472713118,0.10289999842643738,0.40549999475479126,1.6497999429702759,-1.5707963267948966,0.0,1.5707963267948966,5.184057648063885e-05,0.003762792163950887,2.0846891358524564
0.020539911475433055,0.6248361408570791,1.9641870012864215,-0.0033511244234189453,-0.00035792322455772296,0.0004037422967995147,-1.586054612153219,0.00707548212784781,1.3268057495125845,0.10289999842643738,0.40549999475479126,1.6497999429702759,-1.5707963267948966,0.0,1.5707963267948966,8.14738126563386e-05,0.0036931127514442164,2.0843267133312198
0.020775036720352132,0.6245738437979484,1.963883073876624,-0.002742507047991885,-0.00035502338991924077,0.0002527216826740983,-1.5859255663371017,0.006968313688090255,1.3286555857824922,0.10289999842643738,0.40549999475479126,1.6497999429702759,-1.5707963267948966,0.0,1.5707963267948966,0.00010488387711755992,0.003640740692162805,2.084059437256201
0.021010400495974614,0.6243089785593251,1.963581124131899,-0.0022897976085858905,-0.00027403173061517464,0.0003958002575960954,-1.5858014103965226,0.006865047594076579,1.3304953505127763,0.10289999842643738,0.40549999475479126,1.6497999429702759,-1.5707963267948966,0.0,1.5707963267948966,0.00012828033625477688,0.0035880433966599267,2.083794853563016
0.02130153458218589,0.6239775689071038,1.963220418763782,-0.0017851694561208042,-0.00013767075212232476,0.00048755423756835866,-1.585647952053579,0.0067410308495743365,1.3327398187760524,0.10289999842643738,0.40549999475479126,1.6497999429702759,-1.5707963267948966,0.0,1.5707963267948966,0.0001590876659031401,0.003517773790470595,2.0834409337263375
0.02157156999657001,0.6236717285632531,1.9628965731895747,-0.0010351652669858722,7.220676757940976e-05,0.0007604466918237594,-1.5855384482388915,0.006607847053162974,1.3347713250392481,0.10289999842643738,0.40549999475479126,1.6497999429702759,-1.5707963267948966,0.0,1.5707963267948966,0.0001816810758356495,0.0034649843112515223,2.0831727609507076
0.02181892046343222,0.6233943873961594,1.9626043905617476,-0.00025670710993136843,0.0001678056622640969,0.0004972958649768235,-1.58548749241239,0.0064964367709405835,1.3365885839102791,0.10289999842643738,0.40549999475479126,1.6497999429702759,-1.5707963267948966,0.0,1.5707963267948966,0.00020376924087757287,0.003411830168346957,2.0829031940957377
0.022120037111290097,0.6230513529711078,1.9622529629354457,-0.0007457507039615011,0.0002613242769826183,0.0003260623619622224,-1.5854367241429148,0.006372012912880809,1.3388158410996793,0.10289999842643738,0.40549999475479126,1.6497999429702759,-1.5707963267948966,0.0,1.5707963267948966,0.0002313476098675049,0.0033466120002751316,2.0825720166515227
0.022393822529497287,0.6227359575566771,1.9619458381273653,-0.0010928844195831713,0.00027724134696906905,0.00013433480139639627,-1.585386811352601,0.006243733232409898,1.3408553315792553,0.10289999842643738,0.40549999475479126,1.6497999429702759,-1.5707963267948966,0.0,1.5707963267948966,0.0002568161558464296,0.0032874649621631043,2.0822662267915253
0.022637098095875344,0.622449972907461,1.9616755510209596,-0.0010752243030318148,0.0002785301089475688,-4.526253837546422e-06,-1.5853465255636368,0.006138360424821521,1.3426895950670428,0.10289999842643738,0.40549999475479126,1.6497999429702759,-1.5707963267948966,0.0,1.5707963267948966,0.0002829059723302525,0.003228222911604877,2.0819556547314266
0.022963520889181892,0.6220624927626348,1.9613220447940423,-0.0004971616739884815,0.0004130793791966355,0.0005606531137332658,-1.5852647363067065,0.005971859586813455,1.345137568510113,0.10289999842643738,0.40549999475479126,1.6497999429702759,-1.5707963267948966,0.0,1.5707963267948966,0.0003110160354514116,0.003162925165129784,2.0816089979536416
0.023187043359369185,0.6218012704839788,1.9610888961955768,0.00011089227890502876,0.00038207682880721775,0.00034699454080603336,-1.5851927648584778,0.005838741965503491,1.3467835928666796,0.10289999842643738,0.40549999475479126,1.6497999429702759,-1.5707963267948966,0.0,1.5707963267948966,0.00033289418943966076,0.003109355643473965,2.081325331068289
0.023461684546835775,0.6214743496114006,1.960799110904816,0.0006707923906952254,0.00027946257791535973,-9.960951520081673e-05,-1.5851083440587908,0.0056938719220402945,1.3488489101238446,0.10289999842643738,0.40549999475479126,1.6497999429702759,-1.5707963267948966,0.0,1.5707963267948966,0.00035798035976939536,0.0030494730672439665,2.0810121071689953
0.023758746887384146,0.621111107553646,1.9604860385464058,0.0007969192127842273,0.00023197000722781575,-0.0002306950043582722,-1.585014221060923,0.0055312521725561226,1.3511363869607926,0.10289999842643738,0.40549999475479126,1.6497999429702759,-1.5707963267948966,0.0,1.5707963267948966,0.00038392060399177884,0.0029894173072703345,2.080700159112363
0.02397374528166076,0.6208464958528871,1.9602623136554478,0.0009555771831722318,0.00022864423321563066,-0.00028749717212223124,-1.5849321091911037,0.005422345561172381,1.3528116221014377,0.10289999842643738,0.40549999475479126,1.6497999429702759,-1.5707963267948966,0.0,1.5707963267948966,0.0004076166802920963,0.002934991090368411,2.080418059059509
0.02426646461918422,0.6204867284655882,1.9599553169947492,0.001299906835251572,0.00021258617311637214,-0.00031526113206731867,-1.584816479115559,0.005303872774337748,1.355106522016931,0.10289999842643738,0.40549999475479126,1.6497999429702759,-1.5707963267948966,0.0,1.5707963267948966,0.0004343081599963237,0.0028736953199796672,2.080100837773566
0.02453526959616223,0.6201573684525147,1.959677648104888,0.0013475471313269614,0.0003201323591094989,0.00016849228433926894,-1.584708993109613,0.005183167036366676,1.357190248042224,0.10289999842643738,0.40549999475479126,1.6497999429702759,-1.5707963267948966,0.0,1.5707963267948966,0.00046053073578070986,0.002812097442960841,2.0797784059409308
0.024865982290677775,0.6197569452892374,1.9593453404623757,0.001594082085615231,0.00027456922186171363,9.708349777534066e-05,-1.5845380579325534,0.005037894816827926,1.3597216159029426,0.10289999842643738,0.40549999475479126,1.6497999429702759,-1.5707963267948966,0.0,1.5707963267948966,0.000490545068092936,0.0027382831323926214,2.0793894046923946
0.025088580627007057,0.619489707480591,1.9591208331549017,0.0017219315819947392,0.00029350762222594745,0.0002997263918964756,-1.5844263949775566,0.004945718262965748,1.3614236224708178,0.10289999842643738,0.40549999475479126,1.6497999429702759,-1.5707963267948966,0.0,1.5707963267948966,0.0005101489907826784,0.0026889208703293147,2.079129466172866
0.02537808186530369,0.619155531021565,1.9588352944766962,0.0019310935610472148,0.0004542282204692158,0.000661225136968656,-1.5843213725137717,0.0047861262853921005,1.3635508529358438,0.10289999842643738,0.40549999475479126,1.6497999429702759,-1.5707963267948966,0.0,1.5707963267948966,0.0005328233082399418,0.0026269023066865004,2.078804461291946
0.02568085137970055,0.6188214513985547,1.9585476039840988,0.0011893079810805754,0.0007075371539677568,0.0008347982311239647,-1.5842266130731608,0.004616762866278101,1.3656835543260077,0.10289999842643738,0.40549999475479126,1.6497999429702759,-1.5707963267948966,0.0,1.5707963267948966,0.0005533845922377556,0.002564581481124689,2.078479826527853
0.02599505472792045,0.6184901858778189,1.958257735856381,0.0014826949257194827,0.000861742250245459,0.0006970363505466539,-1.5841525111361587,0.00446464726451179,1.3678061852815526,0.10289999842643738,0.40549999475479126,1.6497999429702759,-1.5707963267948966,0.0,1.5707963267948966,0.0005723294322890311,0.002501795223090975,2.078154029188011
0.026315377368034788,0.6181627518085624,1.957956983637767,0.001501277224841673,0.0008859417883614543,0.00022169082499832958,-1.5841236347666536,0.004291737636606285,1.3698900375642518,0.10289999842643738,0.40549999475479126,1.6497999429702759,-1.5707963267948966,0.0,1.5707963267948966,0.0005907799588821882,0.0024381066102674596,2.077827400832826
0.026635513272395505,0.6178379674155178,1.9576500543673918,0.0012036468110371758,0.0008883118935136595,-0.00011700578411070498,-1.5840965000125626,0.004131180987574368,1.3719482427413283,0.10289999842643738,0.40549999475479126,1.6497999429702759,-1.5707963267948966,0.0,1.5707963267948966,0.0006096387905695575,0.0023737262087765265,2.0775011215317347
0.026957357151987674,0.6175170574509043,1.9573368621476295,0.000929172583796779,0.0009711882902067189,4.4374616827872375e-05,-1.58405437735149,0.003998542316569154,1.3739945857281883,0.10289999842643738,0.40549999475479126,1.6497999429702759,-1.5707963267948966,0.0,1.5707963267948966,0.0006282922690216844,0.002308752814042903,2.077175906106348
0.027286337106206295,0.6171967267347404,1.9570174889000385,0.0005796100629895371,0.0010427554972740891,0.00013923150403933552,-1.5840372548313622,0.00384281089254479,1.3760243639354035,0.10289999842643738,0.40549999475479126,1.6497999429702759,-1.5707963267948966,0.0,1.5707963267948966,0.0006458724031445916,0.0022435231129147143,2.07685097137815
0.027655786079210452,0.6168414301457015,1.95665924325781,0.0007115049003634618,0.0011068720527486252,0.0002618398141189935,-1.5840077997456832,0.0036578241447298154,1.3782562328373238,0.10289999842643738,0.40549999475479126,1.6497999429702759,-1.5707963267948966,0.0,1.5707963267948966,0.0006640784437068207,0.002171685090192539,2.0764918557945182
0.027997661994953987,0.616518242853054,1.9563235804660353,0.0009172502565788518,0.0011666371551151194,0.00019489418409249305,-1.5839418263561704,0.003504340843369036,1.3802824268751963,0.10289999842643738,0.40549999475479126,1.6497999429702759,-1.5707963267948966,0.0,1.5707963267948966,0.0006796182513737217,0.002105992231654976,2.0761629704510396
0.028344064082639838,0.6161990650957315,1.955975502844763,0.0014167125209378897,0.0011971242718893148,0.00017742773273110053,-1.583867394354432,0.003311337504667833,1.3822706970913683,0.10289999842643738,0.40549999475479126,1.6497999429702759,-1.5707963267948966,0.0,1.5707963267948966,0.0006944598314928724,0.002039365280166943,2.0758310088210923
0.02866171299543388,0.615917202859293,1.9556480450278355,0.0020779675411756716,0.0012087426641479147,0.00021807975445874435,-1.5837897294777894,0.003102248679835995,1.3840198575411977,0.10289999842643738,0.40549999475479126,1.6497999429702759,-1.5707963267948966,0.0,1.5707963267948966,0.0007070612584007546,0.0019781843870110565,2.075529419788879
0.029016887665276676,0.6156088289553353,1.9552720675774486,0.0015941045399287584,0.0011199520806703894,-0.00023501592983732908,-1.5836747576049948,0.002896388653055304,1.3859441404651207,0.10289999842643738,0.40549999475479126,1.6497999429702759,-1.5707963267948966,0.0,1.5707963267948966,0.0007208770725705934,0.0019091798987084815,2.0751905677085785
0.029368526074369072,0.6153019157838282,1.9548917623580961,0.0005971907292277217,0.0010864503124374592,-0.00047693050425905446,-1.583575645873894,0.002691259334421936,1.3878670569603615,0.10289999842643738,0.40549999475479126,1.6497999429702759,-1.5707963267948966,0.0,1.5707963267948966,0.0007356284796263154,0.0018399653325191416,2.0748496957880063
0.02971654904731557,0.614992119573398,1.9545088025479451,-0.0002470530142535261,0.001053166157391535,-0.0007858871172509797,-1.5834972844215902,0.00246375245971997,1.3897847244191113,0.10289999842643738,0.40549999475479126,1.6497999429702759,-1.5707963267948966,0.0,1.5707963267948966,0.0007512629251858814,0.0017709814126447758,2.0745080380105114
0.030059809287424022,0.6146762562457555,1.9541236786545748,-0.0005796268247119087,0.0010916063419758395,-0.00060154222214167,-1.5834047892468843,0.002282010611602825,1.391708570725077,0.10289999842643738,0.40549999475479126,1.6497999429702759,-1.5707963267948966,0.0,1.5707963267948966,0.0007676958648916289,0.0017024179289444384,2.074166196107446
0.030402258850443,0.6143546402927403,1.9537367950802604,-0.0007164518480535792,0.0010554309296753755,-0.0006679455627107806,-1.583312697310857,0.002100240425505717,1.3936421568266772,0.10289999842643738,0.40549999475479126,1.6497999429702759,-1.5707963267948966,0.0,1.5707963267948966,0.0007842815732091483,0.0016342205079857368,2.0738245522543015
0.03073867636022584,0.6140280451112712,1.9533505354590859,-0.000640967999058893,0.0009211218720055831,-0.0008895464210406322,-1.5832385918968734,0.0018990738718684952,1.3955886775038797,0.10289999842643738,0.40549999475479126,1.6497999429702759,-1.5707963267948966,0.0,1.5707963267948966,0.0008018880321973539,0.001566111868450195,2.07348189259289
0.031068184997167972,0.6136985052969023,1.9529655117903866,-0.0004045242104018968,0.0008052280503358844,-0.0007974279089588862,-1.5831535245308217,0.0017286858933420746,1.397556173176169,0.10289999842643738,0.40549999475479126,1.6497999429702759,-1.5707963267948966,0.0,1.5707963267948966,0.0008205837643700391,0.00149768139366555,2.073138065390399
0.03139485473592355,0.6133667642809304,1.9525814501689276,-0.00024501176170677936,0.0006610124801569475,-0.0008040997792566843,-1.5830714327876834,0.0015765092305519701,1.399526403638394,0.10289999842643738,0.40549999475479126,1.6497999429702759,-1.5707963267948966,0.0,1.5707963267948966,0.0008399234115738337,0.0014288910414336604,2.0727925727704224
0.03175062589336508,0.6130011657919151,1.9521581051013501,-4.762487780943047e-05,0.0004579928861957022,-0.0007709187197357247,-1.5830340348529133,0.001393493936932444,1.4016715966305264,0.10289999842643738,0.40549999475479126,1.6497999429702759,-1.5707963267948966,0.0,1.5707963267948966,0.0008623495771352218,0.001352561476803037,2.072409163407695
0.03204087091068352,0.6127038699806041,1.9518098438072333,-1.9109797377067114e-05,0.0003388183346368693,-0.000528416631691234,-1.5830076919038685,0.0012468879689113699,1.40341856824799,0.10289999842643738,0.40549999475479126,1.6497999429702759,-1.5707963267948966,0.0,1.5707963267948966,0.0008811659324907918,0.0012892823256433934,2.072092139034823
0.03239707886222291,0.6123439329757924,1.9513802511102227,0.00012411660521534015,0.00020209272529890233,-0.000367519766161858,-1.5829671124077853,0.0010688520001709279,1.4055461947583998,0.10289999842643738,0.40549999475479126,1.6497999429702759,-1.5707963267948966,0.0,1.5707963267948966,0.0009040376267276312,0.0012109568834069667,2.0717023699810455
0.03268589261176197,0.6120516780866251,1.951023474339757,-3.51866742801687e-05,3.88493962649109e-05,-0.0006939688394027541,-1.5829499044336033,0.0008931839660730745,1.4072650027155515,0.10289999842643738,0.40549999475479126,1.6497999429702759,-1.5707963267948966,0.0,1.5707963267948966,0.0009233074107914534,0.0011462328456234541,2.071382327098394
0.032996559044253,0.6117268444952266,1.950620689089248,5.372578694468968e-05,-0.0001472009768219775,-0.0009926620504388526,-1.582914932042537,0.0007006854581681488,1.4091601369997393,0.10289999842643738,0.40549999475479126,1.6497999429702759,-1.5707963267948966,0.0,1.5707963267948966,0.000946581683933371,0.0010739823300665026,2.071028174593436
0.03332972453730038,0.6113682874710105,1.9501647159656061,2.0996282515886177e-05,-0.00023303386232390803,-0.0007816716175729709,-1.5828460949236078,0.0005147476007292262,1.4112289189489229,0.10289999842643738,0.40549999475479126,1.6497999429702759,-1.5707963267948966,0.0,1.5707963267948966,0.000973890648521415,0.000994247261334133,2.070642941759791
0.033631627625375346,0.6110410823770099,1.9497408502592595,-0.0005233381304216989,1.9465011968441596e-05,-0.0005145872328688911,-1.5827928344490567,0.000317458153750394,1.4130869892423112,0.10289999842643738,0.40549999475479126,1.6497999429702759,-1.5707963267948966,0.0,1.5707963267948966,0.001001869701680027,0.0009145069795465975,2.0702610517413422
0.033873478344283815,0.6107780811744808,1.9493994031050135,-0.0011834798496478847,1.1326838992718503e-05,-0.0004009690813374451,-1.5827459381700706,0.00013855306559218405,1.4145665850328941,0.10289999842643738,0.40549999475479126,1.6497999429702759,-1.5707963267948966,0.0,1.5707963267948966,0.00101986363568,0.000863824496124995,2.07001894113351
0.034204904685769665,0.6104151478793404,1.9489293152734353,-0.0018296674995659456,-2.0692977718562898e-05,-0.00028380475778300445,-1.5826327103849147,-8.952117849503338e-05,1.4165928116433903,0.10289999842643738,0.40549999475479126,1.6497999429702759,-1.5707963267948966,0.0,1.5707963267948966,0.0010485648225492794,0.0007840750289458104,2.0696380591169765
0.03447617543912662,0.610118451703702,1.9485405005463188,-0.0015654168522415478,-6.362334299399719e-05,-0.0001654078873596089,-1.5825252126289038,-0.0002795004633719955,1.4182204633716498,0.10289999842643738,0.40549999475479126,1.6497999429702759,-1.5707963267948966,0.0,1.5707963267948966,0.0010722096140644152,0.000718453244279933,2.069325412841734
0.034777188751271865,0.6097903256355142,1.9480970353361473,-0.000610003693582351,-0.00019007629328456687,-0.00023511890676056053,-1.582411379616548,-0.0004990549503607333,1.419975376834915,0.10289999842643738,0.40549999475479126,1.6497999429702759,-1.5707963267948966,0.0,1.5707963267948966,0.001098710423595208,0.0006447779380263278,2.0689776353945106
0.03507350813982997,0.6094614492602987,1.947641422729799,-0.00014820251204395436,-0.00032418098209258323,-0.0004275751203513723,-1.582267453586898,-0.0006848894312065923,1.4216935582661467,0.10289999842643738,0.40549999475479126,1.6497999429702759,-1.5707963267948966,0.0,1.5707963267948966,0.0011288786673761344,0.000563019063508894,2.068594676033981
0.03538574311822928,0.6090989083365548,1.9471332226748994,-0.0003906255016576027,-0.0005666198763006397,-0.0011748953802701318,-1.5821024508724024,-0.0008610750869531003,1.4235627409738487,0.10289999842643738,0.40549999475479126,1.6497999429702759,-1.5707963267948966,0.0,1.5707963267948966,0.0011585522979850422,0.0004883646756197007,2.068246268397929
0.03565145703785549,0.6087678057004553,1.9466709556906756,-0.001417161628226202,-0.0006606341802700992,-0.0010925627600548574,-1.5819758334709924,-0.0010098050607085796,1.4252585537105575,0.10289999842643738,0.40549999475479126,1.6497999429702759,-1.5707963267948966,0.0,1.5707963267948966,0.0011911195317445623,0.0004138579806961565,2.067902203210876
0.035941229941232875,0.6083999463482306,1.9461654862926197,-0.0016554818273938044,-0.0006306411301556233,-0.0002317339737339305,-1.5818400302391635,-0.0011453547189739233,1.4271266059355223,0.10289999842643738,0.40549999475479126,1.6497999429702759,-1.5707963267948966,0.0,1.5707963267948966,0.0012274503620849251,0.00033220869661806663,2.067529374297316
0.03621443134401991,0.608064031346281,1.9457043523400188,-0.0018030405857567423,-0.0006057362887373842,0.00045730377608668965,-1.581735890961112,-0.0012664147647409862,1.4288105943475091,0.10289999842643738,0.40549999475479126,1.6497999429702759,-1.5707963267948966,0.0,1.5707963267948966,0.0012591800925408473,0.0002579169744424829,2.0671988356827735
0.03647006876410517,0.6077596671649855,1.945294164515553,-0.0026195006379212595,-0.0005662815729616547,0.0007262418776892063,-1.581684542236406,-0.0014092103345442197,1.4303116763761718,0.10289999842643738,0.40549999475479126,1.6497999429702759,-1.5707963267948966,0.0,1.5707963267948966,0.001286519695957667,0.00019123533794803319,2.0669085667250062
0.03679200461877928,0.6073817716771277,1.9448026901346778,-0.002466210001536789,-0.00043613856730048776,0.0009972543425334993,-1.581629065482735,-0.001594739869944739,1.4321295884852165,0.10289999842643738,0.40549999475479126,1.6497999429702759,-1.5707963267948966,0.0,1.5707963267948966,0.0013185501372236605,0.00011013285362410754,2.06655914946867
0.03706289619169637,0.6070705276451074,1.9444009949925745,-0.0017890445175968595,-0.00033244205396958847,0.0010092619308760067,-1.5815820535381098,-0.0017433424316495305,1.4335931708378056,0.10289999842643738,0.40549999475479126,1.6497999429702759,-1.5707963267948966,0.0,1.5707963267948966,0.001343504442233123,4.3476650200638815e-05,2.0662761776470715
0.03736767940737614,0.6067259163578085,1.9439553785290036,-0.0014495417650326702,-0.00025945905928285784,0.0007307104830086966,-1.5815547672743988,-0.0019354655368908347,1.4351964042461687,0.10289999842643738,0.40549999475479126,1.6497999429702759,-1.5707963267948966,0.0,1.5707963267948966,0.001370636425935395,-3.1266626501390475e-05,2.065961806127637
0.03766936629248522,0.6063797646700835,1.943515401928006,-0.0010973408700790995,-0.0003045212082410642,0.00020088829012368756,-1.5815410389997167,-0.0021190521093203962,1.436792239940332,0.10289999842643738,0.40549999475479126,1.6497999429702759,-1.5707963267948966,0.0,1.5707963267948966,0.001398296944866135,-0.00010639738615072051,2.0656462115842813
0.037960766064639065,0.6060334935435513,1.943076127995652,0.00011881734295917702,-0.0004912043173183863,-0.00039039778225988,-1.5815119814659824,-0.0022563631927638994,1.4383745047387555,0.10289999842643738,0.40549999475479126,1.6497999429702759,-1.5707963267948966,0.0,1.5707963267948966,0.0014276241159062197,-0.00018218684694804564,2.0653324583085246
0.038271445194005216,0.6056590497366279,1.9425805722088934,0.0015189357814776078,-0.0005510830828160497,-0.00024209755023862561,-1.5814796933334299,-0.002409416780188245,1.44007803977719,0.10289999842643738,0.40549999475479126,1.6497999429702759,-1.5707963267948966,0.0,1.5707963267948966,0.0014615301856963285,-0.0002670278143837713,2.0649937802584817
0.03852690638003182,0.6053574110892653,1.9421665173938987,0.0017629225441629821,-0.00048121322563892847,8.549824360955412e-05,-1.5814532387453921,-0.0025440550680038143,1.441450085637926,0.10289999842643738,0.40549999475479126,1.6497999429702759,-1.5707963267948966,0.0,1.5707963267948966,0.00148914542353402,-0.0003373337286336657,2.064720388747174
0.03878485175575732,0.6050561447785467,1.9417508031348802,0.0009787171101428367,-0.0004210742641422053,0.0001897708757657445,-1.5814077871285837,-0.0026597801102044016,1.4428268453436506,0.10289999842643738,0.40549999475479126,1.6497999429702759,-1.5707963267948966,0.0,1.5707963267948966,0.001519478881472458,-0.0004155995357557868,2.064417963351244
0.03909712041405246,0.604686534025857,1.941247050495229,-0.00023918454140646134,-0.0004650130755371742,-0.00021718031655065684,-1.581360481395064,-0.0028017291404971445,1.4445202498476404,0.10289999842643738,0.40549999475479126,1.6497999429702759,-1.5707963267948966,0.0,1.5707963267948966,0.0015506613758256387,-0.0004936077538990546,2.0641139642897324
0.0393719891557505,0.6043454312324371,1.9407914805310909,-0.0007188805408412474,-0.00048498701799512745,-0.000407715412984563,-1.5813445748303645,-0.002927745294191375,1.4460753017704493,0.10289999842643738,0.40549999475479126,1.6497999429702759,-1.5707963267948966,0.0,1.5707963267948966,0.001583695933463711,-0.0005710151367624854,2.0638093617848474
0.03964154936675402,0.6039954979325564,1.94033709146834,-0.0009097687955731432,-0.0003766760454657035,-0.00024819084358361965,-1.5813179947477332,-0.0030270634210651792,1.4476486069617065,0.10289999842643738,0.40549999475479126,1.6497999429702759,-1.5707963267948966,0.0,1.5707963267948966,0.0016179243077426974,-0.0006476390309880756,2.0635033475980418
0.039955149780105566,0.6035651107164818,1.9397884553909894,-8.577985308154576e-05,-0.00039256684665087106,-0.00079740454763405,-1.5812840524191214,-0.003142797346481263,1.449539409416489,0.10289999842643738,0.40549999475479126,1.6497999429702759,-1.5707963267948966,0.0,1.5707963267948966,0.0016648838984156353,-0.0007465389364418933,2.063102940947546
0.04020093684933392,0.6032052610313183,1.9393221847750302,0.00042274566481264664,-0.00042043109791944406,-0.0009203421211542372,-1.5812662843122383,-0.00324570723980111,1.4510939396635059,0.10289999842643738,0.40549999475479126,1.6497999429702759,-1.5707963267948966,0.0,1.5707963267948966,0.001700027335190796,-0.0008153503466503953,2.0628269159052466
0.040390140657808535,0.602919653636969,1.9389464048342857,0.0002881354276096708,-0.0004503589626953621,-0.0009428696322358405,-1.5812367348361411,-0.003307666895143946,1.452326800104778,0.10289999842643738,0.40549999475479126,1.6497999429702759,-1.5707963267948966,0.0,1.5707963267948966,0.0017325786885225194,-0.0008770675003501178,2.062580980400072
0.04061546401003462,0.6025647896532359,1.9384777492849703,-0.00023400093543504645,-0.0005488935909331789,-0.0010813514791630017,-1.5811869239799663,-0.0033519553911554034,1.4538526013754993,0.10289999842643738,0.40549999475479126,1.6497999429702759,-1.5707963267948966,0.0,1.5707963267948966,0.001775221475357268,-0.0009547790389335055,2.0622696280723085
0.040804826270906085,0.6022470059496835,1.9380533694703912,-8.090765281713127e-05,-0.0007473077155486809,-0.0013770915088879465,-1.5811468900486123,-0.003389467941123936,1.4552026082895377,0.10289999842643738,0.40549999475479126,1.6497999429702759,-1.5707963267948966,0.0,1.5707963267948966,0.0018159481123199697,-0.0010251349123531492,2.0619856846477465
0.04099991610442128,0.6018946359734787,1.9375741694514548,5.2932720441987915e-05,-0.0009125032874176765,-0.0011535527208951712,-1.5810817604166016,-0.003407312338791435,1.4566970599084479,0.10289999842643738,0.40549999475479126,1.6497999429702759,-1.5707963267948966,0.0,1.5707963267948966,0.0018637052423655994,-0.0011036906031167044,2.0616687447276743
0.04122473000918004,0.6014720380836227,1.9369925159205559,-0.00019589081467722552,-0.0010818121265118565,-0.0006670038682319027,-1.5809510663820883,-0.0034044830002710746,1.4585097939830451,0.10289999842643738,0.40549999475479126,1.6497999429702759,-1.5707963267948966,0.0,1.5707963267948966,0.0019224785316088885,-0.0011982626977955304,2.061287446418979
0.04139251948617571,0.6011575714890436,1.9365539788642407,-0.0009721458118490924,-0.0011074031397376124,-0.00015442822318073138,-1.5808466674039343,-0.003429964715381484,1.4598783760788627,0.10289999842643738,0.40549999475479126,1.6497999429702759,-1.5707963267948966,0.0,1.5707963267948966,0.001966839411271988,-0.0012694812654139435,2.061001143681806
0.041599973754524504,0.6007727786027629,1.9360242965064962,-0.002129887023576316,-0.001086811150109814,7.8993882216007e-06,-1.5807064206392392,-0.0034650413267591773,1.4615530973523427,0.10289999842643738,0.40549999475479126,1.6497999429702759,-1.5707963267948966,0.0,1.5707963267948966,0.0020206834560264134,-0.0013563747069119888,2.0606511021625877
0.041769235564869986,0.600455075409549,1.9355949608534002,-0.002157921498134748,-0.0009844654394991395,0.0003262157800472987,-1.5805557637164247,-0.0034771032459830487,1.4629230259749686,0.10289999842643738,0.40549999475479126,1.6497999429702759,-1.5707963267948966,0.0,1.5707963267948966,0.0020646777129869997,-0.0014272935127219181,2.0603633584090293
0.041960815389113684,0.6000982282216651,1.9351150828494001,-0.0015297601378847683,-0.0008436655955734995,0.00034156958002585326,-1.5803800122834242,-0.0035268560799623927,1.4644343913786015,0.10289999842643738,0.40549999475479126,1.6497999429702759,-1.5707963267948966,0.0,1.5707963267948966,0.0021131323152636227,-0.001506007631907789,2.0600427737618183
0.042151589401224765,0.5997371621483645,1.9346287436365632,-0.00032362315959191904,-0.000667202874121845,0.00021761589609826013,-1.580199941437526,-0.003593442659905577,1.4659220142550662,0.10289999842643738,0.40549999475479126,1.6497999429702759,-1.5707963267948966,0.0,1.5707963267948966,0.0021619361609473277,-0.0015847711458411183,2.0597205102139235
0.04236190442099259,0.5993376556685838,1.9340825084487137,0.0008739141505310576,-0.00039041959526833915,0.00041383422847628154,-1.5799673371455842,-0.003660061527289926,1.4675343232788634,0.10289999842643738,0.40549999475479126,1.6497999429702759,-1.5707963267948966,0.0,1.5707963267948966,0.0022156619655703353,-0.0016719470052285925,2.0593627053737236
0.042519253484237386,0.5990473362676018,1.9336786052989963,0.0013159832394398323,-0.00023135212722925503,0.0005489503980716265,-1.5797877017654829,-0.0037313229872113496,1.4686949802672342,0.10289999842643738,0.40549999475479126,1.6497999429702759,-1.5707963267948966,0.0,1.5707963267948966,0.0022589776165087686,-0.001743762439441053,2.059067218143459
0.042758383232764915,0.598612287850899,1.9330688920288195,0.0008179303971029786,-0.00020504798854354995,0.0002679611571787667,-1.579514813090399,-0.0038638418369556504,1.4704352374595733,0.10289999842643738,0.40549999475479126,1.6497999429702759,-1.5707963267948966,0.0,1.5707963267948966,0.002311741726420518,-0.001831781447077852,2.058701704969903
0.04299664629180976,0.5981728434952084,1.9324602767471297,0.0005563099108231493,-0.00018069145767548678,0.0005224349966442982,-1.579217958608549,-0.003981089414602401,1.4721901686915368,0.10289999842643738,0.40549999475479126,1.6497999429702759,-1.5707963267948966,0.0,1.5707963267948966,0.0023693976198227757,-0.0019274772322749535,2.0582982432698795
0.04314001488696517,0.5979133118192335,1.9321030144864264,0.000469873930200912,-0.00018365889460092593,0.0006401120526738248,-1.5790509732417892,-0.004062539694827727,1.4732145804306924,0.10289999842643738,0.40549999475479126,1.6497999429702759,-1.5707963267948966,0.0,1.5707963267948966,0.002402260757599228,-0.0019830373274092646,2.0580619801801285
0.04334706625076154,0.5975393068567261,1.9315929622717622,-0.00021762994863427272,-0.0002217758428848496,0.0004094087960427088,-1.5788336372224812,-0.004187822949660802,1.474674909633952,0.10289999842643738,0.40549999475479126,1.6497999429702759,-1.5707963267948966,0.0,1.5707963267948966,0.002448920406910742,-0.0020620917907615416,2.0577223930508315
0.043555552930080475,0.5971590960018497,1.9310892494337717,-0.0009802739620913001,-0.00014493349694536624,0.0006724972894778644,-1.5786142144678974,-0.004305456134762409,1.476148714138326,0.10289999842643738,0.40549999475479126,1.6497999429702759,-1.5707963267948966,0.0,1.5707963267948966,0.002495283496646681,-0.0021405053514980173,2.057379259419417
0.043768178001049776,0.5967743959085136,1.930589093427826,-0.0007120736463064624,-0.00012060556973565346,0.00036405887141102337,-1.5783857152597822,-0.004442219162082317,1.4776255766005042,0.10289999842643738,0.40549999475479126,1.6497999429702759,-1.5707963267948966,0.0,1.5707963267948966,0.002540922137266174,-0.0022186671149882937,2.0570341441768996
0.04397553896774177,0.5963890654129514,1.9300856722681925,0.0002493979317824452,-0.0001252622213305527,2.9870111889344386e-06,-1.578153759067452,-0.004583569041439972,1.4790992220267676,0.10289999842643738,0.40549999475479126,1.6497999429702759,-1.5707963267948966,0.0,1.5707963267948966,0.002587306481459029,-0.0022972038982574483,2.0566896186299
0.04415958887910898,0.5960416354338229,1.9296310187165442,0.000790078727202054,-8.350762265399409e-05,0.00014254021424821926,-1.5779461520209592,-0.0047056872969371,1.4804273994657724,0.10289999842643738,0.40549999475479126,1.6497999429702759,-1.5707963267948966,0.0,1.5707963267948966,0.002634008104986172,-0.0023761949594093435,2.056345574866013
0.04439051565294071,0.5956165677966516,1.9290770473447927,0.001362826298196897,-2.565242108892503e-05,0.00047345802159591636,-1.5776860899015706,-0.004877465044184959,1.4820530593929417,0.10289999842643738,0.40549999475479126,1.6497999429702759,-1.5707963267948966,0.0,1.5707963267948966,0.0026797353726552863,-0.002455685032085429,2.0560007489261096
0.04462752927491629,0.5951931786779268,1.928521333981507,0.0018188798597428262,-8.247715782197229e-05,0.0002566627296787229,-1.577423546908097,-0.005079102641839306,1.4836760791771686,0.10289999842643738,0.40549999475479126,1.6497999429702759,-1.5707963267948966,0.0,1.5707963267948966,0.002729290572232775,-0.0025438325194233934,2.055620989298452
0.04482086966170711,0.5948494518601646,1.9280624466456673,0.0022810177698070586,-0.0001366527179743164,9.985034143357629e-05,-1.5772135896133728,-0.005249984112898787,1.484990907077337,0.10289999842643738,0.40549999475479126,1.6497999429702759,-1.5707963267948966,0.0,1.5707963267948966,0.0027747449526037723,-0.002624758637721985,2.055275298258399
0.04510121139336173,0.5943594540282325,1.9273868592419119,0.0022637181055751836,-0.00012693043908200755,0.00019469985605031503,-1.576892699628001,-0.005523166430957183,1.4868473889399116,0.10289999842643738,0.40549999475479126,1.6497999429702759,-1.5707963267948966,0.0,1.5707963267948966,0.002829192828674912,-0.0027230911015187096,2.0548584124869334
0.04525553534230402,0.5940963195088554,1.9270198513632009,0.00192182964804599,-4.5480221321481824e-05,0.0004660384819852938,-1.576721651020037,-0.005679415191814918,1.4878304488253329,0.10289999842643738,0.40549999475479126,1.6497999429702759,-1.5707963267948966,0.0,1.5707963267948966,0.0028603507282755894,-0.0027806364736659046,2.0546130619189205
0.045555653001241016,0.5936030262389576,1.926330434875385,0.001982841744000006,2.2915050317462653e-05,0.000600392564286554,-1.5764219811453404,-0.0059978257034569715,1.4896425895257803,0.10289999842643738,0.40549999475479126,1.6497999429702759,-1.5707963267948966,0.0,1.5707963267948966,0.0029159786067091856,-0.0028870920318233412,2.0541567202276387
0.045720655292033285,0.5933341153964538,1.9259521061070037,0.0021967795668653665,-2.7719817036390038e-05,0.00038679265251487417,-1.576255698238238,-0.006177218713251609,1.4906045500910732,0.10289999842643738,0.40549999475479126,1.6497999429702759,-1.5707963267948966,0.0,1.5707963267948966,0.002945362954985909,-0.0029442272863978713,2.053911094573219
0.04595778016887536,0.5929467657280507,1.9254029845010994,0.0020215080688730873,-6.388314229396635e-05,0.0002893472259884339,-1.576018006953662,-0.006426738492411488,1.4919582518431884,0.10289999842643738,0.40549999475479126,1.6497999429702759,-1.5707963267948966,0.0,1.5707963267948966,0.0029873421402521107,-0.0030257303351067227,2.0535595653933973
0.04617308869723072,0.5925925456256016,1.924907370476358,0.0010168146602336653,-0.00010064952364706717,-4.872119693236234e-05,-1.5758160873582474,-0.006639264550526658,1.4931743611745563,0.10289999842643738,0.40549999475479126,1.6497999429702759,-1.5707963267948966,0.0,1.5707963267948966,0.0030293046292323594,-0.0031066027550999925,2.0532051535577422
0.046433385801460586,0.5921563521175518,1.9243041494918165,0.0001948006375098035,-7.59426230108196e-05,-0.00016607362173369806,-1.5755672933928253,-0.0068765360656222185,1.4946428657173303,0.10289999842643738,0.40549999475479126,1.6497999429702759,-1.5707963267948966,0.0,1.5707963267948966,0.0030717687126625027,-0.0031872978273196316,2.052847825645158
0.04669345959756293,0.5917193962905912,1.9236997593391776,-0.0001966594711239608,-9.505607703797874e-05,-0.0003083153625508149,-1.5752950101292802,-0.007105243331380073,1.4960921276334895,0.10289999842643738,0.40549999475479126,1.6497999429702759,-1.5707963267948966,0.0,1.5707963267948966,0.003118602896631225,-0.0032763952213654478,2.0524513040001344
0.04690306103187296,0.5913617344555971,1.9232030338913773,0.00025587641041700603,-0.00022831684100928202,-0.0005856492263272537,-1.5750686728303789,-0.007285296731192048,1.4972670652076385,0.10289999842643738,0.40549999475479126,1.6497999429702759,-1.5707963267948966,0.0,1.5707963267948966,0.003157555373860083,-0.0033497209659359684,2.052123761358939
0.04713313786487755,0.5909643378584092,1.9226446018863226,0.0008405016676487127,-0.00027957176894474593,-0.0003635860162205856,-1.5748391529251555,-0.00748053728404674,1.4985551909546013,0.10289999842643738,0.40549999475479126,1.6497999429702759,-1.5707963267948966,0.0,1.5707963267948966,0.0032057626533385395,-0.0034400593860499616,2.0517221413742623
0.04737008746931851,0.5905671561326231,1.9220805129065877,0.0013259782332073224,-0.00024325688963459843,4.5289295993213764e-06,-1.5746321063895272,-0.007670475823504219,1.4998421892212146,0.10289999842643738,0.40549999475479126,1.6497999429702759,-1.5707963267948966,0.0,1.5707963267948966,0.003244295280713064,-0.0035144709330702196,2.051394460793388
0.0476160990034147,0.5901716504304496,1.9215085856908638,0.0015913966065512996,-0.00016663751104110169,0.0002359562435636067,-1.574448532973449,-0.00786085493247679,1.5011331245249897,0.10289999842643738,0.40549999475479126,1.6497999429702759,-1.5707963267948966,0.0,1.5707963267948966,0.003285828167358228,-0.0035976605475097193,2.051032819920265
0.04787425590189085,0.5897756492940273,1.9209296137464282,0.0013664355727969779,6.606164916861585e-05,0.0006863303084349631,-1.5742966713125082,-0.008081243929765058,1.5024266063844538,0.10289999842643738,0.40549999475479126,1.6497999429702759,-1.5707963267948966,0.0,1.5707963267948966,0.003325690545903334,-0.003681024238460612,2.0506729414677554
0.04814995272029903,0.589376246016678,1.920345070579383,0.0010304392883798408,0.0003105491178530028,0.0009119007293269272,-1.5741824494320427,-0.008328857685017788,1.503721201389047,0.10289999842643738,0.40549999475479126,1.6497999429702759,-1.5707963267948966,0.0,1.5707963267948966,0.003363126512615691,-0.0037641208837623265,2.050315546900726
0.048469777810130614,0.5889349293395867,1.919695546105412,0.00017436384354919019,0.0005445299694831165,0.0009245870450053977,-1.574094002325112,-0.008609998667615582,1.5051398291964302,0.10289999842643738,0.40549999475479126,1.6497999429702759,-1.5707963267948966,0.0,1.5707963267948966,0.003401954127819936,-0.003855358752808234,2.0499245675714834
0.04874267076299172,0.5885739392552618,1.9191607115805358,-0.000496653773683019,0.0007047112834552849,0.0008196309822192886,-1.574041488823396,-0.008862537478883326,1.5062880242089873,0.10289999842643738,0.40549999475479126,1.6497999429702759,-1.5707963267948966,0.0,1.5707963267948966,0.0034321280106025553,-0.003930088903704137,2.0496035492353344
0.04905405131170038,0.5881751128500983,1.9185627569376036,-0.0012244038448183674,0.0007860381782523396,0.0004405060649808188,-1.5739934325990288,-0.00915100742144137,1.5075452577617816,0.10289999842643738,0.40549999475479126,1.6497999429702759,-1.5707963267948966,0.0,1.5707963267948966,0.0034646130343786562,-0.00401360587767147,2.049244168965795
0.04933722942189142,0.5878153304677548,1.9180227705837294,-0.0012287926177815135,0.0008651004264805647,0.00021580878427499415,-1.5739641176336852,-0.009394730129136608,1.5086732550091315,0.10289999842643738,0.40549999475479126,1.6497999429702759,-1.5707963267948966,0.0,1.5707963267948966,0.0034968703301630887,-0.004097333071563951,2.0488835716279215
0.0496571112744434,0.5874183746198416,1.9174127965555516,-0.0003008886243153085,0.0009514279835149567,0.00014442467385444602,-1.5739464419761884,-0.009680394766501177,1.5099006366688525,0.10289999842643738,0.40549999475479126,1.6497999429702759,-1.5707963267948966,0.0,1.5707963267948966,0.003525354937259894,-0.004173438291537347,2.048559412608835
0.04998295011484549,0.5870263864103252,1.9167890510183476,0.0006196880362774142,0.0010247862672544356,0.00011810282220740198,-1.573937101183141,-0.009968455999001868,1.5111001332168492,0.10289999842643738,0.40549999475479126,1.6497999429702759,-1.5707963267948966,0.0,1.5707963267948966,0.003556085334921158,-0.0042591878604386875,2.0481985580331084
0.050313002153856534,0.5866386368573203,1.9161543636421337,0.001078929015685347,0.0010436957768072482,-3.807577863890221e-06,-1.573922731351586,-0.01023378455887114,1.5122776338675543,0.10289999842643738,0.40549999475479126,1.6497999429702759,-1.5707963267948966,0.0,1.5707963267948966,0.0035859438611230447,-0.004346052141835592,2.047835022762502
0.05067792482475144,0.5862147898392978,1.9154481126019374,0.0005246364493774401,0.001002022271117772,-0.00027833578260113017,-1.5739157820310925,-0.010527964847249827,1.5135585281330934,0.10289999842643738,0.40549999475479126,1.6497999429702759,-1.5707963267948966,0.0,1.5707963267948966,0.0036184349404531826,-0.004442352126088886,2.0474312078574495
0.05097423146929508,0.5858666080815972,1.9148689433434802,-0.00011394526808192677,0.0009247496655784939,-0.0005422432673336479,-1.573904897912623,-0.010765709844880789,1.5146090798759617,0.10289999842643738,0.40549999475479126,1.6497999429702759,-1.5707963267948966,0.0,1.5707963267948966,0.0036454038680652392,-0.004521140169225644,2.0470984265970125
0.051300356581650386,0.5854758392357794,1.9142220580648477,-0.00014220796317168858,0.0008748443151598698,-0.0006206974444324439,-1.5738787523366649,-0.011013437613302202,1.5157764901794533,0.10289999842643738,0.40549999475479126,1.6497999429702759,-1.5707963267948966,0.0,1.5707963267948966,0.0036760439576807315,-0.004608484732509272,2.0467280383940483
0.05168909794049316,0.584999612360063,1.913439476286603,-0.0003904781123565965,0.0008476177162290026,-0.0007726041515092594,-1.5738644620732198,-0.01131639558270603,1.5171857727132563,0.10289999842643738,0.40549999475479126,1.6497999429702759,-1.5707963267948966,0.0,1.5707963267948966,0.0037136196951872537,-0.004712932750062487,2.0462823793106932
0.05194618290784082,0.584678168268527,1.9129164171690567,-0.00022474686668497358,0.0008588338722581076,-0.0006854593613811108,-1.5738685272908215,-0.011521139172478545,1.5181288284547276,0.10289999842643738,0.40549999475479126,1.6497999429702759,-1.5707963267948966,0.0,1.5707963267948966,0.0037392076552630344,-0.004782437854403334,2.0459835792751186
0.05226760876578914,0.5842752983549545,1.9122570288755154,0.0003664624470225641,0.0008013835530255648,-0.00061618631272478,-1.573871245885447,-0.01176913565295612,1.5192973119476765,0.10289999842643738,0.40549999475479126,1.6497999429702759,-1.5707963267948966,0.0,1.5707963267948966,0.003771249459535584,-0.004869742378367235,2.0456086352811917
0.052617786474519,0.5838340869941611,1.911525685606206,0.0003463745204853376,0.0006246452310327726,-0.0008846947445425759,-1.573869202795167,-0.012037224521959544,1.5205547590595465,0.10289999842643738,0.40549999475479126,1.6497999429702759,-1.5707963267948966,0.0,1.5707963267948966,0.003810573975405067,-0.004975644756198187,2.0451553203222326
0.052925200061219035,0.583435022307729,1.9108617693732184,2.7412641853085893e-05,0.000393327706611363,-0.0013253122375478552,-1.573855014271044,-0.012265819553903157,1.5216745957766278,0.10289999842643738,0.40549999475479126,1.6497999429702759,-1.5707963267948966,0.0,1.5707963267948966,0.0038417801323422864,-0.005055769052794796,2.044813320585476
0.05319172060168995,0.5830762923862902,1.9102641711354482,0.00022886735267299853,0.0003149078374104713,-0.001168728320169483,-1.573819910097268,-0.012446841387816932,1.522664141935483,0.10289999842643738,0.40549999475479126,1.6497999429702759,-1.5707963267948966,0.0,1.5707963267948966,0.003878116046478226,-0.005145322543282259,2.044434375467584
0.053513856454063494,0.5826361633118072,1.909529080922317,0.0008537230407940776,0.00019965800769507127,-0.0009875282371666837,-1.573757181111504,-0.012649193721326668,1.523850734015876,0.10289999842643738,0.40549999475479126,1.6497999429702759,-1.5707963267948966,0.0,1.5707963267948966,0.003915017712022706,-0.00523529595844803,2.0440579876814424
0.053804118127249,0.5822351081156433,1.90885721980523,0.0008095789174756054,0.00010787867172831856,-0.0008325389001811935,-1.5737122952390732,-0.012818964801229349,1.524903822117164,0.10289999842643738,0.40549999475479126,1.6497999429702759,-1.5707963267948966,0.0,1.5707963267948966,0.00395266136919836,-0.005325791887193822,2.0436819095067356
0.05409167467383995,0.5818375844757213,1.9081879765259395,0.0004312778859215116,-5.234248446351738e-05,-0.0009312242154849817,-1.5737000856404888,-0.012974582137268875,1.5259414324443827,0.10289999842643738,0.40549999475479126,1.6497999429702759,-1.5707963267948966,0.0,1.5707963267948966,0.003991145979053221,-0.005417278268429054,2.0433033942816317
0.054457411417832176,0.5813252899828164,1.907325791820812,-3.8312138329036866e-05,-0.00021261938739887927,-0.0008945403365961608,-1.5737322552783615,-0.013139709787452603,1.527301763875294,0.10289999842643738,0.40549999475479126,1.6497999429702759,-1.5707963267948966,0.0,1.5707963267948966,0.004042992778004324,-0.005537670005768064,2.042806467149933
0.05465156207384695,0.5810504474679176,1.9068654288246922,-6.403629399135251e-05,-0.0002501443971115472,-0.0008461702872150379,-1.573768873061191,-0.013223473898776206,1.528038137445018,0.10289999842643738,0.40549999475479126,1.6497999429702759,-1.5707963267948966,0.0,1.5707963267948966,0.004071499397331089,-0.005603059168238796,2.042535902895683
0.05498148981947231,0.5805834608425282,1.906074369658389,0.000736004886035821,-0.0002453778441162447,-0.0005233854331046665,-1.5738414994760834,-0.013360637631659955,1.5292752859660825,0.10289999842643738,0.40549999475479126,1.6497999429702759,-1.5707963267948966,0.0,1.5707963267948966,0.004120600068598118,-0.0057165318698761715,2.042067835453727
0.05520241376793765,0.580274381734698,1.9055434396954765,0.0011372045241426572,-0.0002805439248102219,-0.0003580152241851213,-1.5738920816986042,-0.013437346636130165,1.5300837290518283,0.10289999842643738,0.40549999475479126,1.6497999429702759,-1.5707963267948966,0.0,1.5707963267948966,0.004153024805463144,-0.005793102213194707,2.04175462094734
0.05548009473718484,0.5798926576944141,1.904874645192117,0.0019188723437427626,-0.00038128886620931405,-0.00030304493551861557,-1.5739700144842503,-0.013521740083116462,1.5310794544891506,0.10289999842643738,0.40549999475479126,1.6497999429702759,-1.5707963267948966,0.0,1.5707963267948966,0.004193359188765427,-0.00588995667846521,2.04136272850574
0.05575848687323442,0.579515880342427,1.9041959896185245,0.0020472753930494774,-0.0004201741838753959,-0.0002820353903929283,-1.5740721792985886,-0.013594964710383461,1.5320548462579486,0.10289999842643738,0.40549999475479126,1.6497999429702759,-1.5707963267948966,0.0,1.5707963267948966,0.004233737672981214,-0.005988017079480904,2.0409701720255167
0.05603648464030857,0.5791402143681179,1.9035161398481308,0.0011979966055260306,-0.00035600239282457393,-0.0003282347714350586,-1.5741916069859216,-0.013643646862894876,1.5330209745996288,0.10289999842643738,0.40549999475479126,1.6497999429702759,-1.5707963267948966,0.0,1.5707963267948966,0.004274270625159037,-0.006086688293894582,2.04057421459857
0.056311275980026956,0.5787648673827963,1.9028364043646266,0.0005314108644270102,-0.000322844722034732,-0.0004582987577087293,-1.5743149803609762,-0.013671937024240854,1.533971883935735,0.10289999842643738,0.40549999475479126,1.6497999429702759,-1.5707963267948966,0.0,1.5707963267948966,0.0043152884986291905,-0.006185745033942696,2.040174295298309
0.05658067765646263,0.5783921730950708,1.9021503799113184,0.00034977889476734905,-0.0003814548662601833,-0.0006784971815864594,-1.574446688296135,-0.01368982900135629,1.5348951787317462,0.10289999842643738,0.40549999475479126,1.6497999429702759,-1.5707963267948966,0.0,1.5707963267948966,0.004357258219167642,-0.0062854917058467194,2.0397723628359574
0.056866628972030694,0.5779838553205957,1.9013869726251476,0.0002151545196953422,-0.0005086609709536271,-0.0009090471224338528,-1.574579303773796,-0.013678885093721505,1.5358891005270365,0.10289999842643738,0.40549999475479126,1.6497999429702759,-1.5707963267948966,0.0,1.5707963267948966,0.004405107651062724,-0.006395926007501713,2.039330323662241
0.057093871740184286,0.5776492795309691,1.9007581805886957,-9.899545836436629e-05,-0.0005447096090317601,-0.0006540389179530116,-1.5746694176401932,-0.013655436997312087,1.5366938356104236,0.10289999842643738,0.40549999475479126,1.6497999429702759,-1.5707963267948966,0.0,1.5707963267948966,0.004449627463032685,-0.0064966509426345525,2.0389294022279203
0.05734783829445766,0.5772750224965398,1.9000582937705603,-0.0003160098329944628,-0.0005235654485103304,-0.00027167046796498263,-1.5747649688965366,-0.013637830103850668,1.537590072530616,0.10289999842643738,0.40549999475479126,1.6497999429702759,-1.5707963267948966,0.0,1.5707963267948966,0.004489389601665672,-0.006587303966063671,2.0385703126773627
0.0576034701633401,0.5768974935934994,1.8993613106576885,-0.001105031375703433,-0.0005036956795023848,-0.0002798653934278899,-1.574835870941214,-0.013611804668376859,1.5384944979409831,0.10289999842643738,0.40549999475479126,1.6497999429702759,-1.5707963267948966,0.0,1.5707963267948966,0.004533322649979604,-0.006688023445658154,2.038173654945584
0.05790758329205431,0.5764396634350405,1.8985364554079016,-0.0015645239268136737,-0.00046559567084244184,-0.0002584448424421834,-1.574905289098738,-0.01356239925984859,1.53959622574653,0.10289999842643738,0.40549999475479126,1.6497999429702759,-1.5707963267948966,0.0,1.5707963267948966,0.004586466600289561,-0.006809015416189779,2.037697242379657
0.05808325426169194,0.5761712934740764,1.8980589847144709,-0.001429104292147271,-0.0005276983766882633,-0.0004559328620405717,-1.5749506244048748,-0.01354257878889964,1.5402412164353203,0.10289999842643738,0.40549999475479126,1.6497999429702759,-1.5707963267948966,0.0,1.5707963267948966,0.0046177705591746035,-0.006879885015611279,2.0374181068362645
0.05834875274024461,0.5757492252877454,1.8973107135841352,-0.0010037787334021544,-0.0007476251010116062,-0.0009144857851181587,-1.5750054291787348,-0.01350535875164205,1.5412460429933603,0.10289999842643738,0.40549999475479126,1.6497999429702759,-1.5707963267948966,0.0,1.5707963267948966,0.004668702506901458,-0.006992065166651834,2.0369789794853124
0.05862373768171762,0.5752896502795454,1.896501140815828,-0.0013289889098754668,-0.0009141938625467331,-0.0009032626150623169,-1.575027305839889,-0.013455258675151072,1.5423349678738525,0.10289999842643738,0.40549999475479126,1.6497999429702759,-1.5707963267948966,0.0,1.5707963267948966,0.004726641897807955,-0.007115581484205225,2.0365017035837503
0.058803439135101075,0.5749865074505532,1.8959656125977753,-0.0011447691049782597,-0.0010053684459086104,-0.0007663330872407143,-1.5750371322712722,-0.013433559518126081,1.5430461998068123,0.10289999842643738,0.40549999475479126,1.6497999429702759,-1.5707963267948966,0.0,1.5707963267948966,0.004765990956830032,-0.0071988342286889734,2.0361834391206166
0.05902703366101516,0.5746120808372841,1.8952962224449372,-0.0011357898072516454,-0.0010302767980191895,-0.0005392736676655386,-1.575051253957581,-0.013406562771312025,1.5439099457063103,0.10289999842643738,0.40549999475479126,1.6497999429702759,-1.5707963267948966,0.0,1.5707963267948966,0.004815514324882694,-0.007304093891230894,2.0357854034128016
0.05925009021085762,0.5742424690173802,1.8946283476355499,-0.001021108293717888,-0.0010252594495053602,-0.00040616809510099776,-1.5750598531150042,-0.013367429734487679,1.5447480762208543,0.10289999842643738,0.40549999475479126,1.6497999429702759,-1.5707963267948966,0.0,1.5707963267948966,0.004870158651995715,-0.0074213208981549214,2.0353472232779737
0.05947410079665752,0.5738789004685294,1.8939563534424941,-0.000440295407507319,-0.0009694753866641406,-0.0001254255169577578,-1.5750751835027341,-0.013344410872217605,1.5455542962678923,0.10289999842643738,0.40549999475479126,1.6497999429702759,-1.5707963267948966,0.0,1.5707963267948966,0.004914764653022953,-0.00751843163610961,2.0349890345528974
0.05970139222110901,0.5735217806694456,1.8932743970428667,0.00026042517110549647,-0.0009327770393368306,-0.0001303608026376409,-1.5750980771771486,-0.01334461257570263,1.5463234865673794,0.10289999842643738,0.40549999475479126,1.6497999429702759,-1.5707963267948966,0.0,1.5707963267948966,0.004963920154703778,-0.0076275805293832604,2.034593225058645
0.059947380978180954,0.5731352385347841,1.8925109558315334,0.0004751583512735971,-0.0009866179039308082,-0.0005330000740179088,-1.5751273268557326,-0.013332975596643593,1.5471178643825563,0.10289999842643738,0.40549999475479126,1.6497999429702759,-1.5707963267948966,0.0,1.5707963267948966,0.005018969472413782,-0.007748992600408887,2.0341611446088326
0.060099234454024035,0.5728925675817667,1.8920204485574208,-0.00015661097995592961,-0.0009596803117874252,-0.0005949710778559075,-1.5751594159528366,-0.013326909554663757,1.5475950771733102,0.10289999842643738,0.40549999475479126,1.6497999429702759,-1.5707963267948966,0.0,1.5707963267948966,0.0050549981653241,-0.007826812791848159,2.0338883216722956
0.060358293755184936,0.5724766621301438,1.8911808576653568,-0.0013828525590046203,-0.0007827508874462077,-0.0002954651361236693,-1.5752338082363802,-0.013348217339445245,1.548388741640484,0.10289999842643738,0.40549999475479126,1.6497999429702759,-1.5707963267948966,0.0,1.5707963267948966,0.005117293549257778,-0.007960282256326204,2.033422431028112
0.06057750533792275,0.5721290402896029,1.8904800247976161,-0.0019339699214522214,-0.0006236130608540719,-1.234481542066655e-05,-1.575295283029215,-0.013388331945425769,1.5490249683315893,0.10289999842643738,0.40549999475479126,1.6497999429702759,-1.5707963267948966,0.0,1.5707963267948966,0.005168879036717924,-0.00807155867980126,2.0330361743572194
0.06080213575943445,0.5717794810311546,1.8897780817302623,-0.0025596487070835756,-0.0004303850363515755,0.0002614250986596255,-1.57536287976298,-0.013454835607963567,1.5496422321649916,0.10289999842643738,0.40549999475479126,1.6497999429702759,-1.5707963267948966,0.0,1.5707963267948966,0.005219703417783071,-0.008182801828893796,2.032652260980327
0.0610580715141748,0.5713956436719704,1.889007783263478,-0.00295628497006633,-0.00022545195050544708,0.0004856625452422504,-1.5754599235650344,-0.013564338265239062,1.5502905717831055,0.10289999842643738,0.40549999475479126,1.6497999429702759,-1.5707963267948966,0.0,1.5707963267948966,0.005274258222270331,-0.008305479226363028,2.0322321123117133
0.06127532757321533,0.5710810052414332,1.8883778696673101,-0.002905468475191077,-5.68233727999559e-05,0.0006840455946277876,-1.5755477038330068,-0.01365839771035482,1.5507977041009462,0.10289999842643738,0.40549999475479126,1.6497999429702759,-1.5707963267948966,0.0,1.5707963267948966,0.00531761968846058,-0.008406129785958515,2.031889962627242
0.061525639821673896,0.570727552225131,1.8876795632022838,-0.002913602941901112,0.00011413933929030345,0.0007078071239445666,-1.575652632122987,-0.013769189439293505,1.551352281756307,0.10289999842643738,0.40549999475479126,1.6497999429702759,-1.5707963267948966,0.0,1.5707963267948966,0.00536437569675769,-0.008517917628952806,2.0315111090705655
0.06178008677365762,0.5703724677240667,1.8869848992578875,-0.0029285371371010924,0.0002057405732828563,0.0002899487998285634,-1.5757732021315496,-0.013905224442845032,1.5518999501434179,0.10289999842643738,0.40549999475479126,1.6497999429702759,-1.5707963267948966,0.0,1.5707963267948966,0.005410510555904064,-0.00862989557427804,2.031132115538253
0.06203014354177968,0.5700159653035813,1.886294498133293,-0.0029333421882909248,0.00019963166744444124,-0.00020926484566229168,-1.5759046820075593,-0.014035612364737382,1.5524495135487986,0.10289999842643738,0.40549999475479126,1.6497999429702759,-1.5707963267948966,0.0,1.5707963267948966,0.005457523807127939,-0.00874215181698014,2.0307544002933544
0.062280609552774924,0.5696582847359758,1.885609453523651,-0.0028334660911535476,0.00040852041908843057,0.00017643662238464475,-1.5760566484509035,-0.01414729394006553,1.5530054945673626,0.10289999842643738,0.40549999475479126,1.6497999429702759,-1.5707963267948966,0.0,1.5707963267948966,0.005504806389399586,-0.008854656824579194,2.0303805303746825
0.06254085952351457,0.5693002226728634,1.8849297493091492,-0.0026660570952333094,0.0005167195569706627,0.00023916574230029223,-1.5762480090985798,-0.014270034422715128,1.5535674236103574,0.10289999842643738,0.40549999475479126,1.6497999429702759,-1.5707963267948966,0.0,1.5707963267948966,0.0055508858274357226,-0.008967380146002275,2.0300121292335183
0.06280756659840979,0.5689406646063645,1.8842571537600312,-0.0026480921324093334,0.0005685413689881538,0.00040217601170288255,-1.5764651179427889,-0.014394494936389002,1.5541432232927461,0.10289999842643738,0.40549999475479126,1.6497999429702759,-1.5707963267948966,0.0,1.5707963267948966,0.005596307920686825,-0.00908027678678464,2.0296467758129686
0.0630808903774791,0.5685773176481089,1.883593032758659,-0.002424990422835257,0.00043001084727314925,0.0002268715111540956,-1.576689706436125,-0.01450992674308349,1.554734182383587,0.10289999842643738,0.40549999475479126,1.6497999429702759,-1.5707963267948966,0.0,1.5707963267948966,0.005640963490264621,-0.009193183278159944,2.0292821304174193
0.0633529166149231,0.5682128946950828,1.8829349214770823,-0.002017395079261508,0.00019356138746654415,-0.00019879694154754522,-1.5769213196709553,-0.014627708956099994,1.555327000458177,0.10289999842643738,0.40549999475479126,1.6497999429702759,-1.5707963267948966,0.0,1.5707963267948966,0.005686071795989498,-0.009306438704664802,2.02891813337708
0.06361560515370344,0.5678493122984596,1.8822822303054367,-0.0017130908545432613,-0.00017649915939263263,-0.0008141040546820478,-1.5771558043809972,-0.014739641660232117,1.5559134925510967,0.10289999842643738,0.40549999475479126,1.6497999429702759,-1.5707963267948966,0.0,1.5707963267948966,0.005732670898174642,-0.009420246591816289,2.028556095180579
0.06386417318040635,0.5674871367253844,1.8816342469051246,-0.0012762230859717045,-0.0005534158397787308,-0.001058891521637067,-1.577377198629871,-0.014821562313906966,1.5564844431811904,0.10289999842643738,0.40549999475479126,1.6497999429702759,-1.5707963267948966,0.0,1.5707963267948966,0.005781478690368825,-0.00953464024024673,2.0281987376139448
0.06410870616998704,0.5671254758070108,1.8809888161369601,-0.0010144466487399606,-0.0006294601839223687,-0.0003999474849861742,-1.577597468804392,-0.014900048476049754,1.5570351398848326,0.10289999842643738,0.40549999475479126,1.6497999429702759,-1.5707963267948966,0.0,1.5707963267948966,0.005835663158999829,-0.00966084951019004,2.027810572303832
0.06435776522719629,0.5667607411092801,1.8803490112234784,-0.0013242389643795323,-0.0006796156334635664,-0.0005268666249582821,-1.5778152576866995,-0.014997949866502047,1.557580888093316,0.10289999842643738,0.40549999475479126,1.6497999429702759,-1.5707963267948966,0.0,1.5707963267948966,0.00587933554610378,-0.009763815212769561,2.0274980763875834
0.06459680876809014,0.5663925918926679,1.8797182686558398,-0.001783572548924565,-0.0006767560908913053,-0.0007200080893652109,-1.5780046219565356,-0.015076373023999778,1.5581327672094798,0.10289999842643738,0.40549999475479126,1.6497999429702759,-1.5707963267948966,0.0,1.5707963267948966,0.005929209606091885,-0.00987781682226537,2.027157181793162
0.06480655218844164,0.566061436426012,1.8791567792265556,-0.0020405075901773887,-0.0006185305831760975,-0.0006631649064125814,-1.5781610298144282,-0.015148107759710427,1.5586234629319895,0.10289999842643738,0.40549999475479126,1.6497999429702759,-1.5707963267948966,0.0,1.5707963267948966,0.005974730436420004,-0.009980444605280312,2.0268534785236407
0.06505526864346055,0.5656595999063304,1.878475778970696,-0.0018286261805188426,-0.0006802481005462206,-0.0010351891172064014,-1.5783413443755423,-0.015235449448660177,1.5591900861535264,0.10289999842643738,0.40549999475479126,1.6497999429702759,-1.5707963267948966,0.0,1.5707963267948966,0.006031414259092979,-0.01010648044143311,2.026482618475622
0.06526642007529519,0.5652976367783066,1.8778571248990508,-0.0006948770306300923,-0.0007374777236971285,-0.0011985929676132892,-1.578474871904494,-0.015286082424077918,1.5596714936346334,0.10289999842643738,0.40549999475479126,1.6497999429702759,-1.5707963267948966,0.0,1.5707963267948966,0.006085151876324115,-0.01022194323511208,2.026147142709663
0.06546652861880391,0.564938900443731,1.8772353112200182,0.00032307352293501105,-0.000809350501680446,-0.0012052657036656235,-1.5785875146855484,-0.015327385849112307,1.5601293623919081,0.10289999842643738,0.40549999475479126,1.6497999429702759,-1.5707963267948966,0.0,1.5707963267948966,0.006140537573484829,-0.010338300096806289,2.0258126112236168
0.06565913102366101,0.5645843634446961,1.8766126419439366,0.0007104002356563212,-0.0008820320965088168,-0.0010632494869162086,-1.578692898614848,-0.015372178449629459,1.5605717283317189,0.10289999842643738,0.40549999475479126,1.6497999429702759,-1.5707963267948966,0.0,1.5707963267948966,0.006197267190934725,-0.01045556404838044,2.025476114349409
0.06582719013929615,0.5642676519099751,1.8760524080903154,0.0007503552090538565,-0.0010177530925437174,-0.0009831572972410414,-1.5787709405947226,-0.01540574136202455,1.560955262889756,0.10289999842643738,0.40549999475479126,1.6497999429702759,-1.5707963267948966,0.0,1.5707963267948966,0.006255017396772833,-0.010573461671643134,2.025136506045993
0.06600975383588566,0.563918550441443,1.8754265379184356,0.0009857559160891523,-0.0011597628582631543,-0.0006862268477201185,-1.5788448196250746,-0.01544144898610611,1.5613589235483734,0.10289999842643738,0.40549999475479126,1.6497999429702759,-1.5707963267948966,0.0,1.5707963267948966,0.006307574737910581,-0.010680008587417808,2.024828252605181
0.06620949694699926,0.5635394298509099,1.8747247776280302,0.0019697753740862134,-0.001379037159993681,-0.000668593727916575,-1.5789406587017967,-0.015492633111814591,1.5617763331879184,0.10289999842643738,0.40549999475479126,1.6497999429702759,-1.5707963267948966,0.0,1.5707963267948966,0.006372060180459971,-0.010810822445674101,2.024451574563785
0.0663669364149123,0.563233356095227,1.8741368577685076,0.0020259591046447277,-0.0015403743492807278,-0.0008038664541492972,-1.5790215016053162,-0.015519644179949665,1.562089729137534,0.10289999842643738,0.40549999475479126,1.6497999429702759,-1.5707963267948966,0.0,1.5707963267948966,0.006425753244614072,-0.0109183532288775,2.0241440000657427
0.0665340573968361,0.5628950056082067,1.8734772867614666,0.0010591834454720564,-0.0016346041992418312,-0.0008616213613047293,-1.5791084313272485,-0.015526755293211014,1.5624152879730426,0.10289999842643738,0.40549999475479126,1.6497999429702759,-1.5707963267948966,0.0,1.5707963267948966,0.006492800516714534,-0.011049828309775104,2.023766326130273
0.06675469606545452,0.5624218616169125,1.872550158604838,-0.00010112833971443071,-0.0016541952355842047,-0.000944912479465021,-1.5792462682331043,-0.01552650935918587,1.5628406850966023,0.10289999842643738,0.40549999475479126,1.6497999429702759,-1.5707963267948966,0.0,1.5707963267948966,0.00658023466512481,-0.01121675198857381,2.0232800360885492
0.06684396408927726,0.5622186013525641,1.8721504683416834,-0.0004854296171318147,-0.001585328767899431,-0.0007863822603959074,-1.579296588425556,-0.015515286723290167,1.563009052621049,0.10289999842643738,0.40549999475479126,1.6497999429702759,-1.5707963267948966,0.0,1.5707963267948966,0.006611929111949034,-0.011276258345446558,2.0231047197162604
0.06701098507912166,0.5618457549763941,1.871411044815513,-0.00020878616696464738,-0.0013822753269928639,-0.0002192682789611658,-1.579371353277399,-0.015491570945086242,1.5633029000800676,0.10289999842643738,0.40549999475479126,1.6497999429702759,-1.5707963267948966,0.0,1.5707963267948966,0.006680847060740414,-0.011407050056232416,2.0227188656890016
0.06717063898743497,0.5615062932813043,1.8707288897409258,-3.63890016967682e-05,-0.0011875354227294896,0.00016501688470667446,-1.5794383823651315,-0.015491548862247573,1.5635546522589878,0.10289999842643738,0.40549999475479126,1.6497999429702759,-1.5707963267948966,0.0,1.5707963267948966,0.006742125627516065,-0.011525710909192946,2.0223721668154298
0.06737379941441218,0.561097873421322,1.8699032950364043,-8.013518123421983e-05,-0.0010158718991751122,0.00037321462228403,-1.579510808880401,-0.015520615779482938,1.56384805429574,0.10289999842643738,0.40549999475479126,1.6497999429702759,-1.5707963267948966,0.0,1.5707963267948966,0.006813772597418923,-0.01166770981469848,2.021961754170693
0.06749684655239425,0.5608598825997833,1.8694195735389818,-0.00041655613260241885,-0.0009798439176788745,0.0002505617432479853,-1.5795423304531775,-0.01554237325107799,1.564012758206675,0.10289999842643738,0.40549999475479126,1.6497999429702759,-1.5707963267948966,0.0,1.5707963267948966,0.006854886241835808,-0.011750508884882957,2.021723884086027
0.06769955834808665,0.5604867112767068,1.8686590411466928,-0.0006245128156336179,-0.0006932976528965727,0.000744532834258789,-1.5796109018692068,-0.015595073172368856,1.5642636996088786,0.10289999842643738,0.40549999475479126,1.6497999429702759,-1.5707963267948966,0.0,1.5707963267948966,0.006918230353728026,-0.011880590503260766,2.0213510846029874
0.06788437145698242,0.5601833691899044,1.8680312333929652,-0.0002121135667298674,-0.0004097544929364139,0.0010173051812805642,-1.579693146871046,-0.015674904716279414,1.5644546026893134,0.10289999842643738,0.40549999475479126,1.6497999429702759,-1.5707963267948966,0.0,1.5707963267948966,0.006967260337687119,-0.011987057240396382,2.021050832554912
0.06810555308498766,0.5598493759112496,1.8673243283805945,-5.2556949353393806e-05,-0.00015957641328379792,0.0009327127070562824,-1.5797877016094437,-0.01579815712222743,1.564645391284584,0.10289999842643738,0.40549999475479126,1.6497999429702759,-1.5707963267948966,0.0,1.5707963267948966,0.007019454690968542,-0.012105592284656982,2.020723124337515
0.06833456520864775,0.5595214468630252,1.866609982322187,-0.00014810778931532653,-7.440726556330967e-05,0.0002773601620303631,-1.5798847283408308,-0.01595303190237818,1.5647996314787218,0.10289999842643738,0.40549999475479126,1.6497999429702759,-1.5707963267948966,0.0,1.5707963267948966,0.007070552192406376,-0.01222470193351328,2.0203983662232488
0.06856200960975466,0.5592028008065503,1.8658861638976605,-0.00028410863236749917,2.4950555700602267e-05,7.205100753284694e-06,-1.5799887749913573,-0.01612831649734403,1.5649090725119525,0.10289999842643738,0.40549999475479126,1.6497999429702759,-1.5707963267948966,0.0,1.5707963267948966,0.007121809661828911,-0.012344609195938723,2.020078983252134
0.06879101427980903,0.5588908251713073,1.8651545568014432,-0.0006562189037816366,9.333334639611728e-05,-0.00026789326801429615,-1.5800821551558633,-0.016305875038916007,1.5649718855527819,0.10289999842643738,0.40549999475479126,1.6497999429702759,-1.5707963267948966,0.0,1.5707963267948966,0.007172548553244355,-0.012465061481638817,2.019763883661934
0.06903883908301163,0.5585520564432707,1.8643471261507976,-0.0017387471724395257,0.00018064783489613064,-0.0005706836871721731,-1.580168271884752,-0.01650066786712978,1.564995203093688,0.10289999842643738,0.40549999475479126,1.6497999429702759,-1.5707963267948966,0.0,1.5707963267948966,0.007228632902344757,-0.012597861101832638,2.019418960894933
0.06925950361511028,0.5582428424620123,1.8636170741315032,-0.0021304418476683186,0.0002855741087889941,-0.0006424804311516576,-1.5802487780451133,-0.016698787312638075,1.5650021023681244,0.10289999842643738,0.40549999475479126,1.6497999429702759,-1.5707963267948966,0.0,1.5707963267948966,0.0072800102814219855,-0.012718193038116506,2.019105146780717
0.06949991651285391,0.5578999567933665,1.862811621635026,-0.0019413439361295373,0.0003757121249946542,-0.0006258007705025212,-1.5803469570715178,-0.016919531073287253,1.5650005935535147,0.10289999842643738,0.40549999475479126,1.6497999429702759,-1.5707963267948966,0.0,1.5707963267948966,0.007336426543231394,-0.012850248901269477,2.0187585486687842
0.06973528116624829,0.5575553765671428,1.862003168337979,-0.0013782632341766503,0.000336315185377846,-0.0009469351321499645,-1.580439084456639,-0.017135859320354108,1.5649993622160414,0.10289999842643738,0.40549999475479126,1.6497999429702759,-1.5707963267948966,0.0,1.5707963267948966,0.007393218861638205,-0.012982324526549073,2.0184082623485455
0.06991971274369997,0.5572727292373469,1.8613400954258044,-0.0010713668524665533,0.00027747486832405935,-0.0010649902488092705,-1.580515302239938,-0.017321191417633663,1.5650039148108081,0.10289999842643738,0.40549999475479126,1.6497999429702759,-1.5707963267948966,0.0,1.5707963267948966,0.0074407721760522344,-0.013090452306481239,2.018120022092827
0.07011927572552647,0.5569576819573552,1.8606086369284147,-0.0014350181502086412,0.0003003347825026279,-0.0010437800953356441,-1.5805941885917616,-0.017520050830385436,1.5650284034555588,0.10289999842643738,0.40549999475479126,1.6497999429702759,-1.5707963267948966,0.0,1.5707963267948966,0.007494298559603347,-0.013210637407838972,2.017796579705931
0.07033411053836205,0.5566096065703388,1.8598132370206508,-0.001328564982232794,0.00043089294123300695,-0.0008428766031747228,-1.5806562010057283,-0.01770872119203215,1.5650742458440279,0.10289999842643738,0.40549999475479126,1.6497999429702759,-1.5707963267948966,0.0,1.5707963267948966,0.007553440195822624,-0.01334291737869017,2.017434527422571
0.070469765531857,0.5563879619268011,1.8593072457674071,-0.0008073050356121463,0.00048355553222388675,-0.0007834485163932106,-1.580681362552612,-0.017833716267944943,1.5651005776065325,0.10289999842643738,0.40549999475479126,1.6497999429702759,-1.5707963267948966,0.0,1.5707963267948966,0.007590935167041221,-0.013427205847370727,2.01720167209788
0.07074181276409156,0.5559422930122088,1.858288578660875,0.0005547849225052724,0.0006560287263299124,-0.00041118503026090094,-1.5806974339202369,-0.018100455684249894,1.56515327771407,0.10289999842643738,0.40549999475479126,1.6497999429702759,-1.5707963267948966,0.0,1.5707963267948966,0.007665391223996042,-0.013595855319028963,2.01673238835444
0.07087915082453222,0.5557183639908693,1.8577765565247883,0.0008695529348368577,0.0006356260501563304,-0.0006786917291307133,-1.5806875319427016,-0.01823215010583379,1.5651814639638273,0.10289999842643738,0.40549999475479126,1.6497999429702759,-1.5707963267948966,0.0,1.5707963267948966,0.007702222137340324,-0.01368020323241695,2.0164970733367844
0.07104470247864754,0.5554299241613296,1.8571197689414156,0.0007483406258034841,0.0005166705312585604,-0.0012253014765919213,-1.58066852621661,-0.018390133827933752,1.5652224145171096,0.10289999842643738,0.40549999475479126,1.6497999429702759,-1.5707963267948966,0.0,1.5707963267948966,0.007751140377640278,-0.013788572793726205,2.016195879027191
0.07121734758906353,0.555111357534129,1.8563910819613012,0.0007970527984617253,0.00048373002592571045,-0.0011110164788815,-1.5806567269415184,-0.018566512129958745,1.5652652662209454,0.10289999842643738,0.40549999475479126,1.6497999429702759,-1.5707963267948966,0.0,1.5707963267948966,0.007807055281233349,-0.013908977126440408,2.015865969791434
0.071386434854456,0.5547939662818995,1.8556598255454844,0.0008717285409098511,0.00037023023021918956,-0.0011037296207377894,-1.5806575568788899,-0.018733822728252747,1.56530180353345,0.10289999842643738,0.40549999475479126,1.6497999429702759,-1.5707963267948966,0.0,1.5707963267948966,0.007869062146047818,-0.014041380649314306,2.015508779013984
0.07154979072628989,0.554476960127748,1.8549277273929368,0.000455895429861689,0.00025283912259625014,-0.0009263328253078706,-1.5806734728337026,-0.018880872756855016,1.5653235558148355,0.10289999842643738,0.40549999475479126,1.6497999429702759,-1.5707963267948966,0.0,1.5707963267948966,0.007926102505518534,-0.014161723519595406,2.0151857991487145
0.07171233002759109,0.5541620542531998,1.8541965815377583,0.00029310762397100705,0.00011199192274564303,-0.0008670729191582208,-1.5807253116916675,-0.019038942703820894,1.5653240573503706,0.10289999842643738,0.40549999475479126,1.6497999429702759,-1.5707963267948966,0.0,1.5707963267948966,0.007983141696830752,-0.014282142406380748,2.014862693773957
0.07188568393635705,0.5538170613724223,1.8533880800004774,0.00021599697844788197,-3.66525782075849e-05,-0.0008458212456641305,-1.580785340653274,-0.01918643729445435,1.565297234044269,0.10289999842643738,0.40549999475479126,1.6497999429702759,-1.5707963267948966,0.0,1.5707963267948966,0.008040557768912401,-0.014402692718828151,2.0145385949098196
0.07202592551799558,0.5535364835317256,1.8527249014324312,0.00021398515016156106,-9.238852351836708e-05,-0.0006323962669112745,-1.5808267427607785,-0.019270347110484032,1.5652576137517424,0.10289999842643738,0.40549999475479126,1.6497999429702759,-1.5707963267948966,0.0,1.5707963267948966,0.008092208329477237,-0.014511454853010069,2.0142441801834146
0.0721842952372804,0.5532307969726102,1.851982260735803,0.00044560050255398973,-9.684779951238295e-05,-0.0005582657210442966,-1.5808915780446255,-0.019362141294940738,1.5651802498626255,0.10289999842643738,0.40549999475479126,1.6497999429702759,-1.5707963267948966,0.0,1.5707963267948966,0.008149065714528534,-0.014633008632813383,2.0139149737069753
0.07238999215430109,0.5528399793718717,1.851011808942025,-5.500911732178958e-07,-5.3525012299531565e-05,-0.00056541463773509,-1.5809869632767852,-0.01946974700418469,1.5650548538505489,0.10289999842643738,0.40549999475479126,1.6497999429702759,-1.5707963267948966,0.0,1.5707963267948966,0.008222979093392655,-0.014791845811037452,2.0134830971212674
0.07253194434749936,0.5525729800219733,1.8503404079290628,-0.00010804655401100024,-1.4687283675669013e-05,-0.0006431850162269573,-1.5810549981362583,-0.019532543581764372,1.5649639110706133,0.10289999842643738,0.40549999475479126,1.6497999429702759,-1.5707963267948966,0.0,1.5707963267948966,0.00827432620248253,-0.014902305325794885,2.0131796042837204
0.07268446320954937,0.5522807356839926,1.8495905679985143,-6.056800126675943e-05,-4.18394382380115e-05,-0.001071405231604996,-1.5811527260905696,-0.01960734227649974,1.5648491904868198,0.10289999842643738,0.40549999475479126,1.6497999429702759,-1.5707963267948966,0.0,1.5707963267948966,0.00833231837741081,-0.01502561680952466,2.012838915457272
0.07284202416619304,0.5519623375553993,1.8487658441047141,-0.0006117725703777447,0.00014843628604391796,-0.0008341449341050643,-1.5812631815317273,-0.019669022094914723,1.5647063528732938,0.10289999842643738,0.40549999475479126,1.6497999429702759,-1.5707963267948966,0.0,1.5707963267948966,0.008397631651230161,-0.015161621660297667,2.0124635205035015
0.07295570687768708,0.5517285151435407,1.8481714080187004,-0.0010865126630950107,0.00028144096736286845,-0.0007475268983684251,-1.5813279764991435,-0.019694718370136588,1.5646090687510352,0.10289999842643738,0.40549999475479126,1.6497999429702759,-1.5707963267948966,0.0,1.5707963267948966,0.008444963644278646,-0.01526016378851636,2.0121915008097937
0.0730916981620256,0.5514331749261663,1.8474325764205317,-0.0011017524947539244,0.00033171337478283056,-0.000846814942021549,-1.5814003976165723,-0.01973059223367679,1.5644946612016135,0.10289999842643738,0.40549999475479126,1.6497999429702759,-1.5707963267948966,0.0,1.5707963267948966,0.008504661107056414,-0.015382866420483112,2.0118524548076455
0.07322232850169624,0.5511358541185657,1.8466980429037252,-0.0013950083101021136,0.000395452639818057,-0.0006835156752804607,-1.5814619056141592,-0.019780595369258247,1.5643773175289415,0.10289999842643738,0.40549999475479126,1.6497999429702759,-1.5707963267948966,0.0,1.5707963267948966,0.008564826070143278,-0.015505389333494565,2.011512421562344
0.07335296207688367,0.5508336946052091,1.8459744696786695,-0.0014636762600105941,0.0004260125794624266,-0.0004765552951398597,-1.5814923881805552,-0.019818866164941884,1.5642749217755614,0.10289999842643738,0.40549999475479126,1.6497999429702759,-1.5707963267948966,0.0,1.5707963267948966,0.008624642153307905,-0.01562754703178023,2.0111700412215
0.07348782241640507,0.550528202365586,1.8452563718775505,-0.000517810197418491,0.0004331875595911999,-0.00011906182371705335,-1.5815225539299564,-0.019860802272440026,1.564186076266237,0.10289999842643738,0.40549999475479126,1.6497999429702759,-1.5707963267948966,0.0,1.5707963267948966,0.008683684787327664,-0.01574957630150925,2.0108265999216144
0.07363319688605309,0.5502224895087252,1.8445346457015612,0.0007584582036839394,0.0004590599866951215,0.00012809839632856837,-1.5815813637233749,-0.019932053563299412,1.5640922009496596,0.10289999842643738,0.40549999475479126,1.6497999429702759,-1.5707963267948966,0.0,1.5707963267948966,0.008741252747997887,-0.01587181526388019,2.0104851655720775
0.07378672440999647,0.549914255731178,1.8438129057469588,0.0009123602174650155,0.0005487240034198302,0.0001746900629668224,-1.5816390347175069,-0.01999775047317165,1.5639973599555395,0.10289999842643738,0.40549999475479126,1.6497999429702759,-1.5707963267948966,0.0,1.5707963267948966,0.008797541562094714,-0.0159939883898701,2.0101452831952025
0.07394652597764059,0.5496018422975193,1.8430996628913725,0.0005639658873821385,0.0006279379365742722,0.00018667019704682693,-1.581706583372515,-0.020061692477987947,1.5639094805137008,0.10289999842643738,0.40549999475479126,1.6497999429702759,-1.5707963267948966,0.0,1.5707963267948966,0.008852762776300722,-0.016115813112960183,2.0098034611864497
0.0741496006773591,0.5492205999668025,1.8422537046522363,0.0006710600340406963,0.0007664129300802105,0.00041694494339027463,-1.5818286313228522,-0.020180492655605065,1.5638174392707505,0.10289999842643738,0.40549999475479126,1.6497999429702759,-1.5707963267948966,0.0,1.5707963267948966,0.008922406168339196,-0.01627346532539217,2.00935405748612
0.07429413675023766,0.5489638433090812,1.8416920486264672,0.0008614078374832259,0.000867461833413364,0.0005854498964368276,-1.581913978054861,-0.020267451457832486,1.563773870264044,0.10289999842643738,0.40549999475479126,1.6497999429702759,-1.5707963267948966,0.0,1.5707963267948966,0.008958388813396967,-0.016358144298908105,2.0091108565470117
0.07452548959588925,0.5485781377692613,1.8408469391736402,0.0017607545649703145,0.0009492394821501568,0.0005655586755103446,-1.5820228679668527,-0.02042063403585903,1.5637166514667398,0.10289999842643738,0.40549999475479126,1.6497999429702759,-1.5707963267948966,0.0,1.5707963267948966,0.009017575571611468,-0.01650329073066707,2.0086938835847428
0.07470698911350745,0.5482895970421994,1.8402083226559356,0.0018630650446152563,0.0009554295134126349,0.0002776605991157881,-1.5821091642611502,-0.020562642085800498,1.5636665833736025,0.10289999842643738,0.40549999475479126,1.6497999429702759,-1.5707963267948966,0.0,1.5707963267948966,0.009065431389577047,-0.01662437110159522,2.00834611499642
0.07489002511217845,0.5480017345203382,1.8395728193783345,0.0010886949440298563,0.0009001134159094489,-0.00013766807799944628,-1.5821962462189951,-0.020697492696216457,1.5636234754432625,0.10289999842643738,0.40549999475479126,1.6497999429702759,-1.5707963267948966,0.0,1.5707963267948966,0.009103707944180856,-0.016721282545854414,2.0080674338934346
0.07508847026102898,0.5476819294728679,1.8388745843172047,0.0004282433615288589,0.000662306803385142,-0.0007936410903979354,-1.5822857337827216,-0.020834574217107882,1.5636022470479771,0.10289999842643738,0.40549999475479126,1.6497999429702759,-1.5707963267948966,0.0,1.5707963267948966,0.009152596828799188,-0.016842293443042135,2.0077205394887616
0.0752763391932904,0.5473650070170734,1.8381774224639058,0.0005451297230191519,0.0004157965635252392,-0.0011477951011516876,-1.5823756620780975,-0.02097785380549677,1.563595503930232,0.10289999842643738,0.40549999475479126,1.6497999429702759,-1.5707963267948966,0.0,1.5707963267948966,0.00920345505726331,-0.016963383357072773,2.0073797201377888
0.07545506721093213,0.5470501729443241,1.8374764639637944,0.000800457083667253,0.00023424003369529645,-0.0012646925029997963,-1.5824451078375246,-0.02110490338548443,1.5635906512609898,0.10289999842643738,0.40549999475479126,1.6497999429702759,-1.5707963267948966,0.0,1.5707963267948966,0.009255720100038726,-0.01708454739273892,2.007045759665668
0.07564486040601455,0.5467079413428398,1.8367003728157274,0.0010760588744596347,0.00023770900757477442,-0.0009631094707280511,-1.5824965088061913,-0.021201276562416993,1.5635720147115177,0.10289999842643738,0.40549999475479126,1.6497999429702759,-1.5707963267948966,0.0,1.5707963267948966,0.009313896698445047,-0.0172182673089317,2.006682572448022
0.07579837719750965,0.5464322369611225,1.8360634017040336,0.0004913955676333386,0.0002187094483469894,-0.0010554279895236757,-1.5825455434593054,-0.021278074157623728,1.5635426296740182,0.10289999842643738,0.40549999475479126,1.6497999429702759,-1.5707963267948966,0.0,1.5707963267948966,0.009361401362971205,-0.01732803378196985,2.0063876608188114
0.07595950399831689,0.5461292275017748,1.8353595009162766,0.00031535436103538556,0.00016826143674282055,-0.0012080231246702695,-1.582596370209945,-0.021349883619355747,1.5635137703573432,0.10289999842643738,0.40549999475479126,1.6497999429702759,-1.5707963267948966,0.0,1.5707963267948966,0.009415368976882521,-0.017450215968935787,2.0060614994381534
0.07611316168446303,0.5458330321217706,1.8346494948418286,0.0006999902593114813,0.00018759310410353068,-0.0010785232344459209,-1.5826411649837593,-0.021392664116269167,1.5634624139779836,0.10289999842643738,0.40549999475479126,1.6497999429702759,-1.5707963267948966,0.0,1.5707963267948966,0.009475664818831215,-0.017585612749785283,2.005704845304997
0.07628046631971071,0.545516901297341,1.833858692189722,0.0010934635257400871,0.0002646416604767852,-0.0007782871487523001,-1.5827095605676185,-0.021431243889604268,1.5633527896448522,0.10289999842643738,0.40549999475479126,1.6497999429702759,-1.5707963267948966,0.0,1.5707963267948966,0.009530397616412953,-0.017709773144271263,2.0053815049594044
0.07641783796690386,0.545261585405634,1.8332055101005376,0.0010495693871157854,0.0003369718266489271,-0.0006690774986233668,-1.582784362615258,-0.021467740229438093,1.5632291141269299,0.10289999842643738,0.40549999475479126,1.6497999429702759,-1.5707963267948966,0.0,1.5707963267948966,0.00957935204651261,-0.017821842860830616,2.0050911472065516
0.07656806668377243,0.5449800562092288,1.8324784159896326,0.0001809839161625122,0.00042567151230857243,-0.0007075215777297794,-1.5828605442779304,-0.021492831792548017,1.5630583121810027,0.10289999842643738,0.40549999475479126,1.6497999429702759,-1.5707963267948966,0.0,1.5707963267948966,0.009633882416288247,-0.01794662530442175,2.004767541367803
0.07671133633787794,0.5446988688615934,1.8317570899671978,-0.0009181805464044349,0.0003838665884769769,-0.0009409549345254628,-1.5829222232312752,-0.021496292220134716,1.5628747385264843,0.10289999842643738,0.40549999475479126,1.6497999429702759,-1.5707963267948966,0.0,1.5707963267948966,0.00968908634645357,-0.018071393866355426,2.0044404705594085
0.07684645533047309,0.5444191660330324,1.831039133905934,-0.0013432230919752262,0.00025896676475393803,-0.0009444187642657246,-1.582984407606344,-0.02148779059776995,1.562682570183293,0.10289999842643738,0.40549999475479126,1.6497999429702759,-1.5707963267948966,0.0,1.5707963267948966,0.009745326328196718,-0.018196241182772053,2.0041112611815155
0.07697600296456458,0.5441397549158699,1.8303183019484002,-0.0010183570367841748,1.6128909575679287e-05,-0.0009740038438865766,-1.5830356275190338,-0.02144895512396694,1.562478698901022,0.10289999842643738,0.40549999475479126,1.6497999429702759,-1.5707963267948966,0.0,1.5707963267948966,0.00980224986529304,-0.018321219879861867,2.003780846171469
0.07710079574159329,0.5438614736133189,1.8295906389657364,-0.0005231587129843481,-0.00015202749613186134,-0.000756414622029322,-1.583081582009259,-0.021380177466694406,1.5622627337490023,0.10289999842643738,0.40549999475479126,1.6497999429702759,-1.5707963267948966,0.0,1.5707963267948966,0.00985981199025466,-0.01844649774994744,2.0034492034314466
0.0772263926499376,0.5435857811179234,1.8288571500169095,-0.0005135133070083099,-0.0002258295681704061,-0.0005684344529194861,-1.5831502814421476,-0.021309781220812063,1.5620349069199202,0.10289999842643738,0.40549999475479126,1.6497999429702759,-1.5707963267948966,0.0,1.5707963267948966,0.009917107555904577,-0.018572055415032512,2.0031171732730533
0.07734976796720398,0.5433103232447234,1.8281234914835054,-0.0006665556663259945,-0.00029727560920429855,-0.0006327264603533745,-1.5832067441672422,-0.021226147651253413,1.5618099482458034,0.10289999842643738,0.40549999475479126,1.6497999429702759,-1.5707963267948966,0.0,1.5707963267948966,0.009974443219247767,-0.018697621116896695,2.0027841810848424
0.07746833031925568,0.5430321864677,1.8273924751781867,-0.0009697174349731103,-0.0003181938576855991,-0.00061322437624976,-1.5832335047803439,-0.021123313070362748,1.5615944313234693,0.10289999842643738,0.40549999475479126,1.6497999429702759,-1.5707963267948966,0.0,1.5707963267948966,0.010032387206724945,-0.018822960602885193,2.0024493972565307
0.0775740691289786,0.5427772425937512,1.8267392330271797,-0.0012464480667524452,-0.00026080458399741445,-0.0004457039537739058,-1.583253969170615,-0.021045076272421248,1.5613974004124036,0.10289999842643738,0.40549999475479126,1.6497999429702759,-1.5707963267948966,0.0,1.5707963267948966,0.010084639243443381,-0.018935313555166356,2.002145458525525
0.07769297408788975,0.5424879371036392,1.8260190928817268,-0.001280577040783833,-0.00011384493510958791,-0.00022936026831849447,-1.583262433133709,-0.02098080291499871,1.5611737636868375,0.10289999842643738,0.40549999475479126,1.6497999429702759,-1.5707963267948966,0.0,1.5707963267948966,0.010148055738372658,-0.01907202273276434,2.001770873713087
0.07781275324628081,0.5421941299082015,1.8253056311655425,-0.0014592051754528208,-2.5109668363374285e-05,-0.0003168907631203586,-1.5832353980778218,-0.0209225899231944,1.56095728612177,0.10289999842643738,0.40549999475479126,1.6497999429702759,-1.5707963267948966,0.0,1.5707963267948966,0.010205409197146628,-0.01919601595610782,2.0014283444708445
0.07796556074661022,0.5418084322719857,1.8243908219097096,-0.0012462678773461796,8.258151788899149e-05,-0.00027034787599959886,-1.5831711902593029,-0.020870619656495393,1.5606975875030142,0.10289999842643738,0.40549999475479126,1.6497999429702759,-1.5707963267948966,0.0,1.5707963267948966,0.01027440375948472,-0.01934469086870592,2.0010150724980584
0.07804851447834861,0.5415998129069962,1.8239016471723761,-0.0010681227785801265,7.915196389285505e-05,-0.0002814793596087261,-1.5831341833655501,-0.020858563103760552,1.5605652093343243,0.10289999842643738,0.40549999475479126,1.6497999429702759,-1.5707963267948966,0.0,1.5707963267948966,0.010314415368775708,-0.01943144649141226,2.000773070699098
0.0781641814601559,0.5413005191062032,1.823206125091351,-0.0006451134051849463,-3.930963656346286e-05,-0.0004902985881135922,-1.5830605891956933,-0.020816706089865633,1.560394118544779,0.10289999842643738,0.40549999475479126,1.6497999429702759,-1.5707963267948966,0.0,1.5707963267948966,0.010377605329795356,-0.0195678608901757,2.0003912754334072
0.07827278834652932,0.5410024828301738,1.8225093276216902,0.00020212060203291096,-0.00023504427501105625,-0.0007245155448616057,-1.5829749079522195,-0.02075473995257049,1.5602373264946194,0.10289999842643738,0.40549999475479126,1.6497999429702759,-1.5707963267948966,0.0,1.5707963267948966,0.010435920742388532,-0.01969219786609594,2.000044655147564
0.07837471071759795,0.5407092713476538,1.8218084973404756,0.0002333403801104394,-0.00034891619803535,-0.0007010319925591042,-1.5828899320190875,-0.02069154543107743,1.5600842659062988,0.10289999842643738,0.40549999475479126,1.6497999429702759,-1.5707963267948966,0.0,1.5707963267948966,0.01048903788646371,-0.019804529299152673,1.9997340386547098
0.07847235285348811,0.5404180719036783,1.821115632326835,-0.000976311327508916,-0.0004083780904240557,-0.0006759901243645654,-1.5827767832550554,-0.02060875984399324,1.5599533373688552,0.10289999842643738,0.40549999475479126,1.6497999429702759,-1.5707963267948966,0.0,1.5707963267948966,0.010548289552367827,-0.01992948538021932,1.9993876859158506
0.07856586345531102,0.5401288264230786,1.8204353927602979,-0.0016888522971731294,-0.0004624265982821467,-0.0005774352070485677,-1.582633632811772,-0.020520393734317466,1.5598337436579899,0.10289999842643738,0.40549999475479126,1.6497999429702759,-1.5707963267948966,0.0,1.5707963267948966,0.010607854651647831,-0.02005463457990966,1.999037800720485
0.0786569469817126,0.5398423672429304,1.8197578478921577,-0.001437668710976634,-0.0005369917803503043,-0.0006179202485298579,-1.5824979690129064,-0.02044499730832694,1.5596919506432618,0.10289999842643738,0.40549999475479126,1.6497999429702759,-1.5707963267948966,0.0,1.5707963267948966,0.01066760576386421,-0.020180180501088607,1.9986856333502057
0.0787525941150098,0.5395323276270318,1.8190117065779,-0.0011203830049138425,-0.000532593008588806,-0.0004966115687730285,-1.5823405645581896,-0.020334562419250357,1.559497614383134,0.10289999842643738,0.40549999475479126,1.6497999429702759,-1.5707963267948966,0.0,1.5707963267948966,0.010733670911742769,-0.020319178722220405,1.9982965563316057
0.07884325285826208,0.5392217530181115,1.818268685801598,-0.0007874861492889126,-0.0006362200856372956,-0.000758805511260417,-1.5821805375138904,-0.020199050874101232,1.5592760751851427,0.10289999842643738,0.40549999475479126,1.6497999429702759,-1.5707963267948966,0.0,1.5707963267948966,0.010800245286936096,-0.020458413990690833,1.997906168605656
0.078910657607742,0.5389647277726433,1.8176631866857555,-0.0007135409005055557,-0.0006235247379809449,-0.0005875193597772936,-1.5820578596051735,-0.02009336516886151,1.5590804706665236,0.10289999842643738,0.40549999475479126,1.6497999429702759,-1.5707963267948966,0.0,1.5707963267948966,0.010855642044163581,-0.02057203353422078,1.9975875112730386
0.0789864725500365,0.5386740066359227,1.8169969506306984,-0.0010973355847987676,-0.0005844156353393496,-0.0005313065515180268,-1.5819353212331575,-0.01995950834090765,1.5588703473412264,0.10289999842643738,0.40549999475479126,1.6497999429702759,-1.5707963267948966,0.0,1.5707963267948966,0.010916930530767371,-0.020697588600547455,1.9972357738494435
0.07905650122849572,0.5383790755181862,1.8163397147156315,-0.001506021265435663,-0.0006787210989202799,-0.0007414540082383471,-1.5818082794540582,-0.01978845051651046,1.5586646961695476,0.10289999842643738,0.40549999475479126,1.6497999429702759,-1.5707963267948966,0.0,1.5707963267948966,0.010979117873909108,-0.020822641015365708,1.9968857502964048
0.07911856011789653,0.538082207237261,1.8156901627670834,-0.0016927669117424268,-0.0007668048783857902,-0.0008514248771968809,-1.581691073015466,-0.01962366878085131,1.5584526079250727,0.10289999842643738,0.40549999475479126,1.6497999429702759,-1.5707963267948966,0.0,1.5707963267948966,0.011049291648229115,-0.020959908859892826,1.9965025310489406
0.07917457555375015,0.537779429743301,1.815048234780952,-0.0011533314903768178,-0.0007968350783737388,-0.0007762438835244576,-1.5815748758081303,-0.019466664778444276,1.558245932215444,0.10289999842643738,0.40549999475479126,1.6497999429702759,-1.5707963267948966,0.0,1.5707963267948966,0.011107665686754527,-0.021071705151718776,1.9961895641057121
0.07922672676439897,0.537469644399295,1.8144104881837326,-0.0003027666602652864,-0.0007568316307214635,-0.000522372392348574,-1.581439292823,-0.019297569784599844,1.5580481173288034,0.10289999842643738,0.40549999475479126,1.6497999429702759,-1.5707963267948966,0.0,1.5707963267948966,0.011172840592313495,-0.02119545080758516,1.9958418369832889
0.07928007212976594,0.5371584164912294,1.8137752763431172,0.0007545028278156239,-0.0007349268661926876,-0.0002748402495652296,-1.5813094652907107,-0.019157245553112823,1.5578519601511982,0.10289999842643738,0.40549999475479126,1.6497999429702759,-1.5707963267948966,0.0,1.5707963267948966,0.011237590893480823,-0.021319220869820778,1.9954950562031046
0.07933562366983613,0.5368496431099111,1.8131394440078181,0.0014987146993561446,-0.0008035107113342936,-0.00029702356742175974,-1.5811920088546578,-0.019038164062041396,1.5576591759395688,0.10289999842643738,0.40549999475479126,1.6497999429702759,-1.5707963267948966,0.0,1.5707963267948966,0.011301961038929574,-0.021443379507323182,1.9951505171622763
0.07939113204647248,0.5365449485298821,1.8125051701511337,0.0014937628449858994,-0.0008221013138108366,-0.00014899206522072284,-1.581078894647206,-0.018894379115353743,1.5574708218775009,0.10289999842643738,0.40549999475479126,1.6497999429702759,-1.5707963267948966,0.0,1.5707963267948966,0.011366331427421059,-0.021568100853871255,1.9948074387083705
0.07945775989822201,0.5362132540018869,1.8118140404905545,0.0007506098426913111,-0.0008537737910629262,-0.00010301344556619634,-1.5809937516181451,-0.018741632287766485,1.557267169472819,0.10289999842643738,0.40549999475479126,1.6497999429702759,-1.5707963267948966,0.0,1.5707963267948966,0.011436423202931107,-0.02170553551893136,1.994430956341198
0.07951482261390115,0.5359437596254691,1.8112561238608926,0.00015167602864507733,-0.0008914927489145892,-5.156817982976385e-05,-1.5809556772740445,-0.01863044861113039,1.5571085665585265,0.10289999842643738,0.40549999475479126,1.6497999429702759,-1.5707963267948966,0.0,1.5707963267948966,0.011493464244139258,-0.02181803943047411,1.9941223350037092
0.07958202461485166,0.5356460083045336,1.810642870141272,-0.00036190655832231,-0.0009275658772647699,-6.144697778790584e-05,-1.580913215919048,-0.018502139912952575,1.5569416478755116,0.10289999842643738,0.40549999475479126,1.6497999429702759,-1.5707963267948966,0.0,1.5707963267948966,0.011556429025116693,-0.0219432462882996,1.993778045319234
0.07964261294625802,0.5353782736645112,1.8100980799282105,-0.0007849519276582757,-0.0010114904060243225,-0.00032667156942078706,-1.5808833750422735,-0.0183860512734757,1.5568064189220272,0.10289999842643738,0.40549999475479126,1.6497999429702759,-1.5707963267948966,0.0,1.5707963267948966,0.011613169269077697,-0.022055985134932957,1.993466227328871
0.07970590197402849,0.535084103319677,1.8094963039667469,-0.0001869305489385731,-0.0009931099674966818,-0.00036771448127930254,-1.5808684671072342,-0.01826494523799127,1.5566560697555665,0.10289999842643738,0.40549999475479126,1.6497999429702759,-1.5707963267948966,0.0,1.5707963267948966,0.011676710781237332,-0.02218161538185627,1.9931195313793
0.07977122927244784,0.5347937037600176,1.80889023545559,0.000436876466157056,-0.0008604984030976184,-3.654759674500357e-05,-1.580841076177115,-0.01813536938757121,1.556503759759393,0.10289999842643738,0.40549999475479126,1.6497999429702759,-1.5707963267948966,0.0,1.5707963267948966,0.011739526699627318,-0.02230769620917475,1.9927749419608496
0.0798422817379395,0.5345037785471973,1.8082820545566787,0.0009411712163348893,-0.0008381744139861225,-0.00014848735150140664,-1.5808078768080696,-0.01800587777472007,1.5563512468126022,0.10289999842643738,0.40549999475479126,1.6497999429702759,-1.5707963267948966,0.0,1.5707963267948966,0.011801324613481426,-0.02243371976574214,1.9924337871769013
0.07992678598328963,0.534159477127617,1.8075500208333362,8.171967647052866e-05,-0.0008154312500147523,-0.00022660940041262172,-1.5807932440793178,-0.01788329783772369,1.5561546740921584,0.10289999842643738,0.40549999475479126,1.6497999429702759,-1.5707963267948966,0.0,1.5707963267948966,0.011875633047406405,-0.022584920198631023,1.9920299825128127
0.07999598956827349,0.5338701279191049,1.8069501287348582,-0.0009870318044530324,-0.0008787675460701441,-0.00044463721679477517,-1.5807794662615062,-0.01777887057672345,1.556005883483537,0.10289999842643738,0.40549999475479126,1.6497999429702759,-1.5707963267948966,0.0,1.5707963267948966,0.011937715628820126,-0.02271032546676598,1.9916943551921802
0.08006171169485823,0.5335762998494661,1.8063564711098903,-0.0007612783313624285,-0.0009114807691414513,-0.00034735510446989995,-1.5807468168849315,-0.017663948219783787,1.5558737053491256,0.10289999842643738,0.40549999475479126,1.6497999429702759,-1.5707963267948966,0.0,1.5707963267948966,0.01200014056970932,-0.02283499461225285,1.991359943961554
0.08012485929548319,0.5333099494760133,1.8058190258054918,-0.00023723276769811895,-0.0008196808404394117,1.715604328070399e-05,-1.5807144352895686,-0.017590561581419806,1.5557463289677982,0.10289999842643738,0.40549999475479126,1.6497999429702759,-1.5707963267948966,0.0,1.5707963267948966,0.012055457363208235,-0.022946802073175884,1.9910617944373952
0.08020448631179572,0.5330127667145393,1.8052220883716563,0.0002749998534176396,-0.0006813552795048638,0.00023930060099170653,-1.5806583241832708,-0.017518126298250003,1.5556116506606432,0.10289999842643738,0.40549999475479126,1.6497999429702759,-1.5707963267948966,0.0,1.5707963267948966,0.012120992210488265,-0.02308314147227513,1.9907023469041196
0.08029056713527724,0.5327173176753324,1.804625882847835,0.0005964534846964118,-0.0006118748096644254,4.182286050019253e-05,-1.5805854098539247,-0.017437151975475906,1.555484471219971,0.10289999842643738,0.40549999475479126,1.6497999429702759,-1.5707963267948966,0.0,1.5707963267948966,0.012173545127009903,-0.023194821201251808,1.990412031943451
0.08037713643102479,0.5324271997842224,1.8040331004862664,9.703541060135932e-05,-0.0005579428373600231,-0.0001950253153470058,-1.5805321745574865,-0.01737079576924261,1.5553528640072443,0.10289999842643738,0.40549999475479126,1.6497999429702759,-1.5707963267948966,0.0,1.5707963267948966,0.012231954544252605,-0.023319382806901087,1.990092413702059
0.08046352514263751,0.5321359834291185,1.8034520175165978,-0.0005144949086517257,-0.00046015870549203513,-0.00022788064104256332,-1.5804666447897777,-0.01730290590742145,1.555231664831675,0.10289999842643738,0.40549999475479126,1.6497999429702759,-1.5707963267948966,0.0,1.5707963267948966,0.012290207162385727,-0.023443724693973975,1.9897740525197423
0.0805667421638508,0.5317792195007505,1.8027644778792096,-5.722564043428494e-07,-0.0005182219307988748,-0.00034529659402210633,-1.5803479673287266,-0.017209846109320637,1.5551153668596291,0.10289999842643738,0.40549999475479126,1.6497999429702759,-1.5707963267948966,0.0,1.5707963267948966,0.012359664149058945,-0.023592069429894166,1.9893925128021481
0.08062704989437691,0.5315698616604587,1.8023632776521512,0.00027315128346209593,-0.0005507874052139656,-0.0002637249739328838,-1.5802844139314889,-0.017164517048628536,1.5550501001216164,0.10289999842643738,0.40549999475479126,1.6497999429702759,-1.5707963267948966,0.0,1.5707963267948966,0.012400026730828111,-0.02367847897444393,1.9891702717699031
0.08072697448355537,0.53123834384271,1.80173891339052,0.0004113557862978068,-0.0004970235106763985,-0.00011992191518608308,-1.5801988501986686,-0.017090353180146067,1.5549615325077537,0.10289999842643738,0.40549999475479126,1.6497999429702759,-1.5707963267948966,0.0,1.5707963267948966,0.012462273821109036,-0.02381400605821405,1.9888207787836523
0.08081063590302731,0.5309660780059181,1.8012329575186563,0.00048393094853558323,-0.0004245317384314609,-0.00018150099046289488,-1.580123066816989,-0.016997793434739172,1.5548999373583647,0.10289999842643738,0.40549999475479126,1.6497999429702759,-1.5707963267948966,0.0,1.5707963267948966,0.01251781102615878,-0.02393718153872458,1.9885026897564462
0.08093333752873721,0.5305755551161238,1.8005072592871454,0.0006959132080233505,-0.00022536121038798962,-0.00018323162196419129,-1.58003089254312,-0.01685745173621811,1.5547988613324768,0.10289999842643738,0.40549999475479126,1.6497999429702759,-1.5707963267948966,0.0,1.5707963267948966,0.012583495058777514,-0.024085349736236515,1.9881196342626746
0.08101043063071445,0.5303360718125396,1.8000613854648175,0.0009577040137902067,-0.00015850299390605848,-0.000259962953818118,-1.5799702771908548,-0.01677238922379054,1.5547187858190308,0.10289999842643738,0.40549999475479126,1.6497999429702759,-1.5707963267948966,0.0,1.5707963267948966,0.01262657100064765,-0.02418425533564778,1.9878633501218714
0.08109581160038569,0.530066665123269,1.799558057833406,0.00115128901540647,-0.00012952388334855355,-0.00040220980245156423,-1.5798767940471716,-0.016649763886695368,1.5546165671592325,0.10289999842643738,0.40549999475479126,1.6497999429702759,-1.5707963267948966,0.0,1.5707963267948966,0.012674791785358342,-0.024295586016708826,1.987574655669465
0.08120397470796001,0.5297062097762969,1.7988880950244794,0.0008094137975339399,-8.965362995389328e-05,-0.0008117203506426001,-1.5797311961684906,-0.016487761465305617,1.5544750853216522,0.10289999842643738,0.40549999475479126,1.6497999429702759,-1.5707963267948966,0.0,1.5707963267948966,0.012739555806484401,-0.024443755289468464,1.9871895534200807
0.08126930514633575,0.5294660649118337,1.79844499065667,0.00013963010570876663,-4.3243576970978355e-06,-0.0010099429257767352,-1.5796220971897268,-0.016387927867374863,1.554388536837083,0.10289999842643738,0.40549999475479126,1.6497999429702759,-1.5707963267948966,0.0,1.5707963267948966,0.012783639974594732,-0.024542347235393593,1.9869338815715012
0.08134337671728936,0.5291644402938951,1.7979023187553407,-0.0010179754844754133,0.0001376931686385927,-0.0010906343363770788,-1.5794513125803331,-0.016236790350251606,1.554317616115684,0.10289999842643738,0.40549999475479126,1.6497999429702759,-1.5707963267948966,0.0,1.5707963267948966,0.012839670542639802,-0.02466522730219291,1.9866152491384725
0.08141268275724342,0.5288622939875726,1.7973703627541924,-0.0011132519755111317,0.0002647469737955194,-0.0008742755142733162,-1.579269823004561,-0.0160757260278257,1.5542765236862905,0.10289999842643738,0.40549999475479126,1.6497999429702759,-1.5707963267948966,0.0,1.5707963267948966,0.012896110672680653,-0.02478793166224142,1.9862967410631405
0.08148243746229648,0.5285605536740395,1.7968372765937453,-5.4338610856003e-05,0.00027693116964361096,-0.0008207115152431651,-1.579110608045536,-0.0159449206857758,1.5542387009791614,0.10289999842643738,0.40549999475479126,1.6497999429702759,-1.5707963267948966,0.0,1.5707963267948966,0.012958011131997581,-0.02492293464157371,1.985949167932117
0.08155907618073378,0.5282309961577346,1.796244695876692,0.0005569811987164915,0.00035337420292193603,-0.0005047835831550999,-1.578926406852623,-0.01580429859020427,1.5541877649679492,0.10289999842643738,0.40549999475479126,1.6497999429702759,-1.5707963267948966,0.0,1.5707963267948966,0.01301409645590354,-0.02504605149895022,1.9856358351968855
0.08163453004766504,0.5279365460877912,1.7957089634120529,-1.2162584868475487e-06,0.00031098743897159934,-0.0005611499120936332,-1.5787499348057015,-0.01570189494563845,1.5541360363947905,0.10289999842643738,0.40549999475479126,1.6497999429702759,-1.5707963267948966,0.0,1.5707963267948966,0.013069287628432201,-0.025169718358998443,1.9853246554371038
0.08170810919655552,0.5276464171181894,1.7951842487176588,-0.0011881787630385417,0.00014243760720873553,-0.0007531576515016422,-1.5785775841816392,-0.015641332335363245,1.5540872828977996,0.10289999842643738,0.40549999475479126,1.6497999429702759,-1.5707963267948966,0.0,1.5707963267948966,0.013124865104158525,-0.02529374441966186,1.9850148921786357
0.08178699970492938,0.5273285857405781,1.7946189536318828,-0.0011721699621270046,6.800793188933198e-05,-0.0005784982463061048,-1.578373008751726,-0.015580334720996625,1.554045859900354,0.10289999842643738,0.40549999475479126,1.6497999429702759,-1.5707963267948966,0.0,1.5707963267948966,0.013186083484689063,-0.025430251135655044,1.9846751806658132
0.0818545275878747,0.527069736041236,1.7941556009081856,-0.0007550165152545665,0.00011597378458422462,-0.00035981191219469893,-1.5781930218345441,-0.01552719765975219,1.5540011438150807,0.10289999842643738,0.40549999475479126,1.6497999429702759,-1.5707963267948966,0.0,1.5707963267948966,0.013235232009450967,-0.025542063684562556,1.984399726582882
0.08193661126781993,0.5267859193550526,1.7936407627958117,-0.0005822299476533037,0.00026889849618657105,-6.27676047785078e-05,-1.578003691012029,-0.01549193832678375,1.5539274042923852,0.10289999842643738,0.40549999475479126,1.6497999429702759,-1.5707963267948966,0.0,1.5707963267948966,0.01328842670055587,-0.0256666733749059,1.984096062459317
0.08202726727458338,0.5265057954705791,1.7931280359202095,-0.0006775115699798902,0.00036985805046129897,-5.049886077840621e-05,-1.5778106472330438,-0.015467207826914908,1.5538372019126099,0.10289999842643738,0.40549999475479126,1.6497999429702759,-1.5707963267948966,0.0,1.5707963267948966,0.013340032766656714,-0.025791620873480477,1.9837949633723255
0.08212179786989086,0.5262257699684647,1.7926209366898187,-0.0012432102231924862,0.0004103613094915718,-0.00015796277688150633,-1.5776124486185839,-0.015435514131231898,1.5537498948445774,0.10289999842643738,0.40549999475479126,1.6497999429702759,-1.5707963267948966,0.0,1.5707963267948966,0.013390897037336546,-0.025916514974796752,1.9834948064398459
0.08223018364518389,0.5259141398281555,1.7920755892496893,-0.0021091202698041165,0.0004718059279979484,-0.00014278373921851645,-1.5774110438871003,-0.015425313138767383,1.5536696859174615,0.10289999842643738,0.40549999475479126,1.6497999429702759,-1.5707963267948966,0.0,1.5707963267948966,0.013446096066839197,-0.026053330617237098,1.9831628720938406
0.08232427176388404,0.5256526235992092,1.7916417784368863,-0.0027857017055563558,0.0005643830650291401,-1.9192934085198254e-05,-1.5772562729946766,-0.015435120627357524,1.5536281042588151,0.10289999842643738,0.40549999475479126,1.6497999429702759,-1.5707963267948966,0.0,1.5707963267948966,0.013490322068787934,-0.02616445088931395,1.982888700572706
0.08243795206655653,0.5253551134671515,1.7911734241277126,-0.003087351692610646,0.0007770183205606113,0.00026474701777784595,-1.5770789393296094,-0.015452352695423777,1.553605443571876,0.10289999842643738,0.40549999475479126,1.6497999429702759,-1.5707963267948966,0.0,1.5707963267948966,0.013537823888370805,-0.026287187728987915,1.9825813547727735
0.08256527114416913,0.5250530502016422,1.7907139309584512,-0.0022852351416278605,0.0009418279586361036,0.00040974709860335104,-1.5769223095015241,-0.015512829694066532,1.5535948683040484,0.10289999842643738,0.40549999475479126,1.6497999429702759,-1.5707963267948966,0.0,1.5707963267948966,0.013583116478159676,-0.02640946667480084,1.9822736065931925
0.08270315515326652,0.5247485679183004,1.790257285653815,-0.0015896709712820358,0.0010306445845361361,0.00018752074761857005,-1.5767922116401933,-0.015609311169665574,1.5535845733698184,0.10289999842643738,0.40549999475479126,1.6497999429702759,-1.5707963267948966,0.0,1.5707963267948966,0.01362686424941066,-0.026531618775915894,1.9819667231800966
0.08287334770909492,0.5243814068735845,1.789719699236285,-0.001145119673284679,0.0010730408028271359,-0.0001242760145274321,-1.5766558376607354,-0.015726676889096236,1.5535867063202458,0.10289999842643738,0.40549999475479126,1.6497999429702759,-1.5707963267948966,0.0,1.5707963267948966,0.013678721263473708,-0.026678272694917207,1.9815991909502406
0.08300282453143613,0.5241050612712848,1.7893252833789226,-0.0010909826891147922,0.0010855114839462884,-0.0003234249985706259,-1.5765805651566283,-0.01582726698485537,1.553597100369386,0.10289999842643738,0.40549999475479126,1.6497999429702759,-1.5707963267948966,0.0,1.5707963267948966,0.013717351427121813,-0.026788238867725606,1.9813241758875122
0.08313237559555273,0.5238264871417169,1.7889405272833054,-0.0009899406596441268,0.001143349522348342,-0.0004019833818636565,-1.5765129812313323,-0.015939977997252885,1.5536188550378636,0.10289999842643738,0.40549999475479126,1.6497999429702759,-1.5707963267948966,0.0,1.5707963267948966,0.013755792919597507,-0.02689797075070399,1.9810490648075219
0.08327683989187669,0.5235126253810747,1.7885217385713745,-0.000365150606752793,0.001172673797049522,-0.00046438718039004196,-1.5764216142610377,-0.01605865575481058,1.5536517244048225,0.10289999842643738,0.40549999475479126,1.6497999429702759,-1.5707963267948966,0.0,1.5707963267948966,0.013798083796496134,-0.027019540586441113,1.9807427035261147
0.08342396389572278,0.5231933815377323,1.7881089493842584,-3.7740053306506834e-05,0.001243020423590298,-0.00024446174635749053,-1.5763182351620868,-0.016184615212678555,1.5536866019846403,0.10289999842643738,0.40549999475479126,1.6497999429702759,-1.5707963267948966,0.0,1.5707963267948966,0.013839708216612245,-0.027140635169543605,1.9804349967471484
0.08356320879373454,0.5229005529405248,1.787745884865688,-2.4810459516293314e-05,0.001278510511333525,-0.00017363145470418443,-1.576232352179198,-0.016332411637606903,1.5537292878444515,0.10289999842643738,0.40549999475479126,1.6497999429702759,-1.5707963267948966,0.0,1.5707963267948966,0.013875974244506014,-0.027248929401974434,1.9801572248763333
0.08372364032501649,0.5225703425550002,1.7873524877462157,-0.00016126333138649724,0.0013038910642210405,-0.00012347376157139558,-1.5761538998214013,-0.01651155164017215,1.5537953319480817,0.10289999842643738,0.40549999475479126,1.6497999429702759,-1.5707963267948966,0.0,1.5707963267948966,0.013915394930431554,-0.027368682189470316,1.9798473854353345
0.08389181838450158,0.5222344323499103,1.7869712727156153,-0.00039599569065329877,0.0013185235376891255,-0.00015639684005500714,-1.5761007324504883,-0.016702734346733195,1.5538849054710788,0.10289999842643738,0.40549999475479126,1.6497999429702759,-1.5707963267948966,0.0,1.5707963267948966,0.01395388608676692,-0.027487855464611043,1.979534949840934
0.0840625950797359,0.5218952432952534,1.786599651419578,0.000199174207077421,0.0011230208875074549,-0.0006059549333246241,-1.5760787890074925,-0.016911066093958205,1.55399138804465,0.10289999842643738,0.40549999475479126,1.6497999429702759,-1.5707963267948966,0.0,1.5707963267948966,0.013992339390307886,-0.027606748090111693,1.9792200534054005
0.08422696000591011,0.5215560461297989,1.7862299341342265,0.0009350014775706724,0.0008724037781633658,-0.0010732737984337536,-1.576074710871305,-0.017112308063016002,1.554107262882455,0.10289999842643738,0.40549999475479126,1.6497999429702759,-1.5707963267948966,0.0,1.5707963267948966,0.01403219081648705,-0.027725745215168393,1.9789070048361526
0.08438248133547399,0.521218175018878,1.7858650840128074,0.0012509120783894075,0.0007697956625432901,-0.00119667877655648,-1.5760676968514604,-0.017280713368444722,1.5542274756335575,0.10289999842643738,0.40549999475479126,1.6497999429702759,-1.5707963267948966,0.0,1.5707963267948966,0.014077675969856285,-0.02785685733040564,1.9785675633799698
0.08454728549263164,0.5208496864005722,1.7854716779651516,0.0012788193851980985,0.0005463187534090076,-0.0012219714996296999,-1.5760773928788994,-0.01745298293098685,1.5543471005973584,0.10289999842643738,0.40549999475479126,1.6497999429702759,-1.5707963267948966,0.0,1.5707963267948966,0.014119708136643892,-0.027976347434930954,1.978261763096951
0.08469121233390556,0.5205183594214271,1.7851208784578965,0.0011836915790157606,0.0006963012543615281,-0.0011105468667234838,-1.5761060454680336,-0.017593709123152834,1.5544402628329395,0.10289999842643738,0.40549999475479126,1.6497999429702759,-1.5707963267948966,0.0,1.5707963267948966,0.014166596406075482,-0.028108236546957863,1.9779253468011262
0.08481669557609657,0.5202230262440386,1.7848106827494736,0.0008135461750972003,0.0007803227929239441,-0.001180947200734388,-1.576131890082253,-0.017696768738277413,1.5545261177657104,0.10289999842643738,0.40549999475479126,1.6497999429702759,-1.5707963267948966,0.0,1.5707963267948966,0.014200947967305293,-0.028204399445609988,1.9776799222020451
0.08496112461079038,0.519865280384926,1.7844389681176862,0.0009043844725084056,0.0007628985020430013,-0.001146120322945359,-1.5761773451581793,-0.017805522105624583,1.5546479945966571,0.10289999842643738,0.40549999475479126,1.6497999429702759,-1.5707963267948966,0.0,1.5707963267948966,0.014249242546054617,-0.028336802884315584,1.9773417873817098
0.08509162970047297,0.5195445527519041,1.7840979459659518,0.001688926815309643,0.0006849429700209923,-0.0008155433278413151,-1.5762449359861626,-0.01791053776534568,1.554756913717167,0.10289999842643738,0.40549999475479126,1.6497999429702759,-1.5707963267948966,0.0,1.5707963267948966,0.014293219058658156,-0.028457496635543932,1.977035695965428
0.08524152064328286,0.5191991187747234,1.7837147340178685,0.0022576340497783573,0.0006402130290426788,-0.0004196989175163386,-1.5763319812935788,-0.018013711690932244,1.554858870570088,0.10289999842643738,0.40549999475479126,1.6497999429702759,-1.5707963267948966,0.0,1.5707963267948966,0.014340466360357636,-0.028590896870294796,1.976702711602829
0.085382484868202,0.5188917882967116,1.7833621341507642,0.0022194034157525994,0.0005603338970818626,-0.0004916325204768254,-1.5764258012453352,-0.018115445393234175,1.5549385724651992,0.10289999842643738,0.40549999475479126,1.6497999429702759,-1.5707963267948966,0.0,1.5707963267948966,0.014382415765057693,-0.028712533116292523,1.976404218745915
0.08549232068699458,0.5186507352647481,1.7830774439499761,0.0021563203926633946,0.00044232074923554205,-0.0008056580563238676,-1.5765079350117628,-0.01820890930605623,1.5549932451416886,0.10289999842643738,0.40549999475479126,1.6497999429702759,-1.5707963267948966,0.0,1.5707963267948966,0.01441626909340639,-0.028810035872588086,1.9761681260233332
0.08564218624238637,0.5182992357472083,1.7826422049949462,0.001714715408583548,0.00015218130482444963,-0.0014215807446994531,-1.5766149911546399,-0.01831772787788344,1.555050496192629,0.10289999842643738,0.40549999475479126,1.6497999429702759,-1.5707963267948966,0.0,1.5707963267948966,0.014473800520703345,-0.0289691255810819,1.9757917738372464
0.0857300999890056,0.5180721230354215,1.7823474651855993,0.0012891188118850279,-2.3225246288760506e-05,-0.0015411004400365518,-1.5766729796331993,-0.018364924042370223,1.5550716411917767,0.10289999842643738,0.40549999475479126,1.6497999429702759,-1.5707963267948966,0.0,1.5707963267948966,0.014511100947124142,-0.029067390666754123,1.9755663982187195
0.0858434384992931,0.5177686049231465,1.7819368192071416,0.0004321058394248419,-0.0001232312370548532,-0.0013208171574222802,-1.5767571117489936,-0.018441061208478438,1.555070850851367,0.10289999842643738,0.40549999475479126,1.6497999429702759,-1.5707963267948966,0.0,1.5707963267948966,0.014558785990789353,-0.029190471561481753,1.9752899109880093
0.08593191842691493,0.5175230481172708,1.781600635643583,-0.0003801080394352986,-0.00015710996408969241,-0.0011425540854353468,-1.5768171190771894,-0.018499178210833467,1.5550580261510578,0.10289999842643738,0.40549999475479126,1.6497999429702759,-1.5707963267948966,0.0,1.5707963267948966,0.014602269478694866,-0.029301082216606204,1.9750434875010747
0.08604422580654189,0.5171960292813533,1.7811570713198708,-0.001385871191780284,-0.00021837712927247005,-0.0009444336644308211,-1.5768827590386039,-0.01855308471063566,1.5550440043374034,0.10289999842643738,0.40549999475479126,1.6497999429702759,-1.5707963267948966,0.0,1.5707963267948966,0.01466096536014756,-0.02944818467939644,1.9747153601803231
0.0861257527745747,0.5169516198028629,1.7808297332945453,-0.0016699623338943064,-0.00027927951138968804,-0.0008172522880860603,-1.5769444626889608,-0.018603918463838465,1.555037733326061,0.10289999842643738,0.40549999475479126,1.6497999429702759,-1.5707963267948966,0.0,1.5707963267948966,0.014705419803544943,-0.02955844414315288,1.974467790922773
0.08621524882508944,0.5166801489704893,1.7804672924984535,-0.0007714084558481264,-0.00033815471233964844,-0.0005288089855808089,-1.5770052506251162,-0.01866474263101381,1.5550347884555475,0.10289999842643738,0.40549999475479126,1.6497999429702759,-1.5707963267948966,0.0,1.5707963267948966,0.014754860730789627,-0.029681023756328133,1.9741911304431596
0.08630839801843426,0.516405817757998,1.7801010569258766,0.00011256672382481579,-0.0002692497552442985,-0.0001067299703627523,-1.5770553539097958,-0.018723720136091693,1.5550313224000607,0.10289999842643738,0.40549999475479126,1.6497999429702759,-1.5707963267948966,0.0,1.5707963267948966,0.014803474454162639,-0.029803403968648168,1.9739146470302602
0.08640689015874327,0.5161302336252582,1.779735638979285,0.00036548335301177476,-0.00025799511764403374,-0.00014594327873331542,-1.5771204977610958,-0.01880580082446226,1.5550261577451971,0.10289999842643738,0.40549999475479126,1.6497999429702759,-1.5707963267948966,0.0,1.5707963267948966,0.014851050455822327,-0.029925586967406926,1.9736394883926927
0.08650294200766895,0.5158559068788255,1.779373371472284,0.0004829635170079292,-0.0003362062121477507,-0.0004175737228300028,-1.5772069944299079,-0.018888744842671557,1.5550309666446598,0.10289999842643738,0.40549999475479126,1.6497999429702759,-1.5707963267948966,0.0,1.5707963267948966,0.01489897323720354,-0.030047817429252992,1.9733655673002253
0.08659265992414636,0.5155828792331182,1.7790133019430676,0.00020796860471078145,-0.0004512891975233212,-0.0006982214169836996,-1.5772928545701626,-0.018938135881431784,1.5550454713322703,0.10289999842643738,0.40549999475479126,1.6497999429702759,-1.5707963267948966,0.0,1.5707963267948966,0.014947858250096226,-0.0301701281016338,1.9730927905815927
0.08667413605736318,0.5153094046895749,1.7786601489761984,-0.0003972842998468845,-0.000521033417126772,-0.0008781128467237388,-1.5773860355514815,-0.018973944513233754,1.5550728491243984,0.10289999842643738,0.40549999475479126,1.6497999429702759,-1.5707963267948966,0.0,1.5707963267948966,0.014998109288143104,-0.030292256800041915,1.972820272712124
0.08674638868839951,0.5150353742011211,1.7783146691138012,-0.0006400046600473951,-0.0005685394565109883,-0.0010242903736604725,-1.5774862566227796,-0.019012486979880006,1.555107758884671,0.10289999842643738,0.40549999475479126,1.6497999429702759,-1.5707963267948966,0.0,1.5707963267948966,0.015049667623805246,-0.030414227934793984,1.9725469532184428
0.08680774060544401,0.5147590926618447,1.7779752625297176,-0.0007328845172530668,-0.0005404544025446395,-0.0010366570173375384,-1.5775825923666276,-0.019017256207529698,1.5551469446569814,0.10289999842643738,0.40549999475479126,1.6497999429702759,-1.5707963267948966,0.0,1.5707963267948966,0.015102549558669255,-0.030536046843689966,1.9722719724866538
0.08686309544716625,0.51448352942581,1.7776412100479198,-0.000541906465537191,-0.00041224939880206825,-0.0007427885888818671,-1.5776893148865008,-0.018999138205251676,1.5551791716309498,0.10289999842643738,0.40549999475479126,1.6497999429702759,-1.5707963267948966,0.0,1.5707963267948966,0.015161355693768438,-0.030670351997601004,1.9719659650842503
0.0869134005359309,0.5142373563814986,1.7773426467274809,-0.0002602234148325733,-0.00033291910043880966,-0.0005014225681759842,-1.5778108716223391,-0.018985388881908705,1.5551903346083926,0.10289999842643738,0.40549999475479126,1.6497999429702759,-1.5707963267948966,0.0,1.5707963267948966,0.015203873999857377,-0.030768325409930446,1.9717419406453964
0.08697006867960655,0.5139661320658644,1.777013557549779,0.00018976459393869123,-0.00032620233454186214,-0.00033709303969797804,-1.5779517589071297,-0.018959627295752846,1.5551914481002926,0.10289999842643738,0.40549999475479126,1.6497999429702759,-1.5707963267948966,0.0,1.5707963267948966,0.015256748184179667,-0.030891222676093937,1.971460999844469
0.08702802941229429,0.5136998038473852,1.7766855752431328,0.00024142954221940933,-0.00035074269064276273,-0.0002195509284743803,-1.5780935879568332,-0.01893400896823838,1.5551678653395504,0.10289999842643738,0.40549999475479126,1.6497999429702759,-1.5707963267948966,0.0,1.5707963267948966,0.015309269442072122,-0.031014900131809568,1.9711785369241843
0.08708855555602546,0.5134391229979565,1.7763622482759553,0.00012793142072173243,-0.00037706909052952084,-0.0001684741958685429,-1.5782548318956198,-0.018934312025373767,1.555125781748769,0.10289999842643738,0.40549999475479126,1.6497999429702759,-1.5707963267948966,0.0,1.5707963267948966,0.015361460740435623,-0.031139360270417808,1.9708929042190801
0.08716098470393266,0.5131258745918772,1.7759828521744916,-0.00029975273705135156,-0.0003507233414705812,-0.0001005080219740016,-1.5784430046425846,-0.01894834665167,1.5550930499147475,0.10289999842643738,0.40549999475479126,1.6497999429702759,-1.5707963267948966,0.0,1.5707963267948966,0.015423700347072813,-0.03128877319939402,1.970544598672067
0.08721801618558433,0.5128893909013669,1.7757066992199755,-0.0002695964545371585,-0.0002552874065820668,0.00028303241612058364,-1.5785795368515319,-0.01896771277995235,1.5550889245694917,0.10289999842643738,0.40549999475479126,1.6497999429702759,-1.5707963267948966,0.0,1.5707963267948966,0.015469504834036696,-0.031400731965243504,1.970278540032482
0.08728525273464131,0.5126512503458879,1.77543225278406,0.00036589444917973325,-0.00016382310285363843,0.000586318265797452,-1.578724022171387,-0.019026030819577322,1.555095153895206,0.10289999842643738,0.40549999475479126,1.6497999429702759,-1.5707963267948966,0.0,1.5707963267948966,0.015518299923540254,-0.03152482946100003,1.969982007422892
0.08738692515927637,0.5123312239095186,1.775065975635322,0.0007025552694062229,-4.532840381773107e-05,0.0005396926423322536,-1.5789098473013081,-0.019130868555850444,1.5551142743612736,0.10289999842643738,0.40549999475479126,1.6497999429702759,-1.5707963267948966,0.0,1.5707963267948966,0.015570120698007265,-0.031660974523732247,1.9696576727493684
0.08746806383535216,0.5120881757650348,1.7747962801870085,0.0008474769295430696,5.684027763098481e-05,0.0004784674154888376,-1.5790268649241443,-0.019215364854057615,1.5551440748348284,0.10289999842643738,0.40549999475479126,1.6497999429702759,-1.5707963267948966,0.0,1.5707963267948966,0.015611631171555751,-0.03177199409466887,1.9693918732508455
0.08756401066634986,0.5118179758736501,1.7744957163228374,0.0011838106536963115,0.00012108140325975782,0.0002890299605777123,-1.579168129557414,-0.019332142001936337,1.5551779901563476,0.10289999842643738,0.40549999475479126,1.6497999429702759,-1.5707963267948966,0.0,1.5707963267948966,0.015656972272749918,-0.031895263739757,1.969095523733018
0.0876712329369001,0.5115216584196818,1.7741636748003187,0.0011964351628920608,0.00017138590315405694,-7.26588709202701e-05,-1.5793278655423566,-0.01946609813617428,1.5552118960125902,0.10289999842643738,0.40549999475479126,1.6497999429702759,-1.5707963267948966,0.0,1.5707963267948966,0.01570684019959663,-0.03203093164542568,1.9687683803435412
0.08775620702445872,0.5112805601074909,1.7738924560945806,0.0009939181140257685,0.00019173957695263596,-0.0003136558724632586,-1.5794563615646109,-0.01955327129649298,1.5552375254395698,0.10289999842643738,0.40549999475479126,1.6497999429702759,-1.5707963267948966,0.0,1.5707963267948966,0.015748110262827165,-0.03214200477672023,1.9685010016552003
0.08784929827805384,0.5110137553760312,1.7735912768835733,0.000828456997359456,0.00027353011529808696,-0.0002177861667005705,-1.5796018193977732,-0.019647069325896993,1.5552573609574383,0.10289999842643738,0.40549999475479126,1.6497999429702759,-1.5707963267948966,0.0,1.5707963267948966,0.015794175590537078,-0.032265320494331756,1.9682049694409758
0.08794748353890128,0.5107480008011053,1.7732889562482423,0.0006712012989777059,0.000351091254876405,2.1756740078952582e-05,-1.5797513442234887,-0.0197478071352295,1.5552726114287263,0.10289999842643738,0.40549999475479126,1.6497999429702759,-1.5707963267948966,0.0,1.5707963267948966,0.01583943154935649,-0.03238847831139046,1.9679100436133805
0.08805204175761813,0.5104835936172921,1.7729830880249378,0.000880090489429005,0.0003687897848322231,9.629114817329513e-05,-1.579904845527283,-0.019831920456628183,1.5552741201096114,0.10289999842643738,0.40549999475479126,1.6497999429702759,-1.5707963267948966,0.0,1.5707963267948966,0.015883662030122047,-0.032511583227246545,1.9676163857634614
0.08816100050749037,0.5102182743214565,1.7726706813398916,0.0010287129252417382,0.0003994732350188341,0.00012788486144134608,-1.580081653378324,-0.01991507058474218,1.5552625080357365,0.10289999842643738,0.40549999475479126,1.6497999429702759,-1.5707963267948966,0.0,1.5707963267948966,0.015927200039366946,-0.03263434133743364,1.9673234656044103
0.08826298445894105,0.5099761982647169,1.7723867381184661,0.0009696423315687949,0.0004244273104225985,0.00013081233720629208,-1.58026362403259,-0.020007337495495214,1.5552560698206042,0.10289999842643738,0.40549999475479126,1.6497999429702759,-1.5707963267948966,0.0,1.5707963267948966,0.015965843928783568,-0.032744215655383734,1.96705869279197
0.08838019733383524,0.5097064890372314,1.772068393706199,0.0005337582860788224,0.0004788158863238451,0.00011898074414531934,-1.5804630777266744,-0.020105416883157368,1.5552496329151884,0.10289999842643738,0.40549999475479126,1.6497999429702759,-1.5707963267948966,0.0,1.5707963267948966,0.016008224824116287,-0.03286605611899281,1.9667619965180303
0.0884992247932031,0.5094381686476653,1.771748475827029,0.00023729090490507012,0.00043495181065517633,-0.00011023193781757788,-1.5806607959847472,-0.020186577856444288,1.5552373370855002,0.10289999842643738,0.40549999475479126,1.6497999429702759,-1.5707963267948966,0.0,1.5707963267948966,0.016054364455951174,-0.03300009809057061,1.9664314489466397
0.08861418585695367,0.5091724256353232,1.771423238188977,0.0002661102893532284,0.00021993929252898806,-0.00043733395961406137,-1.5808750703402958,-0.020255017533783448,1.5552209599156734,0.10289999842643738,0.40549999475479126,1.6497999429702759,-1.5707963267948966,0.0,1.5707963267948966,0.01609266189595124,-0.03310979804492549,1.9661598902520856
0.08872349254725462,0.5089050513048254,1.7710941592623932,0.00011553180575732428,6.064604673358777e-05,-0.00040701536433420776,-1.5810841077386526,-0.020298666079850314,1.555214105002472,0.10289999842643738,0.40549999475479126,1.6497999429702759,-1.5707963267948966,0.0,1.5707963267948966,0.01613595900337134,-0.03323122973111546,1.965859527796157
0.08882279180578367,0.5086633953213316,1.7707966986834291,5.99587771994229e-05,-6.513154826881981e-05,-0.0002838307596057118,-1.5812582242698228,-0.020326001111576453,1.5552152108245008,0.10289999842643738,0.40549999475479126,1.6497999429702759,-1.5707963267948966,0.0,1.5707963267948966,0.016174695169098727,-0.03334016340225057,1.965590473504121
0.08894560883452603,0.5083656062024412,1.7704286206135775,0.00021028194676434058,-0.0002433135059815157,-0.00023130568917885971,-1.5814668746804728,-0.020372232852217564,1.5552134566355769,0.10289999842643738,0.40549999475479126,1.6497999429702759,-1.5707963267948966,0.0,1.5707963267948966,0.01622186677688627,-0.03347276757214507,1.9652624625386885
0.08906706069838288,0.5080645998383287,1.7700563207933615,0.0003191060269837148,-0.0003424861131176537,-0.00038078297478076964,-1.581665968887445,-0.0204145204967765,1.5552028971004195,0.10289999842643738,0.40549999475479126,1.6497999429702759,-1.5707963267948966,0.0,1.5707963267948966,0.016269203187364013,-0.0336048793648768,1.9649333230790516
0.08916153178330394,0.5078174338900319,1.7697491520440598,0.0003856670057542852,-0.0003162018634891305,-0.00046826965372326074,-1.581809296104205,-0.020420542606070402,1.5551868865574998,0.10289999842643738,0.40549999475479126,1.6497999429702759,-1.5707963267948966,0.0,1.5707963267948966,0.016308542629884824,-0.033712868382097846,1.964663089926307
0.0892968661800671,0.5074601863845846,1.7693051240242215,0.00019263419650956794,-6.768896753605626e-05,-0.00021628003042284307,-1.582023371354975,-0.02043160999182403,1.5551516246345647,0.10289999842643738,0.40549999475479126,1.6497999429702759,-1.5707963267948966,0.0,1.5707963267948966,0.016365638269467412,-0.03386880239051829,1.964270485634538
0.08938551214047151,0.507240289485394,1.7690331722025456,0.00012255339132985886,0.0002100938442902972,0.0001627088888763706,-1.5821623481906673,-0.020448591687346696,1.5551282371807384,0.10289999842643738,0.40549999475479126,1.6497999429702759,-1.5707963267948966,0.0,1.5707963267948966,0.016400123677759375,-0.03396473377545641,1.9640279668923752
0.08950945535789079,0.5069630137156532,1.7686951302679066,0.00012590876463040965,0.000592747477703084,0.0005238648100859214,-1.5823326861144034,-0.020481888789539937,1.5551168496011718,0.10289999842643738,0.40549999475479126,1.6497999429702759,-1.5707963267948966,0.0,1.5707963267948966,0.016441340707941485,-0.03408422927932112,1.9637268402750068
0.08964195452728994,0.5066827415334231,1.7683615031640527,-0.00026366498134545264,0.0007525645390583924,0.00023698580418346347,-1.5825154971487845,-0.020542287108151314,1.5551326986193925,0.10289999842643738,0.40549999475479126,1.6497999429702759,-1.5707963267948966,0.0,1.5707963267948966,0.016481507991466922,-0.03420314377729641,1.9634290106910248
0.08978588338633241,0.5063707318727051,1.7680022004906528,-0.0005741413292748073,0.0007945918648626823,-2.2883481394431634e-06,-1.582728702681736,-0.020622997133926013,1.5551663017629533,0.10289999842643738,0.40549999475479126,1.6497999429702759,-1.5707963267948966,0.0,1.5707963267948966,0.0165261556117128,-0.03433330853073551,1.9631050471227134
0.08990379142544737,0.5061149208949682,1.7677109730638272,-0.0007466349046551276,0.0007711419151251695,-4.396899307521358e-05,-1.5828987787804956,-0.020675195983733907,1.5551892635434967,0.10289999842643738,0.40549999475479126,1.6497999429702759,-1.5707963267948966,0.0,1.5707963267948966,0.016562566902841906,-0.03443970150652978,1.962841966144346
0.09007983184339713,0.5057486730947196,1.7672937967092341,-0.0008234015926138533,0.0007048648301906508,0.00015539678857876395,-1.5831496665688114,-0.020750321537827077,1.5552065093757281,0.10289999842643738,0.40549999475479126,1.6497999429702759,-1.5707963267948966,0.0,1.5707963267948966,0.016614162050853087,-0.03459380422013728,1.9624611355003694
0.09018080549592825,0.5055520476338945,1.7670702943118157,-0.0006500252678693226,0.0007133718977840068,0.00041208477015232744,-1.5832974413648258,-0.020804789645196387,1.5552112630261723,0.10289999842643738,0.40549999475479126,1.6497999429702759,-1.5707963267948966,0.0,1.5707963267948966,0.016644681628834684,-0.0346887133358495,1.9622260159338614
0.09035440741505843,0.5052413001189595,1.7667188892337857,-0.00044464106555901244,0.0007593011431924635,0.0007179543350844706,-1.5835162069323714,-0.020908084103287372,1.5552269096230937,0.10289999842643738,0.40549999475479126,1.6497999429702759,-1.5707963267948966,0.0,1.5707963267948966,0.016680593024038338,-0.03480706986310426,1.9619330513486979
0.09050692227292637,0.5049840693136881,1.7664328673986365,-0.00021694331938790657,0.0007811177226087644,0.0007766528328521144,-1.58369193282505,-0.021006712547305018,1.5552534816119625,0.10289999842643738,0.40549999475479126,1.6497999429702759,-1.5707963267948966,0.0,1.5707963267948966,0.016711322823989686,-0.03491313245001884,1.961670364363823
0.09068750100367219,0.5046969380447086,1.7661119438345216,6.670880754127998e-05,0.0008469677605489947,0.0008321254687398838,-1.5838946875516726,-0.02116119859639376,1.5552793996694383,0.10289999842643738,0.40549999475479126,1.6497999429702759,-1.5707963267948966,0.0,1.5707963267948966,0.01674373979499977,-0.03503066007465238,1.9613783854134812
0.0908975767758401,0.5043794879044546,1.765757039273985,-4.21537970594825e-05,0.0009856896856982164,0.0006925715491437348,-1.5841096450476697,-0.021356992038997547,1.5553039833470035,0.10289999842643738,0.40549999475479126,1.6497999429702759,-1.5707963267948966,0.0,1.5707963267948966,0.016777456858622555,-0.03515962959779925,1.9610551543240495
0.09107492751317557,0.5041184342498746,1.7654675167955844,-0.00021145760708259087,0.0010751885036345812,0.0005564576395343886,-1.5842697857046004,-0.021516965363455043,1.5553214427182132,0.10289999842643738,0.40549999475479126,1.6497999429702759,-1.5707963267948966,0.0,1.5707963267948966,0.01680403312537238,-0.035264937679183046,1.9607885863043042
0.09127738655840278,0.5038231313279351,1.765147400853319,-0.0001806793053954752,0.0011233897539534251,0.0003704875039504969,-1.5844460681515316,-0.021731689895327477,1.5553494601703466,0.10289999842643738,0.40549999475479126,1.6497999429702759,-1.5707963267948966,0.0,1.5707963267948966,0.016835824194761047,-0.03539280637138107,1.9604604300787334
0.09148422765670285,0.5035204838178249,1.7648268453604323,0.00013883157468843127,0.0011672978767116305,0.0003490096773314952,-1.5846274869552774,-0.02196233791145552,1.5553980975532395,0.10289999842643738,0.40549999475479126,1.6497999429702759,-1.5707963267948966,0.0,1.5707963267948966,0.016861413120421886,-0.03549657023390419,1.9601908266162367
0.09172002254172885,0.5031840800010154,1.764467265328282,0.0009052820688604806,0.0011977487998079985,0.00025127539883495174,-1.5848276733680235,-0.022213815728274522,1.5554326988508265,0.10289999842643738,0.40549999475479126,1.6497999429702759,-1.5707963267948966,0.0,1.5707963267948966,0.01689177302319141,-0.03562303927935093,1.9598605815374741
0.09193410613203787,0.5028769374318295,1.7641295071450132,0.0018855056106400754,0.0011048591274830809,-0.000325336691004455,-1.5850192088995185,-0.022443308092344516,1.555426167780747,0.10289999842643738,0.40549999475479126,1.6497999429702759,-1.5707963267948966,0.0,1.5707963267948966,0.016919749049408836,-0.03573789565140631,1.9595605576011068
0.09213697489780434,0.5025707308165123,1.7637846671840205,0.0018169035085493696,0.00104268436868673,-0.0007606868120414096,-1.5852179965867546,-0.0226518690356996,1.5554004856299086,0.10289999842643738,0.40549999475479126,1.6497999429702759,-1.5707963267948966,0.0,1.5707963267948966,0.016949757588431646,-0.035852751985855386,1.95926425760628
0.09232934623994403,0.5022662925524259,1.7634397649474798,0.0011087940020766255,0.0009819578500488942,-0.0008947762818997028,-1.585412099833087,-0.022823391990366204,1.5553782195486343,0.10289999842643738,0.40549999475479126,1.6497999429702759,-1.5707963267948966,0.0,1.5707963267948966,0.01698158753780038,-0.03596745355689541,1.9589726459651486
0.09249794384304025,0.5019952183779163,1.763129214933855,0.0002602576475057921,0.0009946725721068344,-0.0006648652116194625,-1.5855926549486599,-0.022968056091950295,1.5553475533436663,0.10289999842643738,0.40549999475479126,1.6497999429702759,-1.5707963267948966,0.0,1.5707963267948966,0.017011053135653636,-0.03607067780422069,1.9587123445744674
0.0926866659057305,0.5016933894644368,1.7627858931207867,-0.00045869749132165067,0.0009470720497122056,-0.00031029933495215726,-1.5857963533927768,-0.023144269219034008,1.5553075686726598,0.10289999842643738,0.40549999475479126,1.6497999429702759,-1.5707963267948966,0.0,1.5707963267948966,0.017043583300776852,-0.036184895104591684,1.9584242686489184
0.09289569989513627,0.5013562575625982,1.762411268059339,-0.001142477334852634,0.0007565839516795875,-0.00022352115253716228,-1.5860031040973623,-0.02333584621453344,1.5552679911982454,0.10289999842643738,0.40549999475479126,1.6497999429702759,-1.5707963267948966,0.0,1.5707963267948966,0.01707905504151584,-0.036309589279344454,1.9581093277349981
0.09314185540665475,0.5009536413811514,1.7619733646963776,-0.0011916274667800953,0.0004900300714068011,-0.00013018232034674193,-1.5862484738502052,-0.023564946350020044,1.5552231134050956,0.10289999842643738,0.40549999475479126,1.6497999429702759,-1.5707963267948966,0.0,1.5707963267948966,0.01712120234169651,-0.036456342610216755,1.9577364518348144
0.09329561798996423,0.5007040312443153,1.761704288359357,-0.0011112923683186116,0.000455250347269296,0.00016501324602139937,-1.5864062572836082,-0.02372296099039861,1.5551856744329413,0.10289999842643738,0.40549999475479126,1.6497999429702759,-1.5707963267948966,0.0,1.5707963267948966,0.017146924496936708,-0.036546524555262506,1.9575053108126481
0.09349861134046691,0.5003913604061833,1.7613701557215085,-0.000620245034464013,0.000575914687277816,0.0005787514128696955,-1.5866029746135444,-0.023933466091915268,1.555144350128137,0.10289999842643738,0.40549999475479126,1.6497999429702759,-1.5707963267948966,0.0,1.5707963267948966,0.017177382417395824,-0.036659246653263436,1.957215412431171
0.0936678415562798,0.5001413011860447,1.761100556888124,0.0003388632702584264,0.0006021390080805808,0.0005229480144507248,-1.5867657351083193,-0.02410920288321705,1.5551176590092468,0.10289999842643738,0.40549999475479126,1.6497999429702759,-1.5707963267948966,0.0,1.5707963267948966,0.01720070356788709,-0.036749426332034194,1.9569852413391764
0.0939032834017219,0.4997979658617917,1.7607221809241331,0.0011246786917374694,0.0006765474901385718,0.000314724787912361,-1.587007824643431,-0.024378293530662454,1.5550903471395254,0.10289999842643738,0.40549999475479126,1.6497999429702759,-1.5707963267948966,0.0,1.5707963267948966,0.017232659468269025,-0.03687339118778016,1.9566718070924327
0.09409696060833495,0.4995163496565479,1.760412358766369,0.0009288040277066463,0.0007620424016136936,8.835340391544471e-05,-1.587207967849263,-0.024618414294045987,1.5550880732526788,0.10289999842643738,0.40549999475479126,1.6497999429702759,-1.5707963267948966,0.0,1.5707963267948966,0.01725896628933376,-0.03697464418008652,1.956415898374197
0.0943070222451641,0.49920218127290616,1.7600729666980217,0.0004894419685349927,0.0006878549872748758,-0.0003658107393084974,-1.5874074558989524,-0.02488410767110283,1.5551084333599086,0.10289999842643738,0.40549999475479126,1.6497999429702759,-1.5707963267948966,0.0,1.5707963267948966,0.01729240697830704,-0.03709815856815507,1.9561027668777848
0.0945071904685591,0.49888951742486976,1.7597364891711915,9.836854266884624e-05,0.0004930175993539063,-0.0006131437277524653,-1.5876003093622448,-0.02515172668068688,1.555136753283788,0.10289999842643738,0.40549999475479126,1.6497999429702759,-1.5707963267948966,0.0,1.5707963267948966,0.017321552243141813,-0.03719926288530887,1.955848555411396
0.09474059040311181,0.498514423836189,1.7593397331517022,2.739924317098186e-05,0.0003036107610982878,-0.00045054504449896837,-1.5878268709106258,-0.02547527834386587,1.5551782060256238,0.10289999842643738,0.40549999475479126,1.6497999429702759,-1.5707963267948966,0.0,1.5707963267948966,0.01736183354536624,-0.03733408693231573,1.9555113184019852
0.09489569736555266,0.4982642832572287,1.7590773160099609,0.0002835275159983514,0.00024667185447458474,-0.00021708044706492523,-1.5879641358997565,-0.025683994020566203,1.5552082329143508,0.10289999842643738,0.40549999475479126,1.6497999429702759,-1.5707963267948966,0.0,1.5707963267948966,0.017388853497030454,-0.037424081362389554,1.9552865092940261
0.09509375252237968,0.4979527260202305,1.75874840978812,0.000999188346521752,0.0002648363237126773,0.00018917952964511047,-1.588132575439458,-0.0259591970678672,1.5552419561475923,0.10289999842643738,0.40549999475479126,1.6497999429702759,-1.5707963267948966,0.0,1.5707963267948966,0.017421955269670227,-0.03753677322109533,1.9550058996707227
0.09529965721997465,0.497642260669285,1.7584154914575616,0.0014715472224256206,0.00021924621794890627,0.00023148106546809087,-1.5882938421988977,-0.02627087850065024,1.5552677808360331,0.10289999842643738,0.40549999475479126,1.6497999429702759,-1.5707963267948966,0.0,1.5707963267948966,0.017454102658734743,-0.03764957398869669,1.9547275964701698
0.09550612169329435,0.49733594937771775,1.7580793825644525,0.0014519223201174987,0.00010476991946698204,-6.876574108473549e-05,-1.5884371426771062,-0.02657213762592736,1.5552733958070077,0.10289999842643738,0.40549999475479126,1.6497999429702759,-1.5707963267948966,0.0,1.5707963267948966,0.017486651338267472,-0.03776291916521502,1.9544509143365303
0.09574635073904236,0.49697437039989373,1.7576729362858294,0.001153098007949013,-8.466213635572461e-05,-0.00047557931684331575,-1.588588883961925,-0.026920148177021375,1.555262119200439,0.10289999842643738,0.40549999475479126,1.6497999429702759,-1.5707963267948966,0.0,1.5707963267948966,0.017527531006015964,-0.03789955828668105,1.9541203962762126
0.09589934338641361,0.4967353368752148,1.7574007758579921,0.0008995925394102058,-0.0001858717874557107,-0.0006285595879779913,-1.5886773790781328,-0.02714814186416037,1.555247662116456,0.10289999842643738,0.40549999475479126,1.6497999429702759,-1.5707963267948966,0.0,1.5707963267948966,0.01755616629292374,-0.03799075183821271,1.953901479333879
0.09615622705183255,0.4963145233287804,1.756923014444823,0.0005614583482467737,-0.00017954500469610928,-0.00036970050157147656,-1.5888081574497486,-0.027498096312344344,1.5551970316999024,0.10289999842643738,0.40549999475479126,1.6497999429702759,-1.5707963267948966,0.0,1.5707963267948966,0.017607820169381762,-0.03814993456219545,1.9535192063928337
0.09628352483370493,0.4961018506923889,1.7566827304183064,0.00048221955315030376,-0.00016276415496772442,-0.00022461741463411522,-1.588868922612084,-0.027662721160213177,1.5551564118177397,0.10289999842643738,0.40549999475479126,1.6497999429702759,-1.5707963267948966,0.0,1.5707963267948966,0.017633744517471225,-0.038229187599194164,1.9533280330556309
0.0964449721383034,0.49582619810803513,1.7563711193110105,0.0004866546874978683,-0.00027948547428252916,-0.00036184463275725415,-1.5889506569639376,-0.027872067713334836,1.555094829940828,0.10289999842643738,0.40549999475479126,1.6497999429702759,-1.5707963267948966,0.0,1.5707963267948966,0.017667429325505135,-0.03833073424939084,1.9530819878060666
0.09667416984491423,0.4953943746872239,1.7558829368115507,0.00013653644096255042,-0.0006978545905126631,-0.000893387504774909,-1.5890678933476927,-0.028117663895109946,1.5550034333515161,0.10289999842643738,0.40549999475479126,1.6497999429702759,-1.5707963267948966,0.0,1.5707963267948966,0.017723088286925575,-0.03848824873170208,1.952699266703051
0.09677648683477721,0.49517956685598497,1.755638338839276,-0.00026497670811646796,-0.0009232228991236417,-0.001037745363761711,-1.5891319570921434,-0.028195711924395628,1.5549578277661267,0.10289999842643738,0.40549999475479126,1.6497999429702759,-1.5707963267948966,0.0,1.5707963267948966,0.01775705043985526,-0.03857829825573022,1.9524816077749538
0.09688418865108188,0.49493456446183276,1.7553605476447762,-0.0007735368619716064,-0.0011435569921727016,-0.0010364957621320685,-1.5892061032067943,-0.028266507031970534,1.5549074226595696,0.10289999842643738,0.40549999475479126,1.6497999429702759,-1.5707963267948966,0.0,1.5707963267948966,0.017787869232400787,-0.0386570446720745,1.9522911705634967
0.09700861383679414,0.49462454088336005,1.755015536251386,-0.0006944850546748684,-0.001377979228698625,-0.0007694389001207537,-1.5892816356357053,-0.028329609975783487,1.5548544879315163,0.10289999842643738,0.40549999475479126,1.6497999429702759,-1.5707963267948966,0.0,1.5707963267948966,0.017833099453377316,-0.038769107324130324,1.9520176434647674
0.09714548701161273,0.49424803601839445,1.7546005814909171,-0.000572168885059561,-0.001731430126709546,-0.0007873028141951459,-1.589344978683181,-0.02835506523044984,1.554794583172135,0.10289999842643738,0.40549999475479126,1.6497999429702759,-1.5707963267948966,0.0,1.5707963267948966,0.017888806882386324,-0.03890325871516007,1.9516871911862592
0.09723644892842619,0.49396567790054674,1.7542939506306279,-0.0010569116201291104,-0.0018657911580832875,-0.0007134024276952639,-1.5893819050484017,-0.028353503371408628,1.5547598510350844,0.10289999842643738,0.40549999475479126,1.6497999429702759,-1.5707963267948966,0.0,1.5707963267948966,0.017932217289561132,-0.03900407979223532,1.951436484651346
0.09733026743842019,0.4936520000256765,1.753964254104327,-0.0014686012154690117,-0.001792655730069798,-0.00041200631264663766,-1.5894093071930422,-0.02834588642239666,1.5547441944158302,0.10289999842643738,0.40549999475479126,1.6497999429702759,-1.5707963267948966,0.0,1.5707963267948966,0.017981323126672253,-0.03911636510888487,1.951152993910095
0.09743171387218014,0.49330772749050156,1.7536087119989279,-0.001144479447850792,-0.001596789941373255,5.982805107759487e-05,-1.589407256468401,-0.028331887461721994,1.5547487137026583,0.10289999842643738,0.40549999475479126,1.6497999429702759,-1.5707963267948966,0.0,1.5707963267948966,0.018035179068412406,-0.03924027538681578,1.9508374255749845
0.09750859911571277,0.4930595455982152,1.7533523627423797,-0.0009366621354936752,-0.0014055435800265892,0.0004042582957495128,-1.5893988917870805,-0.028336764451442953,1.5547576311249303,0.10289999842643738,0.40549999475479126,1.6497999429702759,-1.5707963267948966,0.0,1.5707963267948966,0.01807369832701961,-0.03933077552567261,1.9506075999019044
0.09763132946505823,0.4926916682994289,1.7529707060131234,-0.00023153277741804802,-0.0012746525364878659,0.0006141650121545279,-1.5893876963763907,-0.02836865906239039,1.5547722513704039,0.10289999842643738,0.40549999475479126,1.6497999429702759,-1.5707963267948966,0.0,1.5707963267948966,0.01813000899370733,-0.03946712280885043,1.9502641406331052
0.09771632374157195,0.49244646425670874,1.7527150192017988,0.000136486945431751,-0.0012630260985183476,0.0007093073623668077,-1.5893763085391228,-0.028390281116581484,1.5547738849555108,0.10289999842643738,0.40549999475479126,1.6497999429702759,-1.5707963267948966,0.0,1.5707963267948966,0.01816700809350698,-0.03955819241934936,1.9500355493121002
0.09784170854663969,0.49210951316588725,1.752366100831589,-0.00029495589211889217,-0.0011732522308173009,0.000992046101522665,-1.5893386972226895,-0.028440826080808446,1.5547569768372917,0.10289999842643738,0.40549999475479126,1.6497999429702759,-1.5707963267948966,0.0,1.5707963267948966,0.01821667816271467,-0.039683660187579926,1.9497187970125336
0.09796855786653855,0.49180614822336055,1.75205460541368,-0.0006282375770987538,-0.0010735495098141336,0.0011320978662045884,-1.5892843197841866,-0.028526259452409608,1.554726563091148,0.10289999842643738,0.40549999475479126,1.6497999429702759,-1.5707963267948966,0.0,1.5707963267948966,0.01826000905294079,-0.03979811649944019,1.949428399138696
0.09811852174415202,0.4914768630110266,1.7517130167527268,-0.0008634695250080572,-0.0009481525725316058,0.0010447022451995748,-1.589194528194159,-0.02863414477090398,1.5546838732498875,0.10289999842643738,0.40549999475479126,1.6497999429702759,-1.5707963267948966,0.0,1.5707963267948966,0.018306023700382222,-0.0399245536449206,1.9491069119639661
0.09825968205111157,0.491181949050729,1.751401787662538,-0.0005963619401020264,-0.0008660216829177372,0.0007325453297594364,-1.5891052215414545,-0.028739933729067246,1.554630643087085,0.10289999842643738,0.40549999475479126,1.6497999429702759,-1.5707963267948966,0.0,1.5707963267948966,0.01834708632592721,-0.040040071639404734,1.9488118542023602
0.0983719111549749,0.4909483995632683,1.7511475619210666,-0.00014919752429776617,-0.0007779794383116603,0.0004991774980989195,-1.5890381395116415,-0.02883208262409198,1.5545736835670578,0.10289999842643738,0.40549999475479126,1.6497999429702759,-1.5707963267948966,0.0,1.5707963267948966,0.018384336545480467,-0.04014435091972948,1.9485461630393075
0.09851030653243568,0.49065707520466384,1.7508265331116513,-0.0001944544312125403,-0.0005829808457824126,0.00024532364552267544,-1.5889495475248163,-0.028943178508847645,1.5545035328834338,0.10289999842643738,0.40549999475479126,1.6497999429702759,-1.5707963267948966,0.0,1.5707963267948966,0.018426244261108757,-0.040260208985279225,1.9482513288466177
0.09864315105755478,0.4903637814307098,1.7505082694807308,-0.0006126928747667342,-0.00037617700215564854,1.0269666062421368e-05,-1.5888427139259174,-0.029045029688798962,1.5544501198028162,0.10289999842643738,0.40549999475479126,1.6497999429702759,-1.5707963267948966,0.0,1.5707963267948966,0.018464775671196438,-0.040364176190891166,1.9479855295241768
0.09876757629917432,0.49006677721725694,1.750193030326954,-0.0007227821560594821,-0.0002540684528210775,-0.000221690087766702,-1.588715866042226,-0.029149538828182386,1.5544242175510048,0.10289999842643738,0.40549999475479126,1.6497999429702759,-1.5707963267948966,0.0,1.5707963267948966,0.018513172101415284,-0.04049051972744508,1.9476601937702567
0.09888133975752728,0.48976814461449264,1.7498770773620818,-0.001111764076924369,-0.00022386116014266674,-0.00033362304285947147,-1.5885695239052773,-0.02923298482464265,1.5544026884169397,0.10289999842643738,0.40549999475479126,1.6497999429702759,-1.5707963267948966,0.0,1.5707963267948966,0.018553899774418042,-0.04059356081201682,1.9473939805810272
0.09899633422772927,0.48944227009363606,1.7495350233413682,-0.002093892978085009,-0.00025240503289060043,-0.00035935055359384723,-1.588382586308858,-0.029282152748866697,1.554377376233217,0.10289999842643738,0.40549999475479126,1.6497999429702759,-1.5707963267948966,0.0,1.5707963267948966,0.018604619833179754,-0.04071971696759586,1.9470659509821273
0.09909398227889338,0.48914764769916963,1.749232012736547,-0.0025551608180226122,-0.00035399433616997624,-0.000181671853549921,-1.588194418227398,-0.029313387276558966,1.5543515357397721,0.10289999842643738,0.40549999475479126,1.6497999429702759,-1.5707963267948966,0.0,1.5707963267948966,0.018651282820959195,-0.0408346033217856,1.9467630806425826
0.09919306337400281,0.48885358790235917,1.7489328894977685,-0.002323702382568807,-0.0003800928389296852,0.00027436015185552677,-1.5880079783866616,-0.0293464228408169,1.5543302319241539,0.10289999842643738,0.40549999475479126,1.6497999429702759,-1.5707963267948966,0.0,1.5707963267948966,0.018697537744472956,-0.04094962756390593,1.9464570925460973
0.09928956746242686,0.4885895004861737,1.7486668910084262,-0.0021738360900048037,-0.00035063528003780194,0.0005242911432131705,-1.5878434990138146,-0.029371218006410515,1.554330122733591,0.10289999842643738,0.40549999475479126,1.6497999429702759,-1.5707963267948966,0.0,1.5707963267948966,0.018737925681982938,-0.04105325060140684,1.9461815677193888
0.09940340189877342,0.48829735086370124,1.7483776633435395,-0.0017818266935902725,-0.0002551916789080411,0.0007247001595273884,-1.5876728918891272,-0.029407117961389062,1.5543447949875762,0.10289999842643738,0.40549999475479126,1.6497999429702759,-1.5707963267948966,0.0,1.5707963267948966,0.018781779305585868,-0.04116859989719614,1.9458756562803854
0.09952705966010594,0.48800971715222485,1.7480892420289462,-0.001255720777585479,-0.0001421572357131756,0.000816891815775749,-1.5875274336531882,-0.02947521924663299,1.5543411656117254,0.10289999842643738,0.40549999475479126,1.6497999429702759,-1.5707963267948966,0.0,1.5707963267948966,0.0188242618616372,-0.04128458150443698,1.9455699402735267
0.09970111951786512,0.4876343364422372,1.7477190971412422,-0.0006785266334045484,6.976751414097362e-05,0.0009918997810149134,-1.5873584216502563,-0.029575856194276273,1.5543337373977424,0.10289999842643738,0.40549999475479126,1.6497999429702759,-1.5707963267948966,0.0,1.5707963267948966,0.018877731338234886,-0.04143549162693024,1.9451703396991302
0.09983088854300619,0.4873719640897577,1.747465952496841,-0.00029545504751063727,0.0001077730480799193,0.0007780694735147924,-1.5872586007996417,-0.029666052778390295,1.55433329817963,0.10289999842643738,0.40549999475479126,1.6497999429702759,-1.5707963267948966,0.0,1.5707963267948966,0.018913510840426376,-0.04153979374020865,1.9448917696028172
0.09995977978086813,0.48711196824893527,1.7472132098977662,-0.00010657780959552555,3.943214148738967e-05,0.0004129089383727633,-1.5871711631263414,-0.02976738731649764,1.5543296565380469,0.10289999842643738,0.40549999475479126,1.6497999429702759,-1.5707963267948966,0.0,1.5707963267948966,0.018949517599402808,-0.041644345796729126,1.944613151285856
0.10012917254870053,0.48677136452160924,1.7468788005075857,-0.0002486866853580013,6.535209327255707e-05,0.000326090146147162,-1.587051868120638,-0.02989725455221315,1.5543282552745228,0.10289999842643738,0.40549999475479126,1.6497999429702759,-1.5707963267948966,0.0,1.5707963267948966,0.018997691017024188,-0.04178422965532633,1.9442434600636418
0.10024351483323982,0.4865463977920042,1.7466591225035448,-0.00046991891812214677,0.00010669452168753287,0.0003240593382260609,-1.5869746593531986,-0.029984852292504804,1.5543376068285395,0.10289999842643738,0.40549999475479126,1.6497999429702759,-1.5707963267948966,0.0,1.5707963267948966,0.019029413029153824,-0.04187755829024638,1.943996860648552
0.1003874887914739,0.4862666377312203,1.7463894552441315,-0.000799168760560494,0.00012183823863691412,0.00020187351056835025,-1.5868991046691396,-0.030112914692310255,1.5543497918582472,0.10289999842643738,0.40549999475479126,1.6497999429702759,-1.5707963267948966,0.0,1.5707963267948966,0.01906893503200659,-0.04199430786892984,1.9436862599839881
0.10051729098995468,0.486015458821692,1.7461490950762437,-0.00025244474727961205,0.00012945471004034427,0.00023409077604765222,-1.5868356967256905,-0.030233842401285127,1.5543605553026763,0.10289999842643738,0.40549999475479126,1.6497999429702759,-1.5707963267948966,0.0,1.5707963267948966,0.019104613778535298,-0.042099476860863475,1.943404561033419
0.10066548769950298,0.4857363474715799,1.7458772680229941,0.0006511962143801606,0.00019682684231253473,0.00036641846716813423,-1.5867674201104685,-0.030369071103263146,1.5543713563723252,0.10289999842643738,0.40549999475479126,1.6497999429702759,-1.5707963267948966,0.0,1.5707963267948966,0.019143746565355457,-0.042216371031994854,1.943090635907759
0.10081973614245587,0.48545887560179235,1.7456018759589713,0.001317634930069689,0.00029730684442768105,0.0004954971872805307,-1.5867146146559652,-0.030519380569192123,1.5543737343715514,0.10289999842643738,0.40549999475479126,1.6497999429702759,-1.5707963267948966,0.0,1.5707963267948966,0.01918196222738877,-0.04233342804683488,1.9427753893086803
0.10099412787779108,0.48515775669823813,1.7452939132561005,0.0016839814162010658,0.00024077384059263495,0.00013214879723373057,-1.5866782557145651,-0.03069581744776606,1.55436285628882,0.10289999842643738,0.40549999475479126,1.6497999429702759,-1.5707963267948966,0.0,1.5707963267948966,0.01922350610574698,-0.04246256837227097,1.9424274931573593
0.10117656409244384,0.4848396109964957,1.7449506000196426,0.0015349671789409137,0.00011606996674522359,-0.00016165165318786506,-1.586634082499882,-0.030857714864602315,1.5543223380293363,0.10289999842643738,0.40549999475479126,1.6497999429702759,-1.5707963267948966,0.0,1.5707963267948966,0.019270398370317684,-0.042604348960459386,1.9420506772607584
0.1012951681869284,0.48463215097485124,1.7447195373638005,0.0009619636421331732,9.75695593726793e-05,-0.00021050610091637932,-1.5866115380520007,-0.030963607643015756,1.5542770441377236,0.10289999842643738,0.40549999475479126,1.6497999429702759,-1.5707963267948966,0.0,1.5707963267948966,0.01930223373377942,-0.04269907880223324,1.9418009581568147
0.10144045460833553,0.48437268897683494,1.7444334800871286,5.865259668197353e-06,0.00020583588202040343,-3.905328618972732e-05,-1.5865810897215677,-0.031090602411834922,1.5542068457342013,0.10289999842643738,0.40549999475479126,1.6497999429702759,-1.5707963267948966,0.0,1.5707963267948966,0.01934619895669699,-0.04282887804385423,1.9414562005081781
0.10158467891044426,0.4841079374654723,1.7441540090136003,-0.0010587679216108054,0.00033624525905772594,4.057692692647959e-06,-1.5865189462193736,-0.031205633670483124,1.5541400629858286,0.10289999842643738,0.40549999475479126,1.6497999429702759,-1.5707963267948966,0.0,1.5707963267948966,0.019381862822742797,-0.042934202786216916,1.9411723819906568
0.10172276848156298,0.48383896376552876,1.7438838216230617,-0.0018362064934282691,0.0003353635139371823,-0.00020759299726799948,-1.5864349451386743,-0.03131877271468042,1.5540878504198412,0.10289999842643738,0.40549999475479126,1.6497999429702759,-1.5707963267948966,0.0,1.5707963267948966,0.019426132566946263,-0.04306211657295291,1.940822942604666
0.10185336775840759,0.4835680976972622,1.7436185867391847,-0.0016328162004209106,0.00029562751866658556,-0.00010493762450430499,-1.5863344416232852,-0.03143783439649894,1.5540381134810801,0.10289999842643738,0.40549999475479126,1.6497999429702759,-1.5707963267948966,0.0,1.5707963267948966,0.019463052368171814,-0.043166431764934995,1.9405360606298778
0.10199705931376334,0.48326707644961664,1.7433275593684907,-0.0008874155270687919,0.00024091134511311933,0.00013154982592520942,-1.586196704694883,-0.03156676811581027,1.5539812176307568,0.10289999842643738,0.40549999475479126,1.6497999429702759,-1.5707963267948966,0.0,1.5707963267948966,0.019507675481476753,-0.04329357700358624,1.9401864486243308
0.1021157955866399,0.4830199529042969,1.743093133268591,-0.0006206096343289883,0.00016902604476332224,0.0001936274232090946,-1.586071577354708,-0.03167831573298496,1.5539397880193417,0.10289999842643738,0.40549999475479126,1.6497999429702759,-1.5707963267948966,0.0,1.5707963267948966,0.019543770048364034,-0.04339758278129953,1.939900754751258
0.10223539763696594,0.48277208705767727,1.742866679899709,-0.0004477710454070896,7.201534776860931e-05,0.000242100896830849,-1.585946062248926,-0.03181045865129173,1.5539166099336978,0.10289999842643738,0.40549999475479126,1.6497999429702759,-1.5707963267948966,0.0,1.5707963267948966,0.0195797235490906,-0.04350161193912719,1.93961359901751
0.10237095055482691,0.48249441855400443,1.7426225414134686,6.747828413085946e-05,-2.3968055930971245e-05,0.0003944463495039651,-1.5857979623828367,-0.031970576324604316,1.5539214272030295,0.10289999842643738,0.40549999475479126,1.6497999429702759,-1.5707963267948966,0.0,1.5707963267948966,0.0196192643612463,-0.04361711271607843,1.9392922107778985
0.10252687467251835,0.4821902455837368,1.7423545819616797,0.0013070954044083212,-0.00010489010943816776,0.0004973690180686658,-1.585621170924444,-0.032161453211018376,1.553942542119152,0.10289999842643738,0.40549999475479126,1.6497999429702759,-1.5707963267948966,0.0,1.5707963267948966,0.019661776236297845,-0.04374446242745936,1.938937414218043
0.10267378944730694,0.4819222178748451,1.7421022757972084,0.0018990115988142926,-0.0001273849946922296,0.00038085382507326953,-1.5854705056981087,-0.03234878860530488,1.5539418014681152,0.10289999842643738,0.40549999475479126,1.6497999429702759,-1.5707963267948966,0.0,1.5707963267948966,0.019699710175858767,-0.043861171215084205,1.9386150562079594
0.1028200870426794,0.48166128745506226,1.7418500351795416,0.0011211947906979403,-4.538013784046904e-05,0.0002489229852167523,-1.58531931571228,-0.032526202252052716,1.5539326584041584,0.10289999842643738,0.40549999475479126,1.6497999429702759,-1.5707963267948966,0.0,1.5707963267948966,0.019737545953523103,-0.043978511781436386,1.9382914827613131
0.10296506285676124,0.48140245125444014,1.7416045352834113,0.0004150183761312849,5.1254590330615465e-06,0.00021451749849054355,-1.5851586135627038,-0.03269056389285918,1.5539288253933852,0.10289999842643738,0.40549999475479126,1.6497999429702759,-1.5707963267948966,0.0,1.5707963267948966,0.019775297291486478,-0.0440958067422557,1.9379656950941253
0.10311107930547603,0.48114389267469787,1.7413578228637223,0.00037094990225875634,-1.3527260081285961e-05,0.0002994399088863129,-1.5850178355441846,-0.03286350866499976,1.553917584989159,0.10289999842643738,0.40549999475479126,1.6497999429702759,-1.5707963267948966,0.0,1.5707963267948966,0.019812773885407902,-0.04421278944430772,1.937638451090165
0.10327526988562771,0.4808515122655277,1.7410810990727579,0.0007651235697695072,-9.057494022833768e-05,0.00042425086977912425,-1.5848730534559892,-0.03306189936442738,1.5539064601491217,0.10289999842643738,0.40549999475479126,1.6497999429702759,-1.5707963267948966,0.0,1.5707963267948966,0.01985706391181234,-0.04435165294835418,1.9372450456475485
0.10342771095081646,0.480578246789916,1.7408224904505374,0.0007515300667681531,-0.00023730386798700523,0.0003170607024381988,-1.5847456928301462,-0.033240684440585255,1.5538978110684445,0.10289999842643738,0.40549999475479126,1.6497999429702759,-1.5707963267948966,0.0,1.5707963267948966,0.019889940636655605,-0.04445469515910775,1.93695035202453
0.10356408020207741,0.4803314683930521,1.7405865463536858,0.00025624340255324846,-0.0004218845826045205,7.228017131405072e-05,-1.5846509843204921,-0.033401715088275274,1.5538752772949178,0.10289999842643738,0.40549999475479126,1.6497999429702759,-1.5707963267948966,0.0,1.5707963267948966,0.01992318836445011,-0.04455736449842909,1.9366558353520866
0.10371175111337948,0.4800551923948994,1.7403235349291253,6.59809589168616e-05,-0.0005907023869492139,-6.919961952334224e-05,-1.5845736827250345,-0.033573298830469334,1.5538359263945984,0.10289999842643738,0.40549999475479126,1.6497999429702759,-1.5707963267948966,0.0,1.5707963267948966,0.019960988576004132,-0.044670874042000416,1.9363297352065376
0.10385693461241632,0.4797749810545213,1.7400560845622433,0.0001618377391490107,-0.0006565771322805382,-8.71582499756351e-05,-1.584510365527797,-0.03373389298344698,1.553781129615149,0.10289999842643738,0.40549999475479126,1.6497999429702759,-1.5707963267948966,0.0,1.5707963267948966,0.019999412245987405,-0.04478366531570087,1.9360053253133422
0.10399979131161675,0.4794938216250898,1.7397833505376743,0.0002958397752717841,-0.0007397490690881646,-0.000247502535984172,-1.5844767913553397,-0.03389381278254433,1.553699113193722,0.10289999842643738,0.40549999475479126,1.6497999429702759,-1.5707963267948966,0.0,1.5707963267948966,0.020038415220326664,-0.04489615427545858,1.9356812573562796
0.10413713182313218,0.4792124171823987,1.7395065696690821,0.00014812232799690057,-0.0007602224268537227,-0.0002555640532617618,-1.5844736995343986,-0.034048017804394703,1.5535977149995945,0.10289999842643738,0.40549999475479126,1.6497999429702759,-1.5707963267948966,0.0,1.5707963267948966,0.020078525602611138,-0.04500842590901011,1.9353577990072222
0.10427487593302298,0.4789324776332372,1.739227918540067,0.00025760263513935756,-0.0006738853615950682,-1.2277393127023024e-05,-1.58449804450411,-0.034192932292951284,1.553487780239191,0.10289999842643738,0.40549999475479126,1.6497999429702759,-1.5707963267948966,0.0,1.5707963267948966,0.02011873907300451,-0.04512062742815643,1.9350350646956742
0.10441679578735481,0.4786565765614019,1.7389428754540663,0.00030728099460254507,-0.0005571227368944365,0.00015851975901993098,-1.5845502697656424,-0.03433696390544849,1.5533649721255962,0.10289999842643738,0.40549999475479126,1.6497999429702759,-1.5707963267948966,0.0,1.5707963267948966,0.020158339408801403,-0.04523293307374263,1.9347146439819354
0.10456223295840884,0.4783846762410972,1.7386536751167592,0.00026976717295556076,-0.0004553423302151814,0.00021540015068586093,-1.584625676602097,-0.03448931765037555,1.5532241996025764,0.10289999842643738,0.40549999475479126,1.6497999429702759,-1.5707963267948966,0.0,1.5707963267948966,0.020197424357420585,-0.04534533067397579,1.9343960500783204
0.1047260572506963,0.4780905510796271,1.738327718815975,0.0006038484193395449,-0.0003781899603196297,0.0002848879363303382,-1.584729781653211,-0.034648309327553584,1.5530447057953058,0.10289999842643738,0.40549999475479126,1.6497999429702759,-1.5707963267948966,0.0,1.5707963267948966,0.020239907752580052,-0.045469200767419886,1.9340467465557425
0.10486344490563031,0.477853785645911,1.738052702092752,0.0007065514535884158,-0.0003658465844949779,0.00022761629131657374,-1.5848290693205807,-0.03477646450770333,1.5528725823647667,0.10289999842643738,0.40549999475479126,1.6497999429702759,-1.5707963267948966,0.0,1.5707963267948966,0.02027420931257227,-0.04557076960733669,1.9337615000704942
0.10500042908452112,0.4776188478786678,1.7377740635724652,0.0007857452039617939,-0.0004006574262141784,0.00013397474502410293,-1.5849404920804804,-0.03490911988471357,1.5526844358627527,0.10289999842643738,0.40549999475479126,1.6497999429702759,-1.5707963267948966,0.0,1.5707963267948966,0.020308538883972188,-0.045672352921779215,1.9334761111531704
0.10521103335466607,0.47725787509918105,1.737327945984827,0.0013990143484877606,-0.0005470665969217808,-0.000141090778682644,-1.5851427632762258,-0.03513491410862013,1.5523525239602065,0.10289999842643738,0.40549999475479126,1.6497999429702759,-1.5707963267948966,0.0,1.5707963267948966,0.02036253250069088,-0.04583060396669459,1.9330328447240295
0.10531265308395195,0.4770785993631529,1.7370983527234993,0.0015356022367592765,-0.0005842983921403224,-0.0002267637290798579,-1.5852467222343027,-0.03524815765067624,1.5521671354991466,0.10289999842643738,0.40549999475479126,1.6497999429702759,-1.5707963267948966,0.0,1.5707963267948966,0.020390136426897923,-0.04590974251797343,1.9328122698785093
0.10545387322995203,0.476825039752344,1.7367669229946527,0.0012255288713288184,-0.000584337796770334,-0.0003135525622046031,-1.5853982056321327,-0.035417898877421194,1.5518904599308825,0.10289999842643738,0.40549999475479126,1.6497999429702759,-1.5707963267948966,0.0,1.5707963267948966,0.020430093078408613,-0.04602283250497705,1.9324979124626485
0.10561907400042789,0.4765235295462633,1.73636653863858,0.0007984962483217026,-0.0004897438185850057,-0.00010769727127752205,-1.5855646895796238,-0.03564521821817346,1.5515497935169695,0.10289999842643738,0.40549999475479126,1.6497999429702759,-1.5707963267948966,0.0,1.5707963267948966,0.020478649619649732,-0.04615846198046499,1.932120793916457
0.10575605576663122,0.47627135376916724,1.7360306121884406,0.0007356216998726882,-0.0005301807634738538,-0.00023945541430415646,-1.5856748073546671,-0.035859911975706815,1.5512695437538508,0.10289999842643738,0.40549999475479126,1.6497999429702759,-1.5707963267948966,0.0,1.5707963267948966,0.020519083763446223,-0.046271006570229735,1.9318079797815404
0.10585887636678569,0.4760707417736154,1.7357578411651309,0.0008768842927236567,-0.0006562937460568304,-0.00048481506885712105,-1.5857542945327268,-0.03603806311692104,1.5510451859619359,0.10289999842643738,0.40549999475479126,1.6497999429702759,-1.5707963267948966,0.0,1.5707963267948966,0.020552439104518896,-0.046360913766033005,1.9315604288915995
0.10598587992885129,0.47580127981636056,1.7353734725004315,0.0010962227785057499,-0.0009231690580994229,-0.0009745977509002343,-1.5858599812476137,-0.036281186092418594,1.5507182267807702,0.10289999842643738,0.40549999475479126,1.6497999429702759,-1.5707963267948966,0.0,1.5707963267948966,0.020600443267437873,-0.04648486687391477,1.9312255180587758
0.10607298754816238,0.4755857210056403,1.735052038067067,0.0007355216099746427,-0.0010861339033915527,-0.0011146607696256533,-1.5859321446978611,-0.03645712563047221,1.5504355205094418,0.10289999842643738,0.40549999475479126,1.6497999429702759,-1.5707963267948966,0.0,1.5707963267948966,0.020646952966897367,-0.04659777616090167,1.9309280639100193
0.10616628936982353,0.4753260886803434,1.734662083029032,-0.00026959438779819845,-0.0011610788458791986,-0.0009708077299930714,-1.5859927632986512,-0.03666838859802457,1.5500810195485384,0.10289999842643738,0.40549999475479126,1.6497999429702759,-1.5707963267948966,0.0,1.5707963267948966,0.020695086347047042,-0.04671068000904052,1.930635124455383
0.10623234517708299,0.47511655853365087,1.7343447961773335,-0.0006801152130701443,-0.001257784503475383,-0.0009346654006150124,-1.5860254934144764,-0.03684408994128052,1.5497721422030064,0.10289999842643738,0.40549999475479126,1.6497999429702759,-1.5707963267948966,0.0,1.5707963267948966,0.020739638170079858,-0.046812425035476064,1.9303730888727408
0.10629865416599706,0.4748622237771888,1.7339562481350006,-0.0004808443283722987,-0.001375056719040325,-0.0008461735710940175,-1.5860475192897148,-0.037039348859866816,1.5493677317389054,0.10289999842643738,0.40549999475479126,1.6497999429702759,-1.5707963267948966,0.0,1.5707963267948966,0.020795720530293743,-0.04693696712063788,1.9300531036314208
0.10634876623673888,0.4746338142035863,1.7335975341686196,-4.119740313757425e-05,-0.0013707275878977112,-0.0005355877477594114,-1.5860546839654226,-0.037193940167282946,1.548966739795485,0.10289999842643738,0.40549999475479126,1.6497999429702759,-1.5707963267948966,0.0,1.5707963267948966,0.02084758061548232,-0.047050540025689445,1.929762279726746
0.10639328190577607,0.47443038454214825,1.7332723498394373,7.468088636203278e-05,-0.0011947612819369687,-1.5610443217420587e-05,-1.5860528248546149,-0.03733461755955414,1.5485913026588438,0.10289999842643738,0.40549999475479126,1.6497999429702759,-1.5707963267948966,0.0,1.5707963267948966,0.02089372695142262,-0.04715288410314704,1.9295017842348723
0.10644945860576288,0.474210399415472,1.732911364125474,-9.067227259608718e-05,-0.000983918208836855,0.0003560547723627292,-1.5860369765021123,-0.03749241839206885,1.5481605766074227,0.10289999842643738,0.40549999475479126,1.6497999429702759,-1.5707963267948966,0.0,1.5707963267948966,0.020943318206184332,-0.04726700931932247,1.9292168940768148
0.10650966805145737,0.4739979542779602,1.7325531458033017,-0.000508965592502572,-0.0009211869947305919,0.00026362360485163486,-1.5860021770220216,-0.03763993494020479,1.547719764823483,0.10289999842643738,0.40549999475479126,1.6497999429702759,-1.5707963267948966,0.0,1.5707963267948966,0.020991785572027903,-0.04738174467487694,1.9289370293802688
0.10656570160718434,0.4737917978883762,1.7321991243547104,-0.0007654755152843823,-0.001000998885509389,-1.3222579082960892e-05,-1.5859472943123478,-0.03777519454469047,1.5472633272421772,0.10289999842643738,0.40549999475479126,1.6497999429702759,-1.5707963267948966,0.0,1.5707963267948966,0.02104048636828385,-0.047497080927340465,1.9286604043385809
0.10662032425325818,0.47357207749083424,1.7318111374310927,-0.0007876515238796493,-0.0011417869657018673,-0.0002097602260050667,-1.5858747631975318,-0.03790970643474978,1.5467372887577844,0.10289999842643738,0.40549999475479126,1.6497999429702759,-1.5707963267948966,0.0,1.5707963267948966,0.021094865409075958,-0.04762474132999713,1.928359334252543
0.10665957216330846,0.47339715150162126,1.7314944805984522,-0.0007935583092437784,-0.0012137331120529024,-0.0003472924165541821,-1.5858020785890778,-0.03799952431725817,1.5462897022392876,0.10289999842643738,0.40549999475479126,1.6497999429702759,-1.5707963267948966,0.0,1.5707963267948966,0.021139981075908726,-0.0477298313827792,1.9281142677443208
0.10669816346634013,0.47318506948742534,1.7311115795646093,-0.0009657453780143051,-0.0013047398697538274,-0.0005595398724504478,-1.585711204115952,-0.03808645178936931,1.545745870103353,0.10289999842643738,0.40549999475479126,1.6497999429702759,-1.5707963267948966,0.0,1.5707963267948966,0.021196347074023087,-0.04785857424480166,1.927814360628778
0.10672119177361758,0.47301279139003116,1.7308011131746013,-0.0008986620322472745,-0.0013564641926869885,-0.000571451734793028,-1.5856362428201725,-0.03814162676995636,1.5453117576300195,0.10289999842643738,0.40549999475479126,1.6497999429702759,-1.5707963267948966,0.0,1.5707963267948966,0.02124888506475776,-0.04797576399220726,1.9275412777007248
0.10674209977380893,0.4728206950059794,1.730455702714536,-0.0009591372427611932,-0.0012936221249095841,-0.00034233147850836924,-1.5855395380215926,-0.03818723760849796,1.54484701398656,0.10289999842643738,0.40549999475479126,1.6497999429702759,-1.5707963267948966,0.0,1.5707963267948966,0.021296550164796226,-0.048081080880959616,1.9272952322788297
0.10676399028317249,0.472625891971897,1.7301144535909565,-0.001368231307113643,-0.0011148645571131912,4.208942697337364e-05,-1.5854335619114512,-0.038226906945497685,1.5444111968116172,0.10289999842643738,0.40549999475479126,1.6497999429702759,-1.5707963267948966,0.0,1.5707963267948966,0.021354253176809914,-0.04820923169661928,1.9269937917141993
0.10679641196934672,0.4724087773733103,1.7297442210022929,-0.0016734835414592081,-0.000933245028765669,0.0003290024487773094,-1.5853262429493098,-0.0382966410963963,1.5439555849987692,0.10289999842643738,0.40549999475479126,1.6497999429702759,-1.5707963267948966,0.0,1.5707963267948966,0.021405526406767163,-0.04832511323480769,1.9267213541000159
0.10683030381968227,0.472210312472209,1.7294102438767835,-0.0019296018593499547,-0.0009025046873278678,0.0001386948531960585,-1.585220568249469,-0.038370772968840505,1.543547674514622,0.10289999842643738,0.40549999475479126,1.6497999429702759,-1.5707963267948966,0.0,1.5707963267948966,0.02145614742562151,-0.048440671845142405,1.9264510045183367
0.10685500719809939,0.47203483663961765,1.7291117448515363,-0.002148803345418,-0.0009722703065163514,-0.0003508084020890229,-1.5851089947816686,-0.0384233418903106,1.543167845466556,0.10289999842643738,0.40549999475479126,1.6497999429702759,-1.5707963267948966,0.0,1.5707963267948966,0.021502460967106774,-0.0485449591869938,1.9262093598189687
0.106867194934082,0.47184543098783904,1.7287831557321935,-0.0025170439156422136,-0.0010607569470106413,-0.000907573367244999,-1.584977437560427,-0.03845083142805894,1.5427257948485964,0.10289999842643738,0.40549999475479126,1.6497999429702759,-1.5707963267948966,0.0,1.5707963267948966,0.021556009086113027,-0.04866135181026867,1.925944445457083
0.10685954821212676,0.47165629729438935,1.7284621337655095,-0.002398013226870718,-0.0011711459440810928,-0.001210839648940959,-1.5848257741118628,-0.03842734650039237,1.5422794784674498,0.10289999842643738,0.40549999475479126,1.6497999429702759,-1.5707963267948966,0.0,1.5707963267948966,0.02161211621090081,-0.04877766308219291,1.9256846614532304
0.10683136345125549,0.47144623488974013,1.728110877350819,-0.0014538490657305082,-0.0012476429537087788,-0.0011511457275591495,-1.5846365231936013,-0.03835135047490468,1.541785691217108,0.10289999842643738,0.40549999475479126,1.6497999429702759,-1.5707963267948966,0.0,1.5707963267948966,0.021676253228051473,-0.04890533824550626,1.9254045656115002
0.10679856920878482,0.47127129032517917,1.727823397746305,-0.0008375503407605385,-0.0012146884777269637,-0.0008512682721242195,-1.584472865927007,-0.038272521336401244,1.5413853384190894,0.10289999842643738,0.40549999475479126,1.6497999429702759,-1.5707963267948966,0.0,1.5707963267948966,0.021729579051803224,-0.04900939113931905,1.9251777274679263
0.10675999805309683,0.4710954623364658,1.7275382653210163,-0.0008012726708667098,-0.0012427293291399062,-0.0007868696601106719,-1.5842995253799659,-0.038173343771840784,1.5409883939622242,0.10289999842643738,0.40549999475479126,1.6497999429702759,-1.5707963267948966,0.0,1.5707963267948966,0.02178307373089385,-0.049113227055425195,1.9249518898130697
0.10670404925299157,0.47090032791301845,1.7272275905981764,-0.0010766951791573096,-0.0013447228445661842,-0.0008214207666210101,-1.5840772094271216,-0.038008770565610916,1.540557893279495,0.10289999842643738,0.40549999475479126,1.6497999429702759,-1.5707963267948966,0.0,1.5707963267948966,0.021843423622157552,-0.049228453999046934,1.9247010209826678
0.10663775733464288,0.4707040471299142,1.7269209985823926,-0.000798267538524289,-0.001447994162418964,-0.00063256353531099,-1.5838472713184648,-0.03781014931013704,1.5401373829098386,0.10289999842643738,0.40549999475479126,1.6497999429702759,-1.5707963267948966,0.0,1.5707963267948966,0.02191048272120119,-0.04935484310040357,1.9244233406149118
0.10655936679950746,0.470488010111589,1.7265797225769717,-0.0001988459615006641,-0.001566213622020081,-0.00046594300679095205,-1.5835852042682967,-0.037575145766371776,1.539668901070747,0.10289999842643738,0.40549999475479126,1.6497999429702759,-1.5707963267948966,0.0,1.5707963267948966,0.021971406675694936,-0.04946949588934911,1.9241702988010623
0.1064738012981393,0.4702715051325936,1.7262358370777193,-3.452757098578465e-05,-0.0016586907752143398,-0.0004049164502995894,-1.5832894110400362,-0.037318135544825104,1.5392088796717436,0.10289999842643738,0.40549999475479126,1.6497999429702759,-1.5707963267948966,0.0,1.5707963267948966,0.022038615480445535,-0.04959531678226182,1.9238907299967574
0.10639008802173301,0.47007675399880255,1.7259226194089425,-1.9107599554589998e-05,-0.0017133022169729005,-0.00037814431501672973,-1.5830042625217595,-0.03708535666892221,1.5387874096756042,0.10289999842643738,0.40549999475479126,1.6497999429702759,-1.5707963267948966,0.0,1.5707963267948966,0.022099849986042534,-0.04970971114479081,1.9236336329856982
0.10630147975281107,0.4698842372754173,1.7256076588214435,-7.208536469381749e-05,-0.0016990336881135088,-0.0003289404751716547,-1.5827084545342287,-0.03685328830208334,1.5383601302623617,0.10289999842643738,0.40549999475479126,1.6497999429702759,-1.5707963267948966,0.0,1.5707963267948966,0.022161214897425247,-0.049824144998973696,1.9233729403323991
0.10621760777148992,0.4697117516409244,1.7253235024825813,-8.621690122450018e-05,-0.0015971649849879277,-0.0003782310907145999,-1.5824146463708602,-0.03663074212157369,1.5379819911169157,0.10289999842643738,0.40549999475479126,1.6497999429702759,-1.5707963267948966,0.0,1.5707963267948966,0.02221647200361208,-0.04992703404505705,1.9231350334588095
0.10611880053958715,0.4695257177976397,1.725002014689017,0.00044751228953356174,-0.0014829031448297652,-0.00028608250838625047,-1.5820786666172915,-0.03636527008580437,1.5375559593755648,0.10289999842643738,0.40549999475479126,1.6497999429702759,-1.5707963267948966,0.0,1.5707963267948966,0.0222781144770761,-0.050041712136341926,1.9228685299197978
0.10602214442205944,0.46934807057191424,1.7246676662764504,0.0009035617188182296,-0.0013134360837929074,-2.533507090435878e-05,-1.5817573813818706,-0.036111694821091334,1.5370999330720048,0.10289999842643738,0.40549999475479126,1.6497999429702759,-1.5707963267948966,0.0,1.5707963267948966,0.02234498468063166,-0.050168438823993945,1.9225758642875141
0.10593288448351383,0.469175314631294,1.7243239502979897,0.0010562953652139572,-0.0009906999704366924,0.0004717636855978376,-1.5814453964432025,-0.03585593663805575,1.5366188206093425,0.10289999842643738,0.40549999475479126,1.6497999429702759,-1.5707963267948966,0.0,1.5707963267948966,0.02239816083599019,-0.050272118165360556,1.9223378286886224
0.10585724725205742,0.46900316038902456,1.723972422609433,0.0009667862620993143,-0.0007429915639376926,0.0006912956460046183,-1.581134803319327,-0.03561351742804808,1.536120823139015,0.10289999842643738,0.40549999475479126,1.6497999429702759,-1.5707963267948966,0.0,1.5707963267948966,0.02245453049825188,-0.05038658992700708,1.9220779012839484
0.10578891600037313,0.46883362183915905,1.723617127785702,3.2330792561267155e-05,-0.0006661460211702528,0.0004604803602136082,-1.5808219071914575,-0.03539456023006515,1.5356042106429646,0.10289999842643738,0.40549999475479126,1.6497999429702759,-1.5707963267948966,0.0,1.5707963267948966,0.022509127962325865,-0.05050052778515169,1.9218220065251845
0.1057143306687513,0.4686487617046031,1.7232302356705311,-0.0008581878137748655,-0.0006202628393747252,0.00022191928776047623,-1.5804627615112636,-0.03515550077484875,1.5350319628278193,0.10289999842643738,0.40549999475479126,1.6497999429702759,-1.5707963267948966,0.0,1.5707963267948966,0.022568272847129305,-0.05062532311627974,1.9215416273550385
0.10565326088619283,0.46849661864426173,1.7229137619915473,-0.0009494851248906829,-0.0006060843016474769,7.073163676344354e-05,-1.5801607922992784,-0.034955339184486345,1.534573291636533,0.10289999842643738,0.40549999475479126,1.6497999429702759,-1.5707963267948966,0.0,1.5707963267948966,0.022615832995814145,-0.050726810666852085,1.921312668958429
0.10558472838162751,0.46832709673476125,1.722558665252038,-0.0006547910742914027,-0.0005991423140309119,-0.00010457353186564022,-1.5798362558285766,-0.03473631293946822,1.5340610837917767,0.10289999842643738,0.40549999475479126,1.6497999429702759,-1.5707963267948966,0.0,1.5707963267948966,0.02266804080613046,-0.05083913272998506,1.9210578704098182
0.10551540271184184,0.4681536004092151,1.7222019380654465,-0.0003635634260298383,-0.0005407991735113296,-0.0001937497297049341,-1.5795174249965966,-0.03451699971762778,1.5335569573880499,0.10289999842643738,0.40549999475479126,1.6497999429702759,-1.5707963267948966,0.0,1.5707963267948966,0.022719868638411245,-0.05095078109189618,1.9208018079619373
0.10544488635660759,0.4679745879871702,1.7218445946921597,-0.00013772631742840622,-0.0004910058237842705,-0.00039054320448183617,-1.5791974874853076,-0.034289458078637036,1.5330553891131253,0.10289999842643738,0.40549999475479126,1.6497999429702759,-1.5707963267948966,0.0,1.5707963267948966,0.02277135514771185,-0.05106168165092259,1.9205433509344538
0.10537059689604429,0.46779063464169346,1.7214885581937722,-0.00040189815936194474,-0.00035047599064076456,-0.00035052585025728994,-1.578882461537497,-0.0340699777751996,1.5325602460608247,0.10289999842643738,0.40549999475479126,1.6497999429702759,-1.5707963267948966,0.0,1.5707963267948966,0.02282286609460674,-0.05117181341990328,1.9202825794970664
0.10530585535402041,0.46762159784575796,1.7211746951772804,-0.000957733306886235,-0.00021899903005202992,-0.00030243226328738245,-1.5786120196213826,-0.033884481623087215,1.53213024089432,0.10289999842643738,0.40549999475479126,1.6497999429702759,-1.5707963267948966,0.0,1.5707963267948966,0.022868447846765148,-0.05127031955558303,1.9200457887421862
0.10522012914240372,0.46738992534737334,1.7207696324846191,-0.0016894094986564083,1.587039822096582e-05,-0.00017841777340787994,-1.5782634781990064,-0.03361539156368387,1.53158140862944,0.10289999842643738,0.40549999475479126,1.6497999429702759,-1.5707963267948966,0.0,1.5707963267948966,0.022928242549914376,-0.05140078624474992,1.9197260096353477
0.10515908972782041,0.4672122651019576,1.7204763246704091,-0.0017774922230495004,0.00019734136451367423,-0.00013316408223760907,-1.578014301148382,-0.03340895115264786,1.5311867334261196,0.10289999842643738,0.40549999475479126,1.6497999429702759,-1.5707963267948966,0.0,1.5707963267948966,0.022971697918172537,-0.05149809563306849,1.9194829869912637
0.10509349521980636,0.4670123962024037,1.7201598984585411,-0.001624920380911081,0.00037049976019494003,-0.00011700514357631847,-1.577756132154633,-0.03317347813310523,1.530786354194652,0.10289999842643738,0.40549999475479126,1.6497999429702759,-1.5707963267948966,0.0,1.5707963267948966,0.023023407296099523,-0.051616680481909635,1.9191821416108845
0.10503848353413843,0.4668326591027334,1.7198823764058637,-0.0009616062169136216,0.0005108598661136687,-2.8637077638516506e-05,-1.5775327004213116,-0.03294342323622601,1.5304656427223156,0.10289999842643738,0.40549999475479126,1.6497999429702759,-1.5707963267948966,0.0,1.5707963267948966,0.023064351864551216,-0.05171380912369794,1.9189323680703745
0.10497571464624822,0.46659402693467633,1.7195134622470922,0.00040701217591960836,0.0005577854971331946,0.00012048076830483133,-1.5772497635878604,-0.03264471144508807,1.530074242988259,0.10289999842643738,0.40549999475479126,1.6497999429702759,-1.5707963267948966,0.0,1.5707963267948966,0.023112314154442856,-0.051832718584144656,1.918624365810508
0.10493472856403688,0.46639679122670274,1.719206809666584,0.001056569320110467,0.0005711714026124774,0.00016921379497774851,-1.5770423267620803,-0.03242335840808597,1.5297692695454383,0.10289999842643738,0.40549999475479126,1.6497999429702759,-1.5707963267948966,0.0,1.5707963267948966,0.023153845043384507,-0.051941011583696683,1.9183421560189775
0.1049048185499472,0.46622136618353316,1.7189332267450976,0.001258124020013406,0.0005703392677309893,-2.7243958533023367e-05,-1.576868907342844,-0.03222126996278396,1.529504841495275,0.10289999842643738,0.40549999475479126,1.6497999429702759,-1.5707963267948966,0.0,1.5707963267948966,0.023189774234006415,-0.05203872007153838,1.918085707700651
0.10487596866312995,0.4660489138136829,1.7186610813097984,0.0012535544912837863,0.00045399669143083107,-0.00039800848874934865,-1.5767009406095445,-0.032015500306243894,1.5292378632730677,0.10289999842643738,0.40549999475479126,1.6497999429702759,-1.5707963267948966,0.0,1.5707963267948966,0.023225230768175852,-0.052136713903826494,1.9178276025483498
0.10484372632436663,0.46588017585627145,1.7183900346982421,0.000855690987038473,0.00034381633971796577,-0.000685387015891896,-1.5765331197497978,-0.03181477184448056,1.5289713280526092,0.10289999842643738,0.40549999475479126,1.6497999429702759,-1.5707963267948966,0.0,1.5707963267948966,0.023261002801079095,-0.05223485957034937,1.9175701948354222
0.10480188612320523,0.4656781092932243,1.7180676147602025,-0.0006235521472909063,0.00045687692485130973,-0.0007254286077050854,-1.5763248562009264,-0.03156062298522233,1.5286598148101647,0.10289999842643738,0.40549999475479126,1.6497999429702759,-1.5707963267948966,0.0,1.5707963267948966,0.02330478784171809,-0.05235483622948379,1.9172564858396026
0.10475876133457605,0.4654794666878087,1.7177613308646686,-0.0017081851545745614,0.0006230814778560275,-0.0009171432237502985,-1.5761168398622174,-0.031277189232465474,1.5283623684546968,0.10289999842643738,0.40549999475479126,1.6497999429702759,-1.5707963267948966,0.0,1.5707963267948966,0.023348307870045732,-0.05247489787886196,1.9169404547037459
0.10471315271197423,0.4653021620189947,1.717490626855859,-0.0015739342979266024,0.0007678982669852498,-0.0009783214775115597,-1.575927641976108,-0.031007904259109598,1.5280838752839192,0.10289999842643738,0.40549999475479126,1.6497999429702759,-1.5707963267948966,0.0,1.5707963267948966,0.023388330485216578,-0.05258431174973955,1.9166519948644183
0.10466905017573563,0.46514164397025104,1.7172517784131902,-0.0010628548549383818,0.0009235601950779147,-0.0008974583633911684,-1.5757504552665318,-0.030755264445210706,1.5278289729424297,0.10289999842643738,0.40549999475479126,1.6497999429702759,-1.5707963267948966,0.0,1.5707963267948966,0.023424252438432557,-0.05268277830868833,1.916391406733909
0.10461292959819149,0.4649381461951209,1.7169701308248648,-0.00024739598784501274,0.001102864051454095,-0.0006408454900619264,-1.5755064540207762,-0.03043161947539552,1.527542761064443,0.10289999842643738,0.40549999475479126,1.6497999429702759,-1.5707963267948966,0.0,1.5707963267948966,0.023467488936477314,-0.05280252504832396,1.9160701625546706
0.10455725562552437,0.4647280174196021,1.716696912949922,0.0006200343309457666,0.0011567665878517057,-0.0006245033254203743,-1.5752547918890705,-0.03012360296374439,1.5272836153614144,0.10289999842643738,0.40549999475479126,1.6497999429702759,-1.5707963267948966,0.0,1.5707963267948966,0.02350948965568686,-0.05292157062930279,1.9157475693619084
0.10450948739302825,0.4645534030614855,1.7164795011320797,0.0010124740096700117,0.0011869616577200772,-0.0005885815440526592,-1.575047973144671,-0.029881896028297383,1.5270923765340683,0.10289999842643738,0.40549999475479126,1.6497999429702759,-1.5707963267948966,0.0,1.5707963267948966,0.02354342774580405,-0.05301868769556357,1.9154828432294966
0.10444614246917384,0.46431768094024795,1.716205104274967,0.0005013491829710642,0.0011869876060837097,-0.0006453995415547539,-1.5747572410052397,-0.029565693530482218,1.5268846796579942,0.10289999842643738,0.40549999475479126,1.6497999429702759,-1.5707963267948966,0.0,1.5707963267948966,0.02358778866271682,-0.0531479160214531,1.9151266778098281
0.1044026317949919,0.46415661867042063,1.7160362452199078,0.0002709742096124479,0.0012053623573302467,-0.0005757233086582644,-1.574559622613115,-0.029366837729389417,1.5267822277116716,0.10289999842643738,0.40549999475479126,1.6497999429702759,-1.5707963267948966,0.0,1.5707963267948966,0.023617165216811457,-0.053233649775975264,1.9148863141804322
0.10435141791970484,0.46394955194080983,1.7158344267621657,0.0007746083464256242,0.001198892309263002,-0.0004923501636140464,-1.5743112424789831,-0.029153140102082364,1.5266968678725974,0.10289999842643738,0.40549999475479126,1.6497999429702759,-1.5707963267948966,0.0,1.5707963267948966,0.023653074592719273,-0.053340099948864954,1.9145842519689875
0.10430120953937194,0.4637367860649474,1.7156381554158437,0.001389970507757963,0.0012027380001590874,-0.0005199720440027119,-1.574043938706429,-0.02896127156102324,1.5266524468795006,0.10289999842643738,0.40549999475479126,1.6497999429702759,-1.5707963267948966,0.0,1.5707963267948966,0.023688495224295007,-0.05344592953293282,1.9142813267348897
0.10424693864090813,0.463499609225571,1.7154269209786985,0.002231572706244026,0.0012826091242684415,-0.0004575830957101317,-1.5737384523264626,-0.0287826765921948,1.5266396752731863,0.10289999842643738,0.40549999475479126,1.6497999429702759,-1.5707963267948966,0.0,1.5707963267948966,0.02372671738818342,-0.053561979897251755,1.9139459557552712
0.10420577113531816,0.46330510806193154,1.7152515106543138,0.0030487244607864976,0.0013696326113910274,-0.0004317796518692295,-1.5735174780029126,-0.028669061866035683,1.5266400378278753,0.10289999842643738,0.40549999475479126,1.6497999429702759,-1.5707963267948966,0.0,1.5707963267948966,0.023757142214287156,-0.05365672794156655,1.9136707361204441
0.10415955853580122,0.4630687259978089,1.7150280377631861,0.0037473110291050436,0.0014496183083452247,-0.0003575254780854926,-1.5732760149336753,-0.028527031426374805,1.5266427390552415,0.10289999842643738,0.40549999475479126,1.6497999429702759,-1.5707963267948966,0.0,1.5707963267948966,0.02379341330446529,-0.05377243468154255,1.9133342159548776
0.10412993223596081,0.4628970237535198,1.7148613750179278,0.003684442358715064,0.0014113819603757717,-0.0005056477152683519,-1.573115004224051,-0.028432528020307934,1.5266474556773768,0.10289999842643738,0.40549999475479126,1.6497999429702759,-1.5707963267948966,0.0,1.5707963267948966,0.023819071885579184,-0.05385635700474206,1.9130892517910045
0.10408460856862352,0.46266260005959015,1.714628181027373,0.003064431547702741,0.0012946513099418573,-0.000775370641575544,-1.5729118895605443,-0.02831673682125313,1.5266382640699439,0.10289999842643738,0.40549999475479126,1.6497999429702759,-1.5707963267948966,0.0,1.5707963267948966,0.023854842124851637,-0.05397136818602253,1.912754296842814
0.10403535853167156,0.4624224003575953,1.7143919740168259,0.0026829118162388804,0.0012617877589013074,-0.0007209939708208313,-1.5727218179376394,-0.02821063104914101,1.5266291685036821,0.10289999842643738,0.40549999475479126,1.6497999429702759,-1.5707963267948966,0.0,1.5707963267948966,0.02389413762658923,-0.054095166834093406,1.9123929750237068
0.10399533991750246,0.4622189155669439,1.7141928566511069,0.002621743303631753,0.0013031936390507995,-0.0005283033915762876,-1.572576728258384,-0.02812876982160084,1.5266199020206923,0.10289999842643738,0.40549999475479126,1.6497999429702759,-1.5707963267948966,0.0,1.5707963267948966,0.023919929719677744,-0.05417650118006653,1.9121543631741578
0.103957863247248,0.4619909560367935,1.713962970321213,0.0024621640777924775,0.0014343932353691746,-0.00019049919987629732,-1.5724458135486232,-0.028062894389196735,1.526585442089059,0.10289999842643738,0.40549999475479126,1.6497999429702759,-1.5707963267948966,0.0,1.5707963267948966,0.023950874873618175,-0.05427740597111689,1.911858891488844
0.10392981391409402,0.4617666242048702,1.7137248683605963,0.002011808954702471,0.001514279287364041,-0.0002296737476915778,-1.5723270952943273,-0.028018414203714315,1.526514369359345,0.10289999842643738,0.40549999475479126,1.6497999429702759,-1.5707963267948966,0.0,1.5707963267948966,0.023980203365921306,-0.05437811866115594,1.9115676483317032
0.1039047888556881,0.461544625213351,1.7134845546224302,0.0012501033690204008,0.0015679833645373265,-0.00026529659162553837,-1.5722017847115273,-0.027975739415841083,1.5264173238398164,0.10289999842643738,0.40549999475479126,1.6497999429702759,-1.5707963267948966,0.0,1.5707963267948966,0.024011858842403255,-0.054488766972882983,1.9112513690354656
0.10388585307901131,0.46130075592532954,1.7132241815733644,0.0003754831408079368,0.0016646487621879169,-0.00015782554234130105,-1.5720818021702068,-0.02795363268599038,1.526294521414063,0.10289999842643738,0.40549999475479126,1.6497999429702759,-1.5707963267948966,0.0,1.5707963267948966,0.024039425337167575,-0.05458907802796926,1.9109654097939017
0.10387783030379416,0.4611248755482775,1.7130368530555153,0.00012861194261607265,0.001718482851710446,-0.00013001837768542376,-1.572009199716228,-0.0279496490455875,1.526189166000481,0.10289999842643738,0.40549999475479126,1.6497999429702759,-1.5707963267948966,0.0,1.5707963267948966,0.02406052902313856,-0.05466937925002854,1.910736749756473
0.10387345193518732,0.4609020800517186,1.7128029594387773,0.0001720200339112832,0.0018427670599086528,-4.026854049534519e-05,-1.5719327755090904,-0.027941574125352364,1.5260439526308767,0.10289999842643738,0.40549999475479126,1.6497999429702759,-1.5707963267948966,0.0,1.5707963267948966,0.024088260256148703,-0.054779477908723125,1.9104217839781026
0.10387775005229745,0.46067627967881714,1.7125709376517346,0.00020225936176162602,0.002080311841678932,1.3122801870706343e-05,-1.5718846194041978,-0.027941678715610596,1.5258821764375858,0.10289999842643738,0.40549999475479126,1.6497999429702759,-1.5707963267948966,0.0,1.5707963267948966,0.02410949088922605,-0.05486932529494661,1.9101631213216468
0.10389121351417997,0.46042564911154055,1.7123191052462028,0.00032688037436033406,0.0023820156924462613,8.292119638656883e-05,-1.5718540223525375,-0.027966871680071836,1.5256999892993128,0.10289999842643738,0.40549999475479126,1.6497999429702759,-1.5707963267948966,0.0,1.5707963267948966,0.02413387245824308,-0.05497895103560348,1.9098454503018178
0.10391290443773168,0.460195333190778,1.7120926872725015,0.0005885159106798408,0.002548289162419023,6.0827495562797685e-05,-1.5718235935714036,-0.028010414917677195,1.5255412223112366,0.10289999842643738,0.40549999475479126,1.6497999429702759,-1.5707963267948966,0.0,1.5707963267948966,0.024154308491051928,-0.05507847689890038,1.9095550977287326
0.10393894253981605,0.45996460184824994,1.7118673366905675,0.0008324494297696864,0.002457695184198864,-0.00033376374586205603,-1.5717963555686834,-0.028061158704886235,1.5253881365889104,0.10289999842643738,0.40549999475479126,1.6497999429702759,-1.5707963267948966,0.0,1.5707963267948966,0.024173992041744165,-0.055178102418902565,1.9092638264303112
0.1039581813809557,0.4597581539774815,1.7116645157210708,0.0011195268720011295,0.0021983728729039033,-0.0006985218079124909,-1.5717723265392562,-0.02811530880636326,1.52524989358212,0.10289999842643738,0.40549999475479126,1.6497999429702759,-1.5707963267948966,0.0,1.5707963267948966,0.024192350707557653,-0.05526790775088691,1.9090035197910304
0.10397552112963816,0.45948191561197294,1.7113926566875421,0.0014875838237124901,0.0017665948864847387,-0.001025017243846882,-1.5717259754174124,-0.028178521123368938,1.5250696637983756,0.10289999842643738,0.40549999475479126,1.6497999429702759,-1.5707963267948966,0.0,1.5707963267948966,0.024218215669318723,-0.05538751603909222,1.9086630037254595
0.1039829639392926,0.45922761699039005,1.7111431838368794,0.0014754112565687728,0.0015697871261493067,-0.0009469772606960031,-1.5716721751539455,-0.028212297904553374,1.5249065572578828,0.10289999842643738,0.40549999475479126,1.6497999429702759,-1.5707963267948966,0.0,1.5707963267948966,0.024243167618741717,-0.055496967264042955,1.9083568511263045
0.10398870895964503,0.4590468408636833,1.7109622777194906,0.0008027702203825329,0.0016108478928372409,-0.0007687209932960887,-1.5716398011495452,-0.028246061686064028,1.5247710188591443,0.10289999842643738,0.40549999475479126,1.6497999429702759,-1.5707963267948966,0.0,1.5707963267948966,0.024261027071069363,-0.05557688030281412,1.9081367377773624
0.10399757391157191,0.4588251406271072,1.7107441371385261,-0.0006285204257551539,0.0017471042678598872,-0.00056265581106247,-1.5715877556442075,-0.028287049619037052,1.5245843088987143,0.10289999842643738,0.40549999475479126,1.6497999429702759,-1.5707963267948966,0.0,1.5707963267948966,0.024282745636528404,-0.055677129236610536,1.9078622683215936
0.10400935266580626,0.4586031962288458,1.7105363121219412,-0.0015403379645125533,0.0018313529064507583,-0.000379097479439044,-1.5715238719635494,-0.02831705677555707,1.5243923983346472,0.10289999842643738,0.40549999475479126,1.6497999429702759,-1.5707963267948966,0.0,1.5707963267948966,0.024303675098819266,-0.055777291285076795,1.907587675706725
0.10402561442631057,0.458354517883549,1.710315878543046,-0.0016830260634629456,0.0018020012408314894,-0.00041114561818470223,-1.5714755951662835,-0.02837297387425508,1.5241796254904545,0.10289999842643738,0.40549999475479126,1.6497999429702759,-1.5707963267948966,0.0,1.5707963267948966,0.02432598026360464,-0.055886946229835574,1.9072855461070741
0.104035315547388,0.4581488638260965,1.7101379332686188,-0.001217274141815434,0.0016242278384092008,-0.0007229245170862242,-1.5714449304124007,-0.028412756611028378,1.5239992924211672,0.10289999842643738,0.40549999475479126,1.6497999429702759,-1.5707963267948966,0.0,1.5707963267948966,0.024344558767629285,-0.05597658556754689,1.9070387227436916
0.10403593905500437,0.4579225130328206,1.7099408188780756,-0.0007327406358447102,0.0013446579413874504,-0.0009684244233760472,-1.5714013463269179,-0.028427771651617917,1.5237967883636632,0.10289999842643738,0.40549999475479126,1.6497999429702759,-1.5707963267948966,0.0,1.5707963267948966,0.02436657888054767,-0.056076714077173975,1.906766915561305
0.1040306789264936,0.4576974787782693,1.7097502897544512,-0.0008540764146911872,0.0012071580887709915,-0.0008195364122367941,-1.5713686298728409,-0.0284438073290314,1.5236019704043835,0.10289999842643738,0.40549999475479126,1.6497999429702759,-1.5707963267948966,0.0,1.5707963267948966,0.024389518276839117,-0.05617722647046707,1.9064971186146982
0.10402593743437577,0.4574712358351283,1.7095720879984484,-0.0012361154981193221,0.001112744250273776,-0.0006869028349602444,-1.5713495375253146,-0.028470465511817977,1.5234147918522196,0.10289999842643738,0.40549999475479126,1.6497999429702759,-1.5707963267948966,0.0,1.5707963267948966,0.02441245192673172,-0.05627784828744476,1.9062275217933249
0.10402020595982932,0.4572438597485695,1.7094062992323682,-0.0017061412473186731,0.0010724005070775289,-0.000471323480780969,-1.5713117730600394,-0.02848968356987225,1.5232374195870368,0.10289999842643738,0.40549999475479126,1.6497999429702759,-1.5707963267948966,0.0,1.5707963267948966,0.024435407839721562,-0.05637866468306105,1.9059570626633011
0.1040205250095049,0.4570181371755301,1.709254172064499,-0.0021664723691578094,0.0011324337229741328,-4.794434570622783e-05,-1.571279166165018,-0.028531404376483938,1.523068025477206,0.10289999842643738,0.40549999475479126,1.6497999429702759,-1.5707963267948966,0.0,1.5707963267948966,0.02445727822605244,-0.05647992252385728,1.9056852712995294
0.10403227940388651,0.45679597765567076,1.7091144420858353,-0.002134754746472251,0.001111184810658877,0.00015857540188408953,-1.5712769114952156,-0.02860678748113088,1.5229011534938703,0.10289999842643738,0.40549999475479126,1.6497999429702759,-1.5707963267948966,0.0,1.5707963267948966,0.024477235774646607,-0.05658171286639729,1.9054144628765104
0.10404931702715804,0.4565755080962055,1.7089805456116143,-0.0011474646381249315,0.0008861351310616341,-9.10695015273616e-05,-1.5712779322101418,-0.0286755095371225,1.522737881954531,0.10289999842643738,0.40549999475479126,1.6497999429702759,-1.5707963267948966,0.0,1.5707963267948966,0.024496321984798862,-0.056683958872943446,1.9051458359423568
0.10406378020313779,0.4563592066459482,1.7088441678866142,-0.0002132259609294824,0.0006689874148660579,-0.00037680684429335125,-1.571288097319588,-0.0287337728028092,1.5225566934520514,0.10289999842643738,0.40549999475479126,1.6497999429702759,-1.5707963267948966,0.0,1.5707963267948966,0.02451586947885286,-0.05678699187971697,1.9048804331851998
0.10407706019345814,0.4561238826126751,1.7086995024024285,-1.0634937530820667e-05,0.0006659618932129463,-0.00031261492268620225,-1.5713073707809975,-0.028797885134108192,1.5223481996475412,0.10289999842643738,0.40549999475479126,1.6497999429702759,-1.5707963267948966,0.0,1.5707963267948966,0.024537586898328467,-0.056900765021381305,1.9045911415203352
0.10408813404896623,0.4559512840517428,1.7086004899250604,-5.546345868286173e-05,0.0006916479456555067,-0.0002492067542029145,-1.5713095962297947,-0.028842955431997108,1.522202010110108,0.10289999842643738,0.40549999475479126,1.6497999429702759,-1.5707963267948966,0.0,1.5707963267948966,0.024552993021085174,-0.056983417163854536,1.904381254527361
0.10410805558785254,0.455692333154543,1.7084614919505023,-0.0006404573858298368,0.0007576817875680862,-0.00011268531335833307,-1.5713295163473053,-0.028906757654485915,1.5219918232605967,0.10289999842643738,0.40549999475479126,1.6497999429702759,-1.5707963267948966,0.0,1.5707963267948966,0.02457577721662473,-0.05710756231643235,1.9040651085786913
0.10412609516440623,0.4555209516405398,1.708378010154827,-0.0008656812705390793,0.0008254842877348241,-6.242757898812859e-05,-1.5713698714429407,-0.02896844192345238,1.5218624687895044,0.10289999842643738,0.40549999475479126,1.6497999429702759,-1.5707963267948966,0.0,1.5707963267948966,0.024592266784643046,-0.05720090855899178,1.9038254638255683
0.10415081401158685,0.4553078729645864,1.7082775886186636,-0.0005224577692004846,0.0008454777527619071,-0.00014003617524060776,-1.5714393245439477,-0.02904371720975174,1.5217162864009732,0.10289999842643738,0.40549999475479126,1.6497999429702759,-1.5707963267948966,0.0,1.5707963267948966,0.024608585738262665,-0.057294462726725275,1.903584305220269
0.10417651489485429,0.4550938768550541,1.7081811634832895,-0.00026335019130104215,0.0008764925708830692,-0.00011749787685833715,-1.571517637703631,-0.02910572246061882,1.5215864450392826,0.10289999842643738,0.40549999475479126,1.6497999429702759,-1.5707963267948966,0.0,1.5707963267948966,0.024626743606055893,-0.057398540923187844,1.9033142166483819
0.10421742532863892,0.4548132654283059,1.7080664303195976,-0.00041476485527306166,0.0009919635655606753,6.890742836776107e-05,-1.5716566503037193,-0.029206293171053943,1.5214532863937367,0.10289999842643738,0.40549999475479126,1.6497999429702759,-1.5707963267948966,0.0,1.5707963267948966,0.02464966069226621,-0.05753375227895272,1.902958940475636
0.10424748743400367,0.45463639895338936,1.708005393439856,-0.00046966419935037595,0.0010415651289397401,8.841783306195784e-05,-1.5717497731289012,-0.02927761061229983,1.5214095821894276,0.10289999842643738,0.40549999475479126,1.6497999429702759,-1.5707963267948966,0.0,1.5707963267948966,0.024663208544361364,-0.057616550558758924,1.9027376873984974
0.10428768827770825,0.45441146163538226,1.7079354998675327,-0.0005849161163449542,0.0010545428565568856,9.458048011947499e-05,-1.571860832301254,-0.029355172560409315,1.5213890343760745,0.10289999842643738,0.40549999475479126,1.6497999429702759,-1.5707963267948966,0.0,1.5707963267948966,0.024680030017019468,-0.05771971549744967,1.902459472108932
0.10433224790831504,0.45418352737033685,1.7078745127660078,-0.0006614570529643604,0.0010550470873698147,7.527237217771e-05,-1.5719744552551818,-0.029447155587106977,1.5213971694290178,0.10289999842643738,0.40549999475479126,1.6497999429702759,-1.5707963267948966,0.0,1.5707963267948966,0.024696388158740295,-0.057822547256605614,1.9021788510569253
0.10438020590867113,0.45395436269154843,1.7078171505587105,-0.000273162913426859,0.0010846025387907317,0.0001445495585621724,-1.5720955990661594,-0.02955184112115994,1.521423598601373,0.10289999842643738,0.40549999475479126,1.6497999429702759,-1.5707963267948966,0.0,1.5707963267948966,0.024712528807348488,-0.05792524063888035,1.901896393263332
0.10443252738490126,0.45372460455397623,1.707759312830503,0.00040060089339445816,0.0010488877201955838,8.128243504606646e-06,-1.5722121140962206,-0.029657763638770263,1.5214673399031395,0.10289999842643738,0.40549999475479126,1.6497999429702759,-1.5707963267948966,0.0,1.5707963267948966,0.02472825590131239,-0.05802790833878574,1.9016130742318658
0.1044849824738371,0.45349795332180776,1.7076961291159474,0.0013445191059183665,0.000994698874072301,1.268154146641272e-05,-1.5723367853393426,-0.02976778175831596,1.5215212481089053,0.10289999842643738,0.40549999475479126,1.6497999429702759,-1.5707963267948966,0.0,1.5707963267948966,0.024744325211066606,-0.05813081509372293,1.9013310951360591
0.10454380419508998,0.45327765664559905,1.707621350676307,0.0021360078590781273,0.0010241935861975994,0.0001648437932837899,-1.5724861556859215,-0.029904784057714906,1.5215565743147546,0.10289999842643738,0.40549999475479126,1.6497999429702759,-1.5707963267948966,0.0,1.5707963267948966,0.024761395671170146,-0.05824449418286084,1.9010244189587275
0.1046083151803952,0.4530650881784392,1.7075340220115267,0.0024216268550628826,0.000988831607843211,2.634910352636629e-05,-1.57263170649213,-0.03003807752560661,1.5215571508311043,0.10289999842643738,0.40549999475479126,1.6497999429702759,-1.5707963267948966,0.0,1.5707963267948966,0.02477493360164693,-0.05833800724606625,1.900775798748341
0.10466205460457167,0.4528808569121586,1.707446048542738,0.002049888224559998,0.0007761290457040544,-0.0005015880298059016,-1.5727493176570577,-0.03015653585755551,1.5215286472477212,0.10289999842643738,0.40549999475479126,1.6497999429702759,-1.5707963267948966,0.0,1.5707963267948966,0.024789515035897283,-0.058431911042177195,1.9005297193466353
0.1047117151629228,0.4526643300644657,1.7073318015520595,0.0007717469976800188,0.0005410641443346409,-0.000886783528069939,-1.5729005411207333,-0.03029620003112221,1.5214669741323275,0.10289999842643738,0.40549999475479126,1.6497999429702759,-1.5707963267948966,0.0,1.5707963267948966,0.024810193535871987,-0.05854678753523601,1.9002355884051803
0.10474896452559514,0.45245446209014756,1.707216914565183,-0.0006961857011992252,0.0005467863753062188,-0.0006716672270627374,-1.5730405928536382,-0.03040131452000594,1.5213908379160948,0.10289999842643738,0.40549999475479126,1.6497999429702759,-1.5707963267948966,0.0,1.5707963267948966,0.024832663367544146,-0.058661410943524964,1.8999484623503862
0.1047761996513057,0.45228775909751373,1.7071233382895399,-0.0016614697029934881,0.000545678042993095,-0.0006425030741284875,-1.57313731109886,-0.03045483053817266,1.5213054705365199,0.10289999842643738,0.40549999475479126,1.6497999429702759,-1.5707963267948966,0.0,1.5707963267948966,0.024851306991445887,-0.05875516531967055,1.8997172003994356
0.10479814082972982,0.4521053336346949,1.7070212150895585,-0.0024272193240867986,0.0005026602002087105,-0.0006519662295213711,-1.57323614948258,-0.030497082600173808,1.5211925307417666,0.10289999842643738,0.40549999475479126,1.6497999429702759,-1.5707963267948966,0.0,1.5707963267948966,0.02487328467945169,-0.05885919478098658,1.8994628609948918
0.1048185784983331,0.4519049980449222,1.706914241108594,-0.002908486914764231,0.0005723094772843826,-0.0002979460096852098,-1.5733243315764827,-0.030531793308568034,1.521072194902077,0.10289999842643738,0.40549999475479126,1.6497999429702759,-1.5707963267948966,0.0,1.5707963267948966,0.02489822362909367,-0.0589733905296684,1.8991837256613828
0.10483945396436045,0.4517388643101103,1.7068316770802698,-0.0028587651022512904,0.0006731672543401023,4.408268020304695e-05,-1.5733793231402067,-0.03054532967554424,1.5209963701981901,0.10289999842643738,0.40549999475479126,1.6497999429702759,-1.5707963267948966,0.0,1.5707963267948966,0.024918219573353557,-0.05906643108799484,1.8989560604099154
0.10487197024644605,0.4515367690778531,1.7067347264507255,-0.002272524453016808,0.0007022322991265999,0.00018195506784699978,-1.5734517331441706,-0.030568104208049895,1.5209249051006593,0.10289999842643738,0.40549999475479126,1.6497999429702759,-1.5707963267948966,0.0,1.5707963267948966,0.024941919074541092,-0.0591800971795674,1.8986803384801934
0.10489990224253938,0.45137342997601854,1.7066570387958526,-0.0018710233306798887,0.0006516692380172094,3.412229608006464e-05,-1.5735162877449411,-0.030588959970716978,1.5208691205056035,0.10289999842643738,0.40549999475479126,1.6497999429702759,-1.5707963267948966,0.0,1.5707963267948966,0.02496134948225838,-0.05927333507347813,1.8984559124333023
0.1049264826838624,0.4511894682039114,1.706575995350842,-0.0015861488280106838,0.0005987921573017592,-9.322245025176824e-05,-1.573574296147234,-0.030595085970538616,1.520818224613517,0.10289999842643738,0.40549999475479126,1.6497999429702759,-1.5707963267948966,0.0,1.5707963267948966,0.024983797204678585,-0.0593768004502815,1.8982061207790633
0.10495087276882403,0.45100065179857957,1.7065023546620839,-0.0015242447822556946,0.0006256679192478358,1.37306496854063e-05,-1.5736334201563043,-0.030606356394100587,1.5207882097356975,0.10289999842643738,0.40549999475479126,1.6497999429702759,-1.5707963267948966,0.0,1.5707963267948966,0.025006664949858377,-0.05947973573051808,1.897955167208931
0.10497628683710004,0.4508066509585816,1.7064395628115423,-0.0016743828334403726,0.000613113599062131,7.198439200051139e-05,-1.5736988602572648,-0.03064048721994217,1.5207924670567843,0.10289999842643738,0.40549999475479126,1.6497999429702759,-1.5707963267948966,0.0,1.5707963267948966,0.025031754287660492,-0.05959224663619524,1.8976760030412934
0.10500280868126789,0.45060615821138955,1.7063896061787889,-0.0016469271724773777,0.0006357842819512266,0.0003199801605343109,-1.573757461717906,-0.030671743599094192,1.520845658473725,0.10289999842643738,0.40549999475479126,1.6497999429702759,-1.5707963267948966,0.0,1.5707963267948966,0.025052271387846322,-0.05968373218888413,1.8974443524584623
0.10503695482370773,0.45040012734632967,1.706348557610477,-0.001197850058608086,0.0006161767776931437,0.0004548007284986868,-1.5738310034827363,-0.03073126365879464,1.5209445299264772,0.10289999842643738,0.40549999475479126,1.6497999429702759,-1.5707963267948966,0.0,1.5707963267948966,0.02507419351705156,-0.05978476943696316,1.8971851925300671
0.10507301390108789,0.45018996193687366,1.7063123638021107,-0.0005977894027711617,0.0005139152500877983,0.0002601809590682247,-1.5739358654338456,-0.030824583089479773,1.521062630612944,0.10289999842643738,0.40549999475479126,1.6497999429702759,-1.5707963267948966,0.0,1.5707963267948966,0.02509606482916704,-0.059885309080772574,1.8969250412604077
0.10510433907619049,0.4499772571757879,1.7062807485779856,1.1844476052035759e-05,0.00041813462563886403,2.5582433368254558e-05,-1.5740543768637003,-0.030925553744411527,1.5211877502976445,0.10289999842643738,0.40549999475479126,1.6497999429702759,-1.5707963267948966,0.0,1.5707963267948966,0.025118821299082543,-0.05998568889049391,1.8966641924818195
0.10513121265182591,0.449763708597001,1.7062539797393679,0.0004698318570114707,0.00044294382584686746,7.831666834689101e-05,-1.574182719490282,-0.031017905540626334,1.5213208352703358,0.10289999842643738,0.40549999475479126,1.6497999429702759,-1.5707963267948966,0.0,1.5707963267948966,0.02514242254803829,-0.06008606582699743,1.8964034287269351
0.1051617686563985,0.44955292625299764,1.7062321974854486,0.0008318447078932693,0.00051145809491069,0.0002907544118251835,-1.5743359391158227,-0.031131108365209492,1.52144525989564,0.10289999842643738,0.40549999475479126,1.6497999429702759,-1.5707963267948966,0.0,1.5707963267948966,0.025165759202371428,-0.06018673421101466,1.8961425859945684
0.10519724278353748,0.4493437223499463,1.7062129910213464,0.0013508066072587368,0.0005428831709357806,0.00047949833530793964,-1.5744915326151634,-0.03125208551721492,1.5215650398086835,0.10289999842643738,0.40549999475479126,1.6497999429702759,-1.5707963267948966,0.0,1.5707963267948966,0.025188613346800587,-0.060287542589536065,1.895881885003931
0.1052446429016953,0.44911479334321625,1.7061904272635096,0.0017757801739653044,0.0005562384684081641,0.0006870963938431488,-1.5746596923579734,-0.03139008100986107,1.5216866078684328,0.10289999842643738,0.40549999475479126,1.6497999429702759,-1.5707963267948966,0.0,1.5707963267948966,0.025212916221642626,-0.06039843690048275,1.8955954349148372
0.10529094080995847,0.4489291179779435,1.7061697435895573,0.0016295586868101874,0.00048455591788224613,0.0005721195340114752,-1.5748144457077393,-0.03153974436824658,1.5217726864930026,0.10289999842643738,0.40549999475479126,1.6497999429702759,-1.5707963267948966,0.0,1.5707963267948966,0.02523226645996053,-0.060489073377943854,1.89536127857219
0.10533918404444471,0.4487277135824206,1.7061490448586367,0.00038990784374461144,0.00029227528367772285,9.899145269192553e-05,-1.5749806386375806,-0.03171659283351147,1.5218535981849528,0.10289999842643738,0.40549999475479126,1.6497999429702759,-1.5707963267948966,0.0,1.5707963267948966,0.025254851906772343,-0.060589995296035946,1.8951015736884609
0.10537565703844995,0.44852542748213087,1.7061420276645343,-0.0007890843611155094,2.074823378674442e-05,-0.0003127245554662106,-1.5751229833672402,-0.03188011282640035,1.5219619269349087,0.10289999842643738,0.40549999475479126,1.6497999429702759,-1.5707963267948966,0.0,1.5707963267948966,0.025279741995259848,-0.060690418118086044,1.8948435511354766
0.10540177732202889,0.44828354095294487,1.7061406073009233,-0.0004738956318201897,-0.00044722395148062276,-0.0006503553260532944,-1.5752925527606527,-0.03207052202643634,1.5221146793536624,0.10289999842643738,0.40549999475479126,1.6497999429702759,-1.5707963267948966,0.0,1.5707963267948966,0.025313071592100004,-0.06081048767564549,1.894539873723997
0.10540855594337004,0.4481224435680487,1.7061385404357412,6.743271766215891e-05,-0.0006363135833228181,-0.0006352195741306831,-1.5753991381678647,-0.03218984196350316,1.5222245109082384,0.10289999842643738,0.40549999475479126,1.6497999429702759,-1.5707963267948966,0.0,1.5707963267948966,0.025337472402493365,-0.06089043986143364,1.8943413671816325
0.10541345269195565,0.44788266881687433,1.7061403404822642,0.0005550811811022749,-0.0005604428531697713,-5.838155641749356e-05,-1.5755383575586814,-0.03233901900159619,1.522390249912665,0.10289999842643738,0.40549999475479126,1.6497999429702759,-1.5707963267948966,0.0,1.5707963267948966,0.02537534384869435,-0.06101068846504322,1.8940460141624202
0.10542042483460094,0.4477431066928516,1.7061446586759494,0.0010706417549857313,-0.0004374320893332149,0.0003437100070697117,-1.5756150830742868,-0.03243422847744348,1.5224827294752619,0.10289999842643738,0.40549999475479126,1.6497999429702759,-1.5707963267948966,0.0,1.5707963267948966,0.02539697832989196,-0.06108083650273433,1.893875581413799
0.1054382279129723,0.44754641550272917,1.7061495079487325,0.0017988000674701375,-0.0003618067319110497,0.0005999267637332826,-1.575725459967934,-0.03259003707774877,1.5225997069514736,0.10289999842643738,0.40549999475479126,1.6497999429702759,-1.5707963267948966,0.0,1.5707963267948966,0.025427066986722875,-0.06118118240586226,1.893637356489188
0.1054582666397979,0.44735255720922207,1.7061572530801907,0.0015652129049328434,-0.0004562889856453656,0.00031713961475399774,-1.5758310779696751,-0.03273226209389879,1.5226983926886861,0.10289999842643738,0.40549999475479126,1.6497999429702759,-1.5707963267948966,0.0,1.5707963267948966,0.02545744829712347,-0.061281840722081905,1.8934027378944345
0.10547361585152133,0.44714556567168046,1.7061722141620748,0.0010641010291194642,-0.0005741036997369061,8.275612857167557e-05,-1.575961981926257,-0.03286541028224299,1.5227782314233547,0.10289999842643738,0.40549999475479126,1.6497999429702759,-1.5707963267948966,0.0,1.5707963267948966,0.025492857775542024,-0.0613932319521541,1.8931468610392186
0.10548387301853071,0.4469610289234324,1.7061895656938368,0.0007108292185642013,-0.0006068705873133689,0.00019034126104099696,-1.5761028877416212,-0.032982020867063255,1.522828022298773,0.10289999842643738,0.40549999475479126,1.6497999429702759,-1.5707963267948966,0.0,1.5707963267948966,0.02552619985538079,-0.06149474714591933,1.8929151112430782
0.10549255109720523,0.4467906473471397,1.7062109078289391,0.000548271499468244,-0.0006175230634835519,0.00039929946063393956,-1.5762219291401975,-0.03306461379938774,1.5228750873119974,0.10289999842643738,0.40549999475479126,1.6497999429702759,-1.5707963267948966,0.0,1.5707963267948966,0.025556353604828694,-0.06158558471840997,1.892705223039671
0.10550473584895793,0.4465747757992712,1.7062403482730322,0.0007699056725598614,-0.0006985922031153899,0.0007068947773719923,-1.5763362396836442,-0.03315883082890281,1.5229453809125166,0.10289999842643738,0.40549999475479126,1.6497999429702759,-1.5707963267948966,0.0,1.5707963267948966,0.025592801992231323,-0.06169555045179739,1.8924475117184292
0.10552232251788396,0.4463717217753904,1.7062651577709471,0.0010718205805026308,-0.000794922266044637,0.000937887933695755,-1.5764325113020998,-0.033276436431048495,1.5230113882736167,0.10289999842643738,0.40549999475479126,1.6497999429702759,-1.5707963267948966,0.0,1.5707963267948966,0.02562507379623414,-0.061794418216692064,1.892213468491082
0.10554749231929542,0.4461644629505721,1.7062883545833885,0.0009504075478010977,-0.0007956896554304908,0.001183038335280731,-1.5765173176719804,-0.03339612257137414,1.5230764836029087,0.10289999842643738,0.40549999475479126,1.6497999429702759,-1.5707963267948966,0.0,1.5707963267948966,0.02565627062817177,-0.061892548164068556,1.8919794138087318
0.10558227647018222,0.4459495863411728,1.7063187491411316,6.870461100867883e-05,-0.0006975385691779717,0.0012839802568983126,-1.576589150996826,-0.03351337182505265,1.5231601730541016,0.10289999842643738,0.40549999475479126,1.6497999429702759,-1.5707963267948966,0.0,1.5707963267948966,0.025685982830531435,-0.061989584151532856,1.891743546402871
0.10562134177822534,0.445728240743135,1.7063614204483082,-0.0006184135040480468,-0.000688743879237247,0.0010560057247061922,-1.5766559861931841,-0.0336536688897735,1.5232739691896588,0.10289999842643738,0.40549999475479126,1.6497999429702759,-1.5707963267948966,0.0,1.5707963267948966,0.025714910915264486,-0.06208561107999947,1.8915041776039256
0.10565997904445625,0.44550463006755364,1.706411616228696,-0.0006969188915684926,-0.0006846483556938409,0.000920324223024161,-1.5767112265624974,-0.033796334602940625,1.5234167369240745,0.10289999842643738,0.40549999475479126,1.6497999429702759,-1.5707963267948966,0.0,1.5707963267948966,0.025744002066534037,-0.06218131180470671,1.8912623136770355
0.10570219521743875,0.44527944186694224,1.706469668507859,-0.0005829418217080005,-0.0006337012695609215,0.0008715815000171169,-1.5767543562524207,-0.03393411721468498,1.5235828170961274,0.10289999842643738,0.40549999475479126,1.6497999429702759,-1.5707963267948966,0.0,1.5707963267948966,0.02577281497359583,-0.062277041988358386,1.891017568289425
0.10574671996944142,0.44505454299547376,1.706534382353071,-0.00011861038756071553,-0.0006829879288107103,0.0005834963970344083,-1.576815132168409,-0.03408436676253679,1.523761251901318,0.10289999842643738,0.40549999475479126,1.6497999429702759,-1.5707963267948966,0.0,1.5707963267948966,0.0258018511045726,-0.06237311556874695,1.8907685765498314
0.1057859741766385,0.44482972767733353,1.706602593077956,0.0009270420092971827,-0.0008603453105150972,0.00015452014027170948,-1.5768863770182069,-0.03423796931033607,1.5239545039296252,0.10289999842643738,0.40549999475479126,1.6497999429702759,-1.5707963267948966,0.0,1.5707963267948966,0.025832324760546144,-0.06246957767405672,1.8905171651857913
0.10581565817614431,0.44457920056222655,1.7066772329209388,0.0019406064346096246,-0.0010526159388462514,-0.00015635219164723135,-1.5769415607800434,-0.034377121999235705,1.524193312398012,0.10289999842643738,0.40549999475479126,1.6497999429702759,-1.5707963267948966,0.0,1.5707963267948966,0.025868431560432382,-0.06257567988915648,1.8902422573416446
0.10583310871378646,0.4443739279107811,1.70674130269318,0.0017393768211544022,-0.0010243979130242253,-3.0222709914250547e-05,-1.5769926395099472,-0.034485891638932564,1.5244039183296185,0.10289999842643738,0.40549999475479126,1.6497999429702759,-1.5707963267948966,0.0,1.5707963267948966,0.025899486943539777,-0.06266252163429696,1.890018381834343
0.10585869286853576,0.44412427183531417,1.706828954673652,0.0016376523627874694,-0.0007951676418732276,0.00047392794177531677,-1.5770909196718519,-0.03463038099469706,1.524672830174763,0.10289999842643738,0.40549999475479126,1.6497999429702759,-1.5707963267948966,0.0,1.5707963267948966,0.02593749168105699,-0.06276876013956334,1.8897442003402556
0.10588960885477472,0.4439223622201295,1.706898301000304,0.002111925246840715,-0.0006410720721168232,0.000774847264949036,-1.5771928440421128,-0.0347399728178619,1.5248888851123037,0.10289999842643738,0.40549999475479126,1.6497999429702759,-1.5707963267948966,0.0,1.5707963267948966,0.025967632144222406,-0.06285585117104375,1.8895228254393268
0.10593129709961677,0.4437017291222297,1.7069703150476099,0.0024164951287814506,-0.0006070271412968119,0.0006799464816844219,-1.5773304474686474,-0.03486346985343225,1.525129190733049,0.10289999842643738,0.40549999475479126,1.6497999429702759,-1.5707963267948966,0.0,1.5707963267948966,0.026003948543197278,-0.06296251462899236,1.8892567501952098
0.10597206651855255,0.44348733133343854,1.7070367205928916,0.0023467934500198085,-0.0006769882421511545,0.00030182391936037,-1.577491652410403,-0.03500335544937272,1.5253600604674917,0.10289999842643738,0.40549999475479126,1.6497999429702759,-1.5707963267948966,0.0,1.5707963267948966,0.026034454501938344,-0.06305015413608393,1.889041315621839
0.10600628171892391,0.4432771717273497,1.7070975799663304,0.0024562968359655136,-0.0007421854335062162,0.0002121679164246129,-1.577621089165054,-0.035131802700018255,1.5255790648760796,0.10289999842643738,0.40549999475479126,1.6497999429702759,-1.5707963267948966,0.0,1.5707963267948966,0.026069772767843218,-0.06314775074745058,1.8888046579379625
0.10604229842237463,0.4430708027811145,1.7071492701835078,0.0024304262220317106,-0.0007124221195707423,0.0005299610225067441,-1.5777173937901203,-0.03527036217425872,1.5257759340568937,0.10289999842643738,0.40549999475479126,1.6497999429702759,-1.5707963267948966,0.0,1.5707963267948966,0.026105176267608086,-0.06324548830127229,1.8885710949343697
0.10608748727729769,0.44286872958817286,1.707196349604648,0.0017118919656099803,-0.0006595517385748202,0.0008550936007315123,-1.5778008929176985,-0.0354507750684272,1.5259358143208102,0.10289999842643738,0.40549999475479126,1.6497999429702759,-1.5707963267948966,0.0,1.5707963267948966,0.026139547932549963,-0.06334334592603365,1.8883388044795022
0.10614235833726257,0.44267131058124587,1.707242367153281,0.0009222061699515417,-0.0006573264415827588,0.000987160522735316,-1.57786171475327,-0.03564756429539351,1.5260740712495433,0.10289999842643738,0.40549999475479126,1.6497999429702759,-1.5707963267948966,0.0,1.5707963267948966,0.02617281590824779,-0.06344138578714253,1.8881072950810782
0.1062035390445061,0.44247858037967364,1.7072858666768396,0.0003033812636173469,-0.0008027392236244352,0.0007313661102563148,-1.5779021608477886,-0.035852018333187186,1.5261963622842243,0.10289999842643738,0.40549999475479126,1.6497999429702759,-1.5707963267948966,0.0,1.5707963267948966,0.026205584467296313,-0.06353977410628317,1.8878750253035605
0.1062682502531729,0.4422729764762892,1.7073300231699389,-0.0002911334941540045,-0.0009150961823873559,0.0005845162502378896,-1.577957917679276,-0.036096295793324185,1.5263024282760216,0.10289999842643738,0.40549999475479126,1.6497999429702759,-1.5707963267948966,0.0,1.5707963267948966,0.026242652955074552,-0.06364853727288973,1.8876186047322059
0.10632464825257587,0.44210719874913995,1.7073648160636894,-0.00037106052899050525,-0.0008476717936426667,0.000702671361145919,-1.5780138978768687,-0.03630622691175489,1.5263817155185597,0.10289999842643738,0.40549999475479126,1.6497999429702759,-1.5707963267948966,0.0,1.5707963267948966,0.02627260521921372,-0.06373762726501012,1.8874088613082256
0.10638878210291351,0.44192292083374707,1.70739966789932,-0.00013420360909089754,-0.0008368303448343146,0.0005388945338590385,-1.5780608912642897,-0.03651880668252794,1.5264679004328037,0.10289999842643738,0.40549999475479126,1.6497999429702759,-1.5707963267948966,0.0,1.5707963267948966,0.026305659236756422,-0.06383662540899744,1.887174885800452
0.10644549042012273,0.441738311810492,1.7074286368003737,0.0005689334654692474,-0.0010312686358600256,4.417679727247447e-05,-1.5780962925321347,-0.036721911348259084,1.5265405331551332,0.10289999842643738,0.40549999475479126,1.6497999429702759,-1.5707963267948966,0.0,1.5707963267948966,0.02633988653983255,-0.06393563746877784,1.886939955516464
0.10648589724407703,0.44155817911980894,1.707445747918813,0.0007695593729794925,-0.0013020260376603251,-0.0004587801387911468,-1.5781197512271463,-0.036898394733904105,1.5265832129669084,0.10289999842643738,0.40549999475479126,1.6497999429702759,-1.5707963267948966,0.0,1.5707963267948966,0.026376688215183658,-0.06403509422477924,1.8867079345053785
0.10650649561328605,0.4413828707212274,1.70746122419542,7.895291893095908e-05,-0.001599018849138001,-0.0008328518986156175,-1.5781040936519966,-0.03701656773132456,1.5266146219705155,0.10289999842643738,0.40549999475479126,1.6497999429702759,-1.5707963267948966,0.0,1.5707963267948966,0.026416666595809976,-0.06413499505255521,1.886479246650932
0.1065074364311413,0.44121218252118777,1.7074770161099704,-0.000788522008580935,-0.001893021787216687,-0.0009159815717199833,-1.578065428349748,-0.037096055653460525,1.5266314228242668,0.10289999842643738,0.40549999475479126,1.6497999429702759,-1.5707963267948966,0.0,1.5707963267948966,0.02645989256319449,-0.0642352384434303,1.8862532250237731
0.10649568872003501,0.44104542482936937,1.7074947647875738,-0.0017018729754861748,-0.0020251487971692708,-0.0005794034106064138,-1.5780287654254026,-0.03715677932312822,1.526628982622746,0.10289999842643738,0.40549999475479126,1.6497999429702759,-1.5707963267948966,0.0,1.5707963267948966,0.026505229872889873,-0.06433576745471518,1.886027038702059
0.10647904385083365,0.44087503591756605,1.707516462734421,-0.0019564380204188797,-0.002023692313314086,-0.00018238084455858555,-1.5779777609528955,-0.037179328716095306,1.5266259731290035,0.10289999842643738,0.40549999475479126,1.6497999429702759,-1.5707963267948966,0.0,1.5707963267948966,0.026555886888816563,-0.06444582670135525,1.8857773806236757
0.10645841716632556,0.4407004039286685,1.7075357675126064,-0.001596134655965924,-0.0019710764859897905,5.146272273867031e-07,-1.5779225522611762,-0.037180145655831165,1.526628895257267,0.10289999842643738,0.40549999475479126,1.6497999429702759,-1.5707963267948966,0.0,1.5707963267948966,0.026597920479771366,-0.06453539762574764,1.885574161860178
0.1064328980158241,0.44052456282214214,1.7075512864922862,-0.001295753016096713,-0.0018471971416755574,0.00011062463590225143,-1.5778796951826872,-0.03720460332351472,1.5266342346710169,0.10289999842643738,0.40549999475479126,1.6497999429702759,-1.5707963267948966,0.0,1.5707963267948966,0.02664552397586156,-0.0646347752179409,1.885347660879158
0.10640007393894874,0.4403328115681413,1.7075659897352016,-0.0013485540499599763,-0.001597043212828209,0.0002722707697099759,-1.5778288162211924,-0.03723203998086211,1.5266460099005223,0.10289999842643738,0.40549999475479126,1.6497999429702759,-1.5707963267948966,0.0,1.5707963267948966,0.02669873011124941,-0.06474441100978424,1.8850944214099064
0.10637027432320798,0.4401764754575198,1.7075798091490855,-0.001494708565899192,-0.0014551264572604404,0.0002855123804939845,-1.5777747629613648,-0.03725170140914269,1.526672708344132,0.10289999842643738,0.40549999475479126,1.6497999429702759,-1.5707963267948966,0.0,1.5707963267948966,0.026742581763346936,-0.06483426739660937,1.8848827561624462
0.10633246225411709,0.4400024482676501,1.7075976014386423,-0.001511753144332065,-0.0014000407219798723,0.0003663998017908641,-1.5777122177416285,-0.037294387963062725,1.5267244511357834,0.10289999842643738,0.40549999475479126,1.6497999429702759,-1.5707963267948966,0.0,1.5707963267948966,0.026792008510263768,-0.06493411089453408,1.8846424877369723
0.10629582047586418,0.43982765772744425,1.7076154172150706,-0.0012461306329464305,-0.0013592884010092184,0.000608064130775049,-1.5776431333192047,-0.0373426002466859,1.5267885867279356,0.10289999842643738,0.40549999475479126,1.6497999429702759,-1.5707963267948966,0.0,1.5707963267948966,0.02684129732755828,-0.06503397946147699,1.8843974386056448
0.10626341460685704,0.4396541003397174,1.7076303911351511,-0.0008163892293787743,-0.0013416092464163813,0.000725170128264461,-1.5775616960262007,-0.037378486906606945,1.52685327991402,0.10289999842643738,0.40549999475479126,1.6497999429702759,-1.5707963267948966,0.0,1.5707963267948966,0.026889941126478592,-0.06513412452660731,1.8841492851925226
0.10623508467914848,0.43948320879756386,1.7076407571859789,-0.0004095901224569288,-0.0012723336013969512,0.0008523826039181617,-1.5775056056289565,-0.037438707941516824,1.526910604269179,0.10289999842643738,0.40549999475479126,1.6497999429702759,-1.5707963267948966,0.0,1.5707963267948966,0.026938105151223066,-0.06523459952983514,1.8838980618722703
0.10621351488090643,0.4393130093657819,1.707647278543094,-0.0002533400524395917,-0.0011011195121441255,0.0009972735773791563,-1.5774604501633323,-0.03752561292611123,1.5269647357739458,0.10289999842643738,0.40549999475479126,1.6497999429702759,-1.5707963267948966,0.0,1.5707963267948966,0.026985243860949946,-0.06533510188315156,1.8836433170490374
0.10619894438383762,0.4391568094028739,1.70765220333033,-0.0002501941233927334,-0.000941769547901891,0.0009334237613651718,-1.5774083706989201,-0.03759121627278539,1.5270166133605303,0.10289999842643738,0.40549999475479126,1.6497999429702759,-1.5707963267948966,0.0,1.5707963267948966,0.027031526843251788,-0.0654352165277743,1.8833849046421423
0.10618143980134852,0.43896495323743423,1.7076524043935688,8.258672753958199e-05,-0.0008880062226280286,0.0006162825516829761,-1.5773617295631073,-0.03767466291010679,1.5270718506287357,0.10289999842643738,0.40549999475479126,1.6497999429702759,-1.5707963267948966,0.0,1.5707963267948966,0.027077941023554986,-0.0655351414937607,1.8831236175261552
0.10616105508876773,0.43877334544141,1.7076423476729914,0.0003157073621400415,-0.0008753068532880285,0.00044452971918485,-1.5773457860372653,-0.03777422707695388,1.5271293827513608,0.10289999842643738,0.40549999475479126,1.6497999429702759,-1.5707963267948966,0.0,1.5707963267948966,0.0271297209541888,-0.06564478840887294,1.8828348175404963
0.10614599814254522,0.43863366553379834,1.7076298755706616,0.0004785992989442868,-0.0008300551387277335,0.00046897958933699496,-1.577331507781082,-0.03783369533744452,1.5271825257249878,0.10289999842643738,0.40549999475479126,1.6497999429702759,-1.5707963267948966,0.0,1.5707963267948966,0.027172322119017243,-0.06573428112478764,1.882596895597301
0.10612960822782734,0.4384574801848336,1.7076079321515147,0.00035797973078004506,-0.0007379575220037186,0.0005094287503090605,-1.5773184529243316,-0.0379163556431088,1.5272633865381087,0.10289999842643738,0.40549999475479126,1.6497999429702759,-1.5707963267948966,0.0,1.5707963267948966,0.02721471941682616,-0.06582341011208491,1.8823567974711921
0.10611546884331428,0.43826119098415295,1.707581664632703,1.0527188005909475e-05,-0.000590213673418247,0.0006343989440216037,-1.5773272745054907,-0.03804968215627014,1.5273714095626338,0.10289999842643738,0.40549999475479126,1.6497999429702759,-1.5707963267948966,0.0,1.5707963267948966,0.027266397954210122,-0.06593176537956309,1.8820584639629896
0.10610885575515426,0.43808154086506745,1.7075515515237267,0.00011889010091901629,-0.0004990220020553488,0.0005715923607263088,-1.5773363990190523,-0.038176507436667784,1.5274703529273699,0.10289999842643738,0.40549999475479126,1.6497999429702759,-1.5707963267948966,0.0,1.5707963267948966,0.027312755972800414,-0.0660299568481659,1.8817836053680175
0.10609858994739657,0.4379063607492909,1.707512737540262,8.54927740695952e-05,-0.0005894580426167563,8.094442908378481e-05,-1.5773319134211508,-0.03828194068505786,1.5275600482263085,0.10289999842643738,0.40549999475479126,1.6497999429702759,-1.5707963267948966,0.0,1.5707963267948966,0.02735975751342362,-0.06612848366835955,1.8815073144512524
0.10607518480730968,0.4377365182513962,1.7074700765968858,-0.0002695423326018601,-0.0006912314589384705,-0.00032819848435226276,-1.5773224594317368,-0.03838299510499654,1.527647239211082,0.10289999842643738,0.40549999475479126,1.6497999429702759,-1.5707963267948966,0.0,1.5707963267948966,0.027408721732190288,-0.06622726589304945,1.881231658174823
0.1060369920731036,0.4375662435818795,1.707428906790119,-0.0006420251831800282,-0.0007044720450036712,-0.0004705102598771081,-1.5772801582779454,-0.038468348982265255,1.5277570284936512,0.10289999842643738,0.40549999475479126,1.6497999429702759,-1.5707963267948966,0.0,1.5707963267948966,0.027459530435164723,-0.0663256351705785,1.880957750658347
0.10598752472534734,0.43739171680558303,1.7073898252973825,-0.0009335742261063547,-0.0005951908822437086,-0.0002209230012837653,-1.5772010392039566,-0.038524376412063965,1.5278930332341314,0.10289999842643738,0.40549999475479126,1.6497999429702759,-1.5707963267948966,0.0,1.5707963267948966,0.027511453194479243,-0.06642327928991418,1.8806839679515648
0.10593749096901134,0.43721172970216826,1.7073539205565558,-0.001084037504504968,-0.00043042327126788704,0.0002584403548797686,-1.5771128357579343,-0.03860460934172716,1.5280427165778931,0.10289999842643738,0.40549999475479126,1.6497999429702759,-1.5707963267948966,0.0,1.5707963267948966,0.027562731333870973,-0.0665199634239046,1.8804100029169555
0.10589082749224368,0.4370314975759632,1.707316872899914,-0.0006986100579414977,-0.00046343806496035723,0.00028130807096589285,-1.5770052817517415,-0.03870191630348074,1.5281815353399875,0.10289999842643738,0.40549999475479126,1.6497999429702759,-1.5707963267948966,0.0,1.5707963267948966,0.027612882270977423,-0.06661629692060317,1.8801385623780045
0.10584083769022623,0.43685457242182707,1.7072726663038422,-0.0001889055670926012,-0.0006051307768790539,0.0002774131190233823,-1.576859948977566,-0.038778689631476126,1.5282972243352113,0.10289999842643738,0.40549999475479126,1.6497999429702759,-1.5707963267948966,0.0,1.5707963267948966,0.027663172746295282,-0.06671289178506716,1.8798706412855104
0.10579454285409888,0.43668219444534556,1.707223601039385,4.607917071349269e-06,-0.000684446587100073,0.00036064610829822824,-1.5767253889124313,-0.038877187093359744,1.528384707536291,0.10289999842643738,0.40549999475479126,1.6497999429702759,-1.5707963267948966,0.0,1.5707963267948966,0.0277128039069978,-0.06680983768604049,1.8796037856966346
0.10575315494052856,0.4365165554559092,1.707169608997231,8.029543533413174e-05,-0.000669478228357674,0.0006010500162453768,-1.5766050869213049,-0.038989510066998356,1.5284327283749313,0.10289999842643738,0.40549999475479126,1.6497999429702759,-1.5707963267948966,0.0,1.5707963267948966,0.027761571017392253,-0.06690742218859479,1.879335907537193
0.10572240299049729,0.4363539691269245,1.707112115948122,-0.00010701626753300671,-0.0004958446002672764,0.0008819390666987155,-1.5764883016602786,-0.03909828236609414,1.5284596445419874,0.10289999842643738,0.40549999475479126,1.6497999429702759,-1.5707963267948966,0.0,1.5707963267948966,0.02780837808231071,-0.06700520475039416,1.8790671307912241
0.10570366247775828,0.43619160419853586,1.7070551592943726,-0.0003181216460506504,-0.00029097726973780077,0.0010183152131647024,-1.5763993677892973,-0.0392427741286725,1.5284907043391796,0.10289999842643738,0.40549999475479126,1.6497999429702759,-1.5707963267948966,0.0,1.5707963267948966,0.02785313255923781,-0.06710264570384275,1.8787977366740831
0.10569590674273374,0.4360451076748666,1.707002870684043,-0.0002728475796408966,-0.00013788773210054967,0.0010124058177360508,-1.5763474156215547,-0.0394016224134659,1.5285335362175534,0.10289999842643738,0.40549999475479126,1.6497999429702759,-1.5707963267948966,0.0,1.5707963267948966,0.02789184813005532,-0.06718998253793697,1.8785542625337108
0.10569410888072518,0.4358652846544055,1.7069371366505581,-0.00033127507454059366,-6.799839012990235e-05,0.0007288122906042538,-1.5762783008447303,-0.03960225495039005,1.5286143307603461,0.10289999842643738,0.40549999475479126,1.6497999429702759,-1.5707963267948966,0.0,1.5707963267948966,0.02793784585489177,-0.06729648301739641,1.878253535737781
0.10569358590996288,0.4357031086536355,1.7068771369753637,-0.0003949301277270337,-8.422296006255557e-05,0.0004193790141778677,-1.5762235099533985,-0.03979865394698434,1.5287104842812356,0.10289999842643738,0.40549999475479126,1.6497999429702759,-1.5707963267948966,0.0,1.5707963267948966,0.027979437566688733,-0.06739325890037294,1.8779773026233255
0.10568912439194857,0.4355235146987102,1.7068105258590105,-0.0003721435811336544,-0.0001539076484366376,1.129313696404633e-06,-1.5761874611631912,-0.04004219135577003,1.5288505761702094,0.10289999842643738,0.40549999475479126,1.6497999429702759,-1.5707963267948966,0.0,1.5707963267948966,0.028025510687004,-0.06749921496427312,1.8776721017256668
0.10567704389489216,0.43536081626091666,1.706748465294453,-0.0003471287333470615,-0.00018031654757426658,-8.51869829886493e-05,-1.5761327966574867,-0.040239788574327306,1.5290078196983452,0.10289999842643738,0.40549999475479126,1.6497999429702759,-1.5707963267948966,0.0,1.5707963267948966,0.028072499715520116,-0.06760492832936274,1.8773675758415516
0.10566492618653266,0.4352162753291625,1.7066905547122533,-0.0005059880741842144,-0.00017750779460105014,-3.715170849717294e-05,-1.5760708026729828,-0.04041034756893325,1.5291567273024378,0.10289999842643738,0.40549999475479126,1.6497999429702759,-1.5707963267948966,0.0,1.5707963267948966,0.028106507542869225,-0.06768174406218111,1.877146294357716
0.10564763417117458,0.4350570768753513,1.706625799824109,-0.0006331266165170853,-0.0003308823784817164,-0.000308059488849256,-1.576001787251707,-0.04060375584176068,1.5293243350058963,0.10289999842643738,0.40549999475479126,1.6497999429702759,-1.5707963267948966,0.0,1.5707963267948966,0.02814926677475948,-0.06777765838751962,1.8768675965718578
0.10561327865969701,0.43488519461406855,1.7065528705886992,-0.0009786976390058178,-0.0006897574003569023,-0.0008697365105745785,-1.5759101128334356,-0.04078155056412047,1.5295194358725732,0.10289999842643738,0.40549999475479126,1.6497999429702759,-1.5707963267948966,0.0,1.5707963267948966,0.02819849296199397,-0.06788336501752526,1.876559745002341
0.10557022234241681,0.4347484918873906,1.706495015421511,-0.0010896394143761834,-0.0008868625205705658,-0.0008590379452605485,-1.5758154336903711,-0.04088715417025224,1.5296977959811142,0.10289999842643738,0.40549999475479126,1.6497999429702759,-1.5707963267948966,0.0,1.5707963267948966,0.028241106954829974,-0.06797010287628227,1.876308881333354
0.10551546782209796,0.43458811856130314,1.7064213042569927,-0.0012861037185888566,-0.0008851592033909906,-0.00045715864473610824,-1.5757067599647727,-0.04103528847992166,1.5299106142645231,0.10289999842643738,0.40549999475479126,1.6497999429702759,-1.5707963267948966,0.0,1.5707963267948966,0.02829348855030562,-0.0680764229585576,1.8760059651469068
0.10547244474149589,0.4344598521868413,1.706363919892856,-0.0016130458135543415,-0.0007561257325164791,-1.7636163570761447e-05,-1.5756162974238632,-0.04115487999253897,1.530085969503769,0.10289999842643738,0.40549999475479126,1.6497999429702759,-1.5707963267948966,0.0,1.5707963267948966,0.028335951204620107,-0.06816347166951407,1.8757595991584735
0.10543339518334549,0.4343193314536951,1.706303715169803,-0.002132483939278651,-0.0005545663574835173,0.0003145454344930316,-1.5755053736021118,-0.041297003783199226,1.5302914659029596,0.10289999842643738,0.40549999475479126,1.6497999429702759,-1.5707963267948966,0.0,1.5707963267948966,0.02838152075871888,-0.0682600740794568,1.8754877700532844
0.1053971228606072,0.4341821938209707,1.7062505808689636,-0.0025432383670146537,-0.00045098562898131125,0.0002001841181393546,-1.5753921048967956,-0.04146348453938087,1.5305122353645642,0.10289999842643738,0.40549999475479126,1.6497999429702759,-1.5707963267948966,0.0,1.5707963267948966,0.028426406635424218,-0.06835663395338051,1.875216873024926
0.10536170541633536,0.4340619834847582,1.7062040930247104,-0.0022403775822310255,-0.0004144693024860807,3.203648438412083e-05,-1.575269002751083,-0.041618314431405956,1.5307126109050795,0.10289999842643738,0.40549999475479126,1.6497999429702759,-1.5707963267948966,0.0,1.5707963267948966,0.028466919860971922,-0.06844371909822722,1.8749722861686942
0.10530621624702012,0.43390875185390065,1.7061389295412785,-0.0015680256576750336,-0.00043173525655015844,-0.00037538792342327933,-1.5750696003594509,-0.041788240734001114,1.5309716626755843,0.10289999842643738,0.40549999475479126,1.6497999429702759,-1.5707963267948966,0.0,1.5707963267948966,0.02852173813032644,-0.06856068323454208,1.8746439381653486
0.10524851403987812,0.43378772051488856,1.7060826273836789,-0.0008990430266103918,-0.0004427084184355289,-0.0005339373927313649,-1.5749028364651194,-0.04191331364431594,1.5311632965729618,0.10289999842643738,0.40549999475479126,1.6497999429702759,-1.5707963267948966,0.0,1.5707963267948966,0.028573713360225062,-0.06866882750484953,1.8743413737728576
0.10519685116920237,0.4336963543729716,1.7060343574003998,-0.0005264978922425971,-0.00046460884865629393,-0.0006088519113899716,-1.5747767190889974,-0.042003070396885,1.5312888204424377,0.10289999842643738,0.40549999475479126,1.6497999429702759,-1.5707963267948966,0.0,1.5707963267948966,0.02860729774604164,-0.06873818244426891,1.8741479101268461
0.10512302959747291,0.4335874225260185,1.705975471854807,-0.0009275097224595226,-0.0005073193230929722,-0.0007038373340518373,-1.574624200215589,-0.04207456417656896,1.531432418029084,0.10289999842643738,0.40549999475479126,1.6497999429702759,-1.5707963267948966,0.0,1.5707963267948966,0.028661418814276668,-0.06884784145099737,1.873840032121464
0.10502590886342444,0.4334608141192525,1.7059109855013337,-0.0013598682361458119,-0.0005038147161047583,-0.000575016664588228,-1.5744732550709843,-0.042130049793615676,1.5316017802210504,0.10289999842643738,0.40549999475479126,1.6497999429702759,-1.5707963267948966,0.0,1.5707963267948966,0.02872183417300494,-0.0689677597981605,1.8734970447616879
0.10494989760365947,0.43336614125580886,1.705861801970509,-0.0011138021784149917,-0.000517040340503557,-0.0004369056670357555,-1.5743895512238675,-0.042172965233544524,1.5317308539962835,0.10289999842643738,0.40549999475479126,1.6497999429702759,-1.5707963267948966,0.0,1.5707963267948966,0.02876248271816854,-0.06904750601351836,1.8732648946251351
0.10485442048263893,0.4332496778521342,1.7057936982878852,-0.000510977692559033,-0.0005285176290613478,-0.00022135739384668057,-1.5742730879148599,-0.04217316422768658,1.5318951542277413,0.10289999842643738,0.40549999475479126,1.6497999429702759,-1.5707963267948966,0.0,1.5707963267948966,0.028818410550877794,-0.06915680719182628,1.872942825963968
0.10477657517619893,0.4331547966650152,1.7057314630993932,-0.00011311390689243373,-0.0005363425931607132,-0.000153706337909548,-1.5741591314381638,-0.04214628283680932,1.532027552376098,0.10289999842643738,0.40549999475479126,1.6497999429702759,-1.5707963267948966,0.0,1.5707963267948966,0.02886391242193692,-0.06924598046755362,1.8726774097775112
0.10468756348354084,0.4330509083763262,1.7056555863662821,4.742732088584391e-05,-0.0005275074815600977,-0.00015786723031389202,-1.574025053662387,-0.042108377621645765,1.5321718435416407,0.10289999842643738,0.40549999475479126,1.6497999429702759,-1.5707963267948966,0.0,1.5707963267948966,0.028919589385883016,-0.0693546846637458,1.8723504621802323
0.10459569666317768,0.43295127586742016,1.7055767628363554,-3.57417229176827e-05,-0.0005163310821508873,-0.0002748143310064514,-1.5738655976421425,-0.042044597164609065,1.5323182831489397,0.10289999842643738,0.40549999475479126,1.6497999429702759,-1.5707963267948966,0.0,1.5707963267948966,0.02896516350872376,-0.06944374293625212,1.8720791421615608
0.1044976079947239,0.4328577274156954,1.7054920136538707,0.0003425534376802427,-0.0005313280841947377,-0.0003373580586796604,-1.5736823056750981,-0.04194246756026354,1.532451293767726,0.10289999842643738,0.40549999475479126,1.6497999429702759,-1.5707963267948966,0.0,1.5707963267948966,0.029016428124087116,-0.06954308370788179,1.8717743860542153
0.10439813918363036,0.43277198694086594,1.7053948999472626,0.0007405927370269542,-0.00045960141824118335,-0.00016335452945846882,-1.5735144883935988,-0.0418524899703403,1.532550677592645,0.10289999842643738,0.40549999475479126,1.6497999429702759,-1.5707963267948966,0.0,1.5707963267948966,0.02906763131315261,-0.06964285379906139,1.8714679257701619
0.10429931049830257,0.4326898621424886,1.7052907360978429,0.000720404263876311,-0.0003922880654129397,-0.0001495922260440413,-1.5733564851820558,-0.04175600715783112,1.5326391360289597,0.10289999842643738,0.40549999475479126,1.6497999429702759,-1.5707963267948966,0.0,1.5707963267948966,0.02911827051374453,-0.06974252191689126,1.8711595975201643
0.10419434969510559,0.4326121485604623,1.7051823800275583,0.00040185637385589554,-0.0004471609260619167,-0.0004177395825930912,-1.5731883989892363,-0.04163125782648436,1.5327266407348026,0.10289999842643738,0.40549999475479126,1.6497999429702759,-1.5707963267948966,0.0,1.5707963267948966,0.02916936928001433,-0.06984221675220971,1.870849719489651
0.10406717629224185,0.432534213669999,1.7050612023426073,-1.178991635898852e-05,-0.0005942107756003154,-0.0006974810996142866,-1.5730219547564839,-0.04149687003687896,1.5328157621367318,0.10289999842643738,0.40549999475479126,1.6497999429702759,-1.5707963267948966,0.0,1.5707963267948966,0.02922706051593562,-0.06995211858765735,1.870507605075353
0.1039531892483867,0.4324740299312221,1.7049607516439322,-0.0001314071384154311,-0.0006747325067634324,-0.0007229214232577828,-1.57289518135879,-0.041381879245538045,1.532879823601784,0.10289999842643738,0.40549999475479126,1.6497999429702759,-1.5707963267948966,0.0,1.5707963267948966,0.029275533801269068,-0.0700420297383274,1.8702273669984448
0.10382109864262977,0.4324076345957746,1.7048461099999552,-5.272623065825191e-05,-0.0006254036148393538,-0.00041775503731021727,-1.5727478791994502,-0.04123371475672366,1.5329469046871533,0.10289999842643738,0.40549999475479126,1.6497999429702759,-1.5707963267948966,0.0,1.5707963267948966,0.029329739661220565,-0.07014163975281523,1.8699157604139411
0.10368968122659632,0.4323386337199302,1.7047308918984614,0.00034465409424985386,-0.0005842426574314435,-0.00018149707477674366,-1.572616855665284,-0.041090620502887365,1.533025383389131,0.10289999842643738,0.40549999475479126,1.6497999429702759,-1.5707963267948966,0.0,1.5707963267948966,0.02938330590863034,-0.0702404893990226,1.8696045619170596
0.10355830257699801,0.43226855146956306,1.704611393780841,0.00059390646541726,-0.0004833936906685819,8.004421615187485e-05,-1.5724904677315685,-0.04095938380967645,1.5331090032000272,0.10289999842643738,0.40549999475479126,1.6497999429702759,-1.5707963267948966,0.0,1.5707963267948966,0.029436264265721622,-0.07033875974996165,1.8692947186090705
0.1034187371241954,0.4321901339888995,1.70448681553596,6.151965022496623e-05,-0.00028389870196421596,0.00025603842798795307,-1.5723189552520211,-0.040822701298188324,1.5332160841301947,0.10289999842643738,0.40549999475479126,1.6497999429702759,-1.5707963267948966,0.0,1.5707963267948966,0.02949286751204995,-0.07044634735658263,1.8689530226550886
0.10331831935621703,0.4321343606028563,1.7044040754132113,-0.0003070790373576965,-0.000203875922875561,0.00021349966005402006,-1.5721743866141153,-0.04073710091323246,1.5333025444447355,0.10289999842643738,0.40549999475479126,1.6497999429702759,-1.5707963267948966,0.0,1.5707963267948966,0.029538313012811197,-0.0705342879517809,1.8686719498179774
0.10318047276164755,0.4320590011202386,1.704298109902583,-0.0002786952120691232,-0.00016416413067657368,0.00020634740763798381,-1.5719838894942244,-0.04064244245724691,1.5334270324126633,0.10289999842643738,0.40549999475479126,1.6497999429702759,-1.5707963267948966,0.0,1.5707963267948966,0.029588207811487875,-0.07063196468183006,1.868356938662076
0.10305947506984732,0.43199019539762595,1.7042067214808698,0.0001829105258956049,-0.0001497954855008891,0.0003274277018741843,-1.5718200680767735,-0.040539724530075816,1.5335525738323403,0.10289999842643738,0.40549999475479126,1.6497999429702759,-1.5707963267948966,0.0,1.5707963267948966,0.02963698105193893,-0.07072959952160979,1.8680389657377154
0.10294363741785394,0.4319231103372481,1.7041144024987247,0.0011827026696875197,-0.00021211938179667414,0.00013593203469103592,-1.571658733361042,-0.040408014187866215,1.5336783430086263,0.10289999842643738,0.40549999475479126,1.6497999429702759,-1.5707963267948966,0.0,1.5707963267948966,0.02968448629642136,-0.07082744318974148,1.8677191284472614
0.10282359218073175,0.4318645445712609,1.7040135678748074,0.0022139012544171535,-0.0003493213611364031,-0.00016939579912157872,-1.5715110228333282,-0.04025483903329796,1.5337710380292973,0.10289999842643738,0.40549999475479126,1.6497999429702759,-1.5707963267948966,0.0,1.5707963267948966,0.029732083294042568,-0.07092611890961048,1.8674004358949639
0.1026984688226518,0.4318109027268268,1.7039080535338087,0.0022456877592900376,-0.00043728963543209105,-0.0004567101637985523,-1.5713657312270977,-0.04006944181739547,1.5338502367942706,0.10289999842643738,0.40549999475479126,1.6497999429702759,-1.5707963267948966,0.0,1.5707963267948966,0.029779959161155552,-0.07102511806400691,1.867083622184494
0.10256285394191451,0.43176064643890455,1.70380639569319,0.0016116766799440605,-0.00048029771315340127,-0.0007120433419920319,-1.5712023954357202,-0.039840713149554396,1.5339355612564207,0.10289999842643738,0.40549999475479126,1.6497999429702759,-1.5707963267948966,0.0,1.5707963267948966,0.029828826365466455,-0.07112413166273547,1.8667673287136861
0.10241632166708471,0.4317119645449188,1.7037067705310187,0.0012635429086081838,-0.0005337677685826303,-0.0008779172822807334,-1.5710252430534692,-0.0396085649650324,1.5340295471179846,0.10289999842643738,0.40549999475479126,1.6497999429702759,-1.5707963267948966,0.0,1.5707963267948966,0.029878670427046606,-0.07122273540980102,1.8664522336089489
0.10225848428348064,0.4316671487688716,1.7036049020675696,0.0008377378837137908,-0.0005748327263744137,-0.0009660423662844408,-1.5708312847020507,-0.03935778714182181,1.5341260329995081,0.10289999842643738,0.40549999475479126,1.6497999429702759,-1.5707963267948966,0.0,1.5707963267948966,0.029929616772401812,-0.0713212447695498,1.8661381645241317
0.10209189786135558,0.43162642248161676,1.7035043296653358,0.00039119742356570814,-0.0005517281600985419,-0.0007875323234279374,-1.5706101665797372,-0.039063132706480985,1.5342425520552838,0.10289999842643738,0.40549999475479126,1.6497999429702759,-1.5707963267948966,0.0,1.5707963267948966,0.02998117582786867,-0.07141975663917761,1.8658234963919642
0.10194003505117002,0.43159144447645215,1.703412359970268,0.0004836047600458508,-0.0005480938890486363,-0.0005519449710047659,-1.5704149609584974,-0.038801781046492234,1.5343565217078814,0.10289999842643738,0.40549999475479126,1.6497999429702759,-1.5707963267948966,0.0,1.5707963267948966,0.030027293538828232,-0.07150816157002862,1.8655403935506027
0.10176984478581233,0.43155280671234053,1.703304864231889,0.0007581864356587236,-0.0006140971373284174,-0.0005551113524506625,-1.5701991708563976,-0.038523086716816035,1.5344923411981088,0.10289999842643738,0.40549999475479126,1.6497999429702759,-1.5707963267948966,0.0,1.5707963267948966,0.030078100826269036,-0.07160592649311721,1.86522775817879
0.10159122633728936,0.43151223259631427,1.703196116611569,0.0007551681526882301,-0.000664761363786654,-0.0006644049556045958,-1.5699599691658852,-0.03821662126323133,1.5346412376836314,0.10289999842643738,0.40549999475479126,1.6497999429702759,-1.5707963267948966,0.0,1.5707963267948966,0.030129539065555364,-0.07170316025176188,1.8649166980928311
0.10138953830451687,0.43146602905912773,1.703078908313443,0.0001954198892281871,-0.00044790961598878713,-0.0002995597336257804,-1.569688809040983,-0.03787173502723595,1.5348156439040035,0.10289999842643738,0.40549999475479126,1.6497999429702759,-1.5707963267948966,0.0,1.5707963267948966,0.03018592896249917,-0.07180952673680512,1.8645745115099903
0.10121262544203541,0.4314215585388908,1.7029808782238696,-0.0004916915924084226,-0.00010362835854214449,0.00013135516089381782,-1.5694499029288211,-0.03759550072758344,1.5349923160349581,0.10289999842643738,0.40549999475479126,1.6497999429702759,-1.5707963267948966,0.0,1.5707963267948966,0.030235297501047934,-0.07190540836915318,1.8642640302544808
0.10102739262194535,0.43136962929428563,1.7028814530358862,-0.0006021917407591093,0.00017146385102429393,0.00019847247905179505,-1.5691625935734779,-0.037297922773888104,1.5352108826371247,0.10289999842643738,0.40549999475479126,1.6497999429702759,-1.5707963267948966,0.0,1.5707963267948966,0.030287125173323916,-0.07201002855108232,1.863926313290132
0.10084505067952565,0.43131673528697667,1.70278212165477,-0.00014988250023665456,0.0002790850712417842,5.241451838243773e-05,-1.5688721773920558,-0.03702611917508225,1.535435828098558,0.10289999842643738,0.40549999475479126,1.6497999429702759,-1.5707963267948966,0.0,1.5707963267948966,0.030337777913183882,-0.0721141300855994,1.8635933437054983
0.10069846480569214,0.4312737529152978,1.7026982212190205,0.00024784303218907875,0.0003148435131130688,-9.664960791398599e-05,-1.5686585512487876,-0.03683583678813962,1.535612920735777,0.10289999842643738,0.40549999475479126,1.6497999429702759,-1.5707963267948966,0.0,1.5707963267948966,0.030378534161728095,-0.07219910212272752,1.8633224732022617
0.10056816511695862,0.43123592684009293,1.7026211964032343,0.0004535123140410385,0.00033385640887657127,-0.00021230568746006,-1.5684620142364725,-0.03665901491492818,1.5357596940670077,0.10289999842643738,0.40549999475479126,1.6497999429702759,-1.5707963267948966,0.0,1.5707963267948966,0.030414540288398562,-0.07227461672419659,1.863081928436358
0.10040580087221795,0.4311871475531747,1.7025247213207917,0.00027194542196717057,0.0003269812131925918,-0.0003969021013965046,-1.5682114493274666,-0.036448280564269186,1.5359382794628675,0.10289999842643738,0.40549999475479126,1.6497999429702759,-1.5707963267948966,0.0,1.5707963267948966,0.030463723941694356,-0.07237811452636612,1.8627503583666025
0.1002243200476857,0.43113270609764215,1.7024229350182691,-0.0002727573752714862,0.00025241674316603993,-0.0006134083867890126,-1.5679638497622541,-0.03624951065599902,1.5361193285525523,0.10289999842643738,0.40549999475479126,1.6497999429702759,-1.5707963267948966,0.0,1.5707963267948966,0.030508838037136162,-0.07247192052778097,1.8624472135440184
0.1000574687640659,0.4310827801875635,1.702335898355563,-0.0005526520149923118,0.0002532878386639109,-0.0005712292330484133,-1.5677437956138869,-0.03607101665337176,1.5362850737498817,0.10289999842643738,0.40549999475479126,1.6497999429702759,-1.5707963267948966,0.0,1.5707963267948966,0.03055413652497105,-0.07256556251383921,1.8621427928001553
0.09989204065192256,0.4310333842258226,1.7022517279145999,-0.00036990958037296114,0.00023984258646587414,-0.0005537462492837624,-1.5675356979458848,-0.035882821234936024,1.5364608791524275,0.10289999842643738,0.40549999475479126,1.6497999429702759,-1.5707963267948966,0.0,1.5707963267948966,0.030598863492755337,-0.0726591629182936,1.861837517550207
0.0996935246485196,0.43097703191384784,1.7021499624608967,0.0003531410416629409,0.00026676048251920303,-0.0004124679108151807,-1.5673105931202869,-0.03566420503276557,1.5366716373767435,0.10289999842643738,0.40549999475479126,1.6497999429702759,-1.5707963267948966,0.0,1.5707963267948966,0.03065188025997387,-0.07277163061463496,1.8614702639838923
0.09956347079792975,0.43093856822714494,1.702080369751394,0.001005316613974065,0.0003481672231430102,-0.0002946511136319726,-1.5671541842422385,-0.03551481587821215,1.5368120433810917,0.10289999842643738,0.40549999475479126,1.6497999429702759,-1.5707963267948966,0.0,1.5707963267948966,0.030686200259732597,-0.07284646113597451,1.8612254477166992
0.09940310468804522,0.43088623981707913,1.7019906155352,0.0019286808449962413,0.0004694421529954341,-0.00015844727084508075,-1.5669426384576457,-0.03531443977527848,1.5369950354277697,0.10289999842643738,0.40549999475479126,1.6497999429702759,-1.5707963267948966,0.0,1.5707963267948966,0.030727937945628662,-0.0729394700122998,1.8609200621259276
0.0992478119941739,0.4308322813342613,1.7018938402692658,0.00249602910018438,0.0005786469258412806,-0.00013731469367733148,-1.5667332774155134,-0.0351587471587953,1.5371585647229624,0.10289999842643738,0.40549999475479126,1.6497999429702759,-1.5707963267948966,0.0,1.5707963267948966,0.030768207583560494,-0.07303208174952477,1.8606157849278542
0.09909538767033373,0.4307786574597052,1.7017939665010848,0.002133499361382498,0.0006766288230045666,-0.00021307776711824506,-1.5665188969619857,-0.03503883961782961,1.537303595337549,0.10289999842643738,0.40549999475479126,1.6497999429702759,-1.5707963267948966,0.0,1.5707963267948966,0.030807627106486664,-0.07312446604072446,1.8603115121367793
0.09890112681287226,0.4307107208209478,1.7016639694223092,0.0013991034436902426,0.0007845425426562152,-0.00036441183158914296,-1.5662270314831575,-0.03489374833411629,1.5374698911612983,0.10289999842643738,0.40549999475479126,1.6497999429702759,-1.5707963267948966,0.0,1.5707963267948966,0.03085793210440689,-0.07324435499420129,1.8599137804032626
0.09879765247406207,0.43067713053755363,1.7015908969477158,0.0012710712048024408,0.0008159151410137975,-0.00037894138203689484,-1.5660851544643515,-0.03482588424411048,1.537537637999813,0.10289999842643738,0.40549999475479126,1.6497999429702759,-1.5707963267948966,0.0,1.5707963267948966,0.03088470849090858,-0.0733089641449541,1.859699108259565
0.09865527437402045,0.4306325413222447,1.7014769169544361,0.001629878023952716,0.0009469874591939067,-0.00012481821124602966,-1.5659012519670368,-0.034722278626213576,1.537612119484326,0.10289999842643738,0.40549999475479126,1.6497999429702759,-1.5707963267948966,0.0,1.5707963267948966,0.03092173782219003,-0.07340128777756359,1.8593935761346172
0.09852120883090838,0.4305888176637367,1.7013557144135487,0.0013450421081710273,0.0011124161109306633,-0.00011175408535214534,-1.5657202156239438,-0.0345853326821004,1.537682838606429,0.10289999842643738,0.40549999475479126,1.6497999429702759,-1.5707963267948966,0.0,1.5707963267948966,0.030956824900683272,-0.07349331726241454,1.8590903682907407
0.09838777731497222,0.430543242853195,1.701238726208155,0.00043662696724723545,0.0012010002469755644,-0.00043023604756487697,-1.565544589359828,-0.034445895705487395,1.537768425685715,0.10289999842643738,0.40549999475479126,1.6497999429702759,-1.5707963267948966,0.0,1.5707963267948966,0.030994794891562333,-0.07359379658817283,1.858758256256895
0.09825021514978219,0.43049802620835037,1.7011281306575123,-0.0004614037445219199,0.0012655114902762202,-0.00065346529265424,-1.5653933380144678,-0.03430194684618115,1.5378519001308646,0.10289999842643738,0.40549999475479126,1.6497999429702759,-1.5707963267948966,0.0,1.5707963267948966,0.031026184473989245,-0.07367571692418208,1.858487904568467
0.09811003443041294,0.4304479906139108,1.7010274136455843,-0.0011128659284922666,0.0013641411772665525,-0.0006911747182224854,-1.5652379797304297,-0.0341271138829109,1.537952430371683,0.10289999842643738,0.40549999475479126,1.6497999429702759,-1.5707963267948966,0.0,1.5707963267948966,0.031061050415794947,-0.0737660771125078,1.8581883592415787
0.09795456739973828,0.43038492895749275,1.7009287353843456,-0.0013090689763189055,0.0014720823778405516,-0.0005243504959273752,-1.5650749797024868,-0.03392490414702731,1.5381057696556575,0.10289999842643738,0.40549999475479126,1.6497999429702759,-1.5707963267948966,0.0,1.5707963267948966,0.031098903171753924,-0.07386448653736094,1.8578576801959008
0.09783157648176988,0.43032770521342784,1.7008567635065786,-0.0009535978211796562,0.0015807718630016592,-0.00023512853952429097,-1.5649532788680531,-0.03377686400723334,1.5382726495042616,0.10289999842643738,0.40549999475479126,1.6497999429702759,-1.5707963267948966,0.0,1.5707963267948966,0.03112866199864015,-0.07394437295198734,1.8575861280350614
0.09770393306910884,0.4302542403839532,1.7007865855490822,-3.4647724734864555e-06,0.0016866008954666365,-1.1595888550393331e-05,-1.5648111306748809,-0.033601517986880935,1.5385214828325418,0.10289999842643738,0.40549999475479126,1.6497999429702759,-1.5707963267948966,0.0,1.5707963267948966,0.03115979551581213,-0.0740322496225192,1.857285258317599
0.09758537358079458,0.43017509059347103,1.7007225500160947,0.0009825116988528076,0.001771791468677793,6.047602239064137e-05,-1.564674101814275,-0.03343512404939819,1.538818509602154,0.10289999842643738,0.40549999475479126,1.6497999429702759,-1.5707963267948966,0.0,1.5707963267948966,0.03118930165393633,-0.0741197813283054,1.8569861328791062
0.09746563054746221,0.43008854705539434,1.7006582227449798,0.0020240775116592107,0.0018511589932796789,1.8197090273627836e-05,-1.5645303360019183,-0.03330517422731116,1.5391764156346532,0.10289999842643738,0.40549999475479126,1.6497999429702759,-1.5707963267948966,0.0,1.5707963267948966,0.031219949730324444,-0.07421640739023526,1.856656938925698
0.09736093546328756,0.43001194435591067,1.700597894515956,0.0031561329064862757,0.0018099369861243415,-0.0002768781160937395,-1.5643754663372422,-0.03318030394442939,1.539507675011237,0.10289999842643738,0.40549999475479126,1.6497999429702759,-1.5707963267948966,0.0,1.5707963267948966,0.031246771052558464,-0.07430481077938417,1.8563578771887657
0.09726449090054781,0.4299472224315086,1.7005375944700094,0.003909684783143338,0.001778381703648239,-0.0004283840463865438,-1.5642319277047856,-0.03306392960126203,1.5397969858792475,0.10289999842643738,0.40549999475479126,1.6497999429702759,-1.5707963267948966,0.0,1.5707963267948966,0.031270925672914826,-0.07438491832295423,1.8560910517249907
0.09715049893036627,0.4298731718401091,1.7004596925186224,0.004034378925983088,0.00183541603707845,-0.0003794907897570334,-1.5640847611727393,-0.032943925296658794,1.5401457027690066,0.10289999842643738,0.40549999475479126,1.6497999429702759,-1.5707963267948966,0.0,1.5707963267948966,0.031299596100566554,-0.07448319667400652,1.855768241608967
0.09707028986268776,0.4298238279324822,1.700402154337104,0.003736366339976422,0.0018561955633091178,-0.0003708971581455103,-1.5639787370264142,-0.032846374494110986,1.5404030419308876,0.10289999842643738,0.40549999475479126,1.6497999429702759,-1.5707963267948966,0.0,1.5707963267948966,0.03131985797498121,-0.07455509885169304,1.855534066053992
0.0969720525597933,0.4297642323897134,1.7003328665935642,0.003041233383497652,0.0018417637799431775,-0.0005065413169018971,-1.563852150789732,-0.03272020673262288,1.540735388058855,0.10289999842643738,0.40549999475479126,1.6497999429702759,-1.5707963267948966,0.0,1.5707963267948966,0.03134472604677977,-0.07464510019378226,1.85524015990461
0.09686118867358032,0.4297029699700044,1.700258390264402,0.0023049773077266225,0.0017889966208637993,-0.0006576861764645405,-1.5637275172558354,-0.03259661320606444,1.541106319862535,0.10289999842643738,0.40549999475479126,1.6497999429702759,-1.5707963267948966,0.0,1.5707963267948966,0.03137235490265324,-0.07474429705574069,1.8549162874432612
0.0967689227514302,0.42965408629038015,1.7001980267633057,0.001799654315617654,0.0017566730133085132,-0.00063614503129973,-1.5636228613299272,-0.032491655816390796,1.5414197466214405,0.10289999842643738,0.40549999475479126,1.6497999429702759,-1.5707963267948966,0.0,1.5707963267948966,0.03139762009559053,-0.07483444457861255,1.8546222131941807
0.09665790554231002,0.4295894745266577,1.7001261039798343,0.001297268165845951,0.0017821576682032474,-0.00043628502102022003,-1.5634902827404547,-0.03236031206497714,1.5418294636962004,0.10289999842643738,0.40549999475479126,1.6497999429702759,-1.5707963267948966,0.0,1.5707963267948966,0.0314226377409589,-0.0749240091256664,1.854327803713447
0.09656429843447835,0.42952423878567686,1.7000642196724713,0.0009113755933730936,0.001880228919969975,-0.00017488129761327882,-1.5633940147079977,-0.032284771631330145,1.542224331140666,0.10289999842643738,0.40549999475479126,1.6497999429702759,-1.5707963267948966,0.0,1.5707963267948966,0.03144912571103923,-0.07502161375194392,1.8540037802013187
0.09647878833948421,0.4294513965069576,1.7000070096874467,0.0007465816223399372,0.001966589244162213,-2.770234755176375e-05,-1.5633058990892437,-0.0322219199604632,1.5426493047759204,0.10289999842643738,0.40549999475479126,1.6497999429702759,-1.5707963267948966,0.0,1.5707963267948966,0.03146976736798895,-0.07510074139029214,1.8537396615205606
0.09640813405268434,0.4293804242991989,1.699957567312062,0.0011424455623525263,0.0020018885152979595,4.122610253127334e-05,-1.5632378390617991,-0.03216356262562936,1.543051371559373,0.10289999842643738,0.40549999475479126,1.6497999429702759,-1.5707963267948966,0.0,1.5707963267948966,0.03148959404307754,-0.07517945539257928,1.853476553719661
0.09633255112861,0.42929743711261703,1.6998902108137963,0.0015822281568399316,0.002076515453628735,0.00013709510680645596,-1.5632163194888795,-0.03211607525465254,1.5435254993485352,0.10289999842643738,0.40549999475479126,1.6497999429702759,-1.5707963267948966,0.0,1.5707963267948966,0.03151248681869383,-0.07527628940713853,1.853156430762995
0.09627883893387672,0.42923013009638367,1.6998356516602482,0.0011786009937145407,0.0021704957768921207,0.0001860051223619234,-1.5632274816152174,-0.03207316038738206,1.543910239008374,0.10289999842643738,0.40549999475479126,1.6497999429702759,-1.5707963267948966,0.0,1.5707963267948966,0.03152998939814224,-0.07535575469339216,1.8528940299114443
0.09622549300725552,0.42915333186349236,1.699781260703398,0.0004244141251778146,0.0022571770636575493,6.170237237841e-05,-1.563242037772923,-0.03201515378894282,1.544345915129856,0.10289999842643738,0.40549999475479126,1.6497999429702759,-1.5707963267948966,0.0,1.5707963267948966,0.03154843023568795,-0.07544399244936602,1.8526004181563178
0.09617387944288153,0.4290758687198432,1.6997322674257482,2.3775330988483883e-05,0.0022542469437414857,-0.0002045573771842197,-1.5632667800899347,-0.03197725575562149,1.5447861959986717,0.10289999842643738,0.40549999475479126,1.6497999429702759,-1.5707963267948966,0.0,1.5707963267948966,0.03156675417293015,-0.07553225553893322,1.8523054967496355
0.09612074283356171,0.4289982345041802,1.6996850202429856,-6.486363560354189e-05,0.00222906011321162,-0.0003552341000912505,-1.5632773299707179,-0.031945413340730866,1.545224377578581,0.10289999842643738,0.40549999475479126,1.6497999429702759,-1.5707963267948966,0.0,1.5707963267948966,0.03158552741821029,-0.07562065792159829,1.852011792218727
0.09606770505890748,0.4289186493759136,1.6996397116558721,-0.0001477624687038311,0.0021836274963376264,-0.00045765441735354294,-1.5632680757638495,-0.03190545898848285,1.5456756315243299,0.10289999842643738,0.40549999475479126,1.6497999429702759,-1.5707963267948966,0.0,1.5707963267948966,0.03160455588886928,-0.07570906972410307,1.8517195366100319
0.09600584563371481,0.4288375102676397,1.6995893873055494,-0.00016749318340301278,0.0021478899592839583,-0.0005636575875097797,-1.5632553151223314,-0.03187614805488259,1.5461586820729631,0.10289999842643738,0.40549999475479126,1.6497999429702759,-1.5707963267948966,0.0,1.5707963267948966,0.03162608873755018,-0.0758071973636797,1.8513991297513737
0.09594036444786916,0.42876371537687324,1.6995389673828825,-0.00034811929419394956,0.0021572595151349684,-0.0006277918325796816,-1.5632343886232412,-0.03186020149089153,1.5466305865504837,0.10289999842643738,0.40549999475479126,1.6497999429702759,-1.5707963267948966,0.0,1.5707963267948966,0.031648010756848415,-0.07590631180677028,1.8510797013339513
0.09588248467921841,0.4287088396610091,1.6994980056037647,-0.00028444043887972147,0.00211137006164661,-0.0006581824876013068,-1.5631982242924805,-0.0318248086636892,1.5470093985539857,0.10289999842643738,0.40549999475479126,1.6497999429702759,-1.5707963267948966,0.0,1.5707963267948966,0.03166647539218272,-0.0759882237495785,1.8508183710375818
0.09582355027499985,0.42865606646745014,1.6994526812813888,0.0001405450557883488,0.0020628128602087985,-0.0004706551548579553,-1.5631703314494911,-0.031786376093291935,1.5473841285425505,0.10289999842643738,0.40549999475479126,1.6497999429702759,-1.5707963267948966,0.0,1.5707963267948966,0.03168525193468532,-0.07607048367321859,1.8505576431613031
0.095742454330959,0.4285775797180783,1.6993786327954177,0.0003523536736104889,0.0019683721545969515,-0.0004387924783782034,-1.5631413944941304,-0.03173787445122267,1.5479354813890371,0.10289999842643738,0.40549999475479126,1.6497999429702759,-1.5707963267948966,0.0,1.5707963267948966,0.03171212955366511,-0.07618905940567179,1.850183933759715
0.09568367463305913,0.4285205582169798,1.6993261257265935,-0.00023770199798215264,0.0019667001354807347,-0.00042647779116181594,-1.5631146264544677,-0.03167748874026177,1.5483505365064418,0.10289999842643738,0.40549999475479126,1.6497999429702759,-1.5707963267948966,0.0,1.5707963267948966,0.03173135598564049,-0.07627081148098486,1.849927373078842
0.09563190248722128,0.4284663264157227,1.699286412306007,-0.0012279581961814722,0.0020466450550093024,-0.00025576650655352633,-1.5630986394817348,-0.031640318214445795,1.5487514023991724,0.10289999842643738,0.40549999475479126,1.6497999429702759,-1.5707963267948966,0.0,1.5707963267948966,0.03174852213385863,-0.07634296998327882,1.8496989526198684
0.09556605477945762,0.4283874873412895,1.699239186537898,-0.001474409883800622,0.0021286413066817647,5.462705468594356e-05,-1.5631050397443156,-0.03163349241224456,1.5493347880896546,0.10289999842643738,0.40549999475479126,1.6497999429702759,-1.5707963267948966,0.0,1.5707963267948966,0.03177139220616856,-0.07644155681608948,1.8493848975922385
0.09551294363608494,0.4283117665725895,1.6991939797498776,-0.0007834640881146919,0.002115562434217534,0.00031164844764584534,-1.5631149944266185,-0.03164356357752762,1.5498774568115423,0.10289999842643738,0.40549999475479126,1.6497999429702759,-1.5707963267948966,0.0,1.5707963267948966,0.03179109748229005,-0.07653087043223672,1.849102316117547
0.09546816354240538,0.42823376136676694,1.699144447614067,-0.00019308688997398798,0.002001697353203527,0.0003878640451532357,-1.5631324428149282,-0.03167685593132008,1.5504147628759704,0.10289999842643738,0.40549999475479126,1.6497999429702759,-1.5707963267948966,0.0,1.5707963267948966,0.03180944136000462,-0.07662007973234529,1.848823204373978
0.09542824127669229,0.42815585379387705,1.6990936742682854,-0.00044627975789407465,0.0018056970613410314,0.0003445827360484011,-1.5631757510104183,-0.031724084620122994,1.5509296460995312,0.10289999842643738,0.40549999475479126,1.6497999429702759,-1.5707963267948966,0.0,1.5707963267948966,0.031827063143654424,-0.0767094160521928,1.8485462953604725
0.09539337617704244,0.428079327613474,1.6990492025276194,-0.0010942799435439538,0.0015809049178231254,0.00030485292083251656,-1.5632167198720257,-0.03175182402453114,1.551424826840486,0.10289999842643738,0.40549999475479126,1.6497999429702759,-1.5707963267948966,0.0,1.5707963267948966,0.03184396598886634,-0.07679910903201269,1.8482684581512603
0.09536286546306294,0.4280049959458666,1.699007619232992,-0.0013265507763069373,0.0013029618807524734,0.00013372004811636263,-1.563266838286291,-0.03176149946017581,1.5519028506837416,0.10289999842643738,0.40549999475479126,1.6497999429702759,-1.5707963267948966,0.0,1.5707963267948966,0.03186054969354285,-0.07688924599651036,1.8479892836215794
0.09532547949214878,0.4279183771820624,1.698956569962859,-0.0011669398085649096,0.0009070270776579175,-0.00019331296792692384,-1.5633517363893852,-0.031776394692917265,1.5524409836703372,0.10289999842643738,0.40549999475479126,1.6497999429702759,-1.5707963267948966,0.0,1.5707963267948966,0.031881268021194335,-0.07699791348892746,1.8476546784246786
0.09529792312853999,0.42786275252463035,1.6989204664338033,-0.0012131449880813999,0.0007546239022271652,-0.0002757061319466391,-1.5634131498159678,-0.03177364755798795,1.5527797771824114,0.10289999842643738,0.40549999475479126,1.6497999429702759,-1.5707963267948966,0.0,1.5707963267948966,0.031896018508372447,-0.07707075857093922,1.847433525527834
0.09525712479013931,0.427779027997169,1.6988717804168207,-0.0016316214293584906,0.0007950573955387994,-9.760807563304451e-05,-1.5634893118975461,-0.03177410848173334,1.553283289496702,0.10289999842643738,0.40549999475479126,1.6497999429702759,-1.5707963267948966,0.0,1.5707963267948966,0.03192055873672405,-0.07718924571265445,1.8470757259893276
0.09523195223047218,0.42772392082534527,1.698842070975055,-0.0015799084421436885,0.0008696006924004414,-7.896941741472297e-05,-1.563541933269147,-0.03180292896099601,1.5536080627826454,0.10289999842643738,0.40549999475479126,1.6497999429702759,-1.5707963267948966,0.0,1.5707963267948966,0.03193577784219934,-0.07726234262212675,1.8468557040827176
0.09519677772233015,0.42765627740809514,1.6988030522910387,-0.0007282673888542786,0.0009390638604719837,-0.00016136412440871103,-1.5636029818662986,-0.031829040054626834,1.55399615225348,0.10289999842643738,0.40549999475479126,1.6497999429702759,-1.5707963267948966,0.0,1.5707963267948966,0.03195379971474138,-0.07734491981045881,1.846609431383755
0.09516150373990556,0.427592021809242,1.6987563834144261,0.0003301156126615877,0.0010842769964071978,-6.824056854601484e-05,-1.563656848591843,-0.03183282256909559,1.5543578052475273,0.10289999842643738,0.40549999475479126,1.6497999429702759,-1.5707963267948966,0.0,1.5707963267948966,0.031974173326154536,-0.07743734661534706,1.8463390221594103
0.09512365040484168,0.4275326474658646,1.6987054985539327,0.00045042614401765384,0.0011166123259523189,-0.00030919895503458674,-1.5637198871744291,-0.031833235568139884,1.554689950252381,0.10289999842643738,0.40549999475479126,1.6497999429702759,-1.5707963267948966,0.0,1.5707963267948966,0.03199541096105625,-0.07753054448552672,1.8460700845919586
0.09506825326456157,0.42747004139974665,1.6986564588079585,-0.0006594104345535804,0.0010318724780502804,-0.0005337074975704747,-1.563774800692108,-0.031794512358978455,1.5550433273210686,0.10289999842643738,0.40549999475479126,1.6497999429702759,-1.5707963267948966,0.0,1.5707963267948966,0.032021169843733585,-0.07763341402933857,1.845774517553608
0.09501281161904818,0.4274189383538904,1.6986267218340805,-0.0016721699856415485,0.0008298340245262948,-0.0007091957850287633,-1.563794677155603,-0.0317230421227519,1.555336966751058,0.10289999842643738,0.40549999475479126,1.6497999429702759,-1.5707963267948966,0.0,1.5707963267948966,0.032043916492501344,-0.07771752879549182,1.8455327468134408
0.09493781340074524,0.42736056185271004,1.6986000622180433,-0.0018003316608299854,0.0005145365820930863,-0.0006721647265156183,-1.563798525484929,-0.031629535524314356,1.5556700502817655,0.10289999842643738,0.40549999475479126,1.6497999429702759,-1.5707963267948966,0.0,1.5707963267948966,0.03207165919459996,-0.07781074964404477,1.8452652346431893
0.09486089935016781,0.4273032275982819,1.6985709033481042,-0.0011051858771883123,0.0003985921488055678,-4.4760698505606544e-05,-1.5638028711643126,-0.031554403051302415,1.5560019154759739,0.10289999842643738,0.40549999475479126,1.6497999429702759,-1.5707963267948966,0.0,1.5707963267948966,0.03210016034966556,-0.07790404547662476,1.8450020348699192
0.09479404024488254,0.42724769031040677,1.6985375190965144,-0.0006508878711602455,0.0003626213572942486,0.00029800614890719725,-1.5637920751694856,-0.03149522298275187,1.5563369269992493,0.10289999842643738,0.40549999475479126,1.6497999429702759,-1.5707963267948966,0.0,1.5707963267948966,0.03212760107701805,-0.07799748094139997,1.8447466849088194
0.09472878388645979,0.42719735519004165,1.6985057258172878,-0.0008582270038018975,0.00022574858345271066,0.0001336213762232884,-1.563782243427173,-0.03145174569604059,1.556667607768248,0.10289999842643738,0.40549999475479126,1.6497999429702759,-1.5707963267948966,0.0,1.5707963267948966,0.032155591981189946,-0.07809136990206308,1.84449854668061
0.09466091648129553,0.42715134674009064,1.6984784432949085,-0.001085798714651284,0.0001295505854104813,0.0001637787145152435,-1.5637790308345605,-0.031433320128824604,1.5569869917350991,0.10289999842643738,0.40549999475479126,1.6497999429702759,-1.5707963267948966,0.0,1.5707963267948966,0.03218485438225375,-0.07818566971007937,1.8442542477925397
0.09459565760832839,0.4271018396313079,1.698456299985475,-0.0012602077695414414,0.0001258924494301196,0.00040736946142004213,-1.5637636998246003,-0.031422701013270604,1.5573149695051935,0.10289999842643738,0.40549999475479126,1.6497999429702759,-1.5707963267948966,0.0,1.5707963267948966,0.03221425223987871,-0.0782795830643379,1.844012608140874
0.09453428529401635,0.4270465872978169,1.6984396575362937,-0.0010863384099480107,9.190004536578465e-05,0.0005551362799085765,-1.5637482186292548,-0.03141892336713248,1.557657935920582,0.10289999842643738,0.40549999475479126,1.6497999429702759,-1.5707963267948966,0.0,1.5707963267948966,0.032243380803725415,-0.0783728327968347,1.843772463716582
0.0944805600754745,0.4269929601001345,1.698421961185364,-0.00032440126977651584,-3.388655364133357e-05,0.0004836359432438037,-1.5637497561253462,-0.03143226738360694,1.5579617668930144,0.10289999842643738,0.40549999475479126,1.6497999429702759,-1.5707963267948966,0.0,1.5707963267948966,0.03226962284998204,-0.07845632862048008,1.843557625931018
0.09441904730515986,0.4269330967891888,1.6983961337129898,0.00026206221388736016,-0.00021463244903247415,0.0005128752852853817,-1.5637463270305176,-0.03143627703835117,1.5582857749929293,0.10289999842643738,0.40549999475479126,1.6497999429702759,-1.5707963267948966,0.0,1.5707963267948966,0.03229936935478413,-0.078549181111634,1.8433199344731777
0.09436368199557008,0.42687408606467786,1.6983672811023403,0.00045970905960550254,-0.00024578620450065313,0.0008751342360168076,-1.5637460695087153,-0.0314387427831333,1.558597408569095,0.10289999842643738,0.40549999475479126,1.6497999429702759,-1.5707963267948966,0.0,1.5707963267948966,0.03232862493677809,-0.07864215510385335,1.843082854259121
0.09432180056365438,0.42681958883575066,1.6983320789104688,0.0004659847505702439,-0.0002561223446200199,0.0010488571199469506,-1.5637911694424305,-0.03147208889581732,1.5588703250292524,0.10289999842643738,0.40549999475479126,1.6497999429702759,-1.5707963267948966,0.0,1.5707963267948966,0.03235920197019771,-0.07874481681299292,1.8428245517148454
0.09428033701013415,0.4267615809733529,1.6982846536521952,-2.5012796359447238e-05,-0.00039910945400275686,0.0007286858592076656,-1.5638885477890119,-0.03151454613679627,1.559148416041102,0.10289999842643738,0.40549999475479126,1.6497999429702759,-1.5707963267948966,0.0,1.5707963267948966,0.03238950674074585,-0.07884802110665719,1.8425683923849332
0.0942481199535362,0.4267213692117992,1.6982488724561953,-0.0003065722841125428,-0.0005303767233212784,0.0004919092437630735,-1.5639709957198649,-0.03152494191509181,1.5593515434507224,0.10289999842643738,0.40549999475479126,1.6497999429702759,-1.5707963267948966,0.0,1.5707963267948966,0.03241531038701407,-0.07893264361766085,1.8423600879428184
0.09421206522941089,0.4266806417970998,1.6982050561084698,-0.00033590655994459147,-0.0006020321611227849,0.0004495472154996239,-1.564067554832174,-0.031544411784644844,1.5595667581373704,0.10289999842643738,0.40549999475479126,1.6497999429702759,-1.5707963267948966,0.0,1.5707963267948966,0.03244476872835538,-0.07902686114913247,1.84213111674329
0.09417815876980463,0.4266417159565368,1.6981598077792475,-0.0007299916177493436,-0.0005637015650652515,0.0005879426310795419,-1.564148841988159,-0.031564107891718596,1.5597740940068234,0.10289999842643738,0.40549999475479126,1.6497999429702759,-1.5707963267948966,0.0,1.5707963267948966,0.03247754706889293,-0.07913056246747081,1.841879091670194
0.09414658180784848,0.4265943742169006,1.698117985128543,-0.0013905007514569934,-0.0004224899325146951,0.0007079903653606015,-1.5642076464800767,-0.03156581203909958,1.560023583990097,0.10289999842643738,0.40549999475479126,1.6497999429702759,-1.5707963267948966,0.0,1.5707963267948966,0.032507003455194576,-0.07922430710118275,1.8416475644646269
0.09412211506909707,0.4265527381897119,1.6980878648168942,-0.0012954695281224666,-0.00034951785917300486,0.0006552298676492988,-1.564261069609837,-0.031569448235245545,1.560234517281476,0.10289999842643738,0.40549999475479126,1.6497999429702759,-1.5707963267948966,0.0,1.5707963267948966,0.03253359885723177,-0.07930833095730934,1.8414373100551225
0.09408823256349222,0.4264982272542017,1.6980483126392285,-0.00044406275404739007,-0.00038023570440329094,0.0003038009515519859,-1.5643095111829322,-0.03157895391355492,1.5604985754521712,0.10289999842643738,0.40549999475479126,1.6497999429702759,-1.5707963267948966,0.0,1.5707963267948966,0.03256680368481522,-0.07941069864212441,1.841178344446789
0.0940517258017239,0.4264525998510769,1.698011217604782,0.00029521778428208916,-0.00044686319338092285,0.000170027398718367,-1.5643121386217531,-0.03156408727317217,1.5607143931706302,0.10289999842643738,0.40549999475479126,1.6497999429702759,-1.5707963267948966,0.0,1.5707963267948966,0.03259558675426864,-0.07949448803516158,1.8409668167514481
0.09401049020465939,0.4264053136537711,1.69796536237556,0.0006356020275072908,-0.0004046812833669513,0.0004771483807326537,-1.564305652494124,-0.031556699011262346,1.560945609755622,0.10289999842643738,0.40549999475479126,1.6497999429702759,-1.5707963267948966,0.0,1.5707963267948966,0.03262794232784803,-0.07958794251502244,1.8407334311117836
0.09397667968572754,0.4263609311553052,1.6979203794703526,0.00022851394675127778,-0.000378382104399127,0.0008109552324585954,-1.5643198689079088,-0.031576241043257625,1.5611704430540534,0.10289999842643738,0.40549999475479126,1.6497999429702759,-1.5707963267948966,0.0,1.5707963267948966,0.03265948884969213,-0.07968154227329292,1.8405010143308684
0.09395340617888072,0.42632138455818885,1.6978842187927508,-0.0004880103728575049,-0.0004077443414546495,0.000940799188407601,-1.5643338258762212,-0.031588756686203645,1.561382450767113,0.10289999842643738,0.40549999475479126,1.6497999429702759,-1.5707963267948966,0.0,1.5707963267948966,0.032690208663623536,-0.0797749544873266,1.8402696121835047
0.09393239891595119,0.4262717540306342,1.6978464441536398,-0.0010950250611429528,-0.00043059728905121077,0.0010441517750811819,-1.5643635741837236,-0.03160716278671449,1.5616543055233674,0.10289999842643738,0.40549999475479126,1.6497999429702759,-1.5707963267948966,0.0,1.5707963267948966,0.03272043546428985,-0.079867995779786,1.8400376509228944
0.09392072513437874,0.4262226802570729,1.6978144179120171,-0.001179259582455858,-0.0004767302045349396,0.0009775451691203388,-1.5644144870735177,-0.03165470946535809,1.561908412257065,0.10289999842643738,0.40549999475479126,1.6497999429702759,-1.5707963267948966,0.0,1.5707963267948966,0.0327499557357699,-0.07996043810076896,1.8398043222567713
0.09390730944611911,0.426164829783579,1.6977865954986735,-0.0012354633338517924,-0.0005674307414735778,0.000760602577076841,-1.5644533883912801,-0.03168259288361064,1.5621815581878742,0.10289999842643738,0.40549999475479126,1.6497999429702759,-1.5707963267948966,0.0,1.5707963267948966,0.03277996478781173,-0.08005189321614326,1.8395698680182553
0.09389203086079147,0.4260986789274004,1.69776292341545,-0.0011804848895338308,-0.0006905622362660606,0.0005312168382187271,-1.5644898139938561,-0.03169020811695766,1.562471009224216,0.10289999842643738,0.40549999475479126,1.6497999429702759,-1.5707963267948966,0.0,1.5707963267948966,0.03281068518235123,-0.08014243660697609,1.8393346163312734
0.09387169932503105,0.4260270339518454,1.6977421165398874,-0.0010658334910628637,-0.0008961241674539932,0.0002297292374263043,-1.5645407735544292,-0.03170209411704228,1.5627729221242552,0.10289999842643738,0.40549999475479126,1.6497999429702759,-1.5707963267948966,0.0,1.5707963267948966,0.03284297444650115,-0.0802323474761141,1.839099030850825
0.0938456226164046,0.4259532438538059,1.6977241102695915,-0.0007433036719183812,-0.0010084382152498622,0.0003332065857678008,-1.5645987184395544,-0.03168859788804257,1.5630888114825328,0.10289999842643738,0.40549999475479126,1.6497999429702759,-1.5707963267948966,0.0,1.5707963267948966,0.032876890538078095,-0.08032204894873361,1.8388642064155791
0.09382556658725885,0.4258810087626995,1.6977032059024106,0.00018064084084304778,-0.0009403120423393191,0.0008606758998620138,-1.5646607480323236,-0.03166175388850645,1.5633958542612065,0.10289999842643738,0.40549999475479126,1.6497999429702759,-1.5707963267948966,0.0,1.5707963267948966,0.03291038694704462,-0.08041194996983932,1.8386321365808105
0.09382046002708051,0.4258055302346791,1.6976700361070844,0.0009840675516069894,-0.0007619553626327646,0.0013877160370184228,-1.5647449259741217,-0.03167239627387364,1.5636948030673024,0.10289999842643738,0.40549999475479126,1.6497999429702759,-1.5707963267948966,0.0,1.5707963267948966,0.032945182050504486,-0.08051113912091508,1.8383836451313318
0.09382993890340167,0.4257425152203749,1.6976411976820904,0.0007223790996580818,-0.0006388684116295326,0.0014535452014851431,-1.564815676415016,-0.03169586925597523,1.5639228348253869,0.10289999842643738,0.40549999475479126,1.6497999429702759,-1.5707963267948966,0.0,1.5707963267948966,0.03297201964149058,-0.08059192164839661,1.8381856207929987
0.09384442223017866,0.4256703344867912,1.697614180646678,-0.00017975403467093535,-0.000582775035927751,0.0011631878431172264,-1.5648854390268727,-0.03170900555597367,1.564165118751156,0.10289999842643738,0.40549999475479126,1.6497999429702759,-1.5707963267948966,0.0,1.5707963267948966,0.03300182377503325,-0.08068112573614643,1.837969110314858
0.09386054853355878,0.42560207765060665,1.6975879559636449,-0.0006340300592578062,-0.0005468939035552512,0.0008335051110905149,-1.5649643213790903,-0.031731753072800295,1.5643731305224844,0.10289999842643738,0.40549999475479126,1.6497999429702759,-1.5707963267948966,0.0,1.5707963267948966,0.03303190812810321,-0.08077035971546595,1.8377552579347105
0.09387081459298652,0.4255361081394108,1.697558733607311,-0.0005393099384105537,-0.000603898622198764,0.0006400180227644222,-1.5650143405214065,-0.03173985599682805,1.564552902194715,0.10289999842643738,0.40549999475479126,1.6497999429702759,-1.5707963267948966,0.0,1.5707963267948966,0.03306291557986277,-0.08085952530719509,1.8375441704097792
0.09387979896494526,0.42546191016669765,1.6975202679467567,-0.000423036900593536,-0.00066021084183718,0.000740345813143468,-1.5650262890742024,-0.031713141426216396,1.564730778837034,0.10289999842643738,0.40549999475479126,1.6497999429702759,-1.5707963267948966,0.0,1.5707963267948966,0.03309725197943511,-0.08095715054719418,1.8373146938645526
0.09389048237142104,0.4253918189478688,1.697482984207287,-0.000796283322730438,-0.0007139537150225303,0.000836520099699256,-1.5650297682414738,-0.03169157780490206,1.564877755832221,0.10289999842643738,0.40549999475479126,1.6497999429702759,-1.5707963267948966,0.0,1.5707963267948966,0.03312815954708223,-0.08104531137221019,1.8371054504523563
0.09390392395984065,0.4253174267984346,1.6974492887313788,-0.0015227274723203748,-0.0007431291073534437,0.0009813294503840627,-1.5650319092181821,-0.03167217218212137,1.5650362862583524,0.10289999842643738,0.40549999475479126,1.6497999429702759,-1.5707963267948966,0.0,1.5707963267948966,0.03315875129943022,-0.08113270589979443,1.8368930265899397
0.09391680811753372,0.42526335281859146,1.6974291129516415,-0.0018612018707556697,-0.0007541075864267318,0.0010251456199497381,-1.5650243146645564,-0.031652347541056614,1.5651544607343983,0.10289999842643738,0.40549999475479126,1.6497999429702759,-1.5707963267948966,0.0,1.5707963267948966,0.03318268510180352,-0.08120223924681018,1.8367201528923172
0.09393931608357838,0.42517183945584625,1.697395913221772,-0.001819003206726267,-0.0008250580328023115,0.0007928185470932418,-1.5650158050284473,-0.031628132944099274,1.565368318497277,0.10289999842643738,0.40549999475479126,1.6497999429702759,-1.5707963267948966,0.0,1.5707963267948966,0.03321580303223892,-0.08129784231364555,1.8364797582244692
0.09395717474621508,0.4251001803684429,1.697368351313995,-0.001130104094993286,-0.0008611617688955382,0.0006528414110147122,-1.5650261448817238,-0.03162851688782187,1.5655601774035872,0.10289999842643738,0.40549999475479126,1.6497999429702759,-1.5707963267948966,0.0,1.5707963267948966,0.033246306326479264,-0.08138515482927314,1.836258872951267
0.09397076495975881,0.42503200321091805,1.6973356549917085,-0.0005605184517671279,-0.0009099603838577146,0.0003875678993343023,-1.5650284528098133,-0.03160506520435291,1.5657634891399759,0.10289999842643738,0.40549999475479126,1.6497999429702759,-1.5707963267948966,0.0,1.5707963267948966,0.03327742412058845,-0.08147291804865163,1.8360365037457096
0.09397542215119095,0.4249590548573786,1.697304901637031,-0.0007746502354266236,-0.0009172656092215945,0.00027840299688954663,-1.5650262781925228,-0.03154651886767823,1.5660091996448808,0.10289999842643738,0.40549999475479126,1.6497999429702759,-1.5707963267948966,0.0,1.5707963267948966,0.033313218244654885,-0.08156957745300607,1.8357895913088949
0.09397667937929234,0.42490282378523325,1.69728299830023,-0.000856061441248861,-0.0008884577560983119,0.0003728542986630659,-1.5650329873834359,-0.03149495891169751,1.5662096971599266,0.10289999842643738,0.40549999475479126,1.6497999429702759,-1.5707963267948966,0.0,1.5707963267948966,0.033342906988541865,-0.08164883570791293,1.8355864088108178
0.09397634003342789,0.42484947950320917,1.6972602711703906,-0.0006570101994626831,-0.00087518269259684,0.0004733572265634776,-1.5650308358568858,-0.031424395660775595,1.5664106882494007,0.10289999842643738,0.40549999475479126,1.6497999429702759,-1.5707963267948966,0.0,1.5707963267948966,0.03337613070401005,-0.08173710975487461,1.8353590998726812
0.09397508336437135,0.42477673635460006,1.6972261148206549,-0.0002588852177393397,-0.0008834051049202102,0.0005434106297998293,-1.5650188171197426,-0.031320783744968494,1.5666873567259956,0.10289999842643738,0.40549999475479126,1.6497999429702759,-1.5707963267948966,0.0,1.5707963267948966,0.03341278188750732,-0.08183383571062319,1.8351068885789203
0.09397273721677904,0.4247208399023151,1.6971969838374024,-0.00011774483246965144,-0.0009598668635568032,0.0005335575443448512,-1.5650269499659397,-0.031263144898166395,1.5668991367872878,0.10289999842643738,0.40549999475479126,1.6497999429702759,-1.5707963267948966,0.0,1.5707963267948966,0.03344320437790235,-0.08191258984231581,1.834898610506909
0.0939706908030407,0.4246572672603,1.6971606648233333,8.939234795624696e-05,-0.0010141475209088993,0.0007646435302039664,-1.565038098897382,-0.031192513578308656,1.5671321280895338,0.10289999842643738,0.40549999475479126,1.6497999429702759,-1.5707963267948966,0.0,1.5707963267948966,0.033477145443139726,-0.08199973850148648,1.8346642588562272
0.09397768118357308,0.42459165762197304,1.697117125011385,0.00028908341700893073,-0.000951652935001086,0.001227786906247498,-1.5650520215870853,-0.031118152054453674,1.5673570411998197,0.10289999842643738,0.40549999475479126,1.6497999429702759,-1.5707963267948966,0.0,1.5707963267948966,0.03350987844315379,-0.08208638821238382,1.8344286467891926
0.09400071827196865,0.42452178337449376,1.6970683479492283,0.0001823468158577514,-0.0007890282105342044,0.001640140322842344,-1.565091476067844,-0.031085979326149538,1.5675768350696382,0.10289999842643738,0.40549999475479126,1.6497999429702759,-1.5707963267948966,0.0,1.5707963267948966,0.033540401017344415,-0.08217201009406826,1.8341952329719766
0.09403981829451759,0.42444532457706635,1.6970170649524718,-0.00012122504280739637,-0.0005233566812005134,0.0018554533690255507,-1.565136518670303,-0.031083688278611632,1.5678084439295426,0.10289999842643738,0.40549999475479126,1.6497999429702759,-1.5707963267948966,0.0,1.5707963267948966,0.033571147549940165,-0.08226460733468957,1.83394319204053
0.09409217309094868,0.42436629252679586,1.6969642760789514,-0.0005464959600128166,-0.0002708383448002332,0.001715206733411837,-1.5651743520638053,-0.031098615238684957,1.5680367750884512,0.10289999842643738,0.40549999475479126,1.6497999429702759,-1.5707963267948966,0.0,1.5707963267948966,0.0335968710768472,-0.08234793084307264,1.833716888596228
0.09414858215394097,0.4242892377054912,1.6969119042970147,-0.0008740225309048751,-0.0001882922543356532,0.0011697151268616362,-1.5652185822852598,-0.03113926889499652,1.568252051570323,0.10289999842643738,0.40549999475479126,1.6497999429702759,-1.5707963267948966,0.0,1.5707963267948966,0.03361972929401892,-0.08242269879890686,1.8335146639503015
0.09420017433449487,0.42421932308774624,1.6968563473142058,-0.0007599541428285855,-0.00020425526829453863,0.0007464894561521098,-1.5652503027901257,-0.03116362484676216,1.5684350858613376,0.10289999842643738,0.40549999475479126,1.6497999429702759,-1.5707963267948966,0.0,1.5707963267948966,0.03364588075490723,-0.08250616051590705,1.83329392940571
0.09424954451440226,0.424155574227092,1.696797936719566,-0.0006093206747440044,-0.0002098133415756015,0.0007130289834836171,-1.565252458928977,-0.03115313102069628,1.5685916497032646,0.10289999842643738,0.40549999475479126,1.6497999429702759,-1.5707963267948966,0.0,1.5707963267948966,0.033672122738780626,-0.08258999212446004,1.8330775188695472
0.09429617807301431,0.4241038579713334,1.6967438656558447,-0.0005752819075979418,-0.00028137742632073764,0.0007574145407811889,-1.5652446213473514,-0.031140483586141965,1.5686968073689216,0.10289999842643738,0.40549999475479126,1.6497999429702759,-1.5707963267948966,0.0,1.5707963267948966,0.03369513407121644,-0.08266585083122271,1.8328836433969424
0.0943562068063239,0.42404512272073397,1.6966774205352564,-0.0006339533491825151,-0.0004596555570765172,0.0007348933669921728,-1.565229574585236,-0.03114518055702753,1.5687916918506757,0.10289999842643738,0.40549999475479126,1.6497999429702759,-1.5707963267948966,0.0,1.5707963267948966,0.033722812180069894,-0.0827588659707125,1.8326447080997523
0.09441228800625644,0.42399403732556695,1.6966170461545187,-0.0007948896202312341,-0.0006132473164624405,0.0006345561064488201,-1.5651964658651916,-0.031152396139790817,1.5688601935047988,0.10289999842643738,0.40549999475479126,1.6497999429702759,-1.5707963267948966,0.0,1.5707963267948966,0.03374775726373771,-0.08284355568456381,1.832423601926581
0.09447210478364361,0.42394063947362487,1.696551039380875,-0.0009686280626693957,-0.0007967644443002211,0.0003515289154913039,-1.5651670793598154,-0.03116676992093881,1.5689200390926898,0.10289999842643738,0.40549999475479126,1.6497999429702759,-1.5707963267948966,0.0,1.5707963267948966,0.033775647084899704,-0.08293679513037618,1.832175293384904
0.09451576109581751,0.4238996817511632,1.6964958422296776,-0.0008719850975201442,-0.0009191878145316067,0.00012781359197465504,-1.565158841710466,-0.031179058453938424,1.5689581768056755,0.10289999842643738,0.40549999475479126,1.6497999429702759,-1.5707963267948966,0.0,1.5707963267948966,0.03380219342085214,-0.08302162866589205,1.8319467689697257
0.09455709767661705,0.4238522498403856,1.6964341836292562,-0.0006769837615488021,-0.0009728935055520973,6.830687339228408e-05,-1.5651500058019587,-0.031157296627772446,1.5690178443788354,0.10289999842643738,0.40549999475479126,1.6497999429702759,-1.5707963267948966,0.0,1.5707963267948966,0.03382988733066493,-0.08310601511000558,1.8317169434112586
0.09459621999637391,0.42380048498562467,1.696375067417212,-0.0005214688462820588,-0.000897060694393466,0.00034276167060732154,-1.5651436995520138,-0.03112361484629922,1.5690977453724493,0.10289999842643738,0.40549999475479126,1.6497999429702759,-1.5707963267948966,0.0,1.5707963267948966,0.0338551487518752,-0.0831813714991229,1.8315081510975746
0.09463728576815592,0.4237479070880763,1.6963231478552634,-9.754629111605844e-05,-0.0006876820302937077,0.0008010744266172302,-1.5651502410668787,-0.031113474209590652,1.5691817889530892,0.10289999842643738,0.40549999475479126,1.6497999429702759,-1.5707963267948966,0.0,1.5707963267948966,0.03387951498942828,-0.08325589168428628,1.8312985745093342
0.09469378217778347,0.4236843018150138,1.6962646061672424,0.000568246195398006,-0.00045456736913025475,0.0010147052549889205,-1.5651605154509558,-0.03111854983979967,1.569287735623405,0.10289999842643738,0.40549999475479126,1.6497999429702759,-1.5707963267948966,0.0,1.5707963267948966,0.03390484147404306,-0.08333788414607791,1.8310681570857414
0.09475533709195214,0.42362344753783554,1.6962027870397722,0.0010835020180967015,-0.00031924966269710945,0.0007840125034294509,-1.5651719543931544,-0.031122924597193347,1.569393771970289,0.10289999842643738,0.40549999475479126,1.6497999429702759,-1.5707963267948966,0.0,1.5707963267948966,0.03392940901865956,-0.08341995604270228,1.8308404958164908
0.09482457924011413,0.4235561593222882,1.6961257117353126,0.0011700685315509675,-0.00020294438235227553,0.0003907793107440183,-1.5651966089809495,-0.03112788728092486,1.5695049574558146,0.10289999842643738,0.40549999475479126,1.6497999429702759,-1.5707963267948966,0.0,1.5707963267948966,0.033959666300826974,-0.08351866011755786,1.8305692007560899
0.09487423089473572,0.42351037196270624,1.6960664933808887,0.0011688483845540814,-0.00010576995573235392,0.0004521084411155883,-1.565219771298729,-0.031123834103365056,1.5695772420411163,0.10289999842643738,0.40549999475479126,1.6497999429702759,-1.5707963267948966,0.0,1.5707963267948966,0.03398294233993021,-0.08359286266497253,1.8303671853513999
0.09495686787796791,0.42344632194818893,1.6959746577783679,0.0012617120560137476,3.8018170615432434e-05,0.0008182039872216269,-1.5652474076958605,-0.031126346600054866,1.5696726079234709,0.10289999842643738,0.40549999475479126,1.6497999429702759,-1.5707963267948966,0.0,1.5707963267948966,0.03401513045979297,-0.0836997098064465,1.830078189963264
0.09502264526183597,0.423400386932631,1.6959077613638256,0.001237434936311002,4.5455225749710576e-05,0.0007326817952841325,-1.5652689268583888,-0.031159810600078774,1.569741819231189,0.10289999842643738,0.40549999475479126,1.6497999429702759,-1.5707963267948966,0.0,1.5707963267948966,0.034036341724686475,-0.08377301456100537,1.8298798610109417
0.0950787240228215,0.42335929103252157,1.6958455858718364,0.0014103605503476952,-6.791425062930694e-05,0.000363716808788042,-1.5652779625344062,-0.031189773828566025,1.569801622123594,0.10289999842643738,0.40549999475479126,1.6497999429702759,-1.5707963267948966,0.0,1.5707963267948966,0.034055772787059006,-0.08383786713148168,1.8297047520158214
0.09513831846244987,0.4233157605878583,1.6957679408071735,0.001645905831020761,-0.00018274503878830316,0.00012703322589034308,-1.5652832228428095,-0.03120390001140194,1.5698566167491483,0.10289999842643738,0.40549999475479126,1.6497999429702759,-1.5707963267948966,0.0,1.5707963267948966,0.034080965750814075,-0.08391894357563895,1.8294894135127782
0.09520608075823452,0.42326512415250966,1.6956685434239192,0.0012626809674529602,-0.00024079502620028332,-8.73452564986496e-05,-1.5652921711135148,-0.031209708391349622,1.5699198443259712,0.10289999842643738,0.40549999475479126,1.6497999429702759,-1.5707963267948966,0.0,1.5707963267948966,0.03410736147855584,-0.08399980940596682,1.829275830100247
0.09526328773954962,0.4232229914109733,1.6955735898035609,0.0007585306461092959,-0.0001747354051186869,3.424397882666598e-05,-1.5653087855410384,-0.031210249864193962,1.5699700251961561,0.10289999842643738,0.40549999475479126,1.6497999429702759,-1.5707963267948966,0.0,1.5707963267948966,0.034134668081744896,-0.08408056321704069,1.8290624628030745
0.09531640478371209,0.42318417152737225,1.6954874550644172,-0.0001676952140284467,-8.940878746183113e-05,6.7792655387062e-05,-1.56532160781734,-0.031203849625493163,1.5700248750722907,0.10289999842643738,0.40549999475479126,1.6497999429702759,-1.5707963267948966,0.0,1.5707963267948966,0.0341591290839638,-0.08415268715253348,1.8288698366721823
0.09537512655628713,0.4231339772813072,1.6953895111735342,-0.0011705909812841052,-0.0001315787131272888,-0.00017544957348691745,-1.5653311978804618,-0.031183027333975488,1.5701101558533608,0.10289999842643738,0.40549999475479126,1.6497999429702759,-1.5707963267948966,0.0,1.5707963267948966,0.034190336716071475,-0.08423999053358588,1.828632422069469
0.0954204300002169,0.4230892782349362,1.6953032830931383,-0.0013801912784751898,-0.0002831471544587149,-0.00032651969698410503,-1.5653437050222412,-0.031159656881239783,1.5701832590683238,0.10289999842643738,0.40549999475479126,1.6497999429702759,-1.5707963267948966,0.0,1.5707963267948966,0.034220186268218024,-0.08431917163117623,1.8284147359528464
0.09545863849606748,0.42304294561461897,1.695222786798836,-0.0013336160143090651,-0.00038540987124466286,-9.197632353520977e-05,-1.5653435760065488,-0.031103140275648755,1.5702649505760746,0.10289999842643738,0.40549999475479126,1.6497999429702759,-1.5707963267948966,0.0,1.5707963267948966,0.03425108749077321,-0.084398177705796,1.8281937765571823
0.09550057046202999,0.4229932722176711,1.6951474529206465,-0.0008233377436993175,-0.0004529049848575465,0.00020469729228063087,-1.5653396710055756,-0.031041236127350658,1.5703617904708294,0.10289999842643738,0.40549999475479126,1.6497999429702759,-1.5707963267948966,0.0,1.5707963267948966,0.034281328968961904,-0.08447686519412614,1.8279710724968392
0.0955439931378325,0.4229466868873893,1.6950712384978963,0.0001719495742814313,-0.0006274898083755975,7.25757494851947e-05,-1.5653521151528715,-0.030989061580484645,1.5704537608719742,0.10289999842643738,0.40549999475479126,1.6497999429702759,-1.5707963267948966,0.0,1.5707963267948966,0.034311366874623404,-0.08455592057370669,1.8277484643131408
0.09558075655539627,0.42290759614981005,1.694988525136649,0.0005999629909498081,-0.0008461877740878348,-0.00024454603402756814,-1.565372072235754,-0.030913791301734772,1.570532603461263,0.10289999842643738,0.40549999475479126,1.6497999429702759,-1.5707963267948966,0.0,1.5707963267948966,0.034342607342039824,-0.08463585207701528,1.8275263730551798
0.09560845248427868,0.42287054780932964,1.694910205986946,-8.525374949536554e-05,-0.00103239204575253,-0.0003380057446266743,-1.5654029296572216,-0.030805067885053994,1.5706219121808387,0.10289999842643738,0.40549999475479126,1.6497999429702759,-1.5707963267948966,0.0,1.5707963267948966,0.03437561526006491,-0.08471582239441915,1.827303411103924
0.09563019792876498,0.42282951697949983,1.6948399309865734,-0.0008380233747548121,-0.0011097243108250544,-0.0001915145231620085,-1.5654486640926675,-0.030691842870418373,1.5707312665073694,0.10289999842643738,0.40549999475479126,1.6497999429702759,-1.5707963267948966,0.0,1.5707963267948966,0.034409835556113634,-0.08479498058612166,1.8270778495951552
0.09565023315831378,0.4227833239893881,1.6947739649829217,-0.0008752727074482208,-0.0011158467232621828,-2.406203492402513e-05,-1.5654921238511414,-0.03056512045855886,1.570853225014606,0.10289999842643738,0.40549999475479126,1.6497999429702759,-1.5707963267948966,0.0,1.5707963267948966,0.034444250060838094,-0.08487327167935382,1.8268495340157684
0.09566744984429344,0.42273461139146656,1.6947034824509568,-0.00012408504495506318,-0.0011412670653503697,0.00010755538205278853,-1.5655226033151284,-0.030410027861983657,1.5709628217287404,0.10289999842643738,0.40549999475479126,1.6497999429702759,-1.5707963267948966,0.0,1.5707963267948966,0.034478817298555064,-0.08495118456815996,1.8266196085254105
0.09568633588284872,0.4226887458330362,1.6946231039791853,0.0005318864028477192,-0.0011517926113083856,0.00030594489725978665,-1.5655846802798474,-0.030257088908284047,1.571036445830145,0.10289999842643738,0.40549999475479126,1.6497999429702759,-1.5707963267948966,0.0,1.5707963267948966,0.03451312726511467,-0.08502935845739647,1.8263879538924632
0.09570985538945932,0.42264777065140496,1.6945380695700494,0.0006802761026752269,-0.0011234384452498737,0.0005010553653715776,-1.5656820201546684,-0.030118358801866307,1.5710902864164162,0.10289999842643738,0.40549999475479126,1.6497999429702759,-1.5707963267948966,0.0,1.5707963267948966,0.03454671293906983,-0.08510789631333907,1.826154294898979
0.09573893389885442,0.4226058666120187,1.694449557767595,0.00066298384900335,-0.0011399777397395777,0.0005686096115274786,-1.565789649740269,-0.029980224412963885,1.5711516354266362,0.10289999842643738,0.40549999475479126,1.6497999429702759,-1.5707963267948966,0.0,1.5707963267948966,0.03457957706775188,-0.08518608792657888,1.8259182624859256
0.0957729638431696,0.4225589643527182,1.694357321759675,0.0005519111713361089,-0.0011483704747101847,0.0006314530584691941,-1.56591606123152,-0.029864361506454884,1.5712371608950804,0.10289999842643738,0.40549999475479126,1.6497999429702759,-1.5707963267948966,0.0,1.5707963267948966,0.03461211904977345,-0.08526332819984435,1.8256799726737285
0.09581359124203272,0.42250632215251566,1.694262939286617,0.00014737880377420023,-0.0010884727223542134,0.0006439905141935098,-1.5660713918438756,-0.029777087724583762,1.5713526618159739,0.10289999842643738,0.40549999475479126,1.6497999429702759,-1.5707963267948966,0.0,1.5707963267948966,0.03464715475912239,-0.085347046913358,1.8254139802992884
0.09585734546154516,0.4224471667877367,1.6941705630322215,-0.00029589509969457433,-0.0010129524464885956,0.0005383956867614215,-1.5662364516954776,-0.02966641588606489,1.5715110056617443,0.10289999842643738,0.40549999475479126,1.6497999429702759,-1.5707963267948966,0.0,1.5707963267948966,0.03467552653197693,-0.08541456866791591,1.8251924290218695
0.0959077583493703,0.42238276050328005,1.6940639477367,8.423201076907201e-05,-0.0009642006935699784,0.0003972673622454774,-1.5664461655761424,-0.029534489342854187,1.5716924675062167,0.10289999842643738,0.40549999475479126,1.6497999429702759,-1.5707963267948966,0.0,1.5707963267948966,0.034710182100538535,-0.08549690131146671,1.8249176343101385
0.0959455988307184,0.42234069922325734,1.6939770723536052,0.0007359825792748373,-0.0009563377277061838,0.0003413457529674715,-1.5666168025909537,-0.02944460868102361,1.5718035193267044,0.10289999842643738,0.40549999475479126,1.6497999429702759,-1.5707963267948966,0.0,1.5707963267948966,0.034735245100247274,-0.08555715742525903,1.8247162221602098
0.09600312168601552,0.4222844148884184,1.6938335128802968,0.0009874119424710154,-0.0009468840112873892,0.00034265497284071246,-1.5668561678541353,-0.02928479285189045,1.571939928592201,0.10289999842643738,0.40549999475479126,1.6497999429702759,-1.5707963267948966,0.0,1.5707963267948966,0.03477243087943459,-0.0856481565325554,1.8244108760939501
0.09604833179007416,0.422245763539762,1.693721228183145,0.0007799263955846727,-0.0008982089986287166,0.00033717348259899974,-1.5670249856691671,-0.029154358967844907,1.5720286608268652,0.10289999842643738,0.40549999475479126,1.6497999429702759,-1.5707963267948966,0.0,1.5707963267948966,0.03479978829456973,-0.08571652213615795,1.8241780182850886
0.09610493008612944,0.422205566812699,1.693573503011951,0.0008014937876778371,-0.0008276929465694319,0.0002922174859790261,-1.5672353900158156,-0.029007967587553196,1.5721098857602378,0.10289999842643738,0.40549999475479126,1.6497999429702759,-1.5707963267948966,0.0,1.5707963267948966,0.034832903807842146,-0.08580041102315429,1.8238900194061853
0.096153278950371,0.42217706421964835,1.6934423424724472,0.0006509279971698718,-0.000721089565306355,0.00034686654164219077,-1.5673911761189416,-0.028885564712934908,1.5721570741414796,0.10289999842643738,0.40549999475479126,1.6497999429702759,-1.5707963267948966,0.0,1.5707963267948966,0.034859624288052754,-0.085869197457854,1.8236520530938456
0.09621107522857997,0.4221504632597187,1.6932871005635766,0.00037076146989353716,-0.000581319095634593,0.00036844759400822904,-1.5675612103481789,-0.028749810132583598,1.5721864247578285,0.10289999842643738,0.40549999475479126,1.6497999429702759,-1.5707963267948966,0.0,1.5707963267948966,0.03489150412918781,-0.0859533826438123,1.823358270071077
0.0962704527616678,0.4221285599317429,1.693120803000585,0.00013460599032428608,-0.0005446397556251401,0.00013296149043410038,-1.567735936073176,-0.02861638227006713,1.5721923269445832,0.10289999842643738,0.40549999475479126,1.6497999429702759,-1.5707963267948966,0.0,1.5707963267948966,0.03491732532690795,-0.08602226386754289,1.8231159227211828
0.09632307040052047,0.4221103362765868,1.6929477372747135,-0.00036860057965251876,-0.0005928361543925185,-8.304401610442793e-05,-1.5678830923145768,-0.02845095827075461,1.5721865910007482,0.10289999842643738,0.40549999475479126,1.6497999429702759,-1.5707963267948966,0.0,1.5707963267948966,0.03494690385903775,-0.08609872947792027,1.822845755044038
0.09637236677304527,0.4220964905181873,1.69277017902024,-0.0008620380362600919,-0.0006293395345927978,-5.832529803160413e-05,-1.5680106405268188,-0.02826295103036225,1.5721637804639264,0.10289999842643738,0.40549999475479126,1.6497999429702759,-1.5707963267948966,0.0,1.5707963267948966,0.03497672113919318,-0.08617517205374486,1.8225756886498776
0.09642058804354292,0.4220876557885936,1.6925874449692917,-0.0010983740694530252,-0.000707711320590806,-2.7997761528661558e-05,-1.568152049152556,-0.02807510675042968,1.5721068972320318,0.10289999842643738,0.40549999475479126,1.6497999429702759,-1.5707963267948966,0.0,1.5707963267948966,0.0350094874859666,-0.08625940990998789,1.8222771055714024
0.09646818022630393,0.42208162844379893,1.692399510667147,-0.0011384208467981397,-0.0007507871489719902,0.00011617459595827831,-1.568298221560332,-0.0278819209849841,1.5720167117556902,0.10289999842643738,0.40549999475479126,1.6497999429702759,-1.5707963267948966,0.0,1.5707963267948966,0.03503619147755741,-0.08632840033163086,1.8220307772985325
0.09651975649923546,0.4220763658659661,1.6922069962984054,-0.0009702352919306463,-0.0006677155658623582,0.0003578960245490518,-1.568442727514033,-0.027695111367117775,1.5719115376462385,0.10289999842643738,0.40549999475479126,1.6497999429702759,-1.5707963267948966,0.0,1.5707963267948966,0.035064902240151005,-0.08640490749983837,1.8217555748338294
0.09657592855266076,0.42207052437747233,1.6920106640186594,-0.000885579496426989,-0.0004869097399916635,0.00047017209967494395,-1.5686017083540504,-0.027529739635708594,1.5717991100713244,0.10289999842643738,0.40549999475479126,1.6497999429702759,-1.5707963267948966,0.0,1.5707963267948966,0.03509241222551743,-0.08648101879439399,1.8214806303268014
0.0966277050378416,0.422061352173388,1.6918361823840466,-0.0011246066451634047,-0.0003260914128928636,0.0002485896143503466,-1.5687451297160637,-0.027385972840232142,1.5717112842824477,0.10289999842643738,0.40549999475479126,1.6497999429702759,-1.5707963267948966,0.0,1.5707963267948966,0.03511922261039677,-0.08655629944594972,1.8212047927785546
0.09667367391341097,0.42204660729118587,1.6916460891466598,-0.0011555834281297285,-0.0002892847314019187,-0.0003177438234356735,-1.5688909691749833,-0.02719610570064601,1.5716286121621479,0.10289999842643738,0.40549999475479126,1.6497999429702759,-1.5707963267948966,0.0,1.5707963267948966,0.0351446845668405,-0.0866233718124996,1.8209572417166582
0.09670754454494593,0.42202458124986475,1.6914402795551655,-0.0009949266569590585,-0.0002710742410617492,-0.0007324137531994195,-1.5690531409084403,-0.02697102530503237,1.5715420325240537,0.10289999842643738,0.40549999475479126,1.6497999429702759,-1.5707963267948966,0.0,1.5707963267948966,0.035178074167802685,-0.08670437470445552,1.820659834077985
0.09672055584035584,0.42200306132936216,1.691275769285275,-0.0008269860346956542,-0.00027890918507235835,-0.0008919386146624052,-1.5691792113630778,-0.026774558313858776,1.5714774390135662,0.10289999842643738,0.40549999475479126,1.6497999429702759,-1.5707963267948966,0.0,1.5707963267948966,0.03520749039846529,-0.08677000683697157,1.8204206919779453
0.0967234735836308,0.42197410161122156,1.6910807101996437,-0.0006160831879191252,-0.0002441164620550905,-0.0007093309125564803,-1.5693065285564936,-0.026511114981289552,1.5714090063405048,0.10289999842643738,0.40549999475479126,1.6497999429702759,-1.5707963267948966,0.0,1.5707963267948966,0.03524506616689136,-0.08684979153080762,1.8201314533683433
0.09672068444170832,0.42194274993721814,1.690894891843719,-0.0005399993577605857,-0.00017529075974564247,-0.00040280745047099865,-1.569399908723439,-0.026267613168468706,1.5713457588809814,0.10289999842643738,0.40549999475479126,1.6497999429702759,-1.5707963267948966,0.0,1.5707963267948966,0.0352830627454416,-0.0869291957367341,1.8198432384849474
0.09671388594949612,0.4219063662325121,1.69072192809593,-0.000276214028926583,-0.0001969152793276039,-0.0002475472656777539,-1.5694667839345795,-0.026044639465514496,1.5712898721579278,0.10289999842643738,0.40549999475479126,1.6497999429702759,-1.5707963267948966,0.0,1.5707963267948966,0.03532108998927311,-0.08700800086951416,1.8195552431014672
0.09670378700702435,0.4218729065143965,1.6905882852921723,0.00015494863879890992,-0.0003326821932797736,-0.00030124770800947097,-1.5694916256152356,-0.025855655571554337,1.571258624901788,0.10289999842643738,0.40549999475479126,1.6497999429702759,-1.5707963267948966,0.0,1.5707963267948966,0.03535247536747816,-0.08707216492297067,1.8193188869418437
0.09668861368198263,0.42183944091790504,1.6904740678899255,0.0007382884160081849,-0.0005255879879376004,-0.0004532022406585908,-1.5695033943330465,-0.02568482281224016,1.5712478660717561,0.10289999842643738,0.40549999475479126,1.6497999429702759,-1.5707963267948966,0.0,1.5707963267948966,0.035381128291753924,-0.08712885573309975,1.8191077699528662
0.0966596832479665,0.4217972104342857,1.690331705864185,0.0017402200954438312,-0.0007947596951099844,-0.0007261797735444422,-1.569506810190334,-0.02547339101188406,1.5712462929266184,0.10289999842643738,0.40549999475479126,1.6497999429702759,-1.5707963267948966,0.0,1.5707963267948966,0.035418321872579234,-0.08719972118546139,1.8188437424349857
0.0966109035281572,0.42175590632624793,1.6901719111749227,0.0025394157712582484,-0.0010103125017567572,-0.0008739677787230441,-1.5694784538681519,-0.02520285241533715,1.5712480127614428,0.10289999842643738,0.40549999475479126,1.6497999429702759,-1.5707963267948966,0.0,1.5707963267948966,0.035461529865731964,-0.0872782273924406,1.818554874087771
0.09655419211089501,0.4217273916430988,1.6900221917045422,0.0026958334210016406,-0.0010809405976136119,-0.0008091771001742276,-1.5694242324784888,-0.024926054982643997,1.5712388687434655,0.10289999842643738,0.40549999475479126,1.6497999429702759,-1.5707963267948966,0.0,1.5707963267948966,0.03550214814872578,-0.08735040203695574,1.8182938975698122
0.09648884823798909,0.42170865668304774,1.6898719467984264,0.002076976285677665,-0.0010264923036009527,-0.0006031516199152045,-1.5693536551000393,-0.024657252255321893,1.5712137274789475,0.10289999842643738,0.40549999475479126,1.6497999429702759,-1.5707963267948966,0.0,1.5707963267948966,0.035543597423807555,-0.08742327507853441,1.8180321174677816
0.09641928635994783,0.4216965590178148,1.689724043359709,0.001308296404304787,-0.0009116563302290857,-0.0003155808831349947,-1.569261015562078,-0.02439228246980729,1.571186632826043,0.10289999842643738,0.40549999475479126,1.6497999429702759,-1.5707963267948966,0.0,1.5707963267948966,0.035585164938919445,-0.08749640795066621,1.817769398915813
0.09634757712848438,0.4216900578740422,1.689577781085833,0.0008470211697290902,-0.0008657955371322554,-0.0002565085940076233,-1.5691337224753168,-0.02411651023524719,1.5711618138344476,0.10289999842643738,0.40549999475479126,1.6497999429702759,-1.5707963267948966,0.0,1.5707963267948966,0.035626548264758716,-0.08756972133787694,1.81750744656696
0.09627651128644311,0.4216859080998293,1.6894484949114557,0.000518350297707406,-0.0008762114458021764,-0.00035028305927688056,-1.5689952909639444,-0.023867933681134268,1.5711516096864713,0.10289999842643738,0.40549999475479126,1.6497999429702759,-1.5707963267948966,0.0,1.5707963267948966,0.03566878680960935,-0.08764285606123144,1.8172466794798319
0.09619137387738569,0.42168298948304567,1.6893078931762402,0.00047139653861821476,-0.0008948931785865968,-0.00031949672772286727,-1.5688147134895003,-0.023596118918404407,1.5711410215805346,0.10289999842643738,0.40549999475479126,1.6497999429702759,-1.5707963267948966,0.0,1.5707963267948966,0.03570748129255995,-0.08770865285487045,1.8170119317116245
0.09610364703927536,0.4216838144943751,1.6891642605813186,0.0010407497377171828,-0.000899953791978728,-0.00013337367629746662,-1.5685981100394744,-0.023316321257190964,1.5711210326826466,0.10289999842643738,0.40549999475479126,1.6497999429702759,-1.5707963267948966,0.0,1.5707963267948966,0.035750743818208086,-0.0877821622995701,1.8167510024673146
0.09601747262742519,0.42168829171418176,1.6890174548563548,0.0012608604924406028,-0.0008528564612059139,9.796098484250785e-07,-1.5683727882097946,-0.02304787536768238,1.5710999049019496,0.10289999842643738,0.40549999475479126,1.6497999429702759,-1.5707963267948966,0.0,1.5707963267948966,0.03579368145644461,-0.08785604235394184,1.8164904466063423
0.09592079711708151,0.4216928640900744,1.688862243038137,0.0009020851840967105,-0.0008115479591701418,-7.660280144299638e-05,-1.568144298695022,-0.022767677286927412,1.5710909482514084,0.10289999842643738,0.40549999475479126,1.6497999429702759,-1.5707963267948966,0.0,1.5707963267948966,0.03584105613503073,-0.0879371365644819,1.8162027595765813
0.09583708843611989,0.421697533607168,1.6887397862870563,0.0007535430892001318,-0.0008140404841533806,-0.0002153676523930407,-1.5679686007376994,-0.022533515506676594,1.5710808232008309,0.10289999842643738,0.40549999475479126,1.6497999429702759,-1.5707963267948966,0.0,1.5707963267948966,0.035880390964076816,-0.08800357445420967,1.8159657997610383
0.09573743238851044,0.4217054998264824,1.6886046661757617,0.0011028966831628504,-0.0008814952338433591,-0.00030042094870406217,-1.567789005036902,-0.022281764264729276,1.5710469481874245,0.10289999842643738,0.40549999475479126,1.6497999429702759,-1.5707963267948966,0.0,1.5707963267948966,0.03592936854824791,-0.08808517503169916,1.8156752399968166
0.09561091442385015,0.42171835239841304,1.6884375597871348,0.001886831493232804,-0.0009603506263320849,-0.00023522134870150385,-1.5675922888023146,-0.022012837825276854,1.570987947367133,0.10289999842643738,0.40549999475479126,1.6497999429702759,-1.5707963267948966,0.0,1.5707963267948966,0.0359789310569884,-0.08816714701149872,1.8153843222490904
0.0955232541018567,0.421726195472702,1.6883227887881695,0.0022862874073459444,-0.0009722037779304189,-0.00021353288444496006,-1.5674457506150001,-0.021841467333564513,1.5709478345020367,0.10289999842643738,0.40549999475479126,1.6497999429702759,-1.5707963267948966,0.0,1.5707963267948966,0.03601505015669486,-0.08822671485289404,1.8151723992134363
0.09540813847737319,0.42173998001842744,1.6881755272234193,0.0023124702941809674,-0.0009663557243004347,-0.0003202546032638289,-1.5672505625806223,-0.021627046648611703,1.5708992235702537,0.10289999842643738,0.40549999475479126,1.6497999429702759,-1.5707963267948966,0.0,1.5707963267948966,0.036060753984776074,-0.08830153557004791,1.8149074409284436
0.09528796572304273,0.4217594175609162,1.6880268798774263,0.0017903866787952552,-0.0009087291749663213,-0.0003915388757073167,-1.5670631938498867,-0.021422669216163648,1.570868167755816,0.10289999842643738,0.40549999475479126,1.6497999429702759,-1.5707963267948966,0.0,1.5707963267948966,0.03610720856893021,-0.08837669263338267,1.8146420088002602
0.09514905158378217,0.42178476203888504,1.6878643374731863,0.001069902761881377,-0.0008586475680589284,-0.00040183114093613403,-1.566867852172305,-0.021183931429399117,1.5708593558567163,0.10289999842643738,0.40549999475479126,1.6497999429702759,-1.5707963267948966,0.0,1.5707963267948966,0.03615935171775085,-0.08845944422779423,1.8143486306554628
0.09503369048657767,0.4218104172012893,1.6877288283609189,0.0008353371476433813,-0.0007400775377211604,-7.645770599512317e-05,-1.5667148846459642,-0.020976264445995874,1.57085450814397,0.10289999842643738,0.40549999475479126,1.6497999429702759,-1.5707963267948966,0.0,1.5707963267948966,0.036206793713455615,-0.08853501601301196,1.814081583088971
0.09490299814378374,0.4218463244983004,1.687555313743108,0.0008103970161127515,-0.0004712027160410223,0.0005910784325845987,-1.5665572008988924,-0.020753240175816146,1.570826403403566,0.10289999842643738,0.40549999475479126,1.6497999429702759,-1.5707963267948966,0.0,1.5707963267948966,0.03625228560820624,-0.08861070909979145,1.8138178297832173
0.09479922753737449,0.42187989380779223,1.6873919435655287,0.00046357817314207227,-0.00016191922900578198,0.001022105712499655,-1.5664315594240599,-0.020578175459373682,1.5707774391742695,0.10289999842643738,0.40549999475479126,1.6497999429702759,-1.5707963267948966,0.0,1.5707963267948966,0.0362947822758952,-0.08868607425937666,1.8135618788070544
0.09470864065739497,0.42191043292079705,1.6872307651403187,-0.00030400034897886503,0.00013116704360915151,0.0011515817661762497,-1.5663126141581794,-0.02041404654744028,1.570717016148247,0.10289999842643738,0.40549999475479126,1.6497999429702759,-1.5707963267948966,0.0,1.5707963267948966,0.036334421966782174,-0.08876065633092375,1.8133137393314958
0.09462769494253136,0.4219383986873699,1.6870729200209504,-0.0009250497776315427,0.00031367092402357786,0.0009816441730079537,-1.5662141159906326,-0.02026680832442951,1.5706335403799816,0.10289999842643738,0.40549999475479126,1.6497999429702759,-1.5707963267948966,0.0,1.5707963267948966,0.03637193305573843,-0.08883460241539032,1.8130705526082356
0.09455086826581867,0.42196773327301274,1.6869160306752937,-0.0007645537582376238,0.00038029725026164467,0.0006160121287445276,-1.5661193828781421,-0.020121218251174966,1.570511092385188,0.10289999842643738,0.40549999475479126,1.6497999429702759,-1.5707963267948966,0.0,1.5707963267948966,0.03640830619282836,-0.08890861346193951,1.8128303407079638
0.09447375504082167,0.422004200634862,1.6867538600853444,-0.00021155599662108472,0.00041415401715736393,0.00036548988773941484,-1.5660155001736364,-0.01996463468312948,1.5703442527355027,0.10289999842643738,0.40549999475479126,1.6497999429702759,-1.5707963267948966,0.0,1.5707963267948966,0.03644425894210882,-0.08898353971240483,1.8125945378174897
0.09439869938467234,0.42204620218317757,1.6865898104511075,5.172990243311404e-05,0.000434340456184962,0.0002138954053551214,-1.5659105396564161,-0.019819481565523045,1.5701487060218,0.10289999842643738,0.40549999475479126,1.6497999429702759,-1.5707963267948966,0.0,1.5707963267948966,0.03647952637620237,-0.0890591546217662,1.8123618260308074
0.09432480899610945,0.42209348583985695,1.6864257917474772,-8.941060897793339e-05,0.0004870517444669865,0.00023445650603723828,-1.565806968642497,-0.019684121792474585,1.5699413478945812,0.10289999842643738,0.40549999475479126,1.6497999429702759,-1.5707963267948966,0.0,1.5707963267948966,0.03651753428417316,-0.08914299290111014,1.8121068608495778
0.0942541332799341,0.42214046354822515,1.6862669775136687,-0.0006114403269005164,0.0005223435993633167,0.00011407142349281708,-1.565681895706204,-0.019550514792331608,1.5697438803113948,0.10289999842643738,0.40549999475479126,1.6497999429702759,-1.5707963267948966,0.0,1.5707963267948966,0.0365474121602992,-0.08921145208246084,1.8118982729965256
0.09417626481456647,0.4221832553807783,1.6861146043918518,-0.0011868997918459987,0.0004500030366932802,-0.00030433126458080336,-1.5655405282702033,-0.019407539269810314,1.569570145550721,0.10289999842643738,0.40549999475479126,1.6497999429702759,-1.5707963267948966,0.0,1.5707963267948966,0.036581005771795225,-0.08928684090295741,1.811668232956164
0.09407866434191978,0.42222342732838836,1.6859571908891504,-0.0017588277396990985,0.000359338777983174,-0.0005319950331057032,-1.5653790329520951,-0.019241340537010654,1.5694139160607898,0.10289999842643738,0.40549999475479126,1.6497999429702759,-1.5707963267948966,0.0,1.5707963267948966,0.036619232651869664,-0.08936866503104417,1.811418643351979
0.09399282694705373,0.42225083789723694,1.6858357711751948,-0.0020200719148472848,0.00028332776728894017,-0.0005470943030966111,-1.5652360397889573,-0.019086271862832405,1.5693115581251984,0.10289999842643738,0.40549999475479126,1.6497999429702759,-1.5707963267948966,0.0,1.5707963267948966,0.03665099525172114,-0.08943489544758772,1.8112166891540211
0.09389139418994728,0.4222771073057403,1.6857088610199504,-0.0019445936613748781,0.00010154183709219269,-0.0006791773742443732,-1.5650761357859453,-0.018892811041412827,1.569211353056088,0.10289999842643738,0.40549999475479126,1.6497999429702759,-1.5707963267948966,0.0,1.5707963267948966,0.036686772108309534,-0.08950809158689306,1.8109919938686003
0.09378302904261548,0.42230347624051723,1.685584680551187,-0.0011205376356902418,-8.489319665257816e-05,-0.0006040780101752986,-1.564943761943939,-0.018701665361948283,1.5690925496626182,0.10289999842643738,0.40549999475479126,1.6497999429702759,-1.5707963267948966,0.0,1.5707963267948966,0.0367235659182456,-0.08958154691582225,1.8107671025194063
0.0936649417645849,0.42233411657496917,1.6854458473617129,-0.00016541913750996463,-8.418367597513733e-05,-0.0002947736600526775,-1.5648152958708832,-0.018503161682732028,1.568933108754639,0.10289999842643738,0.40549999475479126,1.6497999429702759,-1.5707963267948966,0.0,1.5707963267948966,0.03676368366556206,-0.0896629201294488,1.8105216849875256
0.09357116284127054,0.4223600806741628,1.6853344024935653,4.319581904882348e-05,5.803634579562005e-05,4.636506178664474e-05,-1.5647063806814565,-0.018334889862456905,1.5687969464338503,0.10289999842643738,0.40549999475479126,1.6497999429702759,-1.5707963267948966,0.0,1.5707963267948966,0.03679567252711708,-0.0897297735437064,1.810322563384025
0.09347805564417566,0.4223911104085419,1.685214884458704,0.000308233567624447,0.000317362513677281,0.0004327581094823396,-1.5646134788552213,-0.018178252814144535,1.5686378283940035,0.10289999842643738,0.40549999475479126,1.6497999429702759,-1.5707963267948966,0.0,1.5707963267948966,0.03682923877071598,-0.08980425850252872,1.8101040597850653
0.09339782451682305,0.4224271919070866,1.6850927992033187,0.0009090713803530522,0.0005895102159445016,0.0005928111295878349,-1.5645543923482088,-0.018050229540285567,1.5684611629424905,0.10289999842643738,0.40549999475479126,1.6497999429702759,-1.5707963267948966,0.0,1.5707963267948966,0.036860724278794194,-0.08987927310352471,1.809890929826832
0.09332750935890499,0.42246615997293085,1.6849661687538326,0.0012201724401857536,0.0008178299803302893,0.0005548203698357408,-1.5645108099280745,-0.017925586372040225,1.5682608630017854,0.10289999842643738,0.40549999475479126,1.6497999429702759,-1.5707963267948966,0.0,1.5707963267948966,0.036890506846331404,-0.08995462619678493,1.8096817073492977
0.09326407831121389,0.42250778301482395,1.6848366628390468,0.0009359293010319298,0.0009509181856441616,0.0004150956932315059,-1.5644934687781094,-0.017815506552374405,1.5680311715608422,0.10289999842643738,0.40549999475479126,1.6497999429702759,-1.5707963267948966,0.0,1.5707963267948966,0.03691914721331746,-0.09003012543993655,1.8094736232161048
0.09320608451452674,0.4225487505521517,1.6847081064353637,0.0002803261222533853,0.0010218835645506342,0.0003356777080201462,-1.5645020618817298,-0.017701957286063053,1.567795964628194,0.10289999842643738,0.40549999475479126,1.6497999429702759,-1.5707963267948966,0.0,1.5707963267948966,0.036946839319760616,-0.09010531142814723,1.809264758068223
0.09315972951569872,0.4225840269730623,1.6845955477847352,-0.00045545778058709164,0.0010750327228434924,0.00037009246608456394,-1.564518926667457,-0.017584451160528758,1.5675934376576388,0.10289999842643738,0.40549999475479126,1.6497999429702759,-1.5707963267948966,0.0,1.5707963267948966,0.036970759833315145,-0.09017263957622293,1.8090748652941744
0.0931118145856677,0.42262644564637475,1.6844648082803104,-0.0010827838569111993,0.0010575303276923358,0.000260164049576097,-1.56456207995505,-0.017472993631239664,1.5673616992671746,0.10289999842643738,0.40549999475479126,1.6497999429702759,-1.5707963267948966,0.0,1.5707963267948966,0.036998486693013394,-0.09025461110271844,1.8088391852565309
0.09306987920488814,0.4226647129426253,1.6843483958999812,-0.0012351575215019573,0.000915235557193908,-0.00010074983083518018,-1.5646212287284735,-0.01740849763926766,1.567165385428149,0.10289999842643738,0.40549999475479126,1.6497999429702759,-1.5707963267948966,0.0,1.5707963267948966,0.03702340872456405,-0.09032893470888427,1.8086236099956736
0.0930233604628197,0.4227048187977576,1.6842339890567073,-0.0011466247237996094,0.000802603520903724,-0.0003347246792473671,-1.5646876308031423,-0.017344542243210803,1.5669895072754363,0.10289999842643738,0.40549999475479126,1.6497999429702759,-1.5707963267948966,0.0,1.5707963267948966,0.037049017128147295,-0.09040334462552992,1.8084092732963484
0.09298068508708636,0.4227413020965496,1.6841302534058598,-0.000995225522605055,0.0007647201980476626,-0.0004024848066017271,-1.5647566680052054,-0.017301829658360468,1.5668423769190776,0.10289999842643738,0.40549999475479126,1.6497999429702759,-1.5707963267948966,0.0,1.5707963267948966,0.037072200443040944,-0.09047024567187725,1.8082184103680567
0.09292329250979402,0.42278504088186164,1.6840069499482069,-0.001021586275626971,0.0007392302445241195,-0.000688813277378399,-1.564847118895022,-0.017261320082261555,1.56668031414703,0.10289999842643738,0.40549999475479126,1.6497999429702759,-1.5707963267948966,0.0,1.5707963267948966,0.037101185546818745,-0.09055174615473771,1.8079851311226902
0.09286202164488183,0.4228260592956873,1.683895180300309,-0.0007003937449102596,0.0008239100607932359,-0.0006675558427843917,-1.5649120081507466,-0.017205434340902936,1.5665562537666564,0.10289999842643738,0.40549999475479126,1.6497999429702759,-1.5707963267948966,0.0,1.5707963267948966,0.037128540469669534,-0.09062585343979805,1.8077742105711658
0.0928005856169978,0.42287158817800574,1.6837816062294833,-0.000310848275995542,0.001021183845518269,-0.00036751073596387744,-1.5649597951030227,-0.017156674806432015,1.5664451180922234,0.10289999842643738,0.40549999475479126,1.6497999429702759,-1.5707963267948966,0.0,1.5707963267948966,0.03715530473309267,-0.09070028940675748,1.8075658484880974
0.09274383884313359,0.42292526314639434,1.683664476254553,-3.874741005789219e-05,0.0011712900385813102,-0.00022005191028590167,-1.5650182080143842,-0.017138695416946348,1.566333446502011,0.10289999842643738,0.40549999475479126,1.6497999429702759,-1.5707963267948966,0.0,1.5707963267948966,0.037180894305949196,-0.09077539664679787,1.8073607033109451
0.09268736012876908,0.42298281647526037,1.683545109976449,0.00014423939689421663,0.001269608564717961,-0.000242399669524517,-1.5650749910513442,-0.01712907475844716,1.5662241873085085,0.10289999842643738,0.40549999475479126,1.6497999429702759,-1.5707963267948966,0.0,1.5707963267948966,0.037205997417689825,-0.09085072606933468,1.8071579155409907
0.09263213398356866,0.42303955378648483,1.6834218996673043,0.0002844438123421885,0.001379169130730798,-0.00023559865463421704,-1.5651324610894088,-0.017123906517206855,1.566115061268123,0.10289999842643738,0.40549999475479126,1.6497999429702759,-1.5707963267948966,0.0,1.5707963267948966,0.037230659247466436,-0.09092579725860035,1.8069554662549712
0.09257937122390766,0.4230959119581405,1.6832944704976869,0.00038161941961913906,0.0014847654150673395,-0.00021144785616994364,-1.5652204603630533,-0.017137207402406762,1.565994887413636,0.10289999842643738,0.40549999475479126,1.6497999429702759,-1.5707963267948966,0.0,1.5707963267948966,0.037255022396239484,-0.09100062506834995,1.8067515400649472
0.09253095707284978,0.4231521534831943,1.6831602547470224,0.00024550719684305467,0.0016564847734162956,-5.219004960462695e-05,-1.5653327520359883,-0.01714257165973443,1.56586673327597,0.10289999842643738,0.40549999475479126,1.6497999429702759,-1.5707963267948966,0.0,1.5707963267948966,0.037278774115465554,-0.0910752581679356,1.806545723873345
0.09248959103931957,0.42320365992283804,1.6830250139569418,-0.00043091798810634475,0.001941047428855638,0.00021126277381052915,-1.565443150906957,-0.017146119548859584,1.565746308181263,0.10289999842643738,0.40549999475479126,1.6497999429702759,-1.5707963267948966,0.0,1.5707963267948966,0.03730108302245839,-0.09114903289424446,1.8063377409362753
0.09245744911028611,0.4232489563937557,1.6828933078231307,-0.00126783658547724,0.002204445297250947,0.00029144999459596466,-1.5655617841758227,-0.017184956479392444,1.5656459176948505,0.10289999842643738,0.40549999475479126,1.6497999429702759,-1.5707963267948966,0.0,1.5707963267948966,0.03732362990572921,-0.09122882211598422,1.8061078287732084
0.09243188174465994,0.4232868819125657,1.6827785686522785,-0.0017114767750740958,0.002321216225173336,0.00011050195992420399,-1.5656671108171714,-0.017235037440102907,1.5655643488948878,0.10289999842643738,0.40549999475479126,1.6497999429702759,-1.5707963267948966,0.0,1.5707963267948966,0.03733941097317673,-0.09128631088867156,1.805940172825824
0.09240368186448275,0.42332941699868465,1.682654496307304,-0.0015345276021357826,0.0023322340386390345,-0.00015629962232922243,-1.5657776477044187,-0.017285800773229276,1.5654800650029943,0.10289999842643738,0.40549999475479126,1.6497999429702759,-1.5707963267948966,0.0,1.5707963267948966,0.037359113147572266,-0.0913581491033507,1.8057302084494817
0.09237356855096852,0.42337100427038554,1.68253145322408,-0.0008030452377858012,0.0022485638957448267,-0.0003937370538498866,-1.5658942354685488,-0.017350072056752097,1.5654013556847157,0.10289999842643738,0.40549999475479126,1.6497999429702759,-1.5707963267948966,0.0,1.5707963267948966,0.03738127757755539,-0.09143708080016211,1.8055002320548252
0.09233911077145252,0.42340881174950157,1.6824111254064427,-0.0003316476706840776,0.0020432734421201694,-0.0007305451623467721,-1.5660231608651154,-0.01742667904482298,1.5653382830602718,0.10289999842643738,0.40549999475479126,1.6497999429702759,-1.5707963267948966,0.0,1.5707963267948966,0.03740028273964946,-0.09150137030230779,1.8053128555102986
0.09229291939560462,0.42344051996053533,1.6823014074951277,-0.00018892488087947853,0.0018508511542543009,-0.0009135951891946925,-1.566142661661371,-0.017477556813155104,1.565305241181873,0.10289999842643738,0.40549999475479126,1.6497999429702759,-1.5707963267948966,0.0,1.5707963267948966,0.03742316668641592,-0.09157223401717592,1.8051054246116325
0.09224145950035144,0.4234671962913838,1.6822022899947775,9.724590257220176e-05,0.0017900868063018141,-0.0005901925234928013,-1.5662529699722165,-0.017520332368754055,1.565298397955735,0.10289999842643738,0.40549999475479126,1.6497999429702759,-1.5707963267948966,0.0,1.5707963267948966,0.03744655878445142,-0.09164258837637575,1.8048992980450753
0.09219471353865348,0.423491371459203,1.6821141185348623,0.0002329809292031367,0.0018295007818061287,-6.0471272930236867e-05,-1.5663532846144597,-0.017582247367397663,1.5653217569443518,0.10289999842643738,0.40549999475479126,1.6497999429702759,-1.5707963267948966,0.0,1.5707963267948966,0.03746876273488164,-0.09171269568297875,1.8046939579731853
0.09215338049596394,0.42351443236807107,1.6820253093326276,0.0003787021237320672,0.0019073991557924472,0.0003689578778570692,-1.5664571129786389,-0.0176621828920549,1.565397789629692,0.10289999842643738,0.40549999475479126,1.6497999429702759,-1.5707963267948966,0.0,1.5707963267948966,0.03749263885956691,-0.09179618163947499,1.8044516760669997
0.09213351919135741,0.4235270016571923,1.681973335742809,0.0007144368438135387,0.0018798441235014416,0.00038366168379167875,-1.5665317603040274,-0.01772341925627474,1.5654612697883887,0.10289999842643738,0.40549999475479126,1.6497999429702759,-1.5707963267948966,0.0,1.5707963267948966,0.03750733912506131,-0.09185154805143039,1.8042930237318047
0.09211069480017753,0.42354236362851183,1.681905120618342,0.001815361170786057,0.0017509848749904292,0.000146876283168768,-1.5666528530508852,-0.017813973924408533,1.5655634250286852,0.10289999842643738,0.40549999475479126,1.6497999429702759,-1.5707963267948966,0.0,1.5707963267948966,0.03752701915967232,-0.09192756045243963,1.8040768244538525
0.09209030469829964,0.4235575107823235,1.6818388132919682,0.0028608771764789312,0.001593633238848409,-0.00010577741085243679,-1.5667628848783106,-0.017869183458982363,1.565666080605443,0.10289999842643738,0.40549999475479126,1.6497999429702759,-1.5707963267948966,0.0,1.5707963267948966,0.037545048446486776,-0.09199700813112546,1.8038823904708894
0.09206423071711337,0.42357635447787584,1.6817635194727163,0.003199467693065846,0.0014164817686967328,-0.0003092171301093528,-1.5668595748159526,-0.017905286146850052,1.5657826605937648,0.10289999842643738,0.40549999475479126,1.6497999429702759,-1.5707963267948966,0.0,1.5707963267948966,0.037565338954776734,-0.09207367558333279,1.8036702121510542
0.09204080548183588,0.4235942845353607,1.6817025425992114,0.0029314544530443637,0.0013031886227025922,-0.0003262870921194836,-1.5669351282301895,-0.017940109039344954,1.5658866799740783,0.10289999842643738,0.40549999475479126,1.6497999429702759,-1.5707963267948966,0.0,1.5707963267948966,0.0375823391298806,-0.09213649336007904,1.8034968661853958
0.09201872143394448,0.4236125356153494,1.68164314397387,0.002542989269483914,0.0012222100583038538,-0.0002921002733173218,-1.5670092236372857,-0.01796125462595377,1.5660058926112592,0.10289999842643738,0.40549999475479126,1.6497999429702759,-1.5707963267948966,0.0,1.5707963267948966,0.0375993856668015,-0.0921991777716096,1.80332252285434
0.09199163439331744,0.42363733497768236,1.681567379550862,0.002506444759496122,0.0011129423149063543,-0.000409052171187793,-1.5671040993663645,-0.017971455994366003,1.5661508497129712,0.10289999842643738,0.40549999475479126,1.6497999429702759,-1.5707963267948966,0.0,1.5707963267948966,0.037620756283747475,-0.09227594515516914,1.803107629299725
0.0919629573825332,0.42366394646792815,1.6814862518290001,0.002600643810705213,0.0010976081977506673,-0.00021875808726815044,-1.5672128992042518,-0.018008493883705512,1.5662844933993814,0.10289999842643738,0.40549999475479126,1.6497999429702759,-1.5707963267948966,0.0,1.5707963267948966,0.03764282112303186,-0.09235279228920176,1.802891013197176
0.09194618391784375,0.4236806339396224,1.6814251546692023,0.0025936814738313314,0.0011512278746936444,-1.3008703543092404e-05,-1.5672909154234451,-0.018063314375147854,1.5663866882735844,0.10289999842643738,0.40549999475479126,1.6497999429702759,-1.5707963267948966,0.0,1.5707963267948966,0.03766026137443093,-0.09241523239818245,1.8027139258527185
0.09192702265907947,0.42370114300786327,1.6813397813237176,0.0023038168678509007,0.0010978861035236373,-0.00010297101285875806,-1.5674050134445217,-0.01814766655490274,1.5665420288805514,0.10289999842643738,0.40549999475479126,1.6497999429702759,-1.5707963267948966,0.0,1.5707963267948966,0.03767939378270513,-0.09248428583121723,1.8025176524130393
0.09190834961088422,0.4237166596879275,1.6812632284002083,0.0018585605726136436,0.0009759065533797584,-0.00025531182275718203,-1.5675382339307569,-0.018243871996263206,1.566694602706947,0.10289999842643738,0.40549999475479126,1.6497999429702759,-1.5707963267948966,0.0,1.5707963267948966,0.037699325346473654,-0.09255287458380372,1.8023208890943054
0.09188961160381044,0.42372903341409907,1.6811963559206713,0.0016928280187682467,0.0008733056186939082,-0.0003412872011262175,-1.567665385292198,-0.018343032625003808,1.5668351125729771,0.10289999842643738,0.40549999475479126,1.6497999429702759,-1.5707963267948966,0.0,1.5707963267948966,0.03771778353595813,-0.09261436276031654,1.8021430422036717
0.09185759237087818,0.4237442776260552,1.6811031153348073,0.0021701677137982225,0.0007656578152033868,-0.0005473153582838279,-1.5678262407493921,-0.018454230880434963,1.5670274212045752,0.10289999842643738,0.40549999475479126,1.6497999429702759,-1.5707963267948966,0.0,1.5707963267948966,0.03774361216402752,-0.09269641678062862,1.8019052801746314
0.09182271046064977,0.42375531508322006,1.681023388206565,0.0023221120510071814,0.000753118503478575,-0.0006432320868728318,-1.5679601973734492,-0.01854186867612384,1.5671977678882285,0.10289999842643738,0.40549999475479126,1.6497999429702759,-1.5707963267948966,0.0,1.5707963267948966,0.037766642807403446,-0.09276475640328656,1.8017068253541968
0.09178544869058344,0.42376485605066627,1.6809514770672187,0.0022351184701456983,0.0007835287631452132,-0.000639571573003544,-1.568080074852345,-0.01861949130743934,1.5673544202062624,0.10289999842643738,0.40549999475479126,1.6497999429702759,-1.5707963267948966,0.0,1.5707963267948966,0.03778835897569781,-0.0928262973070248,1.8015273554666884
0.09173743491343588,0.4237740561445687,1.6808734578986988,0.0019685298987517546,0.0007976169038772472,-0.0006296266955551156,-1.568187091204446,-0.0186752383611708,1.5675332535050301,0.10289999842643738,0.40549999475479126,1.6497999429702759,-1.5707963267948966,0.0,1.5707963267948966,0.03781344366112338,-0.09289470838603374,1.8013252752617515
0.09168914898156769,0.4237832793143932,1.6808028758122522,0.001836333570434731,0.0007846736917089174,-0.0004531808098389793,-1.568269214331097,-0.018704847322200457,1.567686600879608,0.10289999842643738,0.40549999475479126,1.6497999429702759,-1.5707963267948966,0.0,1.5707963267948966,0.03783682338081925,-0.09295654329501131,1.8011406221606188
0.09163384346045327,0.4237990003345882,1.680711719348939,0.0019123202985812588,0.000774897102617894,-9.873707589309945e-05,-1.5683927992796054,-0.018750461851603006,1.5678567770607916,0.10289999842643738,0.40549999475479126,1.6497999429702759,-1.5707963267948966,0.0,1.5707963267948966,0.037865070721699486,-0.0930327138238024,1.800913895078158
0.09158856772551169,0.42381768128980885,1.6806219720984836,0.0018475037503722302,0.0007748634247976566,0.00021093304201474792,-1.5685196031421584,-0.01876577266800261,1.5679953775373625,0.10289999842643738,0.40549999475479126,1.6497999429702759,-1.5707963267948966,0.0,1.5707963267948966,0.037890071618777714,-0.0931025884060103,1.8007093623857002
0.09155468056810315,0.423837627211595,1.6805380220798505,0.001442131856295636,0.0007668352311647904,0.000385170307823405,-1.5686491827264992,-0.01877345272278763,1.5681100641982475,0.10289999842643738,0.40549999475479126,1.6497999429702759,-1.5707963267948966,0.0,1.5707963267948966,0.0379139204581882,-0.0931728849238447,1.800506575481336
0.09152236949350061,0.42386180498745807,1.6804441887896682,0.0006587929678919845,0.0007030303399643494,0.00035726228051748783,-1.5688357018024892,-0.018804812131318016,1.5682318513583478,0.10289999842643738,0.40549999475479126,1.6497999429702759,-1.5707963267948966,0.0,1.5707963267948966,0.03793728253317575,-0.09324330944738132,1.8003045268575735
0.09148608458215628,0.4238897007627838,1.6803348122736672,-0.0001330042128320956,0.0005205796441709491,9.091028844307679e-05,-1.5690931550807494,-0.018835386635324802,1.5683831725178055,0.10289999842643738,0.40549999475479126,1.6497999429702759,-1.5707963267948966,0.0,1.5707963267948966,0.03796329587154295,-0.09332069635497771,1.800080703556367
0.09145999742447207,0.42390753760864036,1.6802610226755141,-0.00019355576329524132,0.00039683295039867557,-8.331156822954918e-05,-1.5692725756290418,-0.01884493831104006,1.5684846907208165,0.10289999842643738,0.40549999475479126,1.6497999429702759,-1.5707963267948966,0.0,1.5707963267948966,0.03798307245004617,-0.09337701456874206,1.7999177762235397
0.0914265694392529,0.42393242232283623,1.6801637053302036,9.862847792052007e-05,0.0003930130360403119,6.24061653121529e-05,-1.5695163633151166,-0.018873053600583667,1.5686043057218193,0.10289999842643738,0.40549999475479126,1.6497999429702759,-1.5707963267948966,0.0,1.5707963267948966,0.03800839710168468,-0.09344783731242615,1.7997154912275484
0.09139437133171943,0.4239696082853772,1.6800335974830398,-7.215242337886059e-05,0.0007054371762822342,0.0006162562432961792,-1.5698372582681421,-0.018920515159592366,1.5687390630229943,0.10289999842643738,0.40549999475479126,1.6497999429702759,-1.5707963267948966,0.0,1.5707963267948966,0.038039606533327226,-0.09354083645557883,1.7994549730835347
0.0913841605996386,0.4239927364204385,1.6799564917535486,-0.00014535803849541408,0.0009274706463842729,0.0007201074506011455,-1.5700355038340688,-0.018950157774467513,1.5688098881281174,0.10289999842643738,0.40549999475479126,1.6497999429702759,-1.5707963267948966,0.0,1.5707963267948966,0.03805732438634497,-0.09359830648885556,1.7992968195793255
0.09137545546028747,0.4240237145902563,1.679858262598563,0.0001805790435901689,0.001064540970855972,0.00045858624727430734,-1.5703017232673968,-0.019014436954019054,1.5688763637129093,0.10289999842643738,0.40549999475479126,1.6497999429702759,-1.5707963267948966,0.0,1.5707963267948966,0.038079162888235873,-0.09367060025721445,1.7991025229114512
0.09136835148914468,0.42405103851542014,1.679769621710308,0.0004007280229214599,0.0011379260389580677,0.0002787770603543731,-1.5705506506678486,-0.01907631888975425,1.568924336194245,0.10289999842643738,0.40549999475479126,1.6497999429702759,-1.5707963267948966,0.0,1.5707963267948966,0.0381014378256621,-0.09374318200691327,1.7989109063996545
0.09136171577128605,0.4240778991837689,1.6796725914318282,0.0005066136621574113,0.0011814040444099957,0.0001790998643055963,-1.5708289516065317,-0.019130633833219335,1.5689710229979223,0.10289999842643738,0.40549999475479126,1.6497999429702759,-1.5707963267948966,0.0,1.5707963267948966,0.038124067499681544,-0.09381579898551004,1.7987204104552479
0.09135707587032967,0.424105632027059,1.679559277780527,0.0009001131241326566,0.0012173263496495189,0.00035936057481940754,-1.5711753732828897,-0.01921270906885919,1.5690259191241251,0.10289999842643738,0.40549999475479126,1.6497999429702759,-1.5707963267948966,0.0,1.5707963267948966,0.03814912235369195,-0.0938956908512549,1.798510017628006
0.0913613071792699,0.4241244576371222,1.6794710829817558,0.0014999030295440121,0.001222667504144563,0.0004770144411871368,-1.5714348154354363,-0.019284899966441227,1.5690746993715885,0.10289999842643738,0.40549999475479126,1.6497999429702759,-1.5707963267948966,0.0,1.5707963267948966,0.03816870166643178,-0.09396124065266531,1.7983386044820138
0.09136822798852669,0.4241462239252248,1.6793690332413993,0.001854446970502562,0.0011541262167620238,0.00023591405447461662,-1.5717004257081755,-0.01934574011806811,1.5691332299363772,0.10289999842643738,0.40549999475479126,1.6497999429702759,-1.5707963267948966,0.0,1.5707963267948966,0.03819030504390467,-0.09403458963502295,1.7981491389482114
0.09137108927094492,0.4241700694945562,1.679253131678243,0.0020287792611967835,0.00098588188270513,-1.679589346810458e-05,-1.5719827181090054,-0.019430666382350026,1.5691892661278415,0.10289999842643738,0.40549999475479126,1.6497999429702759,-1.5707963267948966,0.0,1.5707963267948966,0.03821767789936708,-0.09412294067995063,1.7979229705639317
0.09137282113165728,0.42419913472123055,1.679106384659966,0.002169639586680067,0.0008243991132338927,9.793110090688126e-06,-1.5723096134324654,-0.01955432970144333,1.5692337247243895,0.10289999842643738,0.40549999475479126,1.6497999429702759,-1.5707963267948966,0.0,1.5707963267948966,0.03824841497813133,-0.0942191503723858,1.7976806638750225
0.09137431790217916,0.42422287592221586,1.6789855485212954,0.0018544556915851412,0.0007839241316755867,0.0001657210823693501,-1.5725400193669228,-0.019625228499072556,1.5692449302183484,0.10289999842643738,0.40549999475479126,1.6497999429702759,-1.5707963267948966,0.0,1.5707963267948966,0.038269802427286496,-0.09428614305335906,1.7975124562069855
0.09138235662135233,0.4242483406521843,1.678860402927078,0.0009476581461104283,0.000772804851822989,0.000405512747392469,-1.5727650883060649,-0.019711596475393556,1.5692408841367227,0.10289999842643738,0.40549999475479126,1.6497999429702759,-1.5707963267948966,0.0,1.5707963267948966,0.03829281710816363,-0.09436076028762751,1.7973247233780787
0.09139781165317756,0.42427392783092716,1.678723130787584,-7.652170132232303e-05,0.0006960589064542599,0.00042480767433997137,-1.5729996189567064,-0.019794784384279396,1.56924996789514,0.10289999842643738,0.40549999475479126,1.6497999429702759,-1.5707963267948966,0.0,1.5707963267948966,0.03831750536046197,-0.09444252556060953,1.7971172888800242
0.09141495103588008,0.4242940005907183,1.6785823577158467,-0.00040628605282529596,0.0006223138867745859,0.0003469709746568595,-1.5732214224639414,-0.019854264510707154,1.5692755167876227,0.10289999842643738,0.40549999475479126,1.6497999429702759,-1.5707963267948966,0.0,1.5707963267948966,0.038344602551894855,-0.09453119150975274,1.7968899284763735
0.09143050229028998,0.42430840441647016,1.6784627903550011,-0.0004223179705604032,0.0006481916794452674,0.0003697378250544361,-1.573414372396206,-0.019915171986899516,1.5692988597919504,0.10289999842643738,0.40549999475479126,1.6497999429702759,-1.5707963267948966,0.0,1.5707963267948966,0.0383626414016941,-0.09459023858135276,1.7967374107356062
0.0914482522749325,0.4243217137811582,1.6783386355259924,-0.00010120537376223982,0.00071920167782049,0.0003810051297946887,-1.5735974904436003,-0.01997728605260196,1.5693261539038426,0.10289999842643738,0.40549999475479126,1.6497999429702759,-1.5707963267948966,0.0,1.5707963267948966,0.03838276730467908,-0.09465684809732076,1.79656429079643
0.09146664639996005,0.4243348189873337,1.6782083924874465,0.00034255002233139135,0.0007716897874402594,0.00025807409935140255,-1.5737664584953983,-0.020037466363529433,1.5693600132058472,0.10289999842643738,0.40549999475479126,1.6497999429702759,-1.5707963267948966,0.0,1.5707963267948966,0.03840310331887036,-0.09472385746932033,1.796389658219908
0.0914844660403987,0.4243476309747751,1.6780749891967106,0.0005710238079577257,0.0007777995760946876,8.386484762684867e-05,-1.5739414648468648,-0.020118591885430526,1.5694030452077106,0.10289999842643738,0.40549999475479126,1.6497999429702759,-1.5707963267948966,0.0,1.5707963267948966,0.03842424685417815,-0.09479115857776989,1.7962135903987744
0.09149872065497044,0.42435850150126603,1.6779523454657685,0.0009496358587872581,0.00075951743106256,-1.0920057103750368e-05,-1.5740946068921102,-0.020202916989510378,1.5694468877995913,0.10289999842643738,0.40549999475479126,1.6497999429702759,-1.5707963267948966,0.0,1.5707963267948966,0.03844392704428773,-0.09485119325790509,1.796057038849659
0.09151514558349808,0.42437268646761334,1.6777930451283147,0.001042956129888161,0.000759744424883245,3.720026547446126e-05,-1.574256297259151,-0.020296324317521375,1.5695044796794335,0.10289999842643738,0.40549999475479126,1.6497999429702759,-1.5707963267948966,0.0,1.5707963267948966,0.038469382720191445,-0.09492668601005173,1.7958614053302218
0.09153272624895036,0.42438688064345353,1.6776301217310334,0.0006041969568355668,0.0007532829553489588,8.349243056144834e-05,-1.574406512375964,-0.020395013886941094,1.5695672063982753,0.10289999842643738,0.40549999475479126,1.6497999429702759,-1.5707963267948966,0.0,1.5707963267948966,0.03849537306206535,-0.0950024569052827,1.7956645207031896
0.09154880379894222,0.4244009261262077,1.6774669436219172,-0.0001724782676265498,0.0006924656339152439,-2.175462307197502e-05,-1.5745649498907175,-0.020513887690190025,1.5696346157512817,0.10289999842643738,0.40549999475479126,1.6497999429702759,-1.5707963267948966,0.0,1.5707963267948966,0.038522375088833445,-0.09507833711213692,1.7954655987914305
0.091559113194512,0.42441463624421083,1.677304981443987,-0.0010243343720075487,0.00060887561146671,-0.00015497727653308627,-1.5747044721870136,-0.020624993370988776,1.5697061452764203,0.10289999842643738,0.40549999475479126,1.6497999429702759,-1.5707963267948966,0.0,1.5707963267948966,0.038550721349854,-0.09515434668824385,1.7952645410317403
0.09156214508351218,0.4244272517039325,1.6771454203436418,-0.0016333518798931491,0.0005077945137277732,-7.013384752911304e-05,-1.574824292130963,-0.020724347061240156,1.5697797479104527,0.10289999842643738,0.40549999475479126,1.6497999429702759,-1.5707963267948966,0.0,1.5707963267948966,0.038580482675917516,-0.09523041873898616,1.7950616788279556
0.09156770058931724,0.424437487955036,1.676984986064507,-0.001514703057120211,0.00045880971316272106,0.0003318205765288467,-1.5749477315378428,-0.0208610992803111,1.5698495250480273,0.10289999842643738,0.40549999475479126,1.6497999429702759,-1.5707963267948966,0.0,1.5707963267948966,0.03861015677322556,-0.09530644878396599,1.7948592356791042
0.09157815196239667,0.4244456040367818,1.6768208865584622,-0.0010916393776152621,0.00043656925764957175,0.0006089686641777675,-1.5750550383987918,-0.021013977735571565,1.5699197232920368,0.10289999842643738,0.40549999475479126,1.6497999429702759,-1.5707963267948966,0.0,1.5707963267948966,0.03863917034148597,-0.09538262424635413,1.7946600817338811
0.09159815734751438,0.4244568325284087,1.676605077579719,-0.0009034558848478884,0.00044538672803591506,0.00037252280122107177,-1.5751788185363058,-0.021209783963053397,1.5700102804502705,0.10289999842643738,0.40549999475479126,1.6497999429702759,-1.5707963267948966,0.0,1.5707963267948966,0.03867641773281147,-0.09548237671314906,1.7944054326886827
0.09160594521602757,0.4244668077769629,1.676457927953647,-0.0010278302250813897,0.00047160536755073594,0.00016036245047760449,-1.575258225245635,-0.021344070144596827,1.5700657557255255,0.10289999842643738,0.40549999475479126,1.6497999429702759,-1.5707963267948966,0.0,1.5707963267948966,0.03870349616451679,-0.09555197873448594,1.7942320482139265
0.09161039777130249,0.42447666587165284,1.6763163379879382,-0.0014489962513082242,0.0005166088284589904,6.854303936333735e-05,-1.5753107185184139,-0.02146855431414796,1.5701277354410053,0.10289999842643738,0.40549999475479126,1.6497999429702759,-1.5707963267948966,0.0,1.5707963267948966,0.03873129807016523,-0.09562182136939781,1.7940606078178436
0.09160811966461485,0.4244872003917783,1.6761820896847566,-0.001841300243543582,0.00048402002420056336,-0.00010836804202862738,-1.5753398789560575,-0.02157343063599937,1.5701914570749531,0.10289999842643738,0.40549999475479126,1.6497999429702759,-1.5707963267948966,0.0,1.5707963267948966,0.03876044809366831,-0.0956920566064491,1.793889383105426
0.0916003409006054,0.42449856884759934,1.6760405903699496,-0.001514763842803692,0.00043371802661955615,-5.6901145729064236e-05,-1.5753802210398495,-0.021696720946476233,1.5702643912158225,0.10289999842643738,0.40549999475479126,1.6497999429702759,-1.5707963267948966,0.0,1.5707963267948966,0.03879406678802057,-0.09577045789400639,1.7936992086644807
0.0915887016250152,0.42451018082103004,1.675896436309272,-4.3880279308822205e-05,0.00030615409298031154,5.9690024659998105e-06,-1.5754172754186426,-0.021823923359502118,1.5703177525176208,0.10289999842643738,0.40549999475479126,1.6497999429702759,-1.5707963267948966,0.0,1.5707963267948966,0.038828563544468384,-0.09584960200134988,1.793509165938435
0.0915720517633891,0.4245243671455102,1.6757428038348938,0.0012891841097058862,0.00011655209713134597,1.7078653305538266e-06,-1.57542484448813,-0.02192908521754333,1.5703381386873458,0.10289999842643738,0.40549999475479126,1.6497999429702759,-1.5707963267948966,0.0,1.5707963267948966,0.038864037015655634,-0.0959299474624127,1.7933189495060688
0.09155029944537814,0.4245386137233037,1.6755877966221588,0.0012707201585050764,-2.2490668048678872e-05,0.0001392647755735321,-1.575413032596284,-0.022030522406686792,1.5703322314228834,0.10289999842643738,0.40549999475479126,1.6497999429702759,-1.5707963267948966,0.0,1.5707963267948966,0.0389005701630456,-0.09601094901848216,1.7931260477529014
0.09152670664641838,0.4245575048080552,1.6753967013182829,-2.8943441208412833e-05,-2.1975237876551528e-05,0.0006773309213004168,-1.5753941285614839,-0.022177734453534548,1.5703006552287975,0.10289999842643738,0.40549999475479126,1.6497999429702759,-1.5707963267948966,0.0,1.5707963267948966,0.03894780828442907,-0.09611675451876894,1.7928706436964863
0.09151802820132146,0.42456965469428026,1.6752602256510711,-0.000646428240348523,1.703318963220393e-05,0.0009184048560267618,-1.5753566871274114,-0.022271378612358728,1.570277181507291,0.10289999842643738,0.40549999475479126,1.6497999429702759,-1.5707963267948966,0.0,1.5707963267948966,0.03898287349779069,-0.09619811131395382,1.7926740787634523
0.09151598815716783,0.42457960544510825,1.6751366273156896,-0.0003957066796019468,4.8331663783398884e-06,0.0009929772067338732,-1.5753144477729693,-0.02236624904963591,1.570260791054122,0.10289999842643738,0.40549999475479126,1.6497999429702759,-1.5707963267948966,0.0,1.5707963267948966,0.0390139241069873,-0.09627139694726965,1.7924993770105715
0.09152075606615238,0.42458672045914475,1.6750109009013192,-8.96146418047158e-05,2.1857354028668592e-05,0.0011048712050776464,-1.5752650015932201,-0.022482462128538216,1.5702490528013957,0.10289999842643738,0.40549999475479126,1.6497999429702759,-1.5707963267948966,0.0,1.5707963267948966,0.03904442611655473,-0.09634465088954289,1.7923255452729803
0.09153306823292154,0.4245908958264947,1.6748851915690126,0.00013780686934088384,5.274044369076792e-05,0.0012384484596161675,-1.5751979373469471,-0.02260396367767914,1.570247437950011,0.10289999842643738,0.40549999475479126,1.6497999429702759,-1.5707963267948966,0.0,1.5707963267948966,0.03907428775895042,-0.09641798085993022,1.7921513657937138
0.0915586322191848,0.42459434725937856,1.6747427356089795,0.0004955247757140515,5.220443998970569e-05,0.0013585446543019357,-1.57512371310419,-0.02277321892196449,1.5702445284966382,0.10289999842643738,0.40549999475479126,1.6497999429702759,-1.5707963267948966,0.0,1.5707963267948966,0.03910633036776182,-0.09649976072315719,1.7919576509563229
0.09159509352595362,0.42459871816944234,1.6745972976884138,0.0005457165124306012,1.7048274309796113e-05,0.0012166391005378435,-1.575061762273792,-0.022990755263441187,1.5702349387185033,0.10289999842643738,0.40549999475479126,1.6497999429702759,-1.5707963267948966,0.0,1.5707963267948966,0.0391374872169015,-0.0965820018384232,1.7917634303541239
0.09163441114269161,0.4246091089481618,1.6744500339149198,0.00024719664221751017,1.662132245046918e-05,0.0009447901829944599,-1.5749922553693039,-0.023195761446604735,1.5702112573201308,0.10289999842643738,0.40549999475479126,1.6497999429702759,-1.5707963267948966,0.0,1.5707963267948966,0.03916882369613594,-0.09666524551070906,1.7915689089061504
0.09167540556555749,0.42462395945819653,1.6743023203149117,-0.0003195488798540086,7.306388893249828e-05,0.0007423104933794506,-1.5749282130856772,-0.02338432223778053,1.5701752998313592,0.10289999842643738,0.40549999475479126,1.6497999429702759,-1.5707963267948966,0.0,1.5707963267948966,0.03920053699408166,-0.09674916759210293,1.7913752360147412
0.09172007213118087,0.42464642596227226,1.6741398211062861,-0.0010224742497188103,9.964742767334646e-05,0.00043419680600643973,-1.574884164097014,-0.023591359243363197,1.5701201283422537,0.10289999842643738,0.40549999475479126,1.6497999429702759,-1.5707963267948966,0.0,1.5707963267948966,0.039236504868251414,-0.0968422202704944,1.7911631290618208
0.09175621736866524,0.4246699463435113,1.6739934690360294,-0.0015489693656456258,0.00015860558377822756,0.0003776139427947494,-1.5748383737127252,-0.02374539631949979,1.57006388519494,0.10289999842643738,0.40549999475479126,1.6497999429702759,-1.5707963267948966,0.0,1.5707963267948966,0.039270673880026606,-0.09692728990783535,1.7909718064447688
0.09179045403887374,0.42469009166317984,1.6738633592770518,-0.0016584282950600623,0.000290068211391803,0.000647659280707713,-1.574781238256394,-0.02387414652439368,1.5700096416436853,0.10289999842643738,0.40549999475479126,1.6497999429702759,-1.5707963267948966,0.0,1.5707963267948966,0.03930159197647864,-0.09700390370626172,1.7908012574844183
0.09183660293840555,0.42471107514523143,1.6737157269110812,-0.0011968066751166541,0.0004472214081907937,0.0009289203552431006,-1.574724243932066,-0.024044725427959435,1.5699365285075944,0.10289999842643738,0.40549999475479126,1.6497999429702759,-1.5707963267948966,0.0,1.5707963267948966,0.03933518658688173,-0.09708912452437005,1.7906148220271938
0.0918889799989255,0.42472904801224715,1.6735661179302523,-0.0007182516300673988,0.0005820534006176507,0.0009085746056503226,-1.5746656676265607,-0.024213431155187592,1.5698615982463824,0.10289999842643738,0.40549999475479126,1.6497999429702759,-1.5707963267948966,0.0,1.5707963267948966,0.039368322242552864,-0.09717440238565557,1.790431473905552
0.09194137855550398,0.42474291746258197,1.6734164355490282,-0.0005718838486072365,0.0006523148420984964,0.0006987324966296449,-1.5745900386914775,-0.024345786270055125,1.569794017088781,0.10289999842643738,0.40549999475479126,1.6497999429702759,-1.5707963267948966,0.0,1.5707963267948966,0.039401847736468036,-0.09725967383292794,1.7902492491382571
0.09199237549651527,0.42475276973020715,1.6732722815491445,-0.0009965215217976964,0.0006778983073925776,0.0006626737574264754,-1.5745333882666932,-0.02446981296327433,1.569728468414947,0.10289999842643738,0.40549999475479126,1.6497999429702759,-1.5707963267948966,0.0,1.5707963267948966,0.039436265129975875,-0.09734477246073607,1.7900665282719197
0.09204896441058405,0.42475899581070464,1.6731355117605335,-0.0013084366423348904,0.0007140304103729812,0.0009345144705177361,-1.574501673666355,-0.024588845226079847,1.5696642390576505,0.10289999842643738,0.40549999475479126,1.6497999429702759,-1.5707963267948966,0.0,1.5707963267948966,0.03947051867323876,-0.09742976583173428,1.7898830295319055
0.09211595291219415,0.4247626216205064,1.6730031091120081,-0.0012454495914455148,0.0007080309346310056,0.0011685601102879716,-1.574478867467842,-0.024702741647991022,1.5695888941612026,0.10289999842643738,0.40549999475479126,1.6497999429702759,-1.5707963267948966,0.0,1.5707963267948966,0.03950382125044187,-0.0975149403443537,1.7896994875945742
0.09219338988495633,0.4247670124209272,1.6728745894503994,-0.000986213582730286,0.0006818803812263768,0.0011779934162802564,-1.574491944516083,-0.024842096897018884,1.569487036784389,0.10289999842643738,0.40549999475479126,1.6497999429702759,-1.5707963267948966,0.0,1.5707963267948966,0.039536424905240744,-0.0976006882773828,1.7895158235117132
0.09231341423559718,0.42477399028790697,1.6727007046637945,-0.0004207565231336893,0.0006231431833580148,0.0011703952806380018,-1.5745399908864257,-0.025050385306919942,1.569306004311816,0.10289999842643738,0.40549999475479126,1.6497999429702759,-1.5707963267948966,0.0,1.5707963267948966,0.039581733825288026,-0.0977218876118736,1.7892560682895884
0.09239834069568097,0.4247744063753912,1.672593270448168,-0.0001219541386237857,0.0005288102056023825,0.0011250155257287507,-1.5745688551393122,-0.025187639266906814,1.569178584486112,0.10289999842643738,0.40549999475479126,1.6497999429702759,-1.5707963267948966,0.0,1.5707963267948966,0.039610484821140615,-0.0978000307365589,1.7890862978066862
0.09247543060211363,0.4247722037949671,1.6724999016978712,7.743031441351417e-05,0.0003741436674454651,0.0008854189734377815,-1.5746006684157212,-0.025325113899520968,1.569062523774277,0.10289999842643738,0.40549999475479126,1.6497999429702759,-1.5707963267948966,0.0,1.5707963267948966,0.03963625372463797,-0.09786953592689043,1.7889335429952233
0.09256618414092826,0.4247656761957476,1.6723890063273348,-4.158955638419339e-05,0.000133970838154437,0.0005235936181134996,-1.5746277394698183,-0.025493122216563968,1.5689252214373546,0.10289999842643738,0.40549999475479126,1.6497999429702759,-1.5707963267948966,0.0,1.5707963267948966,0.039669731674323555,-0.09795629888380764,1.7887414153777412
0.09265321992397907,0.42475668142204,1.6722834021652266,-0.00015212512269881028,-8.95907939590565e-05,0.0003803760409122783,-1.5746353973482368,-0.02564928717367465,1.5687983036993944,0.10289999842643738,0.40549999475479126,1.6497999429702759,-1.5707963267948966,0.0,1.5707963267948966,0.039707965257916145,-0.09805177163514392,1.7885311152052077
0.09273528967742056,0.42474950189094873,1.6721806498172695,-0.00021829141097265203,-0.0003023986987917037,0.00020768918941946923,-1.5746290875921234,-0.025814270964582775,1.5686627152855408,0.10289999842643738,0.40549999475479126,1.6497999429702759,-1.5707963267948966,0.0,1.5707963267948966,0.03974068338525188,-0.09813027997425407,1.788359352831114
0.09281306816008893,0.4247440963669711,1.6720777673999825,1.4327574904804855e-05,-0.00044669572346978234,0.00021955278204591091,-1.5746245057079526,-0.025999118260247478,1.5685112799829641,0.10289999842643738,0.40549999475479126,1.6497999429702759,-1.5707963267948966,0.0,1.5707963267948966,0.03977851405326191,-0.0982179147150802,1.7881690229532874
0.09288151864401405,0.42474096084686636,1.6719818040632728,0.00030246276461151097,-0.0005468078197847907,0.00023246729078534611,-1.5746053268074487,-0.026165226741576397,1.568356081156849,0.10289999842643738,0.40549999475479126,1.6497999429702759,-1.5707963267948966,0.0,1.5707963267948966,0.039813456973023374,-0.09829727735764757,1.787997922520621
0.09295151152485244,0.4247426083817642,1.6718715765639598,0.00022966182059124573,-0.0007037802097681601,0.0001026925513901619,-1.5745600354673093,-0.02632671168369738,1.5681588951682894,0.10289999842643738,0.40549999475479126,1.6497999429702759,-1.5707963267948966,0.0,1.5707963267948966,0.03985796656157373,-0.09839518630025657,1.7877887457824266
0.09302578157767251,0.4247482401280382,1.6717386817342512,-0.00030190037837553904,-0.0009747384239295482,-4.0292917160453216e-05,-1.5744984815464595,-0.026509743509102623,1.5679065005642565,0.10289999842643738,0.40549999475479126,1.6497999429702759,-1.5707963267948966,0.0,1.5707963267948966,0.03990466152938097,-0.09849353475225163,1.7875788182160965
0.09307230280327078,0.42475368432431254,1.6716417357778366,-0.0008682313827951871,-0.0011996451558574219,-5.5590402154746503e-05,-1.5744463737889212,-0.02661435712700655,1.5677255501431708,0.10289999842643738,0.40549999475479126,1.6497999429702759,-1.5707963267948966,0.0,1.5707963267948966,0.039944803712430386,-0.09857415306445576,1.7874060079346963
0.09311416791242472,0.4247596810040165,1.6715457658796242,-0.001225221388891446,-0.001394196350426134,9.881524441697942e-05,-1.5743885831991187,-0.026691525482926526,1.567551347452768,0.10289999842643738,0.40549999475479126,1.6497999429702759,-1.5707963267948966,0.0,1.5707963267948966,0.039986058657203206,-0.0986548485874108,1.7872328091559004
0.09315689287496015,0.42476336195392517,1.6714398069000171,-0.0013779194599101638,-0.0015887617965007607,0.0003104477760976552,-1.5743327972347856,-0.026768621816563698,1.5673694977931525,0.10289999842643738,0.40549999475479126,1.6497999429702759,-1.5707963267948966,0.0,1.5707963267948966,0.0400328968479467,-0.09874418628124057,1.7870400279628198
0.09319880865911714,0.42476245448512523,1.671333004248709,-0.0011860641175467077,-0.0017242475946352427,0.0006112538554202888,-1.5742857979310303,-0.026833892235119894,1.5671894088108362,0.10289999842643738,0.40549999475479126,1.6497999429702759,-1.5707963267948966,0.0,1.5707963267948966,0.04008487703982342,-0.09884202494638938,1.7868282633534074
0.09324428357364262,0.42475678088801055,1.6712226902482714,-0.0008146075841713019,-0.0016895347714358585,0.001086687678197572,-1.574223698150884,-0.026879939321496238,1.567009105160058,0.10289999842643738,0.40549999475479126,1.6497999429702759,-1.5707963267948966,0.0,1.5707963267948966,0.04012705868143081,-0.09892179511016069,1.786657054158923
0.09330271644448056,0.4247450471375226,1.671112001414443,-0.0007908859018146638,-0.0014551966650546977,0.0015801237439926885,-1.5741433234798559,-0.02695378594690201,1.5668273577376832,0.10289999842643738,0.40549999475479126,1.6497999429702759,-1.5707963267948966,0.0,1.5707963267948966,0.0401721348432932,-0.09900987297967007,1.7864713124697218
0.0933742553815296,0.4247257711342083,1.6710068743349857,-0.0011074246426947198,-0.0011933377549961776,0.0017295034520716883,-1.5740486806207525,-0.027058328048942926,1.56666813099715,0.10289999842643738,0.40549999475479126,1.6497999429702759,-1.5707963267948966,0.0,1.5707963267948966,0.040219685986837395,-0.09910578465524725,1.7862737052521425
0.0934534141095469,0.4247036047960636,1.6709088021294658,-0.0012908837362902463,-0.0010451594460665129,0.001456536817154531,-1.5739349296398417,-0.027164463509445902,1.5665412792194846,0.10289999842643738,0.40549999475479126,1.6497999429702759,-1.5707963267948966,0.0,1.5707963267948966,0.04025774440905425,-0.09918403560498151,1.7861150674201292
0.09354695697521952,0.42467863909877007,1.6707954690224571,-0.0007619982670498347,-0.0010668013408904732,0.0009134483434507907,-1.5738297125949088,-0.02727063771305005,1.5664056011520415,0.10289999842643738,0.40549999475479126,1.6497999429702759,-1.5707963267948966,0.0,1.5707963267948966,0.04030947270655824,-0.09928876710553496,1.7859072980357764
0.09362797291546832,0.4246595261386383,1.670692128344671,-0.0003929720370766019,-0.001157490506383341,0.000513072749348771,-1.5737932876045881,-0.027340495839566437,1.5662862937247524,0.10289999842643738,0.40549999475479126,1.6497999429702759,-1.5707963267948966,0.0,1.5707963267948966,0.04035839380647994,-0.09938547549378184,1.7857229304095104
0.09368747528212121,0.4246436083795681,1.6706146304876297,-0.0005628192955723864,-0.0012839031959088977,0.00031790713544918516,-1.5737847615736105,-0.027361398737246745,1.5662128917143945,0.10289999842643738,0.40549999475479126,1.6497999429702759,-1.5707963267948966,0.0,1.5707963267948966,0.04040470213515874,-0.099473530231409,1.7855589330030424
0.09375025978340933,0.42462461155436804,1.670538348601603,-0.0008471764517590764,-0.001372349993642949,0.0004977315168841522,-1.5737954231748825,-0.02738372967731273,1.5661534859797124,0.10289999842643738,0.40549999475479126,1.6497999429702759,-1.5707963267948966,0.0,1.5707963267948966,0.04044726594570792,-0.09955274337252623,1.785412816827568
0.09381787307553754,0.42459744684130396,1.6704742074595398,-0.0009131361000813508,-0.0013851153303459335,0.0009230199239235356,-1.57382295375148,-0.027428269972176622,1.5661265891506377,0.10289999842643738,0.40549999475479126,1.6497999429702759,-1.5707963267948966,0.0,1.5707963267948966,0.040494142764337424,-0.09964003852244892,1.7852505926321591
0.09388340711337056,0.4245646774183863,1.6704249711848003,-0.0004401261158374085,-0.0014117093671383125,0.00098793070821485,-1.573834814327947,-0.027472361575792803,1.5661336633495895,0.10289999842643738,0.40549999475479126,1.6497999429702759,-1.5707963267948966,0.0,1.5707963267948966,0.04053565776663735,-0.09971795217850153,1.7851062550987267
0.093952933044863,0.424523394565789,1.6703730171402367,0.0005329426207914543,-0.0015292185269048764,0.0007501478031780583,-1.5738272216960996,-0.027515362237664043,1.5661616625682144,0.10289999842643738,0.40549999475479126,1.6497999429702759,-1.5707963267948966,0.0,1.5707963267948966,0.04058715193493556,-0.09981300607091317,1.784933431282733
0.09403495897666347,0.4244734248214778,1.6703151708716093,0.0010997287878683716,-0.0015239117401306434,0.000836079604184658,-1.573805550646194,-0.027572251015026694,1.5661973599671013,0.10289999842643738,0.40549999475479126,1.6497999429702759,-1.5707963267948966,0.0,1.5707963267948966,0.04063918306211897,-0.09990850717798899,1.784762252659467
0.09410004771365793,0.4244382779023077,1.6702767890661072,0.0013162175451131464,-0.0013966248061979827,0.0009800066878479497,-1.5737660127205824,-0.02760292889007454,1.5662250278715375,0.10289999842643738,0.40549999475479126,1.6497999429702759,-1.5707963267948966,0.0,1.5707963267948966,0.04068138382841846,-0.09998727028506968,1.784621338596233
0.09417639441296223,0.424401639345251,1.6702342091699731,0.001790706151590093,-0.0012335098196593168,0.0009541526628262808,-1.5737081188505486,-0.02762956760726265,1.5662522944865547,0.10289999842643738,0.40549999475479126,1.6497999429702759,-1.5707963267948966,0.0,1.5707963267948966,0.04072776419859563,-0.10007538237257257,1.7844641573955125
0.09424460236639548,0.4243703537711217,1.670192652438281,0.0018337890333701796,-0.0011303346596582998,0.0007362244594733872,-1.5736610851378163,-0.02766654024122772,1.5662758772087015,0.10289999842643738,0.40549999475479126,1.6497999429702759,-1.5707963267948966,0.0,1.5707963267948966,0.04076993464642587,-0.10015499683294557,1.7843227005048672
0.09431750639849211,0.42433385521912004,1.6701495831854205,0.0011231039047105151,-0.0009674609918708392,0.0006562711911558005,-1.5736059797814135,-0.02769858476115372,1.5663215881095678,0.10289999842643738,0.40549999475479126,1.6497999429702759,-1.5707963267948966,0.0,1.5707963267948966,0.040817634317070285,-0.10024320519173807,1.7841647456502863
0.09438360485429073,0.42429828267323855,1.6701117085012818,0.0006979676952990912,-0.000862582661139828,0.0006304360048183415,-1.573555995218346,-0.027711421893547694,1.5663728644469543,0.10289999842643738,0.40549999475479126,1.6497999429702759,-1.5707963267948966,0.0,1.5707963267948966,0.04086562159708437,-0.10033102652327062,1.7840060740942167
0.09446030075442857,0.4242561869551267,1.67006209755158,0.00041684353314592906,-0.0009404814534129144,0.0003771522998866436,-1.5735209598817714,-0.02772367104945772,1.5664221652654358,0.10289999842643738,0.40549999475479126,1.6497999429702759,-1.5707963267948966,0.0,1.5707963267948966,0.04091465523577043,-0.10041896437147493,1.783846950107755
0.09452340861616608,0.4242183086478609,1.6700164091609542,0.0003756822801782588,-0.001082251189616613,0.0002755661400966481,-1.5735118617164083,-0.02772505033638417,1.5664556590347474,0.10289999842643738,0.40549999475479126,1.6497999429702759,-1.5707963267948966,0.0,1.5707963267948966,0.04097008862849256,-0.10051578917824718,1.7836712809409352
0.09458089767656243,0.42417982540446253,1.6699658980169871,0.0007855209692789639,-0.001229632470243243,0.0003039427467771034,-1.5734893270046646,-0.02770282620140696,1.5664795081160732,0.10289999842643738,0.40549999475479126,1.6497999429702759,-1.5707963267948966,0.0,1.5707963267948966,0.041016175098390055,-0.10059515995891419,1.7835272128587298
0.09463456698765634,0.4241443385439927,1.6699091121628962,0.0009143863028543793,-0.0013800036531052891,0.0003473123341983594,-1.57346214389406,-0.027686478456894648,1.5664828154529462,0.10289999842643738,0.40549999475479126,1.6497999429702759,-1.5707963267948966,0.0,1.5707963267948966,0.04106799431807783,-0.10068389575467315,1.7833654351016586
0.09468433594422802,0.4241116730609439,1.6698510149924919,0.0006034263542833321,-0.0015535724762587727,0.00015855383131525003,-1.5734464030130773,-0.027692942762850947,1.5664730500105752,0.10289999842643738,0.40549999475479126,1.6497999429702759,-1.5707963267948966,0.0,1.5707963267948966,0.04112067654221604,-0.10077310036452275,1.7831999832362206
0.09471864065454134,0.42408380936957857,1.6697985232853163,0.00045360201741409826,-0.0017270165394493464,-8.422774328122275e-05,-1.5734402985519276,-0.027682212843138654,1.5664690535978185,0.10289999842643738,0.40549999475479126,1.6497999429702759,-1.5707963267948966,0.0,1.5707963267948966,0.04117563201618493,-0.10086260675197628,1.783032570862291
0.0947509325403125,0.4240515994033546,1.669730004860884,0.0003974289303997059,-0.0018255492710878055,-3.67612963420969e-05,-1.5734512342305755,-0.027660667180238185,1.5664767087075273,0.10289999842643738,0.40549999475479126,1.6497999429702759,-1.5707963267948966,0.0,1.5707963267948966,0.0412323255609769,-0.10095231843573979,1.7828660093331412
0.09477135999127397,0.42402710892558215,1.6696727431840648,4.882570141943702e-05,-0.001872452015189491,7.131038643981119e-05,-1.5734892203359179,-0.027640037299416775,1.5664958688793804,0.10289999842643738,0.40549999475479126,1.6497999429702759,-1.5707963267948966,0.0,1.5707963267948966,0.041284438912556495,-0.10103323709798583,1.782715207450335
0.09479007136285289,0.42400202338627097,1.6696096785203178,-0.0005609730289813082,-0.001875722719009215,0.00033604369422111636,-1.5735481869608796,-0.027591621105360176,1.566526523059219,0.10289999842643738,0.40549999475479126,1.6497999429702759,-1.5707963267948966,0.0,1.5707963267948966,0.041342971666034296,-0.10112344441138112,1.782545725786294
0.09481160450590656,0.4239718914104852,1.6695462582526506,-0.0009492384707100188,-0.0018312766866559107,0.0006607546719325707,-1.5736453983902094,-0.02751642038250246,1.566587210840527,0.10289999842643738,0.40549999475479126,1.6497999429702759,-1.5707963267948966,0.0,1.5707963267948966,0.04140724608075546,-0.10122242023671435,1.7823576574147755
0.09483165742843602,0.423945915860837,1.6694916264972621,-0.0005054167000617965,-0.0018367115981011508,0.0007211646653851953,-1.5737495114834292,-0.02746023960650934,1.566634553397994,0.10289999842643738,0.40549999475479126,1.6497999429702759,-1.5707963267948966,0.0,1.5707963267948966,0.041459601623863265,-0.10130336626705698,1.7822052688867371
0.09485116699834377,0.42391494939780017,1.6694251278251717,-0.00023185263727796657,-0.0018743751677219127,0.0005971485224967033,-1.5738631840960353,-0.02738243872272772,1.5666797106694719,0.10289999842643738,0.40549999475479126,1.6497999429702759,-1.5707963267948966,0.0,1.5707963267948966,0.04151835786937097,-0.10139332179737963,1.7820380420119084
0.09486772608493488,0.4238735192109587,1.6693569194030948,-0.0008784625573180444,-0.0018803821391690841,0.00041332529146547445,-1.5739637723693558,-0.02726870044122487,1.566748691006329,0.10289999842643738,0.40549999475479126,1.6497999429702759,-1.5707963267948966,0.0,1.5707963267948966,0.04158372766191553,-0.10149160451835024,1.781853194133297
0.09487343644015707,0.423834425595624,1.669308038813838,-0.0012743153077638867,-0.001895299599143443,0.00020649160276527717,-1.5740377491791153,-0.027169244313024254,1.5668197648313977,0.10289999842643738,0.40549999475479126,1.6497999429702759,-1.5707963267948966,0.0,1.5707963267948966,0.041638566236399235,-0.10157145467100093,1.7817002203639827
0.09487286936637947,0.4237841968121269,1.6692559581673911,-0.0009416902938563849,-0.0018218472053696802,0.0002733443162121298,-1.5740948881023122,-0.027062493124315523,1.5669172663107132,0.10289999842643738,0.40549999475479126,1.6497999429702759,-1.5707963267948966,0.0,1.5707963267948966,0.04170057352871892,-0.10165954799777786,1.781530213355018
0.09487067477170956,0.42370553665789257,1.6691808452725394,-3.663356585276857e-06,-0.0016112741836348651,0.0006158554693919156,-1.5741125693086602,-0.026934538818487397,1.567073635389073,0.10289999842643738,0.40549999475479126,1.6497999429702759,-1.5707963267948966,0.0,1.5707963267948966,0.04178133312277927,-0.1017729777752188,1.7813108650316092
0.09487298427874197,0.423639331957785,1.669117451750115,0.00020251269204225988,-0.0014548391047154452,0.0008450187332622885,-1.5740917596910378,-0.02688142210910449,1.5672128363787885,0.10289999842643738,0.40549999475479126,1.6497999429702759,-1.5707963267948966,0.0,1.5707963267948966,0.04184275878974703,-0.10185969286260624,1.781144846515771
0.0948799109285252,0.4235776499406858,1.6690586202525841,6.150981071882622e-05,-0.00135048605060752,0.0009849571813233871,-1.5740526639256642,-0.02685929525183539,1.5673365132287926,0.10289999842643738,0.40549999475479126,1.6497999429702759,-1.5707963267948966,0.0,1.5707963267948966,0.041897230507145666,-0.10193752171122529,1.7809972148624613
0.09489349191257065,0.4235100636435955,1.668988378474715,0.00014337127909308587,-0.0012621014236495298,0.001076416727249806,-1.5739927728510226,-0.02683951685764363,1.5674635931100467,0.10289999842643738,0.40549999475479126,1.6497999429702759,-1.5707963267948966,0.0,1.5707963267948966,0.041956851911077314,-0.10202415993581841,1.780834968160024
0.0949144098183771,0.4234437128799855,1.6689107983573748,0.00013884703938920055,-0.0012045295526544391,0.0010196046738904895,-1.5739471395961275,-0.026838202308089087,1.5675710247017964,0.10289999842643738,0.40549999475479126,1.6497999429702759,-1.5707963267948966,0.0,1.5707963267948966,0.0420154669450772,-0.10211097854946781,1.7806737550094252
0.09493508028949406,0.4233841471138686,1.6688380992071195,-0.0001443860801275105,-0.0011751558493434473,0.0008070622866764934,-1.573921483369432,-0.02684065788177392,1.5676550257951603,0.10289999842643738,0.40549999475479126,1.6497999429702759,-1.5707963267948966,0.0,1.5707963267948966,0.042068120473529015,-0.10218913109480889,1.780528762460343
0.09495519427956355,0.42332617522385985,1.6687635251304183,-0.0004084113935175735,-0.0011313074192619392,0.000535288821925403,-1.5739036923004066,-0.02681434766293256,1.5677304594713262,0.10289999842643738,0.40549999475479126,1.6497999429702759,-1.5707963267948966,0.0,1.5707963267948966,0.042121009129432334,-0.10226749193336857,1.7803838653723063
0.09497586572356119,0.4232505139626913,1.6686590351325021,-0.0007815326214083867,-0.0010181077297599444,0.0002732821586831689,-1.5739059630316838,-0.026732896794672723,1.5678094674982215,0.10289999842643738,0.40549999475479126,1.6497999429702759,-1.5707963267948966,0.0,1.5707963267948966,0.04219274011958045,-0.1023721115220939,1.7801922495516387
0.09498939659785655,0.42319356733095914,1.6685788719206822,-0.0011204376480787493,-0.000894735269717161,0.0002753508883225013,-1.5739220328798798,-0.026659296778523522,1.5678512639692914,0.10289999842643738,0.40549999475479126,1.6497999429702759,-1.5707963267948966,0.0,1.5707963267948966,0.042246966812127154,-0.1024504529696236,1.7800494175939474
0.09500216684829388,0.4231377668987251,1.6684951720790933,-0.0012174694272502526,-0.0008007583647383253,0.00033050970396323015,-1.5739209079271559,-0.026561671823235322,1.5678735076176868,0.10289999842643738,0.40549999475479126,1.6497999429702759,-1.5707963267948966,0.0,1.5707963267948966,0.042301142700412166,-0.10252897129337284,1.7799063015195957
0.0950179241887571,0.42307325964961506,1.6683887773228874,-0.0015242955037493811,-0.0007698485407673765,0.00037813567065329455,-1.573902863940411,-0.026424508975579464,1.567863604133903,0.10289999842643738,0.40549999475479126,1.6497999429702759,-1.5707963267948966,0.0,1.5707963267948966,0.04236712990101868,-0.10262546735391577,1.7797296638481228
0.09503156593812032,0.42302239662467855,1.668301961012861,-0.001729074071182629,-0.0007823745658678908,0.00043585440069420346,-1.5738932252836828,-0.026323537408375675,1.567833784377303,0.10289999842643738,0.40549999475479126,1.6497999429702759,-1.5707963267948966,0.0,1.5707963267948966,0.04242089189309675,-0.10270468868367606,1.7795824898890003
0.09505409920228705,0.42295285543582284,1.6681858215816598,-0.0013317002013791652,-0.0008088531941765581,0.0005318248116427905,-1.5738944732567148,-0.02619355715524785,1.5677875343582346,0.10289999842643738,0.40549999475479126,1.6497999429702759,-1.5707963267948966,0.0,1.5707963267948966,0.04249199043206663,-0.10281042733811521,1.7793828389136506
0.09507802383150732,0.42289372953228005,1.6680866652095456,-0.0007694397349466004,-0.0008427079073580415,0.00048157556469520307,-1.5739083962296956,-0.026088177309891325,1.5677517618488312,0.10289999842643738,0.40549999475479126,1.6497999429702759,-1.5707963267948966,0.0,1.5707963267948966,0.04255090678100092,-0.10289881887837934,1.7792141993248956
0.09509775154976409,0.4228454349655547,1.6680079092567945,-0.0004902869466209512,-0.0009202437588354555,0.00017300236565275006,-1.5739319952533715,-0.026014080976916265,1.5677308611944567,0.10289999842643738,0.40549999475479126,1.6497999429702759,-1.5707963267948966,0.0,1.5707963267948966,0.042598321594325736,-0.10296962445317294,1.7790774297345462
0.09511577426049206,0.4227669410609838,1.6678808650458574,4.2239870990101366e-05,-0.0011230888698200532,-0.00038043237567156996,-1.5739939951184083,-0.025862173756461715,1.567718946898895,0.10289999842643738,0.40549999475479126,1.6497999429702759,-1.5707963267948966,0.0,1.5707963267948966,0.04267826941890523,-0.10308490214334991,1.7788564657743695
0.09511914036293416,0.4227067227917076,1.6677819823821092,0.00012666068034865554,-0.0012069433932584115,-0.00038846825027086674,-1.57404431812165,-0.025713944902899577,1.5677283723146345,0.10289999842643738,0.40549999475479126,1.6497999429702759,-1.5707963267948966,0.0,1.5707963267948966,0.0427417946527326,-0.10317366756689114,1.778690861603148
0.09511973191665794,0.42264151700922764,1.6676770047949925,-0.00022833901171205657,-0.0012020221150959665,-0.0001863798201264945,-1.5741170228216415,-0.02554526434454285,1.5677551000787238,0.10289999842643738,0.40549999475479126,1.6497999429702759,-1.5707963267948966,0.0,1.5707963267948966,0.04281226501691006,-0.1032713047858308,1.7785109035257465
0.09511882271003953,0.4225957599593734,1.667601092098621,-0.00023145364158280995,-0.0011949750849431428,-0.00010422761528459177,-1.5741731833082278,-0.025418633118498235,1.5677739020822998,0.10289999842643738,0.40549999475479126,1.6497999429702759,-1.5707963267948966,0.0,1.5707963267948966,0.04286376663864017,-0.10334246572131589,1.7783811178820754
0.09511570849929513,0.42254558687333843,1.667513113353784,1.3071512359439302e-05,-0.0011363901447616982,3.745626196721678e-05,-1.57422332283476,-0.02526494781617128,1.5677853559907482,0.10289999842643738,0.40549999475479126,1.6497999429702759,-1.5707963267948966,0.0,1.5707963267948966,0.04292184624680436,-0.10342274260732498,1.7782357508588267
0.0951138869839787,0.4224972815896538,1.6674208323206157,0.000280518634732359,-0.0010702083192010274,0.00020064784985486802,-1.5742684296056022,-0.025125691940677708,1.5677720013683814,0.10289999842643738,0.40549999475479126,1.6497999429702759,-1.5707963267948966,0.0,1.5707963267948966,0.04297952849280453,-0.10350330753396238,1.7780911055478144
0.09511272386757931,0.4224407887060674,1.6673033215104283,0.00039831716527351593,-0.0010748154021991978,0.0001971527016648579,-1.5743382211844663,-0.02496889745995645,1.567722909391116,0.10289999842643738,0.40549999475479126,1.6497999429702759,-1.5707963267948966,0.0,1.5707963267948966,0.04304986165152261,-0.10360212941540786,1.7779151586955138
0.0951134713226452,0.42239251429721125,1.6671930612620123,0.00028172636631134236,-0.0010178132746521433,0.0003073330832898262,-1.5744050699603742,-0.024825184030444092,1.567649276554966,0.10289999842643738,0.40549999475479126,1.6497999429702759,-1.5707963267948966,0.0,1.5707963267948966,0.04311380906452894,-0.10369244841906686,1.7777540092410173
0.09512126002706245,0.4223457521054206,1.6670812175558034,0.0002842217972168991,-0.0008309764917056361,0.0005966821383678979,-1.5744788361053825,-0.024689049040179878,1.5675618490290057,0.10289999842643738,0.40549999475479126,1.6497999429702759,-1.5707963267948966,0.0,1.5707963267948966,0.043176758616505814,-0.10378298552385423,1.7775917212636474
0.09513789353801885,0.4223033420677059,1.6669747992842225,0.0006758040794465532,-0.0006648318925579025,0.0007422612135034527,-1.5745680135058129,-0.024594167500100017,1.567475569137439,0.10289999842643738,0.40549999475479126,1.6497999429702759,-1.5707963267948966,0.0,1.5707963267948966,0.04323203780076152,-0.10386444374751774,1.7774474965944602
0.09516387935685501,0.422253053388869,1.66685000654364,0.0008298781310730376,-0.0005652780047039433,0.0006361312566527701,-1.5746845269902807,-0.024498769009545285,1.5673958201155889,0.10289999842643738,0.40549999475479126,1.6497999429702759,-1.5707963267948966,0.0,1.5707963267948966,0.04329262824373949,-0.1039546022106132,1.7772898841848
0.09519563533266115,0.42219740073106704,1.6667242136797042,5.939385735691196e-05,-0.00041170274934276303,0.0006905252532901915,-1.5748108606721278,-0.02440018890988993,1.5673371919375718,0.10289999842643738,0.40549999475479126,1.6497999429702759,-1.5707963267948966,0.0,1.5707963267948966,0.043352653819085187,-0.10404406771541708,1.7771324088649947
0.09524033615208968,0.42213527823214714,1.6666044313767234,-0.000761975901003876,-0.00018197792327296505,0.0008728637744796355,-1.5749586449151094,-0.024316418925491856,1.5672974741300418,0.10289999842643738,0.40549999475479126,1.6497999429702759,-1.5707963267948966,0.0,1.5707963267948966,0.043410843863384216,-0.10413255457292885,1.7769743697165574
0.09528953391161198,0.42207522679804615,1.6664957531407492,-0.0008147420750204411,-1.599589555915546e-05,0.0007241664006775783,-1.5751038613189097,-0.024244379049811915,1.5672675602438741,0.10289999842643738,0.40549999475479126,1.6497999429702759,-1.5707963267948966,0.0,1.5707963267948966,0.043461890250573405,-0.10421167715286292,1.7768332505214248
0.0953441867807656,0.42200212173980856,1.666375863830748,-0.000985003458342069,0.0001045754003083906,0.00030075511667068097,-1.575263463417267,-0.0241458115804547,1.5672512630065878,0.10289999842643738,0.40549999475479126,1.6497999429702759,-1.5707963267948966,0.0,1.5707963267948966,0.04351848930604907,-0.10429890492310433,1.7766774378334986
0.0953954273185393,0.4219214843754552,1.666262483047001,-0.00143312651469786,0.0002016949841355032,8.400605548086263e-05,-1.575425593153759,-0.024046038480721066,1.5672597792601128,0.10289999842643738,0.40549999475479126,1.6497999429702759,-1.5707963267948966,0.0,1.5707963267948966,0.04357554521844651,-0.10438518276508485,1.776523589188958
0.09545393408878461,0.4218266876361215,1.6661469774190363,-0.0015507676602653198,0.0003057552363778303,0.00016257256635855846,-1.5755863846385167,-0.02395030594304215,1.567293605677058,0.10289999842643738,0.40549999475479126,1.6497999429702759,-1.5707963267948966,0.0,1.5707963267948966,0.04363776321037096,-0.10447939469588605,1.7763561001083994
0.09550455453770972,0.42174698625246115,1.6660571712236953,-0.0011544495758882035,0.0002996339744855616,0.00018352248369084856,-1.5756925203151801,-0.02386289732850777,1.5673254387964386,0.10289999842643738,0.40549999475479126,1.6497999429702759,-1.5707963267948966,0.0,1.5707963267948966,0.043688006125516626,-0.10455651878693897,1.7762188351065642
0.0955640806832376,0.42165834439013106,1.6659583603331027,-0.00020976663341953854,0.00018881119272088915,9.701147749080251e-05,-1.5758160653190196,-0.023781845627313558,1.5673531769885802,0.10289999842643738,0.40549999475479126,1.6497999429702759,-1.5707963267948966,0.0,1.5707963267948966,0.04374325572002126,-0.10464261500854238,1.7760649591096833
0.09562290631270155,0.4215704128775244,1.6658590449782396,0.0004723483312535766,4.129757828913738e-05,-9.548517060511434e-05,-1.5759648611778345,-0.023713132913019574,1.567373088623349,0.10289999842643738,0.40549999475479126,1.6497999429702759,-1.5707963267948966,0.0,1.5707963267948966,0.04379855272627369,-0.10472922380893143,1.775909550888785
0.09569569434230465,0.42145423289264755,1.6657396018010662,0.00045722148804145605,-3.713369630097172e-05,-0.00024031086073081508,-1.5761576602238425,-0.02358892910009125,1.567435306015664,0.10289999842643738,0.40549999475479126,1.6497999429702759,-1.5707963267948966,0.0,1.5707963267948966,0.04387063804953712,-0.104842017159516,1.7757043087238487
0.09574872922830233,0.4213607561308056,1.6656538065039614,0.0008488876172573613,-4.620738667679499e-05,-0.00024117047226860134,-1.5763101063057325,-0.023485141217294725,1.5675172001839324,0.10289999842643738,0.40549999475479126,1.6497999429702759,-1.5707963267948966,0.0,1.5707963267948966,0.04392627147130669,-0.10492849132030685,1.7755438050209
0.09579723527063944,0.4212711497236923,1.6655742897633299,0.0016403858716051074,-8.05762518985001e-06,-0.00011449316193983673,-1.5764683961994863,-0.02340465639978584,1.5676105539356737,0.10289999842643738,0.40549999475479126,1.6497999429702759,-1.5707963267948966,0.0,1.5707963267948966,0.04397605863364981,-0.10500588574322343,1.7753986289712447
0.09585507061030935,0.4211664755240426,1.6654799282580093,0.0022630488404332245,7.754031149479652e-05,1.4594197501308191e-05,-1.5766545784491424,-0.023306724808871415,1.5677268573504612,0.10289999842643738,0.40549999475479126,1.6497999429702759,-1.5707963267948966,0.0,1.5707963267948966,0.0440306310817842,-0.10509156642964958,1.7752375210707747
0.09591643116738262,0.4210578975130399,1.6653823417699407,0.0021852422391611436,0.000192597410593156,7.992171871390933e-05,-1.5768511371965528,-0.02320419896537773,1.5678536811086141,0.10289999842643738,0.40549999475479126,1.6497999429702759,-1.5707963267948966,0.0,1.5707963267948966,0.04408452857129646,-0.10517689117503382,1.7750762011798706
0.09597630225009197,0.4209586911309215,1.6652946865690852,0.001694257703753866,0.00035124787915150724,0.00021206945078609357,-1.577044759511212,-0.02313220296564822,1.567982454009496,0.10289999842643738,0.40549999475479126,1.6497999429702759,-1.5707963267948966,0.0,1.5707963267948966,0.04413206244913934,-0.10525341552951648,1.774929889005394
0.09604050201411013,0.4208603898475525,1.6652102280982828,0.000795039050557433,0.0005393830562681538,0.00027403606164659285,-1.5772343511844693,-0.023060685443303086,1.5681232492704267,0.10289999842643738,0.40549999475479126,1.6497999429702759,-1.5707963267948966,0.0,1.5707963267948966,0.04417842816187228,-0.10532994371367656,1.7747823746952007
0.09612380794396527,0.4207430774558261,1.6651163966233624,-0.00047834613980329247,0.0007128500109450195,0.00016151990515923473,-1.5774659584072226,-0.022963675742235345,1.568312416717542,0.10289999842643738,0.40549999475479126,1.6497999429702759,-1.5707963267948966,0.0,1.5707963267948966,0.04423382609216782,-0.105423678201275,1.7745991239494538
0.09620012374412658,0.4206385019779688,1.665039333295625,-0.001026135659941271,0.000780174421187117,-7.975785551353862e-05,-1.577691658883425,-0.02288841856998669,1.5685066443404512,0.10289999842643738,0.40549999475479126,1.6497999429702759,-1.5707963267948966,0.0,1.5707963267948966,0.04428385838923432,-0.10550898058268597,1.7744297299868053
0.09627462523347856,0.4205320420925071,1.6649650952090818,-0.0008390665011370165,0.0008018998486636717,-0.0003193990916217916,-1.5779174729843737,-0.022827270306521097,1.5687292369903727,0.10289999842643738,0.40549999475479126,1.6497999429702759,-1.5707963267948966,0.0,1.5707963267948966,0.044333936375278736,-0.10559413177849913,1.774260063000375
0.09634137553041672,0.4204225605830863,1.6648917866322492,-0.00046331195043221546,0.0006917646930747071,-0.000816867508916872,-1.578121347245317,-0.022758480553631166,1.5689756632937892,0.10289999842643738,0.40549999475479126,1.6497999429702759,-1.5707963267948966,0.0,1.5707963267948966,0.04438491288516535,-0.10567912745979799,1.7740914669790657
0.0963975164955664,0.42030310192917386,1.6648120781309588,-0.00023872374121212725,0.0005424070009854489,-0.0011167056220361639,-1.5783294149570815,-0.022690853461242444,1.5692525805014543,0.10289999842643738,0.40549999475479126,1.6497999429702759,-1.5707963267948966,0.0,1.5707963267948966,0.044443573048791485,-0.10577276712579835,1.7739107824616178
0.09643254574876466,0.42021544954962176,1.6647590416727183,-0.00042642588614932327,0.0005017009042116243,-0.00100161881924791,-1.5784709951041158,-0.022646364015344922,1.5694685519398528,0.10289999842643738,0.40549999475479126,1.6497999429702759,-1.5707963267948966,0.0,1.5707963267948966,0.044492352779869494,-0.10584925479565935,1.7737670947456712
0.09647611414605417,0.4200895232703904,1.6646974395038674,-0.0005461331533305744,0.00042432081240077773,-0.0007082648071766994,-1.5786321189596155,-0.022562864106175695,1.5697916272328971,0.10289999842643738,0.40549999475479126,1.6497999429702759,-1.5707963267948966,0.0,1.5707963267948966,0.04454686106250552,-0.1059338426726772,1.7736086251682093
0.09652376946866,0.419960331271684,1.6646404343228605,0.00020914644115046504,0.0003890816684796439,-0.0003163315911264175,-1.578806128489531,-0.022488765131874366,1.5701009931293997,0.10289999842643738,0.40549999475479126,1.6497999429702759,-1.5707963267948966,0.0,1.5707963267948966,0.04460602305601623,-0.10602691025354165,1.773436564613638
0.09656699320399909,0.4198542156294022,1.6645922869730216,0.0009111596157504461,0.0003686294841487713,-0.00021563250797889134,-1.5789626190968695,-0.022442009756916015,1.5703342228948223,0.10289999842643738,0.40549999475479126,1.6497999429702759,-1.5707963267948966,0.0,1.5707963267948966,0.04465358339175465,-0.1061033236441929,1.77329947021672
0.09661319108945064,0.41974028918380857,1.6645391665393978,0.0010696851179392108,0.00037355373469060327,-0.00032452130529763427,-1.5791102222477933,-0.02237114434672094,1.5705798592945792,0.10289999842643738,0.40549999475479126,1.6497999429702759,-1.5707963267948966,0.0,1.5707963267948966,0.04470613917697415,-0.10618897002449304,1.7731498587703853
0.09665713751355158,0.4196354822672717,1.6644895273338776,0.0005052523864993878,0.00038902582897819434,-0.0004359472874676251,-1.5792429640246641,-0.02230303361425534,1.5708077674770276,0.10289999842643738,0.40549999475479126,1.6497999429702759,-1.5707963267948966,0.0,1.5707963267948966,0.04475853156256676,-0.10627571842390285,1.7730004218095223
0.09670061006073948,0.4195297486744353,1.6644448765672581,-0.0005282463037228077,0.0003765719883877626,-0.00061226631850829,-1.5793675620370804,-0.022229939885081595,1.5710528675703057,0.10289999842643738,0.40549999475479126,1.6497999429702759,-1.5707963267948966,0.0,1.5707963267948966,0.044816400628367274,-0.10637210902453381,1.7728338064702915
0.09673096635807908,0.419450406471354,1.664413308632869,-0.0007730681512870661,0.0003772406509983244,-0.0005295712533251803,-1.5794329211318028,-0.022141713295420917,1.5712488550324044,0.10289999842643738,0.40549999475479126,1.6497999429702759,-1.5707963267948966,0.0,1.5707963267948966,0.044869258809340964,-0.10646064825205091,1.7726811249491046
0.09676831768315221,0.4193680840526435,1.6643706422917215,-7.81550148741085e-05,0.00046557711269622557,-0.00021273818741317688,-1.5794815801593194,-0.022066637724776683,1.5714471371125567,0.10289999842643738,0.40549999475479126,1.6497999429702759,-1.5707963267948966,0.0,1.5707963267948966,0.044915664133387156,-0.10654099653571536,1.7725464413763865
0.09680796539230545,0.419287157407015,1.6643228622586772,9.095185730051929e-05,0.0005206900371904878,-0.00029270808078802745,-1.5795235359497124,-0.022026391186686034,1.5716361282884115,0.10289999842643738,0.40549999475479126,1.6497999429702759,-1.5707963267948966,0.0,1.5707963267948966,0.0449715593376046,-0.10663933551491903,1.772386200722175
0.09684920388521298,0.4192007517491779,1.664266372607073,0.00010380653218713112,0.0006460270284843121,-0.00045415130524765384,-1.57953684022484,-0.021985951200536036,1.5718276099430004,0.10289999842643738,0.40549999475479126,1.6497999429702759,-1.5707963267948966,0.0,1.5707963267948966,0.045022491248467626,-0.10672904927953095,1.7722427102293425
0.09688146131334742,0.4191347809949406,1.6642166779160634,2.4878528882192725e-05,0.0007880328146168043,-0.0005241699456345927,-1.5795226568813874,-0.0219463284805812,1.571956839068057,0.10289999842643738,0.40549999475479126,1.6497999429702759,-1.5707963267948966,0.0,1.5707963267948966,0.045068335337294076,-0.10681033036017455,1.7721143567797843
0.09691223782901548,0.41907250449848577,1.6641638878685703,-0.0002619300906484688,0.0008852734683078764,-0.0006609901167410803,-1.5795138459947415,-0.021910501615045153,1.5720553323111208,0.10289999842643738,0.40549999475479126,1.6497999429702759,-1.5707963267948966,0.0,1.5707963267948966,0.04511952848045325,-0.10690108240495158,1.7719712981755027
0.09694046126494565,0.41900328326008174,1.6641061854806742,-0.0008491464359497299,0.0008695093419764138,-0.0009378333027825281,-1.5794973060976125,-0.021853451905673893,1.5721540882396863,0.10289999842643738,0.40549999475479126,1.6497999429702759,-1.5707963267948966,0.0,1.5707963267948966,0.045166395527877094,-0.10698266290300243,1.7718416967196384
0.09695815756143858,0.41893185097731483,1.664050405672561,-0.0013927111860218581,0.0007052635572598847,-0.0012374305060059744,-1.5794649853106624,-0.02177206443437818,1.5722580841412173,0.10289999842643738,0.40549999475479126,1.6497999429702759,-1.5707963267948966,0.0,1.5707963267948966,0.045220195232015085,-0.10707293676064267,1.771698332687248
0.09696737995894857,0.4188422737001738,1.663992351698554,-0.0023665266968777477,0.0005094606026935569,-0.0011042875592900986,-1.57944820605452,-0.021689609037749413,1.5723996052644822,0.10289999842643738,0.40549999475479126,1.6497999429702759,-1.5707963267948966,0.0,1.5707963267948966,0.04528706804676027,-0.10718050519557298,1.7715277313994822
0.09697315420012267,0.4187710237715919,1.6639582553303616,-0.002756609670026686,0.0003927348670852542,-0.000876854926773169,-1.5794635913771382,-0.021634760007136045,1.5725312445188457,0.10289999842643738,0.40549999475479126,1.6497999429702759,-1.5707963267948966,0.0,1.5707963267948966,0.04533756629444888,-0.1072606122011855,1.771400670371547
0.09697740233357457,0.4186897513606622,1.6639276844963335,-0.0022797161223018793,0.0002635019332735809,-0.0007010964122971513,-1.57949660849487,-0.021560587460792036,1.5727064898038008,0.10289999842643738,0.40549999475479126,1.6497999429702759,-1.5707963267948966,0.0,1.5707963267948966,0.04539389832267504,-0.10734950623484375,1.771260732751153
0.09698247323227,0.41861330515668826,1.6638963035182772,-0.001158825672641623,0.00021845755177922477,-0.0005395841594846662,-1.5795617113826421,-0.021505453781997197,1.5728842010895434,0.10289999842643738,0.40549999475479126,1.6497999429702759,-1.5707963267948966,0.0,1.5707963267948966,0.04544997081781156,-0.10743926153752835,1.771122433932315
0.09698767265567833,0.4185413063608445,1.6638642334594456,-0.00014472935148401972,0.00020756371587704494,-0.0004497172621695834,-1.5796390522936796,-0.02146313932305688,1.5730728409676749,0.10289999842643738,0.40549999475479126,1.6497999429702759,-1.5707963267948966,0.0,1.5707963267948966,0.04550595192525751,-0.10752987382983502,1.7709849414718215
0.09699448118068367,0.4184727865954319,1.6638298761384687,0.0006195852894183884,0.00024316019974181147,-0.0002904786011050397,-1.5797053638778076,-0.02142309223515859,1.5732722939800823,0.10289999842643738,0.40549999475479126,1.6497999429702759,-1.5707963267948966,0.0,1.5707963267948966,0.04556165448308247,-0.1076212419909159,1.770847243281688
0.09700552072073872,0.4184076653436653,1.6637945530520608,0.0010507446349867103,0.0003213373852563618,-0.00015614863897858944,-1.579781513481148,-0.021401887265506403,1.573486037122622,0.10289999842643738,0.40549999475479126,1.6497999429702759,-1.5707963267948966,0.0,1.5707963267948966,0.045616601176366574,-0.10771311955229412,1.770709180291602
0.09702004405005817,0.4183421160294321,1.6637566111635758,0.0011972097462985068,0.00046551277073169874,8.792484831427733e-06,-1.579872810697963,-0.02139583489033381,1.5737207044805237,0.10289999842643738,0.40549999475479126,1.6497999429702759,-1.5707963267948966,0.0,1.5707963267948966,0.04567082728719008,-0.1078049685332939,1.7705711046260542
0.09704498687925298,0.41826487792572964,1.6637167417721368,0.0007650309952725062,0.0007062284631447854,0.00020471964767164425,-1.579978382970116,-0.021391008904576125,1.5740093488277849,0.10289999842643738,0.40549999475479126,1.6497999429702759,-1.5707963267948966,0.0,1.5707963267948966,0.045728951013297575,-0.10790536998280033,1.7704182337415988
0.09707774958764563,0.4181841837018539,1.6636772124611106,0.00018554376609319594,0.0008587285361235104,-2.5045317228979503e-05,-1.5800996718507154,-0.021402302259520223,1.5743019298662837,0.10289999842643738,0.40549999475479126,1.6497999429702759,-1.5707963267948966,0.0,1.5707963267948966,0.04578598833985489,-0.10800517132151102,1.7702649029719546
0.09710164198343421,0.4181098370293446,1.6636418520403475,-0.00023802417349948204,0.0008832200241251381,-0.000435808765236759,-1.5801988698435874,-0.021415594680508576,1.574555988788068,0.10289999842643738,0.40549999475479126,1.6497999429702759,-1.5707963267948966,0.0,1.5707963267948966,0.045838715857149985,-0.10809550623982482,1.7701263884590592
0.09711779930494735,0.4180445913195657,1.663608570120829,-0.0004201280586691876,0.0008958107045804641,-0.0005052553143933174,-1.5802724305057616,-0.021417634472841396,1.5747728614282401,0.10289999842643738,0.40549999475479126,1.6497999429702759,-1.5707963267948966,0.0,1.5707963267948966,0.04589228357588816,-0.10818585234149779,1.7699915917027065
0.09713559069840985,0.4179833170004452,1.6635713466556445,-0.0005430166418898117,0.0009374499415712233,-0.0002580803137463383,-1.58035366951938,-0.02142783163539974,1.5749642035527933,0.10289999842643738,0.40549999475479126,1.6497999429702759,-1.5707963267948966,0.0,1.5707963267948966,0.045934835853883985,-0.10825841455462952,1.7698861965197799
0.09715952764205918,0.4179240665938393,1.6635261202950065,-0.0011145449594716767,0.0009245549555888987,-0.00014022671516602576,-1.5804626933295278,-0.02145591565062066,1.5751288001387664,0.10289999842643738,0.40549999475479126,1.6497999429702759,-1.5707963267948966,0.0,1.5707963267948966,0.04598739332687618,-0.10834987501537821,1.76975665646109
0.09718739788440911,0.41786865038512466,1.663481623407384,-0.001982528702356398,0.0008712016148337986,-9.942977359742592e-05,-1.5805801273327555,-0.02148008454022765,1.5752663065699848,0.10289999842643738,0.40549999475479126,1.6497999429702759,-1.5707963267948966,0.0,1.5707963267948966,0.04603954349491666,-0.10844154831018112,1.7696269985307183
0.09721660814324726,0.4178111747987353,1.6634418960092192,-0.002677161938444163,0.0008001453841214105,-0.00013139915492373384,-1.5806964967418435,-0.02149239639846723,1.5754021385024584,0.10289999842643738,0.40549999475479126,1.6497999429702759,-1.5707963267948966,0.0,1.5707963267948966,0.046091395719543,-0.10853278164709888,1.7694948192794453
0.09723957602934148,0.417763735757845,1.6634115220299244,-0.002742293691524643,0.000690966069671475,-0.00020072238260491668,-1.5807938715122907,-0.02150256880421697,1.5755046517740263,0.10289999842643738,0.40549999475479126,1.6497999429702759,-1.5707963267948966,0.0,1.5707963267948966,0.04613283962181267,-0.1086055163217876,1.7693869444363237
0.097275190767343,0.41767358191171267,1.6633564574491722,-0.002132140656189982,0.00048341611732881205,-0.0004612213677211806,-1.58095189310115,-0.021503941746472854,1.5756922433942488,0.10289999842643738,0.40549999475479126,1.6497999429702759,-1.5707963267948966,0.0,1.5707963267948966,0.046205988619111495,-0.10873207093375423,1.7691946751276832
0.09729075346198841,0.41760882594092374,1.6633186161105893,-0.0016999160341391191,0.00041106781653554793,-0.0005904448087274852,-1.581021817365434,-0.021485522749316033,1.5758284815065609,0.10289999842643738,0.40549999475479126,1.6497999429702759,-1.5707963267948966,0.0,1.5707963267948966,0.04625928167843903,-0.10882162195982857,1.7690563945880593
0.09730232235856542,0.41753669493018436,1.6632738766429183,-0.0015508136165922623,0.00043237992249737405,-0.0005206189153056892,-1.5810885264414005,-0.021451773443029065,1.5759767703860486,0.10289999842643738,0.40549999475479126,1.6497999429702759,-1.5707963267948966,0.0,1.5707963267948966,0.046307639688138405,-0.10890210452491762,1.7689316010837874
0.0973133666450816,0.4174639882713025,1.6632285115904781,-0.0016469082711159098,0.0005016009854947182,-0.00029614076742119,-1.581136863441001,-0.021388145213532717,1.576123825536822,0.10289999842643738,0.40549999475479126,1.6497999429702759,-1.5707963267948966,0.0,1.5707963267948966,0.04636097056795491,-0.10899134401795244,1.7687919940452874
0.09732843024002999,0.4173817498804808,1.6631804744897014,-0.001647146047585866,0.0005662280143678332,-5.334469641765785e-05,-1.5811664347089847,-0.021283345732012293,1.5762863361105939,0.10289999842643738,0.40549999475479126,1.6497999429702759,-1.5707963267948966,0.0,1.5707963267948966,0.046418914481436625,-0.1090891043358969,1.768637746874175
0.09734909317529242,0.4173036545364941,1.6631330643132247,-0.001040470299074541,0.0006317643859224023,0.00017137442724368768,-1.5811908731060946,-0.02120702785285733,1.5764293733237056,0.10289999842643738,0.40549999475479126,1.6497999429702759,-1.5707963267948966,0.0,1.5707963267948966,0.046470432018121906,-0.10917747120182913,1.7684985386026497
0.09737523863608961,0.417222582905032,1.6630794464495704,-0.0003284070717911545,0.0006328381825984868,0.00011659845198368385,-1.581200250810643,-0.021146598151567275,1.576579841011108,0.10289999842643738,0.40549999475479126,1.6497999429702759,-1.5707963267948966,0.0,1.5707963267948966,0.04652088398493981,-0.1092654177788103,1.7683615494209388
0.0973987925294957,0.417140355931394,1.6630201516119827,0.00014611392319379535,0.0004870038986007128,-0.00017414761970478232,-1.581165437473835,-0.02107613563743982,1.5767416920385935,0.10289999842643738,0.40549999475479126,1.6497999429702759,-1.5707963267948966,0.0,1.5707963267948966,0.04657168491446942,-0.10935309782414775,1.768227087117388
0.09742456413007185,0.4170525289303558,1.662950879887103,3.842775046905827e-05,0.0003244723670397233,-9.672791832321734e-05,-1.581104941741609,-0.021002265419731714,1.5769207072213147,0.10289999842643738,0.40549999475479126,1.6497999429702759,-1.5707963267948966,0.0,1.5707963267948966,0.04662784527975873,-0.10944947642726974,1.7680820403961042
0.09745443463341968,0.4169743553523732,1.662888752791618,-0.0005104230258662304,0.00024382448850366036,0.00010578334505968852,-1.5810454393796594,-0.020931643567105418,1.5770870716559746,0.10289999842643738,0.40549999475479126,1.6497999429702759,-1.5707963267948966,0.0,1.5707963267948966,0.04667795765089834,-0.10953689753374458,1.7679508464007943
0.0974884641997969,0.41689256945621356,1.6628298309524723,-0.0010327172632351863,0.00014765977417230823,5.05923405552755e-05,-1.5809770163712908,-0.020830999005166273,1.5772673473684136,0.10289999842643738,0.40549999475479126,1.6497999429702759,-1.5707963267948966,0.0,1.5707963267948966,0.0467272895268341,-0.10962357241746368,1.7678198169239683
0.09752167181522862,0.41681116311004257,1.6627729128951854,-0.0012381999187214107,5.629850708736083e-05,-0.00015986709165122004,-1.5809329331557331,-0.02071978097060878,1.577444742746994,0.10289999842643738,0.40549999475479126,1.6497999429702759,-1.5707963267948966,0.0,1.5707963267948966,0.04677667064514755,-0.10970991765937653,1.7676882180918325
0.09754852759806884,0.4167397004976158,1.6627188928172314,-0.0009058829254766231,1.4116177884752548e-06,-0.00027484399320462893,-1.580909116401086,-0.020612715178083718,1.577590899046718,0.10289999842643738,0.40549999475479126,1.6497999429702759,-1.5707963267948966,0.0,1.5707963267948966,0.04682635825360972,-0.10979624798300157,1.7675572931469288
0.09757795549872429,0.4166561407061895,1.6626473179781838,-0.0003719705999344949,-6.211937001233884e-05,-0.00041209054411326377,-1.5808561949179207,-0.020453844431982837,1.5777511030880862,0.10289999842643738,0.40549999475479126,1.6497999429702759,-1.5707963267948966,0.0,1.5707963267948966,0.046876134048707586,-0.10988287379907088,1.7674267984092678
0.09759632338304086,0.4165901501009906,1.66258481794477,-9.331240803601831e-05,-0.0001124244762721944,-0.0005525593900230539,-1.5807984197344456,-0.02030937180571879,1.5778671561730224,0.10289999842643738,0.40549999475479126,1.6497999429702759,-1.5707963267948966,0.0,1.5707963267948966,0.04692172544426876,-0.10996096180776198,1.7673094812014212
0.09761213905078465,0.4165257950948278,1.6625234994701734,-0.0001817987885845157,-0.00012773678661614872,-0.0005806228794042905,-1.5807437876001837,-0.02017647886873508,1.57797986337254,0.10289999842643738,0.40549999475479126,1.6497999429702759,-1.5707963267948966,0.0,1.5707963267948966,0.046967862247565786,-0.11003899385711238,1.7671919026230392
0.0976244982649162,0.41645792795150227,1.6624547806126786,-7.671273387806598e-05,-0.00017581814215743955,-0.0006072801183293072,-1.580681351729564,-0.020005509203765648,1.578100903235759,0.10289999842643738,0.40549999475479126,1.6497999429702759,-1.5707963267948966,0.0,1.5707963267948966,0.04702011559695435,-0.1101258956592893,1.7670605728795006
0.0976365616189602,0.41639683015678264,1.6623802513247032,0.00016836523073391032,-0.00021015882810126264,-0.000325271589658479,-1.5806140077453723,-0.019820823794153064,1.5782013220078699,0.10289999842643738,0.40549999475479126,1.6497999429702759,-1.5707963267948966,0.0,1.5707963267948966,0.04707248116662093,-0.11021333096831552,1.7669297863180522
0.0976565713676431,0.416338496160249,1.6622891683570238,0.00013851729098566392,-0.00024502890921832476,5.942910833650891e-05,-1.5805601155760904,-0.019631312032797776,1.5782658053994232,0.10289999842643738,0.40549999475479126,1.6497999429702759,-1.5707963267948966,0.0,1.5707963267948966,0.047134132565830406,-0.11031888293190081,1.7667755590329512
