time,pos_x,pos_y,pos_z,vel_x,vel_y,vel_z,xdes_x,xdes_y,xdes_z,roll,pitch,yaw
0.146,3.92926943469664e-11,-6.288620952040126e-11,0.4944787129265993,2.7400686711564527e-08,-4.3853507444330325e-08,-0.09017108255161238,-0.0011004,0.0016053723,0.49425554,-0.0002638311364266954,0.02112867768531146,0.024512721628408674
0.148,0.0014390110797861087,-0.002044598077671163,0.5778690270265571,0.03430186216578549,-0.046072930162283185,1.593725962768751,0.0009200664,6.679399e-05,0.5947165,-0.00026606572289766817,0.021378387560516465,0.024639659444233963
0.158,0.0018075780050465925,-0.0025346782563481465,0.5944561029871913,0.0007110959049137169,-0.008525850109748592,1.7027218624288314,0.0025644326,0.0023619737,0.6141083,-0.0002732571694852304,0.02257187439384234,0.0250920033009141
0.169,0.0021714612995477147,-0.003011880863316762,0.6099937534368198,0.04163500343504512,-0.0543355862596332,1.7396819838316337,0.003325108,0.003382855,0.63102305,-0.0002535205499065718,0.023538981001760106,0.024415100049186567
0.177,0.002601327721969181,-0.0035693678574741663,0.6274278241667175,0.04398921113453966,-0.05676654042445138,1.7416625857524686,0.0025139744,0.004905286,0.65113765,-0.00021219350646672908,0.023927683403521804,0.022831516170763955
0.188,0.0030976130975668517,-0.0042054312007729,0.6464570535377511,0.04598699457936941,-0.05859810192935026,1.717128309263834,0.005364053,0.0054053226,0.6704561,-0.0001224197286990858,0.02407914227549668,0.01932437901408246
0.198,0.0035659447025566445,-0.004798068220188487,0.6634408325040003,0.047493024224437595,-0.05974755182749021,1.6817163292735224,0.004019326,0.0049482547,0.68871146,-2.229523349228657e-05,0.023973289380720075,0.015346323974077425
0.209,0.004048349929168917,-0.00540019860383861,0.6800310318219703,0.009704412341845103,-0.040708241389304685,1.6410997622157228,0.00562563,0.0048392103,0.7057504,8.701725081294853e-05,0.02380821226105212,0.010940951038543645
0.218,0.004543696710264855,-0.006008906487609481,0.6961838801132866,0.012174649784889994,-0.04758218033343909,1.5962123666676742,0.005482099,0.005631784,0.7223091,0.0001636280951906599,0.02375967560471226,0.0078453181347089
0.227,0.005000239334323843,-0.006560625428337903,0.7103350991864867,0.051228344517287916,-0.06144436596188243,1.5542527473677152,0.006210529,0.0046171313,0.7382947,0.00022851122295364235,0.02385507295961986,0.0052622289379531395
0.237,0.005519488308145852,-0.007176595744996732,0.7256307136400236,0.05250060279696179,-0.06170719515562108,1.509536181913,0.008012933,0.004535947,0.7559722,0.00026762345872199944,0.024074441397506696,0.003764985084161232
0.247,0.006051771685347985,-0.007794755078597914,0.7404890981723556,0.05383582566958946,-0.06189750440031142,1.4668348160478921,0.010274038,0.004273789,0.7711544,0.00029221491118036624,0.02443515112780048,0.0029011505426885797
0.257,0.006597898544585811,-0.008414619807577234,0.7549360027827368,0.055263561076963424,-0.062057211529114906,1.4270432443940337,0.011241351,0.0069082836,0.7853176,0.0003022757527535447,0.024877301424141685,0.0026344839252003815
0.285,0.0072158141382494085,-0.009098283115524847,0.7703885324121362,0.021813754844329885,-0.05853355702177153,1.3879076717826198,0.011861126,0.006769741,0.80419815,0.0003062777432782937,0.026225425932294044,0.0028008737173230713
0.289,0.008329093686652352,-0.01028392998436307,0.7960939804248562,0.060111337944321885,-0.0625620291540392,1.32332892135978,0.014716297,0.005783801,0.83159214,0.00030815657051341816,0.026401594405622397,0.002768795071802277
0.29,0.008571270371278137,-0.010534358259293303,0.8013552548147861,0.06080487452623307,-0.06263404158613274,1.3105284183980275,0.014691084,0.008548704,0.83817255,0.0003087355343405207,0.02644426651948173,0.0027565418061934466
0.299,0.008939804173092706,-0.010910538223826096,0.8091526834719485,0.061868535277792305,-0.06274126202493949,1.291889608942166,0.0146528315,0.009590579,0.8484581,0.00031558640626805357,0.026805020987561434,0.0025836572892976584
0.307,0.009568630432904644,-0.011538914662610656,0.8219117707583399,0.06372720872029326,-0.06291501227852399,1.263241540320108,0.016212407,0.010253083,0.8629976,0.00032317835571049613,0.027099909535161615,0.002373254441409678
0.317,0.010216553029042424,-0.012168961676899329,0.8343980327666269,0.06567614200027833,-0.06307583246524259,1.2369883539484436,0.0174103,0.012641766,0.8767878,0.00033288847836665525,0.02744845148536923,0.0021012680264425043
0.327,0.010884407821547162,-0.01280053431262125,0.8466329476965226,0.06770432491220041,-0.06322174111277343,1.2127201990666956,0.018284969,0.01488655,0.8900844,0.0003413536536287509,0.02778587660937548,0.0018726449010020296
0.339,0.011642967631667608,-0.01349686121744844,0.8598228614314056,0.0700193907972306,-0.06336770134948196,1.188022058239869,0.019234497,0.013378181,0.9055828,0.00034943314319235697,0.02818197899404362,0.0016688920685394848
0.347,0.012355060075055666,-0.01413121799511237,0.8715867310528097,0.07219200956989574,-0.06348993088113293,1.1670636167964423,0.020136707,0.01447325,0.917817,0.0003540615779904499,0.0284376463087872,0.0015570298456308862
0.358,0.01301479322168634,-0.014703145965972143,0.8820008762666255,0.07420028211108971,-0.06359270782991011,1.1493320692257816,0.020564046,0.014383061,0.9311333,0.00035965544308425024,0.028770199725419943,0.0014262631077373022
0.368,0.013846039380643963,-0.015403378741577291,0.8945200384200638,0.04393233806888671,-0.06220785288318783,1.130787049735576,0.022394309,0.015274528,0.94478804,0.00036408708111501653,0.029046527597091032,0.0013260433069510746
0.378,0.014626055574285021,-0.016041037376025274,0.9057128412983402,0.07905989644975747,-0.06381044103584424,1.1115217615283972,0.02381723,0.015786733,0.9564841,0.0003680372424383904,0.02929230194839061,0.0012385235965153285
0.388,0.015348307869053954,-0.01661576055918145,0.9156415551287846,0.08120748517455506,-0.06389558576366391,1.0966200841770914,0.025798075,0.017251872,0.9665203,0.00037172646513816687,0.029507087483009897,0.0011561002970932321
0.399,0.01617368487694236,-0.017255211018239455,0.9265201804313201,0.08363130858680523,-0.06398458604295418,1.0807944044530444,0.026687067,0.016805205,0.97817343,0.00037582879629383115,0.029710034614439884,0.0010597077141500932
0.407,0.017023485636869576,-0.017895515538875452,0.9372440097150869,0.08608768524429558,-0.06406683863864093,1.0655684650281256,0.029819934,0.017805036,0.99132645,0.00037915030050506004,0.029837693300096113,0.0009755897270697922
0.417,0.017898015579382514,-0.01853659759470382,0.9478187284981661,0.08857527389359228,-0.06414066196643031,1.0509629690686193,0.030385735,0.019007506,1.0021106,0.00038377197002326113,0.029975092322167995,0.0008517646928059008
0.428,0.018797598867028757,-0.01917836347905033,0.9582512834580745,0.09109428038248908,-0.06420433872861811,1.0370444124653433,0.030049171,0.019202651,1.0137101,0.00038930633615130716,0.030103670094054458,0.0006969028271175404
0.438,0.019722514397020087,-0.019820702606552925,0.968547639360899,0.09363811066340699,-0.06425621518029404,1.0236422177823372,0.034391083,0.018880028,1.0256114,0.0003947713955678722,0.030198493488338585,0.000538498417951061
0.447,0.02076944767137552,-0.020527785841744986,0.9797219176797962,0.06585595463856501,-0.06391905581538493,1.0119027066527204,0.03530223,0.021564953,1.0355052,0.00039998265308316405,0.0302593727355287,0.0003836205563474415
0.459,0.0217482559530214,-0.021170898655903922,0.9897471783677667,0.09904547030557866,-0.06432007685659384,0.9969529270485117,0.037856076,0.021005541,1.0485308,0.000407133128391024,0.030306020882151508,0.00016644970124257696
0.467,0.022651343063520315,-0.02174982254337525,0.9986648211385281,0.10138217469845161,-0.06432675007873745,0.9859970746897316,0.03931853,0.019591844,1.0566546,0.00041220059980418,0.03031746418785808,9.155713496689089e-06
0.478,0.023783746921939113,-0.02245737185101571,1.0094324245323605,0.10425075361875062,-0.06431598088948522,0.9730020313231518,0.041165117,0.01718615,1.0696858,0.000419450204074856,0.030310071227372948,-0.0002198809918825262
0.489,0.02473376261355715,-0.023036101330124625,1.0181372092986283,0.1066027339015945,-0.06429095871311645,0.9625706039470812,0.041573584,0.016311351,1.0793451,0.0004263666661312726,0.030276476428342747,-0.0004419960389636657
0.497,0.025814189696926355,-0.023678780966206125,1.027700477567106,0.10922119463815641,-0.06424669796428614,0.9512492853799491,0.042482655,0.016214145,1.0901083,0.00043064296293771065,0.030234401889786877,-0.000581214350758863
0.508,0.026920815479655875,-0.02432093458244151,1.037151877223295,0.11184235192641638,-0.06418782031425774,0.9401878512274155,0.045408875,0.016704373,1.1010283,0.0004348782469474344,0.03014899579635255,-0.0007216768422804165
0.517,0.028053654165590466,-0.024962438611823894,1.0464940084829961,0.11446271001007609,-0.06411857178299349,0.929349346699358,0.04512029,0.018440103,1.1114513,0.0004369159583372806,0.030052213550419538,-0.0007920574069064656
0.528,0.02921267847570409,-0.025603212311641418,1.0557289444786289,0.11707988065079053,-0.06404291778356819,0.9187432431901176,0.048640326,0.018060435,1.1206517,0.0004383468509345789,0.029901095743787298,-0.0008460144221196231
0.537,0.030397849919460686,-0.02624320461635739,1.0648592785912645,0.11969156492211924,-0.06396285419086988,0.9083817862048081,0.051368557,0.017808767,1.1323386,0.0004394955337634343,0.02975039625731135,-0.0008920164646051276
0.547,0.03173162659711163,-0.02694623912175416,1.074783813564612,0.09593928968205609,-0.06477073322129295,0.9003148882429937,0.05134604,0.018996896,1.1418768,0.0004413929266959826,0.029557462374026677,-0.0009669329250261427
0.557,0.03297136999563168,-0.02758442197421329,1.0836997370705181,0.09900893232899821,-0.06476057873903135,0.8902800027409494,0.052550398,0.020249495,1.1524189,0.000444113024916426,0.029344956584913984,-0.001073086136473833
0.568,0.03423686433630645,-0.028221616360560326,1.0925150779299522,0.10207129141033683,-0.06476855642590548,0.8803087233553362,0.053546764,0.021302532,1.1617872,0.0004481733146777245,0.029089312780652854,-0.0012306387001999042
0.577,0.035397679454482536,-0.02879414567748999,1.100363638308991,0.1299978625113693,-0.0635666609967094,0.8680895200680546,0.056128923,0.02127947,1.1698916,0.00045238585180573665,0.02886027969621363,-0.0013939496226988979
0.588,0.036844363100299364,-0.02949251706580118,1.1098472794104015,0.10817562481355956,-0.06482997986036988,0.8605500274059896,0.057823963,0.02259361,1.1822649,0.00045855900892366463,0.028551575048718192,-0.0016343664480888975
0.599,0.03818592028789464,-0.030125880073120604,1.1183649408504563,0.1112163001316551,-0.06486869125129044,0.8507047013803744,0.059804484,0.023303188,1.1908698,0.00046555075111687216,0.028210920159395414,-0.0019100088015493455
0.608,0.039414596400164946,-0.030694485436158124,1.1259468250176008,0.1375083947931145,-0.06310634908199307,0.8385140429022138,0.062026165,0.023585144,1.2006562,0.00047164146653155825,0.027910620675918096,-0.00215398145356005
0.62,0.04094337669647487,-0.031387360221091176,1.1351060018410972,0.11725298863096278,-0.06491244642761843,0.8311771155709591,0.06396182,0.025284212,1.2097937,0.00048001754167614763,0.027483466764008924,-0.002496425681162151
0.628,0.04221607718231452,-0.03195233378124929,1.1425120816606542,0.14237531474289444,-0.06268289287009098,0.8189911536118046,0.06637079,0.026070375,1.2170365,0.00048562158984566395,0.027183675712953104,-0.0027307310623054804
0.637,0.04365297260511893,-0.03257780803302638,1.1506483457276493,0.14475964600024446,-0.062432665298517126,0.8092353385271294,0.06514761,0.028104711,1.2264067,0.0004919410516688316,0.026833458956708522,-0.0030000963895968624
0.648,0.04511352161048275,-0.03320063434846603,1.158687086716488,0.1471095659821517,-0.06215578637909274,0.7994967938241193,0.066533044,0.030544925,1.235537,0.000499817534548086,0.026388447210106136,-0.0033428703245554914
0.658,0.046747035275173446,-0.03388235766599256,1.1674176530009284,0.12902919861756323,-0.06473045281655634,0.7922580856820659,0.06971413,0.031890232,1.2449552,0.0005073973379134955,0.025963509892589443,-0.0036784703086194526
0.667,0.048104189324371105,-0.03443723034646615,1.1744739118418743,0.15170266045983358,-0.06151572592069854,0.7801696852399232,0.07255043,0.033218212,1.2519201,0.0005148119546021235,0.025560707219195677,-0.00401084659332529
0.679,0.049787719458697775,-0.035111498306099526,1.182992117384787,0.1347417814310704,-0.06454617370774945,0.7729230933140818,0.07489817,0.03445451,1.2623985,0.0005256815582113106,0.02499630939954045,-0.004505527775311435
0.688,0.05118507071466401,-0.03565966476957032,1.1898746404404998,0.15613510904486086,-0.060741990051946415,0.7608378564471677,0.076923996,0.032469425,1.2702171,0.0005344567096194908,0.024557142848295577,-0.004912469224172433
0.699,0.052758286150739755,-0.0362646699333467,1.1974295887807742,0.15828554861568855,-0.06029674379432066,0.7511188007923859,0.07815703,0.033656035,1.2777127,0.0005455249544050744,0.02400673808879894,-0.005437902536739259
0.707,0.0545133696696113,-0.03692474782508937,1.2056281136076723,0.1430178971299478,-0.06411026929279047,0.7437257752962689,0.07946946,0.033807028,1.2862281,0.0005533213711048646,0.023599273114292885,-0.005819371432989051
0.717,0.05613073326549921,-0.03751942592524144,1.2129798478486455,0.14568237373955875,-0.06385733971683837,0.7340078050803124,0.08035658,0.034224607,1.2951117,0.0005622521400585612,0.023082039387811726,-0.006272757919179028
0.728,0.057603743527305976,-0.03804990111499733,1.2195136243640432,0.1644697145882972,-0.05871107901967887,0.7220936324701269,0.08292467,0.035601288,1.3024976,0.0005707026290320272,0.022501348087273776,-0.006724936640265966
0.737,0.059259299544314005,-0.038633719132033326,1.2266810438988252,0.1664367726941667,-0.05810741380119399,0.7123571232917694,0.08236514,0.037809122,1.3125738,0.0005765160631057142,0.022014164476517273,-0.007055129803060112
0.747,0.06093425599497079,-0.03921132517946886,1.2337508374201123,0.1683545711628336,-0.05747236712791598,0.7025754236050552,0.08237957,0.03898508,1.3216218,0.0005820763176966892,0.02145813306234512,-0.007389940599058065
0.757,0.0626281239288219,-0.03978241739209828,1.2407230693676925,0.17022399554351733,-0.056807750547363395,0.6928552504058108,0.0857977,0.03912888,1.3280352,0.0005871683504574676,0.020882909881960288,-0.007712265422325615
0.769,0.0643404108459479,-0.04034670448789806,1.2475984049577982,0.1720428775470786,-0.05611423925880931,0.6831817002658458,0.08762642,0.041205272,1.3363408,0.0005932382652540369,0.020162110695681967,-0.008111058442098695
0.78,0.06607058956957487,-0.04090389689132812,1.2543768033255402,0.17380715094572552,-0.05539163541603259,0.6734557238639485,0.0907598,0.040894743,1.3456776,0.0005989216158930333,0.019475380769329753,-0.008498326878953577
0.788,0.06799378483524493,-0.041508257853164865,1.2617203313150218,0.16297214133138233,-0.06043579660926167,0.6654306891360247,0.093620926,0.04049815,1.3536394,0.0006031273185689301,0.018963967581187013,-0.008794567723686697
0.797,0.06958238476335295,-0.04199578511624365,1.2676407487592667,0.17716708953246277,-0.05385229634958613,0.6539343902306671,0.095296845,0.03906847,1.36074,0.0006077561711412827,0.018382356763361862,-0.009134293864562437
0.807,0.07154180099207312,-0.042582774137392754,1.2747702032335864,0.17891970509835495,-0.05294855808753438,0.6433013949952531,0.09874582,0.039021645,1.3707318,0.0006124164685266109,0.017736861192834574,-0.009500135156911504
0.817,0.07315902875733228,-0.04305548859691969,1.2805166107966621,0.1803032480663082,-0.052180321899617785,0.6346564579014194,0.10280052,0.039833486,1.3758755,0.000616129400873966,0.01709791206818423,-0.009826363118774495
0.828,0.07497027112313948,-0.04357247284450848,1.2868105450929341,0.18178747280615004,-0.05130047967584213,0.6250819878753474,0.10437492,0.041199096,1.3821867,0.0006187864312234836,0.01640873832231371,-0.010113964709722367
0.837,0.07697940065737385,-0.0441308447034369,1.2936229157391355,0.17352412094753103,-0.056727424400924216,0.6167741602796755,0.10616362,0.04114543,1.3875408,0.0006199398551780533,0.015858289033350292,-0.010293852344682719
0.847,0.07863579731321745,-0.0445794952527372,1.2991097303536119,0.1845886947138989,-0.049481845075129975,0.6057707738139159,0.10996926,0.04224044,1.3946967,0.0006204923462345135,0.015258725760502578,-0.010452542700187806
0.859,0.08048898545289258,-0.04506920709095499,1.3051139438683401,0.1859082150960154,-0.04855159050464043,0.5960391585544467,0.11275984,0.043043997,1.4021997,0.0006206406228663752,0.014548138751061757,-0.010615135075475735
0.869,0.08235507531874194,-0.045549554648619074,1.3110204907034877,0.18717430483943548,-0.04761031563220397,0.586234158134037,0.11559379,0.04440017,1.4079502,0.0006206581130836497,0.013959628290533654,-0.010749271536919736
0.88,0.08423353289368908,-0.04602043011576395,1.3168285070743122,0.18838716196822083,-0.04665813714499106,0.576343999326303,0.11723327,0.045007013,1.4147309,0.0006207513713105683,0.013314217739734957,-0.010910383319236772
0.887,0.08612382762982555,-0.04648171928471891,1.3225371643348887,0.1895470021936495,-0.045694081297061435,0.5663652531179517,0.118892044,0.04486968,1.4187081,0.0006208874487807492,0.012904460827038555,-0.011024314676201463
0.897,0.08802543104726421,-0.046933294708696026,1.3281456088724972,0.19065439716509824,-0.04471630417139231,0.556325085072567,0.12026463,0.04730667,1.4221168,0.0006211466801424592,0.012319737925928997,-0.011201367327567269
0.908,0.08993782250981419,-0.04737500880653227,1.3336534635837514,0.19170968754864964,-0.04372332031015778,0.5462399168946827,0.1237559,0.04868849,1.4294275,0.0006213736271600823,0.011675845361046822,-0.01140542020296298
0.917,0.09205328592562409,-0.04784932367399339,1.3395949292478433,0.18677821447105222,-0.04891048361260176,0.5366299718918304,0.12814002,0.05011171,1.4369235,0.0006214794474770358,0.011145669104133837,-0.011577364249070854
0.927,0.09379286637401439,-0.04822824171456962,1.344364160169276,0.193662253641371,-0.04169072495389417,0.5258241190302001,0.13197184,0.05136743,1.4420943,0.0006215177628074997,0.010553767122299273,-0.011774772599849825
0.938,0.09592912361436817,-0.04867997114482662,1.3500812179734611,0.19464833029416057,-0.0405425119352602,0.514673757083874,0.13374098,0.051585212,1.448977,0.0006214498132761648,0.009908543688386118,-0.011999140738195635
0.948,0.09788028520037853,-0.04907956340383783,1.3551724617970442,0.19069053416532192,-0.04573329471834391,0.5058927157773261,0.13701339,0.052543145,1.4544653,0.0006212622325829642,0.009338125537315278,-0.012207298257279398
0.957,0.09964331712859285,-0.04943002489601788,1.3596683461607213,0.1962074379878427,-0.038506722416577745,0.4955096592867788,0.13947736,0.052333724,1.4605547,0.000620931507372191,0.008841706474744804,-0.01239104990806883
0.968,0.10180658487282221,-0.049846369542457525,1.3650524082597064,0.19294953977440307,-0.04350173006131774,0.48554879830243025,0.14186895,0.052790914,1.4657991,0.0006202481898336387,0.008257478614079439,-0.012600575975882045
0.979,0.10378076629277766,-0.05021323242414531,1.3698414159360996,0.19772907049330132,-0.036182979689565097,0.47438498837727006,0.14371985,0.052740462,1.471549,0.0006191730051074984,0.007694806877076132,-0.012778724323869284
0.989,0.1055633100988741,-0.05053380637958746,1.3740658056049995,0.19832022046017822,-0.03516688398053857,0.46537422897912784,0.1456901,0.052304614,1.4779128,0.0006178267885736943,0.007196196810610012,-0.012904116885987804
0.997,0.10754993280849487,-0.050879215097518735,1.378664675449767,0.1989356433566523,-0.03402721980162265,0.45540510201161855,0.14689341,0.054029062,1.4849946,0.000616502620061965,0.006801921828061719,-0.012976094662347393
1.008,0.10954247274324254,-0.05121318015344256,1.383164171452791,0.1995080532450024,-0.03287948235469071,0.44549988374793786,0.1471694,0.053482015,1.4906372,0.0006143445021322691,0.006262187009330233,-0.013030623462277902
1.018,0.11154050220748202,-0.05153563773109087,1.387565191946622,0.20003781066514675,-0.03172676231971519,0.43570071725258064,0.14898624,0.05400066,1.4954864,0.0006121317583396291,0.0057705006149251226,-0.013043174795916102
1.028,0.11354359354407263,-0.051846555104558774,1.3918687892685428,0.2005246271782331,-0.030572127759693164,0.42600135978720177,0.15064377,0.054797426,1.4997205,0.0006097482036695467,0.005273427434121736,-0.013026801536249799
1.037,0.11555131314901654,-0.052145929919689346,1.3960757498839738,0.20096769923737523,-0.029418582708242286,0.4163619865802766,0.15231192,0.055449776,1.5055051,0.0006075021263676206,0.004820093435549122,-0.012992223690250881
1.049,0.11756321971623446,-0.05243378471314988,1.4001866344104181,0.20136639697412329,-0.028267977451197506,0.40678805519518113,0.15342781,0.055185586,1.5107464,0.000604431061713484,0.004209187435053607,-0.012927739771367186
1.057,0.1195788674826974,-0.05271015372875396,1.4042022743832088,0.20172030737046642,-0.027121352251915188,0.397291275612114,0.15409142,0.0562622,1.5141459,0.0006023635329555077,0.0038004395545447878,-0.012878429453309082
1.068,0.12159780645191949,-0.05297508335993465,1.4081232374850505,0.20202917459937136,-0.025979556385415506,0.3878588615516023,0.1558824,0.05767593,1.5193626,0.0005994992522690978,0.003238613615379471,-0.012802779394904817
1.079,0.12361958645282417,-0.053228623775839284,1.4119503078235038,0.20229302367149746,-0.02484306472982711,0.37850704579522043,0.15941982,0.059895948,1.5245309,0.0005966180679468636,0.0026782431671534823,-0.012719017659617471
1.088,0.1256437577961678,-0.05347082979508612,1.4156844110135376,0.20251193741951237,-0.02371221194186478,0.36925226127996913,0.1611582,0.06250331,1.5297098,0.0005942637938876061,0.0022217673986855146,-0.012649509736208486
1.098,0.1276698722694044,-0.053701755107499374,1.4193267813944086,0.20268619983645528,-0.022586138675664242,0.3601631542561167,0.16355747,0.06338634,1.5353928,0.000591667684519237,0.0017213176102930383,-0.012581956496802604
1.107,0.12990031328597698,-0.053942791705915864,1.4232296450188595,0.202827006490873,-0.021351449652528526,0.35037144697081873,0.16644418,0.06402524,1.5388508,0.0005893534124021826,0.0012818045801461508,-0.012543221939639082
1.1179999999999999,0.13192907397328277,-0.05415014077393191,1.4266851215317267,0.2026031977455676,-0.024627814385756362,0.34151616921716565,0.16735159,0.06512723,1.5435652,0.0005865210034396995,0.0007634616287655049,-0.012528403679649358
1.127,0.13395843379819722,-0.05434627584208117,1.430053864019821,0.2029512490268893,-0.019108427401755904,0.3330097368844699,0.1705032,0.06645699,1.5472426,0.0005841700259097138,0.00035704436690897623,-0.012535064597317458
1.137,0.1357850341006881,-0.05451319312139407,1.4330127290650012,0.20295435736297462,-0.0180963544515724,0.32538259953520393,0.17337333,0.06601699,1.5484937,0.0005815070475252426,-7.739346917379208e-05,-0.012549852834979447
1.148,0.13801734254009157,-0.054704816275209685,1.436536649736841,0.20304721902065265,-0.020944344032984973,0.3158581324069195,0.17867836,0.06575842,1.5528705,0.0005785209954956017,-0.0005361154844125693,-0.012562733355587774
1.158,0.14004612432358732,-0.05486717154465,1.4396530176720006,0.20309439267956841,-0.019710549604776875,0.3075420007480264,0.181842,0.06775766,1.5571982,0.0005757777386516949,-0.0009360613774718196,-0.012556228743888731
1.168,0.14187123700196502,-0.0550036323718256,1.4423878510010115,0.20274484294916661,-0.014710483808555639,0.30063397215150517,0.18348901,0.06814325,1.5607677,0.0005730467468474387,-0.0013140443550776482,-0.012518050406685077
1.177,0.14389794308498177,-0.05514453360667874,1.4453501160573428,0.20260498440119498,-0.01358319744290303,0.29263399583687505,0.18468578,0.07092854,1.5624726,0.0005706218669585539,-0.0016309503858638053,-0.012457373514171977
1.188,0.1459230757836015,-0.055274188145180106,1.4482330473058653,0.20243367123019096,-0.012460831407447675,0.28476986060271153,0.1874774,0.071203575,1.565553,0.0005677027812414082,-0.0019901091129685966,-0.012359958590181463
1.198,0.1479463320933834,-0.05539265195122311,1.4510382747081243,0.20223296344228237,-0.011344680468738846,0.277066701390451,0.18948393,0.07076746,1.5697076,0.0005650560069554444,-0.0022973144837132864,-0.012269425797548195
1.209,0.14996742737188679,-0.05549999253983147,1.4537670489517702,0.20200444096979087,-0.010235419896931974,0.26946705178279323,0.1924934,0.071663305,1.5726718,0.000562118895060415,-0.0026216314570941535,-0.012178604685765038
1.217,0.151986088864374,-0.05559627427013145,1.4564204909155907,0.20174902495044644,-0.009132226565785512,0.26198923943640684,0.196841,0.07117997,1.5756967,0.0005599754773903953,-0.002850931308453486,-0.012112937584760175
1.227,0.1540020513925495,-0.05568155661074961,1.458999904242168,0.20146734488611304,-0.008034891463564859,0.25465957510784115,0.19870639,0.07147302,1.5807153,0.0005573138312833237,-0.0031292052024460837,-0.012022751573235624
1.237,0.15601505551304667,-0.05575589821942477,1.4615071692323105,0.2011600996512711,-0.006943739517836509,0.24753726838992887,0.2018045,0.072122395,1.584416,0.0005547141896622421,-0.003391308114196079,-0.01191263607525439
1.2469999999999999,0.15822564800899272,-0.05582512553570741,1.464184242975431,0.20165388296301023,-0.008692563736826291,0.23912448162897737,0.20536299,0.07319826,1.5871489,0.0005522233431349832,-0.003631481105609957,-0.011772620693784042
1.258,0.1600312159396674,-0.055872078217769586,1.4663133064674378,0.20047552644880998,-0.004789496533532884,0.2338880074740667,0.20797406,0.07132751,1.5901724,0.0005496312132713399,-0.003867115514872843,-0.011582209202449789
1.267,0.16223399827920276,-0.055917771956505075,1.4688428539196692,0.20096994687145925,-0.00632725500688565,0.22585990625411784,0.2086817,0.07300382,1.5942615,0.0005476093044087804,-0.004036794174211877,-0.011404070170872416
1.2770000000000001,0.16403282218480733,-0.05594572508220199,1.4708548327929385,0.19971156592222444,-0.0026909500179267604,0.22104766470658038,0.21105826,0.07390641,1.5962942,0.000545476173458681,-0.004201985824570098,-0.011181075679120411
1.287,0.1662269774552302,-0.05596855923875489,1.4732462080964972,0.20018875431933547,-0.004025693081350223,0.21350619686250583,0.21464993,0.07657124,1.5999938,0.00054344452512467,-0.00434891097680179,-0.010936549668291384
1.298,0.16801846063581508,-0.05597814098906216,1.4751495344309515,0.19888416381513158,-0.0006653592982229688,0.2091756809385103,0.21776448,0.076384366,1.6018115,0.0005412539723366194,-0.004496841124979056,-0.010659616929075355
1.307,0.1700049251347559,-0.05597937605946173,1.4772104585567982,0.19845007334400735,0.0003167250402273411,0.2035975101310159,0.22076899,0.077402666,1.6041178,0.0,0.0,0.0
1.318,0.17198698217920724,-0.055970901413074994,1.4792165062519087,0.19800406855806196,0.0012788562689912365,0.19817892208782145,0.22404402,0.078495026,1.6083925,0.000537027856269745,-0.004729803094051022,-0.010209937794400936
1.327,0.173964518925018,-0.05595290491435109,1.4811693134726391,0.19754728438981717,0.002223264576148826,0.19293877787098734,0.22550116,0.07864176,1.611311,0.000534985101157126,-0.004814758584363421,-0.010035456327806003
1.338,0.1759374341182339,-0.05592555050449637,1.483071005982609,0.19708094372678414,0.0031523111272835423,0.18794213944073468,0.22575247,0.07972516,1.6137388,0.0005324043493146746,-0.0048968618845703915,-0.009836510662111664
1.347,0.1779056413743876,-0.05588898453336274,1.4849241552711627,0.19660677666906795,0.004067078713189355,0.18320535497133664,0.22880526,0.080107585,1.6167625,0.00053027082510404,-0.00494705140414009,-0.009675417271338915
1.357,0.1798690713071057,-0.05584334890609948,1.4867314272481034,0.1961263297274209,0.004967570552041651,0.17873693425995096,0.23025572,0.07989441,1.6186585,0.0005279091548997528,-0.004991801826899511,-0.009491706039388426
1.367,0.18202326012763734,-0.055782851835519176,1.488669316702256,0.1955920088033571,0.005940262239073748,0.17407209249384706,0.23161778,0.08209509,1.6218718,0.000525583577204003,-0.005029498632883822,-0.0092981400392107
1.379,0.18378138494322604,-0.05572547493559128,1.4902176943205576,0.19515083175269593,0.00672110258368561,0.1704463039364728,0.23506077,0.083113864,1.6247582,0.0005228759822122342,-0.005069267067250749,-0.009046558887908951
1.389,0.18573017830078464,-0.05565357001140113,1.491901061455738,0.19465658488408527,0.007571789062292171,0.1666450425426577,0.23932195,0.084765695,1.6272733,0.0005206452216723889,-0.005100124955586427,-0.008829889207072839
1.397,0.18767400614675114,-0.05557325833356442,1.4935478112883804,0.19415814732123912,0.008404323984361979,0.16310456654574118,0.24252868,0.085947484,1.6289483,0.0005188388799446386,-0.005121400680022425,-0.008659590529093819
1.409,0.18980643321512333,-0.05547541776716561,1.4953203538025728,0.194426747578885,0.007846429731476917,0.15863002591563324,0.24522947,0.08685913,1.6311072,0.0005160231286467365,-0.005136409341321091,-0.008422206330701343
1.417,0.19173971465245399,-0.05537802151290343,1.49689922756649,0.19310114944068965,0.010096893697502038,0.1565489714432471,0.24764091,0.08764875,1.632879,0.0005140435146078204,-0.005129015000294501,-0.008281412545331435
1.428,0.19347535669329582,-0.05528361890600752,1.4982952925599622,0.19264767721638998,0.01080135548820024,0.15399652005959785,0.25144744,0.088386655,1.6364845,0.0005111834021196415,-0.005093370840794975,-0.00811075024911112
1.437,0.1953990728121663,-0.05517135716060126,1.499820554420695,0.1921462569471182,0.011571990637697377,0.15135865271233884,0.25313956,0.087569,1.6368335,0.0005087485478938447,-0.005044134253576971,-0.007986014547913811
1.448,0.197317797315607,-0.05505145136802075,1.5013207743809027,0.191649233081389,0.012331434978113292,0.14896494114154202,0.2563584,0.089617714,1.6392361,0.0005057199151714542,-0.00496225856912158,-0.007839388775298772
1.458,0.1992315849612834,-0.05492401186997885,1.5027983288454378,0.19115856648984225,0.013079696378289377,0.14679615046968397,0.25669807,0.089579955,1.6426153,0.0005029921425272477,-0.004871073961352224,-0.007696281949037598
1.4689999999999999,0.20133113717333684,-0.05477526922110522,1.5043998644571688,0.1913255355098728,0.012696757762265707,0.1438198260462666,0.25862694,0.092254356,1.6448509,0.0005000290838497179,-0.004757763142432481,-0.007525452702235924
1.4769999999999999,0.20304465435110935,-0.05464701732704553,1.5056937184376755,0.1902020170034559,0.014538068296913675,0.1430960428599066,0.26178658,0.09252085,1.6451865,0.0004978929865364634,-0.004672004167877386,-0.00739321840612206
1.487,0.20494411100829849,-0.05449772847243789,1.5071163525523477,0.18973734428339997,0.01524643965262844,0.14161081517463522,0.26354122,0.093941644,1.6472822,0.0004951977879006364,-0.0045650542100883484,-0.007228606931581005
1.4969999999999999,0.20683897393265585,-0.05434143683679252,1.5085249984208553,0.18928234357661794,0.015940173902356167,0.14027637704708104,0.26493382,0.094459236,1.6495261,0.0004924308894853624,-0.0044576141898713395,-0.007075045404070224
1.5070000000000001,0.20872934025960738,-0.05417828270161079,1.509921183654562,0.1888370582809515,0.01662055750478907,0.13910700314971147,0.26711103,0.09475778,1.6536931,0.000489570727423505,-0.00434861224485239,-0.006938463150709673
1.517,0.21061530746956436,-0.054008389661596844,1.511306721598845,0.1884015286048671,0.017289447080135807,0.1381389152520415,0.26987207,0.09401779,1.6555166,0.00048663059492781713,-0.004237577364641254,-0.006817021360182807
1.528,0.2124969730131162,-0.053831863047813254,1.512683965123719,0.18797579714904625,0.01794838569156023,0.1374231391590029,0.27330986,0.09497769,1.6566341,0.0004833640338608447,-0.004111877564828781,-0.006687798381195265
1.537,0.21456195636035652,-0.05363013997492325,1.5141923145410487,0.18751934056923075,0.01866153035230532,0.13691146197432957,0.276835,0.09451786,1.6577508,0.0004807261727286516,-0.004004644787715783,-0.006570854886932764
1.5470000000000002,0.2162478061708386,-0.05345931500324087,1.5154231282051454,0.18715587022421928,0.019234215347097624,0.13665666263653278,0.27751175,0.09463647,1.6617385,0.0004778569280796674,-0.0038769509282694514,-0.006421601105451202
1.557,0.21811719705422714,-0.05326353501140266,1.516788829494759,0.18676364945800258,0.01985697937068373,0.1365239920610666,0.28172076,0.09653654,1.6640086,0.0004750565051576672,-0.00373603268181677,-0.0062489070774320865
1.568,0.2199827382851345,-0.05306161519764973,1.5181542861003856,0.18638476954745542,0.020463471657948245,0.13659759029919413,0.2811817,0.09686521,1.6655549,0.00047204128205535767,-0.0035684685639463254,-0.006032596501539089
1.579,0.22184456885823456,-0.05285372982072557,1.5195216893814274,0.18602026218413975,0.02105162284378858,0.13688504116818045,0.28454053,0.09784345,1.6662107,0.00046902677123128456,-0.003390864864686094,-0.005804841340189881
1.588,0.22370283780688227,-0.05264006870585886,1.5208930393360098,0.1856710186322354,0.021620529448427902,0.13736639089617014,0.28612754,0.098431006,1.6663376,0.0004665163554928853,-0.003243268181016834,-0.005622711040603079
1.5979999999999999,0.225743006018005,-0.05239860032430916,1.5224079231731487,0.1857441728454029,0.021382573321028584,0.13756215377421271,0.28757796,0.09916058,1.669941,0.00046365484549149016,-0.0030805663824988727,-0.005434443624983132
1.608,0.22759430594340938,-0.05217342955082522,1.5237916965739533,0.18540820079098969,0.021933630567958176,0.13825697367682938,0.28846744,0.09846307,1.6731015,0.00046071113939838426,-0.002920871485915022,-0.00526592134773729
1.617,0.22944252998742862,-0.05194304555053278,1.5251827611502964,0.18508825716495014,0.02246607640284178,0.13907677069943467,0.2893273,0.09993017,1.6746027,0.0004580031205643209,-0.0027810884191259433,-0.005129896181051308
1.627,0.23128782775578008,-0.051707592947445764,1.5265827323923742,0.18478408934020724,0.02298280358707926,0.140074543981301,0.29197732,0.100585476,1.6767648,0.0004549646170817212,-0.0026320189791624315,-0.004985773722371967
1.637,0.23294621291840345,-0.05149146443381811,1.5278516155788235,0.18415688521617254,0.024208518108060878,0.1414388064104082,0.2951451,0.10337506,1.6776057,0.00045191440036163044,-0.0024911349818106387,-0.004842783895398384
1.647,0.23478634177106725,-0.05124675582716934,1.529272662176732,0.18389703522305725,0.024683482644934238,0.14267211013236342,0.29747537,0.10349317,1.6790979,0.000448852681145695,-0.0023562950160149754,-0.00470138591817193
1.659,0.23680757014188908,-0.050972180016698704,1.5308509862758046,0.18395934786540666,0.024447355655887015,0.14388404669551386,0.29960304,0.10578765,1.6824684,0.00044512856166001313,-0.002195301975813635,-0.004549672165216734
1.6680000000000001,0.23845915023489697,-0.05074343518772532,1.5321550697941595,0.18341662368563827,0.02559504918071419,0.145480312818707,0.30109835,0.105640754,1.6860795,0.0004419733804557069,-0.0020574925522431897,-0.004445166148601132
1.679,0.24047527014105805,-0.05045897934599443,1.533765442055136,0.18347461537473841,0.025351967408546228,0.14693642473396373,0.30277717,0.10655701,1.6875973,0.0,0.0,0.0
1.688,0.24212291494959595,-0.05022232340855214,1.535097592057065,0.18299039702556053,0.02646761113013893,0.14870007857479423,0.30483413,0.10772179,1.6898053,0.00043585632922393813,-0.001785644427126254,-0.0043093066761397125
1.697,0.24395175124396687,-0.049955294624923756,1.5365943852636854,0.1827984103301963,0.026894610777055333,0.15049614910185433,0.30683354,0.10863666,1.6929978,0.00043293345931694205,-0.001655873297083943,-0.004262472183631516
1.7069999999999999,0.24577874589490736,-0.049684022091592527,1.5381096923823254,0.18262062785206568,0.0273169692456906,0.15239519463588788,0.30885974,0.10974839,1.6949388,0.0004296815305231405,-0.0015130839461496848,-0.004217399640728203
1.717,0.24778648147051102,-0.04938077097638453,1.539799228895929,0.1826671648382866,0.027052361564496075,0.15447470912394923,0.3107272,0.108625606,1.6978997,0.0004264299858629528,-0.0013721320559971772,-0.004177550684647535
1.7269999999999999,0.24961006683097556,-0.04910071758606764,1.5413569329578354,0.18249997957698608,0.027464441753163038,0.15662727771149446,0.31195563,0.11046561,1.7017562,0.000423182190574245,-0.0012331575866064703,-0.004141437220594568
1.738,0.25143224340025294,-0.04881653532022289,1.5429366182708948,0.18234639167448655,0.027873669900043797,0.1589047306217638,0.31583184,0.11211481,1.7003103,0.00041962839058129475,-0.0010831003949749451,-0.004094633413229687
1.748,0.25325314698883333,-0.04852826144572089,1.5445394044850729,0.18220635367900687,0.02827985055066969,0.16128172884779646,0.31828505,0.11129691,1.7042309,0.0004164138765609948,-0.0009507779673287864,-0.004044269104230835
1.76,0.25507291061861076,-0.048235942531648694,1.5461659539670096,0.1820793286758785,0.028681236423665137,0.16369926264815438,0.32130945,0.113583736,1.7054185,0.0004125642875028035,-0.0007943271637840255,-0.003985270077234482
1.768,0.2567098314418401,-0.047969437248995155,1.547650516761159,0.18184269883950022,0.029770465970001013,0.16592489558639625,0.32449585,0.114151195,1.7065823,0.0004100032296516787,-0.000689274783049143,-0.003947025827981676
1.779,0.25870954225164694,-0.04763936290418466,1.5494919028423255,0.18186224755032146,0.0294687589104052,0.16864207337594855,0.32645985,0.114133865,1.7091305,0.00040648620557171,-0.0005412834850329062,-0.0039013176460480636
1.787,0.2603449920740269,-0.04736578444796121,1.5510206710112033,0.18169003219041396,0.030552983596414094,0.17084630919183794,0.33030587,0.117155895,1.7119322,0.00040393127319582334,-0.00042916631739498,-0.0038770131479353154
1.7970000000000002,0.2623432059020608,-0.04702715003419404,1.552916281641313,0.1816299437148743,0.030977877482695843,0.17357561499918497,0.3322727,0.11771477,1.7150122,0.0004007446123930336,-0.0002826206060411174,-0.003857297047335173
1.807,0.2641592787155189,-0.04671525408792042,1.5546658941311955,0.1815910601276789,0.031362755083352956,0.17609835352747763,0.33407667,0.11827072,1.7167583,0.00039756818726122134,-0.00012743114090696395,-0.00385574202798189
1.8199999999999998,0.2659750493541882,-0.04639950735271484,1.5564409335044265,0.1815770185139681,0.030984724269604143,0.178785189031846,0.33629033,0.12019093,1.7181172,0.0003934653230643903,8.4091653381968e-05,-0.0038827914608488
1.829,0.26779067997091766,-0.0460798922818134,1.55824183272441,0.18154062049438754,0.031357626201352844,0.18142180129022603,0.3366707,0.12003558,1.7189631,0.0003906491810141688,0.00023158056785099745,-0.003914185514677371
1.837,0.26960633541414275,-0.045756377382279174,1.5600687825988782,0.18152039408249032,0.031732218079658134,0.18405134642777654,0.33651465,0.12152992,1.7216264,0.0003881645788190724,0.00035952174641185053,-0.003948010676869451
1.8479999999999999,0.27142217729286555,-0.0454289230821278,1.561921606839721,0.18151684474505544,0.03210986008422305,0.18666560066627988,0.33796796,0.12383127,1.7239493,0.00038477682085691356,0.0005247996827577595,-0.003999625976705445
1.859,0.27323835813651776,-0.045097483359871224,1.563800277804409,0.18153016664463117,0.03249148830157322,0.1892739433571538,0.33815005,0.12631983,1.7260798,0.000381420574282032,0.000669316515189422,-0.004054918796043694
1.867,0.2750550144889965,-0.04476200985337079,1.565704510324528,0.18155956983207783,0.03287678540108097,0.19183135480946623,0.34092635,0.12804407,1.7291433,0.0003790012176940749,0.0007582123287472875,-0.004101065381942881
1.877,0.2766905078793416,-0.0444565898630094,1.5674398371355747,0.18174742208264752,0.034100567052014016,0.19381796642965038,0.34147164,0.12835458,1.7319937,0.00037601019126221047,0.0008490603630146865,-0.004175415861231713
1.888,0.27869019464346045,-0.044078724277338104,1.5695884244863119,0.18165892783342344,0.03365531699639943,0.1968935863136534,0.34263656,0.12995058,1.7343211,0.00037277500940646746,0.0009272841702090417,-0.004290427911763928
1.897,0.28032698125420424,-0.04376573315411722,1.5713689132177038,0.1818969812205585,0.03494993237706741,0.19882930014425812,0.3428645,0.13076352,1.73687,0.000370171475042369,0.0009783791478175097,-0.004408445248119008
1.907,0.28232839628344925,-0.04337836728737724,1.573572366223879,0.18179604080941886,0.03445621291848407,0.2018905529763175,0.34414074,0.13035157,1.7387121,0.00036731777692011747,0.0010242979450518774,-0.00455667264243953
1.917,0.28396669383014284,-0.04305736118773239,1.5753973296344568,0.18206857253352166,0.03585214593825093,0.20375709055338442,0.34670186,0.13189346,1.740573,0.00036449354959522395,0.0010594516700530576,-0.004711722222531023
1.927,0.2857878789603611,-0.042696245165803934,1.5774483885352273,0.18215977594060156,0.03632610378914572,0.20620388438537005,0.34899017,0.13057977,1.7446401,0.00036168011516757304,0.0010841684012055097,-0.004857266234711943
1.937,0.2876099889686928,-0.04233031182523984,1.5795236180703638,0.18225318524613807,0.036813944517247274,0.2085999977760923,0.353803,0.13097237,1.7493002,0.0003588641331120357,0.0011010049364799102,-0.004982759501851675
1.9489999999999998,0.28943304212145965,-0.04195943256633942,1.5816228365211376,0.18234818751456516,0.037313696660044145,0.2110173621650207,0.35542607,0.13237508,1.7530628,0.0003554613953618002,0.0011180363663743087,-0.005089310189651641
1.959,0.29125705349247877,-0.04158350528517367,1.5837465708645846,0.1824447079391716,0.03782193898669196,0.21347818969975935,0.3565024,0.13142616,1.7573516,0.00035259797399866954,0.0011383898001779968,-0.005133884956656232
1.967,0.29308204076237526,-0.04120246941372509,1.585894814032132,0.18254329842167297,0.038334373158043535,0.21592217391748753,0.3592624,0.13484447,1.760923,0.0003502928433078978,0.0011608860286540512,-0.005144537331691623
1.9769999999999999,0.2949080294006137,-0.040816301759267426,1.5880675407357991,0.18264483109383628,0.03884778049086507,0.21839122955827783,0.35985413,0.13485655,1.7634797,0.00034739833840724543,0.0011947487630457054,-0.005132254482070664
1.99,0.29691781347306867,-0.040385594281427344,1.5904866471882144,0.18250179766141236,0.038216892328384586,0.2216193562876918,0.3619158,0.13624333,1.7658746,0.0003436456942642607,0.001243065758107953,-0.005103502798240456
1.998,0.298746017821085,-0.0399886788494736,1.5927126358110695,0.18286986937123623,0.039920743780292325,0.223741394805766,0.3644817,0.13795516,1.7673792,0.0003413575168753624,0.001270306508023289,-0.0050915816872434405
2.008,0.30039235017466787,-0.039627104943162725,1.5947375461918725,0.18297091725368536,0.040378053523529224,0.2259798316270263,0.36476594,0.13931134,1.7712922,0.0,0.0,0.0
2.018,0.3022226877977727,-0.03922053160966166,1.5970106360923886,0.18308548121139262,0.04088594670848254,0.22838317727039145,0.36773694,0.13976471,1.7734561,0.0003357491382454114,0.0013150195754221272,-0.005111105710225772
2.029,0.30423739368098424,-0.038767422974265144,1.5995382980259647,0.1832132708136825,0.04144713058026623,0.2309471098863682,0.36911902,0.14183432,1.7765459,0.0003327481915622599,0.001323498603772677,-0.005162524862825535
2.038,0.305886838384904,-0.03839208569457842,1.6016270787089097,0.18331833242914652,0.041910425261515935,0.2329899949331994,0.36882454,0.14159496,1.7792416,0.00033033113586089513,0.0013223628840837165,-0.0052214995931230135
2.049,0.30772066265068176,-0.03797012270711697,1.6039691786678127,0.18343476795182076,0.0424312616582711,0.23520101042555233,0.36780435,0.14315978,1.7822895,0.0003274134334070311,0.0013123773697403252,-0.005306942654835112
2.059,0.3097392077757895,-0.03749989715489167,1.6065707977682628,0.1832658550144242,0.04167850015180764,0.23806233887392073,0.36787835,0.1450614,1.7845551,0.00032478032881755325,0.001292700469559982,-0.005386131256878812
2.068,0.3113917730892322,-0.037110370329979506,1.6087188931580483,0.1836634380893615,0.04349586114823576,0.23953702124971618,0.370138,0.14568739,1.7853873,0.000322416821287419,0.0012615690568047455,-0.005452017525590769
2.079,0.3132290138099518,-0.03667243015291129,1.611125869941526,0.18377296192968673,0.04403892479860441,0.2416317728309693,0.37196156,0.14500487,1.7887063,0.0003195370790454177,0.0012009269255410793,-0.005527718378028901
2.088,0.31506731920751474,-0.03622902520240908,1.6135531381668122,0.18387661501498945,0.04458815127690318,0.24360717675167817,0.3722113,0.14742114,1.7924144,0.0003171884094772537,0.0011330359185279804,-0.00558687804480229
2.098,0.31690661979154344,-0.03578009433096214,1.6159997641504693,0.183972489055563,0.04514342731658725,0.24551600374198843,0.37473,0.14856099,1.7953563,0.0003145800399355636,0.0010423153652485695,-0.005643691483422586
2.107,0.31874682894876966,-0.035325581558073006,1.618465147527914,0.1840590476160065,0.045703877432370844,0.24737028363995675,0.37586138,0.15018487,1.799596,0.00031223546022829396,0.0009503545594711227,-0.005687265005311026
2.1189999999999998,0.32058784726624756,-0.03486543881789899,1.6209489245916684,0.18413522207207217,0.04626887813322965,0.24919570844458572,0.3773831,0.1511926,1.8033918,0.000309123036659642,0.0008197498401862902,-0.005742491341527156
2.127,0.3224295673578393,-0.03439962242637285,1.6234507117418562,0.18420044048118356,0.04683817441271881,0.25097091482802786,0.38122764,0.15257767,1.8065989,0.0003070604739967564,0.0007307061125017,-0.00578218291792254
2.137,0.3242718783819122,-0.03392808754182577,1.6259699921562918,0.1842545215139202,0.047412304840858906,0.2527176151098807,0.38379884,0.15368715,1.8084533,0.00030449682813049606,0.0006196315647555295,-0.00583770341275347
2.147,0.32611466959025753,-0.033450779969311575,1.6285068631020396,0.18429763848537942,0.047992199665608255,0.25447539321735024,0.38395038,0.15582608,1.811606,0.0003019491289286691,0.0005144101440119897,-0.005901846732966121
2.158,0.3279578345907023,-0.03296764005091523,1.6310609702522634,0.18433046001432615,0.04857825804538701,0.2561643879600816,0.38691294,0.15811783,1.8128793,0.000299163841445349,0.0004095567927011601,-0.005982818208646101
2.168,0.3299856313576187,-0.03242936993082622,1.6338895877171866,0.1842824904374837,0.047614944569744945,0.2583088320769965,0.38843113,0.16004258,1.8145218,0.0002966468001375233,0.00032119602000957315,-0.00606818400154463
2.178,0.3316449024821403,-0.031983586690227495,1.6362180891892633,0.18436858406046117,0.04977273410325663,0.25932394744782816,0.3897203,0.16140626,1.818477,0.0002941429824243613,0.00023596250233559601,-0.00616933737299874
2.189,0.33348862927180584,-0.03148250830061558,1.6388191918137,0.18437476173378822,0.050383611655552246,0.2607380784933158,0.390835,0.16436733,1.8212718,0.0002914006898722121,0.0001420286569437934,-0.00630374930852895
2.198,0.33533237109920955,-0.030975258183207573,1.6414339548814534,0.18437241102484267,0.05100626300490194,0.262070027349664,0.39262545,0.165855,1.8237315,0.00028916205259932326,6.188834207243588e-05,-0.0064308574415239406
2.208,0.3371760408431192,-0.030461707741902266,1.6440616304216065,0.18436114235836662,0.0516425909009021,0.263324933293086,0.39583504,0.16502759,1.8245982,0.0002866750086951697,-3.37542492232501e-05,-0.006590497907253301
2.217,0.33901954571811227,-0.029941710409770526,1.6467013609537136,0.1843402719861757,0.05229442244862395,0.2644929499029921,0.39905605,0.165438,1.8276947,0.0002844324103268292,-0.00012639592051000292,-0.006748978075471257
2.227,0.34086278571259526,-0.029415101312898848,1.649352440523857,0.18430910201685102,0.052963385514694004,0.2656055968593853,0.4002722,0.16648684,1.8308237,0.00028193536153153786,-0.0002335053127868747,-0.0069265978987420596
2.237,0.34270565574239836,-0.028881708742286225,1.6520143839452999,0.18426734301138173,0.053649148663174655,0.2666627087734024,0.40264875,0.16882142,1.8339529,0.0002794412982893846,-0.00033914877081109296,-0.007085629711581554
2.247,0.3445480511238052,-0.02834137775092243,1.6546863522498452,0.18421528015663838,0.05434913890525235,0.26761830487641325,0.40502292,0.17044523,1.8388495,0.0002769636395081321,-0.00043989981303216297,-0.007213007371061231
2.258,0.34638987161724366,-0.027793982946476562,1.6573674118256456,0.1841534365233782,0.055060347798116624,0.26850102922704544,0.40672907,0.17108181,1.8413318,0.00027426741212366323,-0.0005431882600612781,-0.007318386693539125
2.268,0.34823102292656016,-0.027239425794847803,1.6600571619774485,0.18408248515521963,0.05578033658582727,0.26935515779045954,0.4062865,0.17295444,1.8443342,0.00027184279431580194,-0.0006289009627229447,-0.007394403263299765
2.279,0.3502554131487557,-0.02662104941325948,1.6630254105947795,0.1839948347747932,0.05658031218220265,0.27024191078154297,0.40789458,0.17249982,1.8477144,0.00026920066801494613,-0.0007166358489252289,-0.0074670118743966896
2.289,0.3519109773862544,-0.026108528912629346,1.665461200542544,0.18391604115136306,0.0572405855256517,0.2709613095991665,0.40911585,0.17233558,1.8502568,0.00026681469704570304,-0.0007977341545717387,-0.007531332872133589
2.298,0.3539334320677668,-0.02547400779196976,1.6684468063645232,0.18405940871097057,0.05594525813919733,0.27206272243578034,0.4111934,0.1744797,1.8516946,0.00026468212410257763,-0.0008769644502062413,-0.007584292051251218
2.307,0.35558726596995305,-0.02494817324972078,1.6708960426523487,0.1837169624713766,0.05872415438154629,0.2724052467508424,0.41329107,0.17560354,1.8548532,0.0002625711264876429,-0.000964574284721742,-0.007624630773236163
2.318,0.35742381921481053,-0.024356822143029002,1.673623403276296,0.18360336083360201,0.05947174264886946,0.2729971534516909,0.41403812,0.1755083,1.8575802,0.00026002538147018583,-0.0010820453780189254,-0.007654847756665362
2.327,0.3592591788846437,-0.023757984143190327,1.6763562703177095,0.1834792000803682,0.06022106148189493,0.27350792423655346,0.415326,0.17607045,1.8631235,0.0002579710297148097,-0.0011836624912149318,-0.007666380160681996
2.337,0.36109323630196144,-0.023151650336414042,1.679093784607526,0.18334393274780164,0.0609707366319542,0.2739489595088004,0.41833648,0.17489214,1.8663628,0.0002557239702527525,-0.0013001580401543755,-0.007663660636865188
2.347,0.3629258779806935,-0.0225378230210493,1.6818356654674123,0.18319716333324704,0.06171956253047112,0.27438586381578767,0.41922355,0.17521799,1.8700044,0.0002535254008604326,-0.0014180498228735239,-0.0076396270667320465
2.357,0.3647569881040553,-0.021916521495663234,1.6845820432432357,0.18303880782480764,0.06246538302912096,0.27484357603204057,0.4206275,0.17576656,1.873652,0.0002513977379159371,-0.00153346833959489,-0.007583266417471535
2.368,0.36658645263926953,-0.021287795606799984,1.6873328931843434,0.1828692425380333,0.06320444205152255,0.275278216178964,0.42408997,0.17653917,1.8761569,0.0002491640458117672,-0.0016555790762806666,-0.007474829814057671
2.377,0.368596832024961,-0.020587729893857435,1.6903637110795364,0.18267024233129295,0.06400492918102377,0.27573906013902155,0.4262112,0.17722225,1.8813465,0.00024742584521231237,-0.0017521506583411117,-0.007351064158983789
2.387,0.3702400092774601,-0.02000846576650863,1.6928472425081544,0.18249802957157868,0.06464699634459856,0.2761180697865952,0.42632505,0.17877945,1.8827083,0.00024557918880852014,-0.0018543807610189589,-0.007185429460058401
2.398,0.3720638932374629,-0.019358144797357157,1.695610895032585,0.1822972588739219,0.06534454012482271,0.2765719848775171,0.43001842,0.17926797,1.8848798,0.00024362472916372724,-0.0019587693276332807,-0.006984166394905067
2.409,0.3738857182167461,-0.018700947505895224,1.698379133106044,0.1820872660546216,0.06602392325783045,0.2770243188733583,0.4313173,0.18071008,1.8873541,0.00024170824046976236,-0.002057795863360745,-0.006783426834489958
2.42,0.3758872416148358,-0.017970308207822756,1.7014289522936528,0.18245016662280072,0.06485639602945309,0.27748278075118693,0.43328092,0.18361107,1.8910313,0.00023979965510978474,-0.0021524987322307787,-0.006595485845688032
2.428,0.37752284043928586,-0.017366656845976387,1.7039271232075655,0.18164174427462473,0.06732831292508079,0.2776799587736605,0.43556955,0.18559264,1.894453,0.00023840505875938334,-0.002219679240859307,-0.006470645406978726
2.437,0.379337971819045,-0.016689907814947565,1.7067053128050689,0.1814066997000711,0.06795631823619443,0.2779278114734302,0.43499804,0.18698049,1.8968642,0.00023681121549579132,-0.00229448936923049,-0.006348810197758681
2.448,0.38133184712439344,-0.015938319565590914,1.709764028780764,0.1818138262512025,0.066848529800984,0.27816670493439666,0.43582106,0.18911129,1.899892,0.00023479579663643335,-0.0023845009215772706,-0.006237528567779371
2.459,0.38296096995433343,-0.01531789963874474,1.7122684689708692,0.1809125357701449,0.06917717346262894,0.2783455069155081,0.43838447,0.19000828,1.9021413,0.00023268937683784685,-0.0024764061202935395,-0.0061710571154289795
2.469,0.3847686766090667,-0.014622825366515317,1.7150528237288505,0.18065333309850987,0.0697770005978718,0.27850272862045505,0.44034022,0.19099215,1.904925,0.00023070033840610904,-0.002566156131319275,-0.006144787706835686
2.477,0.3867541019732521,-0.01385133669343647,1.7181171559906105,0.1803581173214073,0.07043370230259452,0.2786306424402745,0.44207937,0.19233713,1.9083257,0.0002290715443677982,-0.0026424380068523767,-0.0061407404557964895
2.488,0.3885561609182523,-0.013143718778372946,1.7209040006721776,0.18085733338572985,0.06927504897204803,0.278665066579024,0.44391367,0.19490367,1.910931,0.00022681057478468603,-0.0027506184574863646,-0.0061464354549762845
2.499,0.390175592994969,-0.012501760304170136,1.723412902751602,0.17982134176632839,0.07156751824178263,0.2787951633405309,0.44641617,0.19926098,1.9141574,0.00022456147729066345,-0.002857809908877851,-0.006152051000604786
2.507,0.3919721849926852,-0.011782801345191643,1.7262010585029102,0.17952516315968084,0.07216456432184003,0.2788237202895847,0.44861853,0.19987795,1.9176959,0.000222936713451638,-0.002932944671063087,-0.006155223442023683
2.517,0.3937657646339669,-0.011057869366441837,1.7289895437841545,0.17921983108220893,0.07276225577140834,0.27887364434171186,0.4499277,0.1994801,1.9202914,0.00022088087528082667,-0.0030207479440349516,-0.006170727951665178
2.527,0.3955562444831401,-0.010326951507750986,1.731778461536419,0.17890622452133376,0.07336183834260991,0.27889989191682296,0.4520572,0.20007567,1.9218178,0.0002187630232484139,-0.003098657331090937,-0.0062093955116298005
2.5380000000000003,0.3973435472932943,-0.009590017010310611,1.73456752787515,0.17858530071387163,0.07396550410203968,0.27891003138657783,0.4550448,0.20036997,1.9247543,0.00021639106868676095,-0.0031733938093356784,-0.006268245305939502
2.547,0.39912760501200983,-0.008847018171105886,1.7373565645478883,0.1782579844524909,0.07457422330983121,0.27889449829337204,0.45618862,0.2017386,1.9255522,0.00021446650456802274,-0.003227596047866932,-0.006313769379376666
2.558,0.40090835803741587,-0.008097906950039188,1.740145274003255,0.17792507442872382,0.07518723513247468,0.27883888280963537,0.45622656,0.20343862,1.9301469,0.0002121992846939591,-0.0032857665499359534,-0.006347102720937414
2.569,0.402863309042447,-0.007266790242672037,1.743211555033864,0.17849593566405364,0.07405470629423619,0.2785569901793393,0.45968083,0.2048351,1.9345449,0.00021005771297044618,-0.0033379828873369988,-0.0063475215057273715
2.578,0.40445975179892835,-0.006581252650078229,1.7457188746965762,0.1772452529993956,0.0764165005364947,0.27852602208747534,0.46207482,0.20595458,1.9391887,0.00020838945281909105,-0.0033808970446367326,-0.006326929761858224
2.589,0.40640716413932126,-0.005736629449603452,1.7487815515836262,0.1778315615240124,0.07529819366524311,0.2782154108363492,0.46458742,0.2072587,1.9427273,0.00020642313148933056,-0.0034343724272858367,-0.006285519989061683
2.599,0.4079973548947608,-0.00504008481301667,1.75128596678045,0.17654680202621137,0.07763682320166065,0.27821224429065455,0.4659767,0.20947519,1.9447129,0.00020467709425098235,-0.003480681862694901,-0.006240648654424419
2.607,0.40976086729907946,-0.0042603903498055345,1.7540674637246108,0.1761906040120353,0.07824091216692283,0.27809844952219326,0.46859133,0.21058056,1.9482949,0.0002032918128094252,-0.0035134303998192173,-0.006204574146531527
2.618,0.4115207958070404,-0.0034746791788916515,1.756847843869852,0.17583052547224337,0.07884068587071476,0.2779890570022421,0.46979654,0.21024676,1.9512446,0.00020136958456440368,-0.0035504054068060675,-0.006163999152479782
2.627,0.4132771059361821,-0.002682990210329048,1.7596271036031526,0.17546737988696742,0.0794370142145293,0.2778736415911575,0.4699785,0.209419,1.9539553,0.0001997676574152507,-0.0035726389616965726,-0.006142165646642717
2.638,0.4152048364328945,-0.0018052598915359822,1.7626831308638824,0.17506522190604812,0.08009058205527031,0.2777902447081966,0.47187173,0.21000138,1.9563733,0.0001978144437053686,-0.0035914604440927533,-0.006117898680154887
2.648,0.4167787713173,-0.001081779036732802,1.7651831092331196,0.17473463091499186,0.08062330839991988,0.2777637546114685,0.47379908,0.21123491,1.9587014,0.0001961226088678103,-0.003606034727215768,-0.006076312683475749
2.658,0.418698420777757,-0.00019104174028788083,1.7682381490731338,0.17432915572734844,0.08126888704016419,0.27769106914659336,0.47569677,0.21404438,1.9616455,0.00019456685400598417,-0.0036226148355025245,-0.006000980223527463
2.668,0.4202657190472804,0.0005429871784492015,1.7707368018203193,0.17399611354393021,0.08178947045765206,0.27757594984857625,0.47784445,0.2153991,1.9631569,0.00019315321688573306,-0.003642969794436901,-0.005890753886490074
2.678,0.42200363567751503,0.0013640153043387102,1.7735119886121766,0.17362405155504979,0.0823573621066193,0.27747463660374083,0.48060802,0.21896218,1.9678929,0.00019181868465523166,-0.003665831951760623,-0.0057632278269430515
2.689,0.4237378195801716,0.002190653800140608,1.7762861696291483,0.17324977432298658,0.08291276732257516,0.2773762597220298,0.48285937,0.21992645,1.9728184,0.00019033760112208142,-0.003689778133105115,-0.005631229499076795
2.699,0.4254682482261282,0.0030227825713842918,1.779059607381241,0.1728733053455617,0.08345689142943055,0.27731626572053203,0.48510942,0.2195198,1.9744747,0.00018887729354410965,-0.0037053957558450534,-0.00554550482941174
2.707,0.42719490369858165,0.0038603039258449543,1.7818324144281013,0.17249542825374325,0.08399274339459512,0.277246912664753,0.48636377,0.21865182,1.9792733,0.00018760680482099445,-0.003711164705273884,-0.005506403552569594
2.718,0.42908985559683394,0.004787734583750065,1.7848817983982834,0.17312321811815598,0.08302372147825351,0.27703417299188166,0.48791292,0.21923718,1.9833324,0.00018576869575248622,-0.0037072437055343244,-0.005479957811225233
2.7279999999999998,0.43063686422193287,0.005551316974583109,1.7873770459481229,0.17173859320202906,0.08505428484677975,0.2772853185619276,0.49062946,0.22021274,1.9852828,0.00018412694504732485,-0.0036929383170263286,-0.005451171870616278
2.737,0.43235217545521015,0.006404761147460765,1.7901505217305642,0.17136167165445804,0.08558108639754021,0.277395641023401,0.4904704,0.22219524,1.9888399,0.0001827565650494023,-0.003674256571924328,-0.0053989341370881405
2.747,0.43406372994414316,0.007263439159110662,1.7929248410147305,0.17098709319992392,0.08610109538729539,0.2774588687511368,0.494669,0.22344491,1.9906867,0.00018138275365231493,-0.003649139600773399,-0.005303098151478558
2.757,0.4357715524046852,0.00812726358015924,1.7956998074637187,0.17061502712356677,0.08661086445807635,0.2775297955591301,0.49558425,0.22368489,1.9918866,0.00018012972574155128,-0.003622656792920509,-0.005176523312240278
2.767,0.43747566897642387,0.008996115951494858,1.798475424007445,0.17024571020335852,0.08710762199583354,0.27757862711907705,0.49752378,0.22635576,1.9941365,0.00017893821262937593,-0.003594317050344742,-0.005034992915692982
2.777,0.4393459523500316,0.00995749465991437,1.8015287205778345,0.17084890276013567,0.08624462417431296,0.2773830163580513,0.4994371,0.22902511,1.997238,0.00017776293370808105,-0.0035639580620570044,-0.0048907585339925674
2.7880000000000003,0.44087290454116823,0.010748344300648218,1.8040266209975597,0.1695163972257551,0.08805835546457301,0.27752785470380786,0.50019324,0.23113778,2.0026202,0.00017641735903417555,-0.0035286134449385997,-0.0047489120004975405
2.799,0.442566086754949,0.011631445542504846,1.8068016170862948,0.16915659180274165,0.08851449494410808,0.2774707839179507,0.50367194,0.2314448,2.0065522,0.00017493951273817032,-0.0034915770022907466,-0.004646876644439857
2.81,0.4444244540815037,0.012608063025702998,1.809853381316952,0.16974238451886323,0.08769755027195617,0.27722384441803294,0.5057277,0.23427276,2.0101628,0.0001732992924381449,-0.0034546930804877363,-0.004594316527420261
2.82,0.44594174506599715,0.013411113561929035,1.8123499123427649,0.16844684646649163,0.08940473663094402,0.2773889857909454,0.5070461,0.23513745,2.0112407,0.00017170926896881156,-0.0034197002079925376,-0.004578496183013314
2.827,0.44762428588130837,0.014307588248055555,1.815123867864829,0.1680969094012418,0.08984596803564388,0.27739986557322804,0.5099614,0.23764193,2.013532,0.00017056284793159904,-0.0033930148907481694,-0.004579342185926372
2.838,0.4493033482694993,0.01520847455882002,1.8178978389274154,0.16775084652672936,0.09028729200412683,0.2773926572054033,0.51269656,0.23942025,2.0176344,0.00016873392847838176,-0.003346575487496395,-0.004592638397824977
2.847,0.45114634867488695,0.01620455442838549,1.8209490013600986,0.16830816727195744,0.08946654798186214,0.2772274580684862,0.51566046,0.23988044,2.0208547,0.00016722080337849832,-0.003302771349472877,-0.004612230291737518
2.857,0.4526512079134622,0.017023523670600397,1.823445247402529,0.1670723217105908,0.0911748183980075,0.2773617185589834,0.51636434,0.24170536,2.0242522,0.00016552503755740133,-0.0032446698838226595,-0.004642622326525014
2.868,0.4543201059813836,0.017937733751546676,1.8262189567074818,0.1667414738304978,0.09162291608387274,0.2773785405325965,0.51720446,0.24341087,2.0269694,0.00016367062879130145,-0.0031663468860729793,-0.004678281936687512
2.878,0.45615211988929993,0.01894856191426468,1.8292703637766865,0.1672616371239656,0.09078713556352816,0.2773400561502907,0.51929826,0.24565318,2.0308037,0.00016201565211737545,-0.0030851788614985054,-0.004706173926395607
2.887,0.45764816806084996,0.019779680006929864,1.8317676036632853,0.16610195158802976,0.09252833210606258,0.2775113633332948,0.51930344,0.2463243,2.0325956,0.0,0.0,0.0
2.9,0.459473252942505,0.020800503029317366,1.8348209637150932,0.16576401885687145,0.09303066826601722,0.2776359896370707,0.52035105,0.2477621,2.0351834,0.0001584466780171212,-0.002903079892411231,-0.004760623947914766
2.909,0.46112924310060466,0.021733333686032,1.8375979587479783,0.16627410323694158,0.09213594124959648,0.2777164121632869,0.5215819,0.24774988,2.0389833,0.00015699958629689093,-0.002837086192836402,-0.004784915211031304
2.918,0.46261711176294884,0.022576818767958397,1.8400980342219075,0.16520240041316775,0.09390535406854489,0.2778142136741476,0.52427125,0.24952689,2.0413742,0.0001555674624782455,-0.0027805589411507015,-0.00480759675628839
2.928,0.46426755689686017,0.023518421498201908,1.8428766023712533,0.16491614407076627,0.0943691533304497,0.27789481078250206,0.52611816,0.25078997,2.045019,0.0001540127366892463,-0.0027289992729189194,-0.004823829792378831
2.939,0.4660797740199448,0.024559552284404606,1.8459341124762023,0.16460687712299113,0.09488097471992622,0.27800998739648336,0.52765363,0.25292814,2.0473454,0.0001523574340200895,-0.002681099195227521,-0.004826469414524581
2.948,0.4675599871829046,0.025415575814723885,1.848436766595365,0.16435763396939,0.09529983529799356,0.2781192473340621,0.52998316,0.2538686,2.0514028,0.00015104254462627864,-0.0026437307575188917,-0.004817697290359746
2.958,0.4692020585563675,0.02637112919663406,1.85121858883998,0.16408462208032365,0.09576418432218851,0.2782367086382014,0.5315859,0.2541728,2.0550663,0.00014960657862594928,-0.002600144803309945,-0.004802404363164925
2.967,0.47100521256499256,0.02742759150546928,1.8542800870765086,0.16451704615324725,0.09491436926180082,0.27842529777878655,0.5349148,0.25563776,2.0579813,0.00014832510743012506,-0.0025558961165854654,-0.004788041379308439
2.977,0.47264165385312745,0.02839286223657728,1.8570648371193237,0.16352611942068312,0.09673449521470316,0.27855539901277115,0.5348776,0.25525057,2.0633833,0.00014691795915311445,-0.0024990331395469134,-0.0047696596792485835
2.987,0.47411222569512285,0.029265541417069926,1.8595726736024432,0.16329422420041778,0.09714800910551268,0.2787301068819019,0.53578955,0.25638258,2.0662057,0.00014553531564054367,-0.0024320259527721433,-0.004745804272909382
2.998,0.4759067975937598,0.03033718998099383,1.8626405280788925,0.1636927108149986,0.09631139593026705,0.2791221093366248,0.53818774,0.25825873,2.065607,0.0001440691747207623,-0.0023504758975301243,-0.004701574012813126
3.009,0.47737285849341066,0.03121808938750125,1.8651536030594584,0.16279860346431815,0.0980585202001734,0.27937488247884484,0.5396002,0.25989267,2.0674047,0.00014267499629649905,-0.0022691827384084817,-0.0046303952952051475
3.02,0.4791620742716698,0.03229968532725269,1.8682288154565,0.16317386399169387,0.09724562161462427,0.27979523375090737,0.54216135,0.26318792,2.0693448,0.00014133252096826254,-0.002193691701420697,-0.004539110980998018
3.028,0.48062388314300336,0.03318860110436049,1.8707472846173423,0.16233180950234738,0.09894279935183396,0.279916252017251,0.5431552,0.26601753,2.0730305,0.00014036791421290218,-0.002143944362733574,-0.004468996089289412
3.037,0.4822459656497611,0.03418039694648358,1.8735476283808132,0.16210801239798647,0.09937212485555585,0.2801370101490459,0.54457986,0.2673258,2.0744271,0.00013926348392789833,-0.002092360559240447,-0.00440116318243966
3.047,0.4840277091431708,0.03527628386616328,1.876630712589838,0.16186825417622608,0.09983679065809857,0.280387783965402,0.54726106,0.26708788,2.0780292,0.00013796761022000226,-0.002038083455740747,-0.004362308106944823
3.057,0.4854835641033792,0.0361767030007084,1.8791548529278084,0.161677029555285,0.10021435300614834,0.2805094789152159,0.5496587,0.2672069,2.0812268,0.00013658574177899396,-0.001985550599361119,-0.004371294729489605
3.068,0.4870991884944084,0.037181161220611804,1.881960719604985,0.16146944082650602,0.10063580285281332,0.2806612672321189,0.55090797,0.26812118,2.083539,0.0001350075699608766,-0.001926294525037342,-0.004419316635516424
3.079,0.4887127655927124,0.038189859009536455,1.8847684687641926,0.16126713416956961,0.10106194687753478,0.28087024502866226,0.55451965,0.27005073,2.0861106,0.00013344709110274522,-0.0018608994448152671,-0.004468929529517496
3.089,0.4903243518236577,0.03920284215457702,1.8875782318703342,0.16107078422045273,0.10149214849100241,0.28105383755140523,0.5570826,0.27135837,2.0886793,0.00013209240158307267,-0.0017960747232006469,-0.0044888160864555715
3.099,0.49209487264593627,0.04032210426421098,1.8906705496914653,0.1613673934760669,0.1006840121724017,0.28133204797984607,0.5597288,0.27424234,2.0922775,0.00013080772733076174,-0.001725044599188763,-0.004476916487547555
3.107,0.4937024902081928,0.04134413816572818,1.8934823241466996,0.16068052675602038,0.10239647440034894,0.28119125082215907,0.56210893,0.27665302,2.0958743,0.00012982115888515722,-0.0016624488921985758,-0.004447533326739972
3.117,0.49514782499402793,0.042267626241186344,1.896013305814932,0.16052352083075286,0.10277992202495821,0.2812520691334922,0.5639888,0.27701658,2.0984597,0.00012861011289544422,-0.0015756005667029171,-0.0044010683959117
3.127,0.4969124800660963,0.04340099384989823,1.899107795621574,0.16077363667138364,0.10199344991786771,0.2815758457584762,0.56469893,0.27913806,2.102086,0.00012738857092031708,-0.0014784339831255267,-0.004365263421309606
3.137,0.4983548445107947,0.044332074566671785,1.9016404320231872,0.1602010781401809,0.10362077272436844,0.2814351977020468,0.5660222,0.28040516,2.1040807,0.00012614441166824975,-0.0013725962420236826,-0.004350599417035639
3.147,0.500116085699967,0.04547466187423633,1.9047368562387954,0.16041327098996427,0.10283275663758094,0.2817900045571902,0.56867236,0.2833069,2.1073284,0.00012488003904564948,-0.0012631351212193387,-0.004359496648344674
3.158,0.5015558451937765,0.04641327391676025,1.9072711720054385,0.15992016342614138,0.10445815913359137,0.28162552515422173,0.5711758,0.28418624,2.1099648,0.00012347862475969862,-0.0011454134936301763,-0.004391695670191709
3.167,0.5031543529805822,0.0474601751824721,1.9100877256035158,0.1597955444282956,0.104880502716634,0.28167462203342236,0.5737733,0.28584412,2.1151247,0.0001223299723598359,-0.001053346549817924,-0.004433318944379039
3.179,0.5049113397575643,0.04861667507905696,1.913186416604139,0.15995466151216425,0.10406699456769343,0.2820453513370127,0.5762273,0.2886683,2.116304,0.00012080895322519325,-0.0009350554054039506,-0.004501116361858237
3.19,0.5065074588629868,0.049672559916010404,1.9160042353802185,0.159822857859032,0.10448383543571585,0.282164773752693,0.57852525,0.29063842,2.1170654,0.00011943764721156214,-0.0008263281745888307,-0.004563962516292541
3.2,0.5081025906627938,0.0507328087872491,1.9188228825889495,0.1594715554824294,0.1062227596803365,0.281885435943986,0.58157766,0.2909109,2.1227832,0.00011821122147637197,-0.000724699016836805,-0.0046197541063506264
3.207,0.509696834354244,0.05179747352132541,1.9216417190178123,0.15958655205516054,0.10533496242410727,0.28226378131876895,0.58621895,0.2932062,2.1244388,0.00011736289999397798,-0.000651339792086425,-0.004659562605359824
3.218,0.5112902920898867,0.0528666083559213,1.9244605996502817,0.15948156098647867,0.10576869505433889,0.2823276440544654,0.5864959,0.29493892,2.1269436,0.0001160485917814924,-0.0005285430346004816,-0.004721536527320325
3.228,0.5127238212228872,0.05383269927715239,1.9269981027659038,0.15925653790544508,0.10752575426400439,0.28196293170868114,0.586112,0.29529822,2.1300447,0.00011487437912727216,-0.00040272858878331874,-0.004777852918545378
3.237,0.5144752949390842,0.05501851483028225,1.9300999527938245,0.15920092522651555,0.10803219457026482,0.28201635872672315,0.5888526,0.29715165,2.1324298,0.00011372053628200263,-0.00026528264210412544,-0.004834302173774674
3.247,0.5160670930169335,0.05610139745085201,1.9329207085755908,0.15916459467305735,0.10849854293181764,0.28212428915139026,0.58883697,0.29915813,2.1348865,0.00011258776255296254,-0.0001253925370514608,-0.004884936546593721
3.258,0.5176586031182611,0.05718896955953946,1.9357424196165078,0.15914191261502156,0.10896947041076654,0.2822062369042959,0.591192,0.30096364,2.137113,0.0001114730836713207,9.68565719938752e-06,-0.004926337309111517
3.269,0.5192499587244301,0.05828127207917813,1.9385648393543986,0.15911315754301766,0.10802686151989906,0.2828195014810407,0.59088343,0.30119127,2.1400676,0.00011026301821104312,0.000144854647526671,-0.004963396712318158
3.278,0.5206821490826282,0.059268415131324956,1.9411051712902756,0.15913361932973477,0.10987364377666385,0.2822457353402503,0.5923109,0.3024997,2.1428447,0.00010928340947735649,0.00024222146776153863,-0.00499001426972967
3.288,0.5222735400244699,0.060369787818267004,1.9439272760109623,0.15914501914964807,0.110353307750692,0.28217509372631167,0.5926284,0.30247852,2.1456783,0.000108203855688771,0.0003347502336743524,-0.0050131362296657045
3.298,0.5238650947594746,0.0614759682229106,1.9467484565632145,0.15916522572096176,0.11083486033661229,0.28206871376542886,0.59357035,0.30504984,2.14908,0.00010713033540366013,0.0004108271550968823,-0.0050245165213169685
3.308,0.5256160882690346,0.06269833522165454,1.9498505050635897,0.15907726426374566,0.10993171315744284,0.28258118989435094,0.5935885,0.30631846,2.1512,0.00010605801566399009,0.0004716943289921893,-0.005016970818367383
3.317,0.5270489973760694,0.0637027906584763,1.9523875858482638,0.15922583446576796,0.11179849977202075,0.28185311126169665,0.5953929,0.3091088,2.1542554,0.00010509293550686749,0.0005148249769817426,-0.004995358965977914
3.327,0.5286414594451968,0.0648234106470186,1.9552054571470783,0.15926344496409756,0.11227712172455515,0.2817364455960435,0.5967884,0.31042075,2.1558685,0.00010402313115509543,0.0005504276665191377,-0.004961295687293088
3.337,0.5303936247456689,0.06606159903745032,1.9583039853274988,0.15915817466065688,0.11139296290622187,0.282285407029795,0.597711,0.31175122,2.1572967,0.0001029632858475793,0.0005753943613528989,-0.004929551469606608
3.348,0.5318275942842204,0.06707892409557589,1.9608382251143717,0.1593473295172115,0.11322482200458944,0.2815268221418916,0.600601,0.31237498,2.1598303,0.00010181687022114971,0.0005942539450889406,-0.00490918306207444
3.359,0.5334213117279324,0.0682137606150987,1.9636524925969139,0.15939190584309443,0.11369527060540024,0.2813404098833633,0.60252243,0.31497994,2.163424,0.00010069246792987485,0.0006064513409786976,-0.004904887549679771
3.3689999999999998,0.5350154809837001,0.06935329847932413,1.966464807398258,0.15943753332295266,0.11416528879347551,0.2811400549170547,0.6053391,0.31462902,2.1660874,9.968514929070693e-05,0.0006157255737422318,-0.004906390398270233
3.377,0.5366101114928544,0.07049753660542724,1.9692750468640536,0.1594840707663228,0.11463534291670958,0.2809256669103099,0.60426545,0.3167636,2.1703577,9.888759744391962e-05,0.0006242855624285504,-0.004907796300087419
3.387,0.5382052132313264,0.07164647588775873,1.972083182559961,0.15953173161149706,0.11510546684002751,0.28072629141189526,0.60623354,0.31832162,2.1738663,9.789620658384734e-05,0.000638947211074381,-0.004901583712769053
3.3970000000000002,0.5398007997170007,0.07280011313971838,1.974889538415107,0.15958091859860157,0.11557480707679797,0.280566749731685,0.6096241,0.31855446,2.175911,9.680858414107263e-05,0.0006573243297429698,-0.00487898277113441
3.407,0.5413968870774746,0.07395843280664995,1.9776944350255607,0.15963173072876274,0.11604193365843032,0.2804287540142317,0.61070627,0.32024723,2.178398,9.592006297332034e-05,0.000671036422797755,-0.004848100500682406
3.417,0.5429934906847296,0.0751214044907423,1.9804979366675737,0.15968398720096436,0.1165053018212584,0.2802818532312754,0.6105586,0.321997,2.1816087,9.493218350264954e-05,0.0006847623877810349,-0.004798238879024197
3.427,0.5445906240946534,0.07628898128699291,1.9832998337379173,0.15973755016323002,0.11696327056898373,0.2801167457012671,0.6101672,0.32338518,2.1841161,9.39441463074786e-05,0.0006973118444770776,-0.00473353784138375
3.438,0.5461882997583721,0.07746110298027203,1.986100234242746,0.1597922706361607,0.11741479585974081,0.2799846384730315,0.6127836,0.32728612,2.185519,9.286236250005686e-05,0.0007053913166963355,-0.004653946432904732
3.447,0.5477865263942009,0.07863770174526832,1.988899531200613,0.15984753483159064,0.1178593278664308,0.27988774143958167,0.6140312,0.32836342,2.189645,9.198589060233076e-05,0.0007020846198715347,-0.00458887700076005
3.458,0.5493853033443854,0.07981870749798,1.9916979220166093,0.1599021811748082,0.11829699795310122,0.2797952150567148,0.61569655,0.32998028,2.192792,9.093709664753646e-05,0.0006841740979552924,-0.004525793472264894
3.468,0.550984617562743,0.08100405871709906,1.9944952048777602,0.15995499104764038,0.11872932770911142,0.2796685831564821,0.61580014,0.3317831,2.19653,9.001148698217776e-05,0.0006570284176508068,-0.004494096518042667
3.4779999999999998,0.5525844452729103,0.08219371574718919,1.9972911793644748,0.1600050276439882,0.11915885569658483,0.2795375313982857,0.6182804,0.33226818,2.1993864,8.911037934211663e-05,0.0006228944274564441,-0.004485868509243929
3.487,0.5541847549715474,0.08338766338320978,2.0000858594627875,0.16005164279352077,0.11958785323888156,0.2794161146073441,0.61976945,0.3335295,2.2025826,8.831545104825977e-05,0.0005875327038928901,-0.0044928510810029465
3.497,0.5557855097210443,0.08458590613178234,2.0028795941381796,0.16009436398591922,0.1200179125823273,0.27934666410817754,0.62141544,0.33356744,2.2036326,8.744205361210788e-05,0.0005454187467508476,-0.004503739256349171
3.508,0.5573866690697775,0.08578845563887294,2.005672853629689,0.16013296301449703,0.12044895770699446,0.27931090954884347,0.6235126,0.33412182,2.2072885,8.648544607758879e-05,0.0004993981010819049,-0.004502602400856759
3.518,0.5589881918808662,0.08699531398547468,2.0084657187567845,0.1601674876674289,0.12087936065825314,0.2792619595921005,0.6241914,0.33527806,2.2086434,8.561446584565147e-05,0.0004594456139495051,-0.004474099699699252
3.527,0.560750239317074,0.08832780863719213,2.0115371274318443,0.16009116504366702,0.12009853131044265,0.27977691337783694,0.6249294,0.33514994,2.2111595,8.482808125798158e-05,0.00042524657796949583,-0.004417007667745665
3.537,0.5621921705125634,0.08942183854721267,2.01404913993361,0.16022502196455957,0.12172597574602831,0.27905998440966095,0.6269281,0.3365226,2.214711,8.39537625569875e-05,0.0003877812807515646,-0.004317331705579797
3.547,0.5637945514159632,0.09064135776660713,2.0168389647065452,0.16024821121224558,0.12213492044110265,0.2789203082454397,0.6280626,0.33743003,2.2157679,8.299568988512362e-05,0.00034380148065604743,-0.004166576402091948
3.558,0.565397142576085,0.09186489188333666,2.019627437706392,0.16026740992346553,0.12252984870247426,0.2787851038023597,0.6294965,0.33849257,2.2199044,8.213423852776458e-05,0.0002994576958075257,-0.004001117088600736
3.568,0.5669999017942864,0.09309228574454677,2.0224144434147324,0.16028218617361936,0.12290822046559981,0.27863055788007235,0.633248,0.3405701,2.22464,8.128782804917023e-05,0.00024997990768271805,-0.003820503523421337
3.58,0.5687630749045761,0.09444667028164035,2.0254784459435737,0.16029275043870103,0.12330397024453837,0.2784873544307427,0.63755435,0.3423431,2.2283013,8.02977630733892e-05,0.00018560258933320029,-0.0036006611766872254
3.589,0.5702057324401466,0.09555795593640155,2.027984514464566,0.1602966779317241,0.1236118647254658,0.2784276692601122,0.63692844,0.34222174,2.2300315,7.957464220265109e-05,0.00013920159955116418,-0.003445487372715661
3.597,0.5719689970157636,0.09691985285188875,2.031047271852105,0.16027551027922873,0.1230280872511408,0.2788669463743389,0.6388671,0.3451686,2.2297242,7.894402895658459e-05,0.00010450107464343716,-0.0033198463805419465
3.608,0.5734116424306023,0.0980369882255686,2.033553156439165,0.1602918456484159,0.12424933795940421,0.2784209657279635,0.6415678,0.3474024,2.2313833,7.809069366437882e-05,6.811500731096487e-05,-0.003164739893234625
3.617,0.5750145216780187,0.09928112788867662,2.0363369614678124,0.16028432107802504,0.12454674699110364,0.27833684225674316,0.64422035,0.34806547,2.2336352,7.740145752688221e-05,4.567982250680558e-05,-0.003055238593525189
3.628,0.5766173123924333,0.10052817533947554,2.039119495780668,0.16027447092313088,0.12483242579847521,0.2781734062895994,0.64566207,0.34899673,2.2368793,7.65676940170934e-05,2.461536375530926e-05,-0.0029467496281849748
3.637,0.5783802560824185,0.10190316161503479,2.042177910646939,0.16026161862045027,0.12513585274860267,0.27791741235087486,0.6493145,0.35150868,2.241222,7.589159186682792e-05,1.2012535684391423e-05,-0.002876216791316999
3.6470000000000002,0.5798225529513402,0.10303059621176373,2.044678087926887,0.16024994656936747,0.12537743530289133,0.27770821866224243,0.64942986,0.35334894,2.244976,7.514655908025247e-05,1.6621429850260938e-06,-0.0028081181304164815
3.657,0.5814249770470274,0.10428581839347807,2.047453988124219,0.1602361494380684,0.12563976069265287,0.27749585526836656,0.65091735,0.3544031,2.2464004,7.440824960358583e-05,-3.369221298843428e-06,-0.002747213184694175
3.668,0.5830272606813448,0.10554363176086005,2.050227925697152,0.16022196344174205,0.1258963578549474,0.27731204274197063,0.6511427,0.35522732,2.247926,7.360362554997835e-05,-5.002667697873164e-06,-0.002688173749631595
3.678,0.5846294016592017,0.1068039822324473,2.0530000318396695,0.16020764462238876,0.12614777709216993,0.2771269801934761,0.6521106,0.3561476,2.24938,7.287900696617555e-05,-7.110709977276031e-06,-0.002638285113491179
3.6879999999999997,0.5863915897785528,0.1081932383121839,2.0560471581298234,0.16020422052002853,0.12568760826685715,0.27723357929176523,0.6542597,0.35767037,2.2513258,7.216131211862375e-05,-1.528121318861153e-05,-0.0025852989201009535
3.698,0.5878332443671035,0.10933209234849772,2.058538224912009,0.16017750543174866,0.12663522514643508,0.27667851998992926,0.6536761,0.36177337,2.2555122,7.145148543763469e-05,-3.346511702329025e-05,-0.0025239254660025523
3.708,0.5894349253868473,0.11059974087725617,2.0613033129991094,0.16016004105543297,0.1268699308882542,0.27637284876779405,0.654786,0.36237517,2.257863,7.075065908246359e-05,-6.226234001260877e-05,-0.0024558200329956037
3.717,0.5910364162365082,0.11186970064518971,2.0640655805354706,0.1601395896280488,0.12709815629377333,0.276103884972668,0.65741944,0.36270553,2.2580867,7.012680357121326e-05,-9.827231102477185e-05,-0.002402177669772243
3.727,0.5926376807680251,0.1131419106415686,2.0668249730597803,0.16011499422507675,0.12732080151927205,0.27580150634712863,0.6587524,0.36577418,2.2583432,6.943976411299957e-05,-0.0001493764107283191,-0.0023590297818714134
3.738,0.5942386715013456,0.11441632419580458,2.0695811613768855,0.16008521342886767,0.1275395013687262,0.27546042430731543,0.6593976,0.3650208,2.2610939,6.869026192379835e-05,-0.00021368497877638504,-0.002329068838086812
3.748,0.5959993788979402,0.1158206865527344,2.072608446151598,0.1601267639780795,0.127128087863936,0.27523669280557755,0.66167504,0.36845234,2.2623377,6.801235763198576e-05,-0.0002750130903317327,-0.002318204842989502
3.758,0.5975996102933574,0.11709964123656298,2.0753556732600527,0.16010155902800136,0.12734600464526835,0.2747454042556185,0.66331,0.36890706,2.2636302,6.733946069026331e-05,-0.0003374337289661078,-0.002312021951959231
3.767,0.5991993872406001,0.11838074122001076,2.07809764349746,0.15995552221599718,0.12820630048275464,0.27393256496850577,0.66378134,0.3705715,2.2654397,6.673935560197464e-05,-0.0003933928810417875,-0.0023068017440834865
3.777,0.6007986496127085,0.11966397828332168,2.0808333728977577,0.16003238912594753,0.12777990849627463,0.2734884017355227,0.6664764,0.37120754,2.2666218,6.607934369462498e-05,-0.0004539983004971937,-0.0023004029006976623
3.787,0.6022374972120407,0.12082071195967986,2.0832894615792314,0.15984771245827098,0.12861091390213353,0.2725979748790637,0.66844773,0.3724455,2.2705245,6.542721197710932e-05,-0.0005133695287251605,-0.0022921970838645223
3.798,0.6038356211875479,0.12210798535734584,2.0860110415803748,0.15978265809128814,0.1288224138555575,0.2717924568932881,0.66991806,0.37451997,2.2736495,6.47217274920564e-05,-0.0005767191299379526,-0.00227716209942308
3.808,0.6054330640269405,0.12339736576311204,2.0887244155509914,0.15971207842710164,0.12903234431685062,0.2709605144487258,0.6710669,0.37526757,2.2754996,6.409480526059497e-05,-0.0006315136504082552,-0.0022537660681916094
3.817,0.6071894002157848,0.12481809311161811,2.0916994245466607,0.15981858526454057,0.12864813201929676,0.2702122568327099,0.6716356,0.37697983,2.2794855,6.354299707389544e-05,-0.0006787393643326034,-0.002225083744301415
3.828,0.6086256932061556,0.1259823570144463,2.0941258868624613,0.1595553135789706,0.1294440423096987,0.26927071064426383,0.6739561,0.3806172,2.282288,6.288285452704656e-05,-0.0007349137203336298,-0.0021834750164995143
3.8369999999999997,0.610220777964113,0.12727790373338715,2.0968141729792,0.15946939144537556,0.1296446366011113,0.2684817354803006,0.6745194,0.37923688,2.2849205,6.235091671413784e-05,-0.0007817590401044683,-0.002148637446277135
3.847,0.6118149752570275,0.12857543716312153,2.0994950537880706,0.15937831945862638,0.1298418444320159,0.26776897283183754,0.6765488,0.38043255,2.287795,6.175697405375047e-05,-0.0008353208115865485,-0.0021221834524229877
3.857,0.6134082329478758,0.1298749293934603,2.1021689666478114,0.1592819640987817,0.1300368249548301,0.2670877317294586,0.67822677,0.38473606,2.2896383,6.116130030964229e-05,-0.0008910159642319115,-0.002105135715470219
3.8689999999999998,0.6150004970509901,0.1311763625226141,2.1048362484949075,0.15918012007915475,0.1302301958391462,0.26644143328139686,0.6807801,0.3847031,2.2927544,6.0454876147808534e-05,-0.0009595071028769553,-0.002084648394525601
3.879,0.6167507738087603,0.13261016139374632,2.1077628706580507,0.15933526319825492,0.1298792718975309,0.26583965796717335,0.6821881,0.3869475,2.2946417,5.9865457043173365e-05,-0.0010164660660749725,-0.0020751256897115766
3.888,0.6181818229090965,0.13378498980562903,2.1101514605102922,0.15895982262105537,0.13061276312567993,0.26513362622756487,0.6839086,0.38955128,2.2959492,5.933483045694743e-05,-0.0010660557526604997,-0.0020713659291997644
3.899,0.6197707752880917,0.13509216469700625,2.1127990608110996,0.15884162397686716,0.13080313723811737,0.2644523758477238,0.6836946,0.3905686,2.2993934,5.868633616223917e-05,-0.0011226217446083098,-0.002072197615252236
3.909,0.6213585182157503,0.13640124331967704,2.1154397512238723,0.1587185007630837,0.13099363632221123,0.2637506114262731,0.68485993,0.39308253,2.3035557,5.808817066288441e-05,-0.0011696209177101125,-0.0020848879090662464
3.919,0.6231035822901098,0.1378434377701823,2.118336467127063,0.15890164505710155,0.13064283836945131,0.263085992872413,0.6872412,0.3953231,2.308946,5.7480088257122475e-05,-0.0012162083020736958,-0.0021090231485416666
3.928,0.6245301885162081,0.1390251535661641,2.120700594214856,0.1584584629797821,0.13137973804109224,0.26243015658778646,0.68807316,0.39364386,2.3109226,5.6922851861429535e-05,-0.001260968354423575,-0.002140643669699571
3.9370000000000003,0.6261140222403146,0.1403400363806845,2.123321789046468,0.15832115533799537,0.13157774125285937,0.2618824591695176,0.6905679,0.39665306,2.3129077,5.6356411839431075e-05,-0.0013083088134244747,-0.002180662536079403
3.947,0.6276964537260589,0.1416569241451431,2.1259382270298506,0.15817851851303244,0.13178026418619318,0.26146137811608167,0.6927228,0.39768767,2.314698,5.5736861632738055e-05,-0.0013625195988828942,-0.0022195177184167747
3.957,0.6292774295499529,0.14297585753654332,2.1285506555504417,0.15803057376383156,0.13198626806249464,0.26106538188556744,0.6936209,0.39812613,2.3176608,5.514115686722221e-05,-0.001415605086363847,-0.002244075305824822
3.967,0.630856897795114,0.144296863169174,2.131159080534331,0.15787757906072758,0.13219426558186598,0.26065716574693876,0.69556105,0.4003294,2.3210747,5.4572933493091114e-05,-0.0014640582591280982,-0.0022535269223116217
3.977,0.6324348105509492,0.14561995266072109,2.13376335901443,0.15772001137066846,0.13240272955519017,0.2602435617423567,0.69636154,0.39905357,2.3235838,5.403816298077402e-05,-0.0015071054470627843,-0.0022451861713710386
3.988,0.6340111246387259,0.14694512167192564,2.136363643208855,0.15755833383885395,0.13261002724894827,0.2598574755496834,0.697498,0.40023398,2.3247678,5.348692256834653e-05,-0.0015490070938115608,-0.002217565807299593
3.997,0.6355858012876595,0.14827234997715638,2.1389602876033806,0.15739295509524323,0.1328145438218677,0.2595072293622696,0.69951284,0.40143943,2.3270042,5.307443441804338e-05,-0.0015810685029107319,-0.002175028513487831
4.008,0.6371588051150997,0.14960159711620924,2.1415533917136234,0.1572241226833195,0.13301388131203765,0.25914839371988013,0.7010688,0.40515888,2.3305297,5.262660387650442e-05,-0.001620630145966473,-0.002093989949806918
4.019,0.638887135763029,0.15106602145315495,2.1444016151269683,0.15703432505154483,0.13322421946415564,0.258761487694754,0.7038047,0.40716168,2.3319588,5.222964981754785e-05,-0.0016614930142280215,-0.001989003947834078
4.027,0.64029965352497,0.1522658641450279,2.1467292378898977,0.1568756433411411,0.13338802776234052,0.25852002234419497,0.7054058,0.40781876,2.3360488,5.194665721131031e-05,-0.001691782180214929,-0.0019134396420597
4.037,0.641867423899174,0.15360070582372026,2.149313063813562,0.15669581998217946,0.1335616183935762,0.258269230132049,0.7073416,0.40768862,2.3391645,5.1567921545370154e-05,-0.001728093765898553,-0.0018376316402548554
4.047,0.6434333768980788,0.1549372439519098,2.15189434228116,0.15651257256239318,0.13372842306804783,0.25801183833913893,0.70872134,0.4099449,2.341637,5.1149917263515476e-05,-0.0017599457045123224,-0.0017876692080616152
4.059,0.6451537878236697,0.15640933140343916,2.154731047727222,0.15677415051922286,0.1334460822132724,0.25773603827873487,0.7091904,0.41026956,2.3460505,5.062068666461528e-05,-0.0017897481959820993,-0.0017468035085457245
4.067,0.6465597074192188,0.15761521102713366,2.1570501708638368,0.15613766524823613,0.1340500503110621,0.25760271114756816,0.71069574,0.41273087,2.3483825,5.0265769019119944e-05,-0.0018045442147531787,-0.001722747036618344
4.077,0.6482759658306533,0.15909079512309446,2.159882848367905,0.15640315688115466,0.1337787618283546,0.25739595224159645,0.7119017,0.41476598,2.3533711,4.979929976300923e-05,-0.001822062352164977,-0.001680553171269139
4.087,0.6498341901461651,0.16043385077791528,2.162456832719533,0.1562148338256497,0.13394321334374307,0.25730072274262467,0.71326786,0.41816628,2.3561673,4.944057900679866e-05,-0.001836841460510108,-0.0016359712033171547
4.098,0.6512349400846407,0.1616438778920297,2.1647731065985076,0.15556113219169868,0.13450602941466272,0.2573801728389204,0.71598434,0.41898948,2.3584254,4.900865697976542e-05,-0.0018571997700522758,-0.0015808933679535286
4.109,0.6527894752221127,0.16298972782481053,2.1673474783176734,0.15536515851642257,0.13464902003158222,0.257488943679696,0.71758926,0.42224514,2.3583877,4.854229617201611e-05,-0.0018800001424139623,-0.0015469836518811064
4.119,0.6543420394122264,0.1643369905151974,2.1699230294522778,0.15516715174642923,0.13478921849301068,0.2576058939440275,0.71937597,0.42677462,2.3608258,4.80746177586866e-05,-0.0019003464177878016,-0.0015412513948529494
4.128,0.6560475601547061,0.16582059344793876,2.1727572435462217,0.15494716228660196,0.13494299914293298,0.25769500800200373,0.72018415,0.4285673,2.36294,4.760685610172288e-05,-0.0019165975008275105,-0.0015618325769777286
4.138,0.6574411778667182,0.16703571929546784,2.1750768820874837,0.15476563733628312,0.13507135806130136,0.25776773722561175,0.7222929,0.42994127,2.3653133,4.700628766229897e-05,-0.0019312034718597104,-0.0016274411621655105
4.147,0.6589877192539072,0.16838724735649066,2.1776547952058047,0.15456274390819089,0.13522089064060971,0.2578050705134175,0.7213516,0.43128172,2.3694105,4.6382478879003486e-05,-0.0019415409011145357,-0.0017298258327258509
4.157,0.6605322256972828,0.16974033304454667,2.1802330755534127,0.15435876898259965,0.13538243703105593,0.2578571557217656,0.72155154,0.4327963,2.3727105,4.561608842390541e-05,-0.001950699521522381,-0.0018817182293826562
4.167,0.6622288197279067,0.1712306963571388,2.183070342033487,0.15464530171050764,0.13504592840289498,0.25798442100496777,0.72187316,0.4366256,2.373514,4.4814144064986294e-05,-0.0019619310709169113,-0.002052442616301775
4.177,0.663615089912459,0.1724517676286317,2.1853933136857844,0.15394731524333366,0.13575364350727775,0.258185123957372,0.72424006,0.43665904,2.375163,4.401854197855215e-05,-0.0019811131174685137,-0.0022200383475929897
4.187,0.665153418656615,0.17381044698746406,2.18797601760314,0.15373885133023277,0.13596379582188597,0.2583308552789917,0.7261702,0.43904954,2.3775911,4.323869845723749e-05,-0.0020120591454890757,-0.002378570653885248
4.197,0.6666896461482161,0.17517131201165298,2.1905598952487035,0.1535271877848254,0.13618908157597284,0.2584325955038422,0.7298561,0.4410385,2.3792818,4.248240352033861e-05,-0.002053153942533914,-0.002523564666043754
4.209,0.6682237347993693,0.17653450701717183,2.193144700729841,0.15331138639303313,0.13642817910881483,0.2585211024218439,0.73066074,0.4427889,2.381347,4.160884758874772e-05,-0.0021080105671593685,-0.002679009821876299
4.218,0.669755640804726,0.1779001629340386,2.1957304448850574,0.15309115171966675,0.13667978951342408,0.25860795634674383,0.7317679,0.44415188,2.3841639,4.0973883528749866e-05,-0.0021452780981516817,-0.00278557091297138
4.227,0.671285323001125,0.17926839793195928,2.1983166511941703,0.1528671350720027,0.1369427122158406,0.2586179266823187,0.73118734,0.4439098,2.386644,4.035338599273075e-05,-0.002175622387638576,-0.0028860035806435036
4.237,0.6729653653250363,0.18077656520716784,2.2011611552718926,0.15319183176372617,0.13646671071380045,0.2586400242538896,0.7308761,0.44386798,2.3905785,3.9681511796452185e-05,-0.0022012638546016206,-0.002991006796019491
4.247,0.6743378892971128,0.18201303579873476,2.203488196049956,0.15241067746944553,0.13749989038185326,0.2585640925512207,0.7319236,0.4438905,2.3935416,3.904974011526008e-05,-0.0022235729750885724,-0.0030797694760851257
4.257,0.6760128784178925,0.18352745523603167,2.2063327663054393,0.15274266006546364,0.13700461591627805,0.2587196632785344,0.73537797,0.44790572,2.397736,3.849621753371224e-05,-0.0022507682256822648,-0.0031353962669182778
4.268,0.6775331428121625,0.1849072955597251,2.20891956727774,0.1525169171023773,0.13729698696092665,0.25881806631324966,0.73466873,0.4502144,2.4001904,3.801074280129768e-05,-0.0022914975389305425,-0.0031445283380362454
4.279,0.6790510341183541,0.1862901023608822,2.211507746364416,0.1522891525278108,0.13759822689754256,0.2589738391645371,0.73426074,0.4525222,2.402322,3.762026816644948e-05,-0.0023398418497038165,-0.003115705133047264
4.288,0.6804150719958931,0.1875371509347239,2.213838730529023,0.15146208672239905,0.13867822326125434,0.25908260640796305,0.7355002,0.4536751,2.4049315,3.732371655651434e-05,-0.0023843186798462312,-0.003084846604840763
4.298,0.6820795213203159,0.18906453220928893,2.21669009443011,0.15182444901751402,0.13819651164956578,0.2593776547589294,0.7362653,0.4547347,2.407525,3.69680931484595e-05,-0.0024409844432851102,-0.0030633983545778065
4.309,0.6834390818156157,0.19031681240009554,2.21902474127896,0.1509603082683286,0.1392576597019587,0.25946356439379203,0.73888505,0.45578974,2.4107397,3.651598378340282e-05,-0.0025125004240664772,-0.003065819732341879
4.317,0.6849472605664341,0.19171097741155996,2.221620066570722,0.15070031883423055,0.1395466718001431,0.25958933185057886,0.741402,0.4551755,2.4145563,3.615266251344451e-05,-0.0025698328599985665,-0.0030814415039905896
4.327,0.6866032063148392,0.19324791045003026,2.2244766969184595,0.15109644874470815,0.13905491115278645,0.2598379269604347,0.7412962,0.4556333,2.4176834,3.568888653937563e-05,-0.0026433943542159,-0.0031047879505816667
4.338,0.6879556270904958,0.1945080344995375,2.226816192724118,0.150158534033594,0.14013127689226998,0.26006560144563595,0.7428218,0.45626417,2.4175427,3.524083209427431e-05,-0.0027177225061438826,-0.003108513961760373
4.348,0.6896055203220542,0.19605141470641932,2.2296789888298614,0.14984901749511265,0.1404534820648977,0.26040043482549696,0.7450621,0.45947492,2.4211004,3.495627512251076e-05,-0.002777149459341377,-0.00306981415403218
4.357,0.6909528737746138,0.19731679631169216,2.2320236382496654,0.14959084694403305,0.14071266587978104,0.2606051802420189,0.7466757,0.4607647,2.4220889,3.4823272242689995e-05,-0.00282500963145349,-0.002994252811346243
4.367,0.6924471818554884,0.19872546811016745,2.2346310046304025,0.149299144004988,0.14099197208797137,0.26084643347694875,0.74752474,0.46148902,2.422038,3.47810079706079e-05,-0.0028723306492990375,-0.002877290777049346
4.377,0.6939385479617488,0.20013686861563815,2.2372407300731476,0.14900303475038487,0.14125927032019459,0.26106485972884225,0.74773586,0.46237266,2.424982,3.4788428381560266e-05,-0.002913739269104987,-0.0027469989813280193
4.3870000000000005,0.6954269324732897,0.20155087027367138,2.2398521388378803,0.14870327223863505,0.14151349474291233,0.2611903316419278,0.74975747,0.46426982,2.428575,3.4798605459407383e-05,-0.0029512904394999318,-0.002618834058940145
4.398,0.696912300494675,0.20296734431793023,2.2424643941899354,0.14840008151687503,0.14175515619340018,0.2612463099470457,0.75168157,0.46620497,2.4316673,0.0,0.0,0.0
4.408,0.6983946173884474,0.2043861706923276,2.2450768973941386,0.14809336791437924,0.14198530760267983,0.26124662651544195,0.7541308,0.46778458,2.432247,3.4740560169943535e-05,-0.0030321607386540883,-0.002383797494658779
4.419,0.6998738465796528,0.20580724140934242,2.247689210086005,0.14778288618620514,0.14220527297434182,0.2612134504993214,0.7561318,0.47047663,2.435441,3.464700051569736e-05,-0.0030766760355511735,-0.002284886655198548
4.428,0.7013499498893163,0.20723046239856777,2.250301007985359,0.14746858750264644,0.14241647954248174,0.26114737167029933,0.756467,0.47155184,2.438294,3.4533090779831355e-05,-0.003110935458362718,-0.0022174985578011785
4.437,0.702970008902266,0.2087983949951226,2.253173093533053,0.14794289405848107,0.1420687011520399,0.260895731820222,0.75900835,0.4728485,2.4409723,3.4377021020048915e-05,-0.003140335487572532,-0.0021646158804768945
4.447,0.7042926349579638,0.2100830548118246,2.255522052496451,0.1468298703236283,0.14281899730648281,0.26095548713116196,0.759835,0.47265273,2.4420927,3.4156359371095846e-05,-0.0031664258937729173,-0.0021217013061907153
4.458,0.7057591574890638,0.21151231806158663,2.2581311126496786,0.14650662603802,0.14301364256978288,0.2608692949916065,0.7615599,0.47606915,2.445602,3.3882404130380905e-05,-0.0031860014803717362,-0.0020852517073937094
4.467,0.7072224379938411,0.2129435098656267,2.2607394122858273,0.14618176053113663,0.1432049998871544,0.26079657131341877,0.76414406,0.47721875,2.4482102,3.367806243126381e-05,-0.0031963073711764878,-0.0020500325956263055
4.477,0.7086824642250745,0.21437659357958644,2.2633468910854773,0.14585594315897923,0.14339225834273256,0.2607061441364635,0.76382256,0.47890192,2.4498286,3.348363708788327e-05,-0.003203622298023845,-0.0020016176268242702
4.489,0.7101392291237327,0.21581152318794297,2.265953353749103,0.14552962738058156,0.14357456920660816,0.2605933654582883,0.7659563,0.48016065,2.4524484,3.32742591897528e-05,-0.003206300674561291,-0.0019372430220920833
4.498,0.7117379006454144,0.21739201576080552,2.268819056084432,0.1460105932260279,0.1432691839080898,0.2602572563108372,0.7686586,0.48073345,2.4538517,3.312069470506884e-05,-0.0032065971994965636,-0.0018885726574300321
4.508,0.7130429674336718,0.2186867108116866,2.2711623889406476,0.14487690282069401,0.14392319703591733,0.2603023456097699,0.7723326,0.48170045,2.4562974,3.295062916741642e-05,-0.003207172212594145,-0.001834986509889447
4.519,0.7144899419225307,0.22012686198018983,2.273764436148012,0.14455061984301706,0.1440895286370229,0.26012859679095146,0.77287906,0.48284394,2.4594162,3.2775794797323954e-05,-0.003204561045370369,-0.0017731891966192848
4.5280000000000005,0.7160778465820024,0.22171291250306804,2.2766248343632034,0.1450280080620791,0.14381157280378754,0.259737269515819,0.7754519,0.4837724,2.463547,3.265750862535555e-05,-0.00319428019150525,-0.0017157132217189286
4.537,0.7173741140025044,0.22301200406395003,2.27896350694737,0.14390002341941288,0.14440464002769196,0.2597755682966596,0.77577835,0.48626798,2.4672623,3.2571570290684804e-05,-0.0031748306363357237,-0.0016486274672029566
4.55,0.7188113392148191,0.22445686458290134,2.2815602854468007,0.14357770255362132,0.14455144266165662,0.259608427981776,0.77762806,0.49052924,2.4704978,3.2502757346897226e-05,-0.0031302842274900655,-0.0015344297897978976
4.557,0.7203885851725653,0.2260478496115412,2.2844153008774417,0.1432269241194723,0.14470300141715706,0.25950902934002334,0.7804987,0.49231672,2.472814,3.247514211324187e-05,-0.0031006741585142272,-0.0014695615649724658
4.569,0.7216762074187038,0.2273507622216222,2.2867509017632175,0.14294340387237114,0.144819119273769,0.25952439412792516,0.7820764,0.49550688,2.4739923,3.2372362044341685e-05,-0.0030457084261978906,-0.001375330219561377
4.579,0.7231039283399101,0.22879963041800183,2.2893464029126958,0.14263265617748058,0.14494134638747175,0.25956642401954677,0.78316677,0.49668723,2.4758663,3.216737406042114e-05,-0.0029956625723714936,-0.001335498124651835
4.587,0.7246708660550473,0.2303947686794467,2.292201682269562,0.14306915909126244,0.14472021209400082,0.259329715395885,0.78531116,0.49941593,2.4776585,3.1901120554067575e-05,-0.0029528279572517135,-0.001338106827522445
4.598,0.7259501839500394,0.2317009499076036,2.2945374065131046,0.14202686273206588,0.14517932493829572,0.2594932860264827,0.7854677,0.5009526,2.4795685,3.139217861303223e-05,-0.00289072566765336,-0.0013920615927851543
4.608,0.727368828580605,0.23315342463298222,2.297131740532621,0.14173246542454165,0.14530440396159253,0.25938074198573835,0.78776187,0.5023046,2.4830437,3.080993504411822e-05,-0.0028314268864235714,-0.0014857154824845509
4.618,0.7287845614424091,0.23460720017091877,2.2997248850420005,0.1414439208500249,0.14543907531061184,0.25926296553860506,0.7893192,0.50383407,2.4854124,3.0163809586980506e-05,-0.0027721034393666244,-0.0016060226296970015
4.63,0.7301974404840731,0.23606238702354243,2.3023170091092746,0.14116111150015834,0.14558568295573418,0.2591739060372166,0.79081625,0.5057597,2.4885194,2.9388910064653828e-05,-0.0027019270812180807,-0.0017559991759394933
4.638,0.7316075230501262,0.2375191073818131,2.3049082543374797,0.14088406583082452,0.14574443598472372,0.25908029209531785,0.7917952,0.50774956,2.4915679,2.8911314139179467e-05,-0.0026552301288118585,-0.0018448789323901593
4.648,0.7330148673063461,0.23897747554127935,2.3074983550202863,0.14061286998367756,0.145913833100674,0.2589466442837269,0.79146445,0.5084547,2.4923406,2.8378243364102218e-05,-0.002596763939458402,-0.0019349420653238525
4.657,0.7344195316390916,0.2404375858083572,2.310086957874897,0.14034749676939723,0.14609163959574487,0.2587849342271246,0.79224,0.5116127,2.4925802,2.7954541550911927e-05,-0.002544246761141622,-0.0019966712941617004
4.667,0.7358215739654219,0.24189951022196637,2.312673829752705,0.14008785302224305,0.14627570737873494,0.2586066651029917,0.7934722,0.5137403,2.4956992,2.7534959599506692e-05,-0.002488771320442673,-0.002046835799637492
4.677,0.7373608581737691,0.24350978493895542,2.315517195021146,0.1404443194702242,0.1459404354800205,0.25834754459588466,0.7925418,0.5170219,2.4997916,2.713528599151971e-05,-0.0024399669228927223,-0.0020901097880079433
4.689,0.7386180089896784,0.24482900259246157,2.3178416474447054,0.1395839310385454,0.14665733892924787,0.2581844782339984,0.79275095,0.5183401,2.5030532,2.662622788029978e-05,-0.002392752113931529,-0.0021553904220574793
4.699,0.7400124928973768,0.2462966628740955,2.320422357231267,0.1393379848367954,0.1468559576873299,0.2579732120516594,0.793314,0.5201343,2.5032983,2.613893219916008e-05,-0.002365993309781267,-0.002237081343647418
4.708,0.7414045328242584,0.24776635141448958,2.3230008261669735,0.13909466002020798,0.14706263158656468,0.2577396533863016,0.7961938,0.5244056,2.5041597,2.5648717166149027e-05,-0.0023535539032524255,-0.0023329517645827025
4.717,0.7429329764228122,0.24938546482262902,2.325834187618415,0.13943806365983136,0.14667208082115354,0.25747245359979376,0.7988423,0.5271424,2.506922,2.5119151834118725e-05,-0.0023520138282657754,-0.0024455919937693693
4.727,0.7443199304491815,0.2508597467866588,2.328407092421199,0.13919679854290573,0.14686676066663554,0.25722381771608877,0.80019826,0.5272622,2.5089352,2.4477198923733567e-05,-0.002358107324216263,-0.0025930425284510505
4.737,0.7455661166749596,0.25218864335901975,2.33072049385311,0.13836803350640295,0.14775457950119306,0.25694123412977565,0.8017367,0.5288624,2.5112324,2.376972391182619e-05,-0.0023632588186361936,-0.0027679740016210985
4.748,0.7469484609322372,0.2536676175411322,2.333288436664589,0.13812512954861114,0.1480170374257087,0.2566705929269257,0.80353624,0.52873814,2.512987,2.295447627354008e-05,-0.0023591331860388642,-0.002977348304767702
4.759,0.7483283789283627,0.2551493180085866,2.335853537493174,0.13788289219241134,0.1482980034598454,0.25637680182582606,0.80475783,0.52974355,2.5145934,2.216775644292568e-05,-0.002341053998766718,-0.003178398786870318
4.77,0.7498435017874514,0.25678255351235163,2.3386716987623166,0.13821717321291976,0.14778182054396885,0.25620495102417895,0.8044261,0.5292813,2.518629,2.1489821623532634e-05,-0.0023101901762156984,-0.0033384663059106146
4.779,0.7512183793463985,0.25827054046367437,2.341230061438551,0.13797057603295124,0.1480678093937633,0.2558532955676529,0.80667,0.531914,2.5216022,2.1055239378675594e-05,-0.0022788929137540492,-0.003421483395396052
4.787,0.752453755762419,0.2596124507112122,2.343529317889712,0.13717068478333186,0.14923014264065437,0.25532016880212155,0.8075762,0.5319341,2.5250573,2.0777247621950323e-05,-0.002250807891355233,-0.0034498543594132514
4.797,0.753824190701182,0.26110653334350375,2.3460804172428835,0.13693991219601606,0.14955389658048646,0.2549388796872784,0.80955297,0.5342927,2.5277133,2.055994763772162e-05,-0.0022189050932888144,-0.003428562827327397
4.807,0.7551923347403906,0.2626038393635654,2.348627774815559,0.1367121158788701,0.1498743177761628,0.2545777073802957,0.8102993,0.53630435,2.5305521,2.0452402731407915e-05,-0.0021916253894271875,-0.003357892427374054
4.817,0.7565582145346699,0.26410431105633064,2.3511718970876876,0.13648675546957598,0.15018724695175115,0.2542864341971638,0.81191033,0.5375607,2.533852,2.040252260115949e-05,-0.002167608311574476,-0.0032604630558221714
4.828,0.7579218529857359,0.2656078602209275,2.3537133997918334,0.13626361234393264,0.15049062251326645,0.25404060462076206,0.8147744,0.53913796,2.5341718,2.0348649006685093e-05,-0.0021430965063959917,-0.0031522022192955745
4.838,0.759283272191018,0.2671143903242103,2.3562523987056156,0.13604269447732723,0.15078453804610592,0.2537787924375702,0.814838,0.54095244,2.5378296,2.026653617903662e-05,-0.0021204635149607576,-0.003068928447778063
4.848,0.7607782976364762,0.2687749125445405,2.359041928643829,0.13580247393283273,0.15109863406134805,0.2534266834895356,0.81676614,0.54453146,2.5413918,2.0142931665745323e-05,-0.0020941460117103183,-0.0030053076904827947
4.859,0.7619995477708713,0.27013606116740285,2.361321182274913,0.13560838220646226,0.15135023913701628,0.25311451562465215,0.81679755,0.5444789,2.5438766,1.9960134761909387e-05,-0.002060412358377839,-0.002958117659658477
4.868,0.7633544585404155,0.27165108342127947,2.3638505475271394,0.13539558936837626,0.1516261499466817,0.2527895043808934,0.81729347,0.54546124,2.5473204,1.9768309690526564e-05,-0.002029639241729164,-0.0029405977183767362
4.877,0.764707259347779,0.27316885387465367,2.3663768394047535,0.13518606282249826,0.15190039731752009,0.2525101665034833,0.81922376,0.54688334,2.5496147,1.955602657055522e-05,-0.001998509378928759,-0.0029340379606139777
4.888,0.7660579825597517,0.274689363718288,2.3689007698194118,0.13497972577970205,0.15217408539845914,0.2523038594862799,0.8203344,0.5489634,2.5527124,1.9309322506266824e-05,-0.0019642527195644632,-0.0029209800286622567
4.897,0.7674066588690209,0.2762126037745577,2.3714227611815835,0.13477632918261961,0.15244631890882995,0.25211333209664755,0.8217486,0.5507752,2.5554512,1.914122392943085e-05,-0.0019403654997161013,-0.0028941106591737764
4.91,0.7687533156054828,0.277738549209304,2.37394278749287,0.13457548483178908,0.152715159872174,0.2519129334232503,0.82425493,0.552595,2.557101,1.8956956166604755e-05,-0.0019113462304192197,-0.002826208823059062
4.917,0.7700979760104584,0.2792671554094013,2.3764608475158355,0.13437680931124202,0.15297870279357834,0.25171412851637354,0.8250597,0.55606985,2.562371,1.8879780503411325e-05,-0.0018975045643747634,-0.0027785524879293533
4.928,0.7714406603546796,0.2807983610752287,2.378977005132632,0.13418001017140074,0.15323560820219398,0.25155723779223543,0.82717776,0.5571001,2.5658646,1.877024942142924e-05,-0.00187539622452082,-0.0026979578795192083
4.938,0.7727813863026027,0.2823320985268611,2.3814923219062183,0.13398502164667303,0.1534858181432846,0.25151975344960087,0.8279147,0.55961156,2.5669572,1.864468961976229e-05,-0.001851490975730563,-0.002638896992127826
4.949,0.7741201749330026,0.283868306818325,2.3840074992023745,0.1337924146239768,0.1537306247097968,0.25151679555703027,0.8287033,0.5611093,2.5680175,1.8462101836647093e-05,-0.0018182596258409234,-0.00259857550048892
4.959,0.7754570537351739,0.28540694266031646,2.3865226238967314,0.13360285621337772,0.15397201751163528,0.25150517501493763,0.8303276,0.56176436,2.5706139,1.8255060577843096e-05,-0.0017827454088563677,-0.002585430047343351
4.967,0.7767920561627697,0.2869479836717082,2.3890375065960425,0.13341683414772565,0.1542121276280016,0.2514728611783223,0.8306642,0.5636048,2.572377,1.8068645784907744e-05,-0.0017530740454700933,-0.002587522981862378
4.977,0.778125218335381,0.288491426783049,2.391552091151271,0.13323443587498368,0.15445256111143893,0.25144619370007043,0.83118284,0.5663012,2.5752318,1.7830514606131942e-05,-0.0017169201818667545,-0.0025945771321786992
4.99,0.7795896139471087,0.290191995105195,2.3943177133558593,0.13346523415821862,0.15406188459159176,0.2515724642014062,0.8332383,0.5686003,2.5785542,1.7537330701422604e-05,-0.0016756344365393971,-0.002596505619195888
4.999,0.7809190249360721,0.2917404970720165,2.3968313307154308,0.13286234735985844,0.154958596729069,0.251331224570976,0.8349463,0.5709293,2.5817132,1.7346385645211626e-05,-0.0016536575840007117,-0.002591806535326313
5.009,0.7821140052051597,0.29313620681296804,2.3990930100801937,0.13270641798398627,0.1551749880146784,0.25127276350756533,0.835733,0.571718,2.5824823,1.7138793097615235e-05,-0.0016349676393097035,-0.002584753255105987
5.017,0.7834401243502357,0.29468927644393317,2.4016055525032978,0.13253484410950617,0.15541486515662123,0.2512382245695883,0.835272,0.57208645,2.5839224,1.6968490578861406e-05,-0.0016220477100228337,-0.002582480589749636
5.028,0.784764536767305,0.29624474292076647,2.4041176456545115,0.13236489471486282,0.15565446590230497,0.2511820375169289,0.8370716,0.57291466,2.5856686,1.6729466640441615e-05,-0.001605303009887038,-0.002583714681927418
5.037,0.7860872580551531,0.29780260558710187,2.4066290911172117,0.13219643758938213,0.15589408932267895,0.25111192447895886,0.84001434,0.5743471,2.5872133,1.654222035085695e-05,-0.0015937736362996446,-0.002580796453111489
5.047,0.7874083017979249,0.2993628618435236,2.40913974918318,0.13202920767326018,0.15613303685905153,0.2510270801375646,0.84216946,0.5766368,2.589671,1.636167312746295e-05,-0.0015838017876057542,-0.0025617210808288604
5.057,0.7887276788492121,0.30092549567107274,2.4116494532578066,0.13186299064731147,0.15636948564102454,0.25092110466605905,0.84275895,0.5769204,2.5919642,1.6220160483193524e-05,-0.001573289064720207,-0.002519679413124365
5.068,0.7900453999433928,0.302490469820814,2.4141579642600655,0.131697975233248,0.15660122173486074,0.25078465567347363,0.8439171,0.5765308,2.5935984,1.6102023803199472e-05,-0.001555740972663422,-0.002451300395454936
5.078,0.7914929987904273,0.3042145750169302,2.416915363765456,0.13190689366818142,0.15624750222096992,0.2507442706789083,0.8467344,0.57787853,2.5961874,1.6025353586357483e-05,-0.001533194154343498,-0.0023702794154072393
5.089,0.7928072986173175,0.30578425509931345,2.419419919219468,0.1313579143328972,0.1570643456946031,0.25035731898935615,0.8475437,0.58142656,2.5962331,1.5984553972892e-05,-0.001502484525761627,-0.0022527003382490918
5.099,0.7939888074327757,0.30719876597453477,2.421672042612376,0.13121580199783603,0.15724923046578812,0.2501374668112847,0.84881926,0.5840943,2.5987065,1.5985525221751118e-05,-0.0014693803170633402,-0.0021192222363257684
5.108,0.7953001112233571,0.3087723308673371,2.424172099093555,0.13106100917299388,0.15744217036436348,0.24989473585377545,0.84937906,0.5832871,2.602607,1.5993938081493297e-05,-0.0014370883801326784,-0.001991749458281511
5.119,0.796740781131295,0.31050538799981287,2.426919378949349,0.13124910763855804,0.1571652848925287,0.24974032795774095,0.85370845,0.5859082,2.6063256,1.5979099037721767e-05,-0.0013974184872944662,-0.0018501761064699807
5.127,0.7979181683914361,0.31192489018855074,2.42916482996311,0.13076201314358818,0.15778817174113352,0.2493914568748242,0.8555146,0.5898774,2.607802,1.594838674812138e-05,-0.0013699028714579953,-0.001759742993296065
5.138,0.7992249915501711,0.3135036382815337,2.4316575470552384,0.13061761417229276,0.1579442025429956,0.24918031986695655,0.85662186,0.5920601,2.6106162,1.5878468234475918e-05,-0.0013300164388447833,-0.0016545174239679383
5.147,0.8006608533310965,0.3152420019094201,2.4343972420830986,0.1307883643750848,0.15770498303867678,0.2490464381761602,0.8574594,0.59297884,2.6124825,1.5784310922306588e-05,-0.0012912388502921424,-0.0015956765091598157
5.157,0.8018344053095295,0.3166655918581172,2.4366369098939886,0.13034056153685528,0.15823294652861947,0.24875862996547873,0.8582384,0.5946927,2.6175263,1.563266321458201e-05,-0.0012402387884460353,-0.0015672599805531817
5.168,0.8031370851479368,0.3182486893053589,2.43912323015486,0.1302094145648644,0.1583725497636367,0.24853598431262935,0.8588324,0.5969094,2.6206758,1.5424045821887944e-05,-0.0011774817595857634,-0.0015724232683513861
5.177,0.8044384838217932,0.3198331862444542,2.441607709550159,0.13008381110626166,0.15851308156274785,0.24838666045793628,0.8593606,0.5995858,2.6222138,1.5240722445852839e-05,-0.0011251655142938688,-0.001590650599201382
5.187,0.8057386572930805,0.32141909979140076,2.4440910040029924,0.12996378479745463,0.1586557455457392,0.24828637501576054,0.8610014,0.60217386,2.6246548,1.5037046511068297e-05,-0.0010708158228038833,-0.0016144821100025908
5.197,0.8070376593649173,0.32300645289169805,2.4465733443062523,0.12984890562195786,0.158800775497967,0.24819186471414373,0.861462,0.6042198,2.6266727,1.4834389596707354e-05,-0.0010243090806603128,-0.0016404201787008077
5.208,0.8083355373226996,0.3245952704131774,2.4490546851986257,0.12973838675077395,0.15894844404893227,0.24808389100416978,0.8635381,0.60681343,2.6285884,1.4585184615611979e-05,-0.0009801179714661323,-0.0016807050931468837
5.218,0.8096323301105318,0.3261855824311486,2.451534817634455,0.12963138211759764,0.15909949840791962,0.2479516181033499,0.8639657,0.6077077,2.629539,1.4390119359219966e-05,-0.000954805485686272,-0.001721412997528482
5.228,0.8109280683849786,0.32777742888678335,2.4540135527811837,0.1295271016744553,0.1592550857107254,0.2478044427067676,0.86469305,0.60892737,2.6308787,1.4163298441616234e-05,-0.0009320530869656452,-0.001779596188013599
5.2379999999999995,0.8123521913322168,0.32953029494127184,2.4567382036482432,0.12941494103401616,0.15943293046113002,0.2475978408654784,0.8660238,0.61026883,2.6346204,1.3931066392913749e-05,-0.0009130360821942851,-0.0018464762380112631
5.248,0.8135164742537712,0.3309659440794089,2.45896560381167,0.12932482953748636,0.1595842637255546,0.24740089039840887,0.86707354,0.6132154,2.6366673,1.3703681220000874e-05,-0.0008971676885476398,-0.001911141473454947
5.26,0.8149383949602915,0.33272251482293863,2.461685597454131,0.12921634879783678,0.15977592225661946,0.2471661067749709,0.8668581,0.6151111,2.638713,1.3448517453440445e-05,-0.0008808632987662435,-0.0019730855769743982
5.269,0.8162300227537499,0.33432125687951947,2.4641559713530583,0.12933718836963753,0.1594598754663612,0.2471312355800943,0.86856794,0.6180527,2.6408584,1.3268722204529126e-05,-0.0008701676255622459,-0.002009035439799689
5.277,0.8173916619707553,0.33576167534394524,2.466377142619485,0.12903264773038206,0.16011990625284295,0.24669461018944314,0.86854213,0.6187869,2.6447778,1.3114482257492455e-05,-0.0008631923178903378,-0.0020360267945367383
5.287,0.8188103911000837,0.33752422016072964,2.469089205542107,0.1291417634075432,0.1598132096305188,0.24665051377240707,0.8716727,0.6202496,2.6475825,1.2920970724472625e-05,-0.0008589308509829863,-0.002071861727248603
5.299,0.8200991454802273,0.3391285112916291,2.471552271263038,0.1288326253985011,0.1605150763194863,0.24621773854280407,0.8720293,0.6216712,2.6523862,1.2681877620934756e-05,-0.0008603321851889945,-0.0021242289124749902
5.308,0.8213869476403214,0.3407347291782935,2.4740135148396236,0.12895171251745063,0.160177094993892,0.24628711630027206,0.8722802,0.6229035,2.656141,1.2501719337087991e-05,-0.0008627839523773773,-0.0021659131530515907
5.318,0.8226737948166265,0.3423429193854953,2.4764733983326637,0.12885658031947472,0.16036637021612762,0.24618921997152501,0.872686,0.6240945,2.659229,1.2309482589678566e-05,-0.0008652800059394394,-0.00220517125806019
5.327,0.8238311381899368,0.3437920111986898,2.478686733265511,0.1285553100862177,0.16109148956604272,0.24591696118678577,0.8747745,0.62424934,2.6604486,1.215054915348901e-05,-0.0008683813127889906,-0.002226434085183193
5.338,0.8251161617391968,0.3454040504304165,2.4811459919658674,0.12845893998770566,0.16129604178020687,0.2459402029598406,0.8761098,0.6259378,2.6618743,1.1981689068463197e-05,-0.0008756639042246661,-0.0022261606720963556
5.349,0.8264002178424351,0.34701813445673446,2.4836056398825495,0.1283618512418012,0.16150002166760372,0.2459852318075549,0.87843233,0.62594795,2.6637306,1.1848778131096083e-05,-0.0008859843784625454,-0.002188926179920614
5.358,0.8276832981917678,0.34863424060361636,2.486065646610851,0.12826385824140502,0.16170031778882216,0.24600904338442617,0.8800981,0.62749404,2.6660094,1.176773079691884e-05,-0.0008953528103052832,-0.002130859025527343
5.367,0.8290935481073833,0.35041422830449354,2.4887718473936635,0.12815493309216672,0.161912827421464,0.24602557172067524,0.8802301,0.6291316,2.669209,1.1712311390965624e-05,-0.000903352622199094,-0.0020479715639893925
5.377,0.830246493798369,0.35187227620985684,2.490986135935914,0.1280651216969355,0.16207800689681912,0.24604181793458324,0.87974983,0.6310553,2.671122,1.1676247016367824e-05,-0.0009080748088861057,-0.001931812547036671
5.3870000000000005,0.8315265943974328,0.35349401426934773,2.4934467950049797,0.12796497846498006,0.16225031067876944,0.2460918110673357,0.88296205,0.63377166,2.6731536,1.1655456267689601e-05,-0.0009094867682746255,-0.001801773600434764
5.397,0.8328056926209653,0.3551174053904768,2.4959081419352427,0.12786466013830125,0.16240984416225412,0.24617520115325275,0.8854116,0.6360067,2.676449,1.1635467636494923e-05,-0.0009122486423165377,-0.0016724877977569719
5.408,0.8340837859987705,0.35674232295698405,2.498370419833825,0.12776400947589645,0.16255703622727183,0.24627288792135535,0.88294446,0.6373581,2.6799412,1.1596434051242e-05,-0.0009169335548002699,-0.001550636193518251
5.417,0.8353608706680574,0.3583686534622816,2.500833690431247,0.1276629830730676,0.1626939105236614,0.2463685168325351,0.882554,0.6411999,2.680924,1.1540466976711627e-05,-0.0009190526867359772,-0.0014781494833728814
5.427,0.8366369436116002,0.3599963102358392,2.503298083804819,0.12756168325331635,0.16282353888635467,0.24650452562208652,0.8843026,0.64216554,2.6844969,1.1451267853956892e-05,-0.0009231796210915633,-0.0014272645070025902
5.438,0.8380394503301318,0.3617881992168686,2.5060106296332583,0.12744952745711371,0.16296144779887795,0.2466657295742387,0.88613176,0.64325035,2.6857178,1.1316311640641175e-05,-0.0009382518752065749,-0.0014105845665213224
5.448,0.8391860313985363,0.36325541236425624,2.5082312419910284,0.12735632709667127,0.16307355289297246,0.2467906982000361,0.88713944,0.64445746,2.6878169,1.1166538072870935e-05,-0.0009640364986980288,-0.0014233432149861613
5.458,0.8404590136096086,0.364886838994311,2.5106999093415387,0.12725021109374093,0.16319951064580177,0.24692791254440885,0.88921946,0.6475644,2.6900082,1.1007815579056057e-05,-0.000998547365938851,-0.0014446890608272867
5.467,0.841730916223083,0.3665195362848987,2.513169876736439,0.12714065455156323,0.16332743820432882,0.24705188640637568,0.8911821,0.64792895,2.691979,1.0871422252201057e-05,-0.0010335331056010588,-0.0014577107361670727
5.477,0.8431287183004927,0.36831698962148,2.515888128893344,0.12728172358183404,0.16310653181470763,0.2472647817417327,0.8914268,0.65062785,2.6939263,1.073192892597774e-05,-0.0010718256807926707,-0.001462084689670462
5.4879999999999995,0.8442713352917609,0.36978879634437023,2.518112890175937,0.12691038656571155,0.16358568989511138,0.2472171371132573,0.89442503,0.6525934,2.6958647,1.0597606850737407e-05,-0.001107357301262546,-0.0014523551617493524
5.498,0.8455397820031401,0.37142535853428965,2.520585116029776,0.12679051207704764,0.16371367947029253,0.24721801900722742,0.89568156,0.6559458,2.6970594,1.0489106863076358e-05,-0.0011324752861678888,-0.0014344219030277827
5.507,0.8468070168217592,0.37306319063984916,2.5230570821049025,0.12666834459489223,0.16383980289189595,0.2471768027231896,0.89772666,0.657616,2.6967273,1.039482970277561e-05,-0.0011485901046111024,-0.0014175901446105144
5.517,0.8481995529097106,0.37486625096522924,2.5257756359171015,0.12682027797858172,0.1636263284184937,0.2471815403658441,0.8975636,0.6580291,2.6991427,1.027635407169214e-05,-0.0011589928779116576,-0.0014125016144017621
5.527,0.8493377829015474,0.37634260051905294,2.5279987713918586,0.1264201998628917,0.1640886970626696,0.24693946929284732,0.89749366,0.6611608,2.7037308,1.0131977754568311e-05,-0.0011622830036146503,-0.0014308274887042671
5.538,0.8506012997538753,0.37798418129516514,2.5304669988315163,0.1262956243524048,0.16421533028376428,0.24672850202613938,0.89799625,0.66248095,2.7060227,9.949464118363949e-06,-0.0011625010226716803,-0.0014723338948172682
5.547,0.8518635705546098,0.3796270491742841,2.532933246918536,0.12617097018888498,0.16434595137316538,0.24654159689329042,0.9000164,0.6634084,2.7079768,9.78682028041078e-06,-0.0011658337041384748,-0.0015180446022204919
5.558,0.8532506258318376,0.3814357461447558,2.5356439557136943,0.12632469653947778,0.16410779702442227,0.2464403850628349,0.90188277,0.6652581,2.7109792,9.581353015875038e-06,-0.0011791534264391501,-0.0015792012076625284
5.568,0.8543843564044188,0.3829168387111896,2.537860037221072,0.12591931101885687,0.16462269844805977,0.24615282186009113,0.90301985,0.665535,2.7124515,9.403033766730573e-06,-0.0011996703326584424,-0.0016270857195177513
5.579,0.8557686221002675,0.3847286456468262,2.540566395066807,0.12607940631080986,0.164374925492376,0.24604749219754313,0.90414804,0.66652095,2.7139454,9.23212559911235e-06,-0.001227024087386397,-0.0016590802708176255
5.587,0.8570256802116938,0.3863772882965939,2.5430244151510637,0.12595418381395695,0.16452119289579253,0.24580734542482088,0.9063245,0.6676802,2.7158904,9.134876702177053e-06,-0.0012474249275724603,-0.0016614785661426268
5.5969999999999995,0.8582814132576532,0.38802741110711936,2.5454797355027785,0.12582621817722192,0.1646749912620559,0.2455090127201346,0.9073294,0.6694877,2.7165346,9.054141129283266e-06,-0.001271555068941943,-0.0016343885687621906
5.607,0.8594104210510924,0.3895137680826545,2.5476868709342817,0.1253909185368526,0.16520799545446033,0.2451043358152576,0.90923005,0.670329,2.7179542,9.018032235630358e-06,-0.0012913045257061384,-0.0015758445030158441
5.618,0.8607888164049451,0.391331971030836,2.5503805845676246,0.12556061765042228,0.16498981400017157,0.24477132058853754,0.91168475,0.6712897,2.7194192,9.01632398964125e-06,-0.0013059190367248341,-0.0014859826749136218
5.627,0.8620404546862794,0.39298627601011804,2.5528249943963264,0.12510150072592818,0.16548753557216045,0.2442309073042542,0.91378164,0.6720331,2.720324,9.034895078308125e-06,-0.0013119470370455133,-0.0013995816169103392
5.639,0.8631657439840211,0.39447620634256,2.5550207631545447,0.12497666013101957,0.16559481590000136,0.24376005318112512,0.91571325,0.67419016,2.7219603,9.078038995191662e-06,-0.001310239490732279,-0.0012725899466392576
5.648,0.8644147491577315,0.39613276388347113,2.557455130322616,0.12483833719601502,0.16570397228696832,0.2431607837231856,0.91675216,0.6761215,2.7235637,9.121406542966781e-06,-0.0013010144911946853,-0.0011695346212139413
5.657,0.8656623768692886,0.3977903515150432,2.5598831823254953,0.1247011740518847,0.16580186381976839,0.24250974530236913,0.91688067,0.6775051,2.7273123,9.16838511599849e-06,-0.0012852314815274823,-0.00106319112564357
5.668,0.8669086427463724,0.3994488548567468,2.5623045925620827,0.12456588895551715,0.16588830995332793,0.24184061353862202,0.9176651,0.67889476,2.7291632,9.214742023644362e-06,-0.0012590934627585426,-0.0009398807028153655
5.678,0.8681535684660108,0.4011081630372823,2.5647194248128615,0.12443295961226222,0.16596408259909592,0.24119262939903244,0.9194796,0.68052065,2.7315176,9.237799144301562e-06,-0.0012336346648496033,-0.0008405344707735907
5.688,0.8695214680728921,0.40293421217310743,2.5673682499175454,0.12458346239514533,0.16585031484805887,0.24044825497957265,0.91980135,0.68258023,2.7334216,9.244864194180025e-06,-0.0012115118939233227,-0.0007522855441006726
5.698,0.8707636573432259,0.40459489692736234,2.5697691888856244,0.12416140533806184,0.1660934487781652,0.23978210221929386,0.92123824,0.6847285,2.7349038,9.240346102501462e-06,-0.0011946170143044554,-0.0006725831702905083
5.707,0.8718805391950442,0.4060899661453112,2.571924032169545,0.12404739907991337,0.16613822633572176,0.23914131491408042,0.9231014,0.68747807,2.7376282,9.226357494895865e-06,-0.0011844008875367962,-0.0006088505503960562
5.717,0.8731203211887182,0.40775159235751934,2.574311415011181,0.12392169419659084,0.16618166509247823,0.23840846287984097,0.9240829,0.69010794,2.7404222,9.197082142975432e-06,-0.0011778055873730153,-0.0005498101913721243
5.728,0.8743588494787553,0.4094136223455324,2.5766915540092703,0.12379654654831074,0.1662197934660031,0.23769778821188892,0.92474717,0.6916598,2.7421443,9.138248751483502e-06,-0.0011727500721625539,-0.000508026647473514
5.739,0.8757197881233246,0.4112422722512286,2.5793016136431848,0.12393779351500005,0.166138891225368,0.23686223630487285,0.92563665,0.6939158,2.7447455,9.040837714024974e-06,-0.0011667801301076253,-0.0004997232844488053
5.747,0.8768321640509656,0.4127387504969507,2.581430719912199,0.12354772433895106,0.16628921949166797,0.2362828498556212,0.92468834,0.6930622,2.74686,8.948366172489841e-06,-0.0011618273378437571,-0.0005126505239303469
5.757,0.8781903732285834,0.4145681694428577,2.5840251933570544,0.12341185117429603,0.16632933820801377,0.23552397647505838,0.9248191,0.69472396,2.7487025,8.81555491538677e-06,-0.0011562056850658031,-0.0005442702390805465
5.767,0.8793005255294477,0.4160653101023587,2.5861421634976414,0.1233010018160092,0.16636503826774401,0.2349798835746922,0.9277436,0.6964721,2.7498577,8.686301841365207e-06,-0.0011553701499971147,-0.0005735268978472874
5.777,0.8806560231284687,0.41789560096048795,2.588722980847847,0.12316532328830393,0.16641118593578721,0.23431592034112494,0.92810965,0.6995858,2.7520049,8.581553890607552e-06,-0.0011637656615341996,-0.0005821156398058136
5.789,0.8817639522779986,0.4193934915654674,2.5908289937101494,0.1230533917519172,0.16644902807118392,0.23375225360042226,0.92717355,0.70201313,2.75327,8.494771257083755e-06,-0.0011841787423843009,-0.0005603208155928741
5.799,0.8829937946964113,0.4210582045285588,2.593163062041413,0.12292737393560245,0.16648910623388546,0.23311901807495303,0.9272012,0.70445514,2.755261,8.438261508203482e-06,-0.0012068649459591185,-0.0005302770731390183
5.809,0.8843451513951707,0.4228898324137632,2.59572310130297,0.12278617542399137,0.16652988973531413,0.23240341423485006,0.92878634,0.7055042,2.7584758,8.374159769175549e-06,-0.001236204459480028,-0.0005073443463379235
5.817,0.8854496383496584,0.42438875967946804,2.5978116945547343,0.12266805885926428,0.16656140511057305,0.2317879735827811,0.93073845,0.7070053,2.7602782,8.304207259612895e-06,-0.0012660711791365742,-0.0005039702781139965
5.827,0.8866755809759084,0.4260545654744702,2.6001256993673936,0.1225332537935038,0.1665964392658636,0.23108863148155734,0.93167466,0.7099343,2.7625053,8.187810768056636e-06,-0.0013103455017571264,-0.0005214589222743982
5.837,0.8880225313723539,0.4278873697753054,2.602663211580566,0.12237985026969717,0.16663762462142478,0.23034668082174647,0.93284446,0.7108364,2.7643206,8.042737071889405e-06,-0.0013573324748930027,-0.0005590621683504438
5.8469999999999995,0.8891233047736499,0.4293872924822992,2.604733266976768,0.1222502657048974,0.16667504065955757,0.22973238567266704,0.93342566,0.7136173,2.7670484,7.872494427907384e-06,-0.0014027377594478807,-0.0006131990750564142
5.857,0.8903449964119398,0.43105429570653986,2.607026848262432,0.12210218828569833,0.16672190850871396,0.22905221624921046,0.93510264,0.716571,2.7691152,7.687047951954185e-06,-0.0014441486500036405,-0.0006764700804389179
5.867,0.8916871202666868,0.43288858244306233,2.6095418916611925,0.12227350364251109,0.16661134244388806,0.22824314491233513,0.9369249,0.7204247,2.7726927,7.492345636350706e-06,-0.0014814307806561011,-0.0007448700347953974
5.878,0.8929056138074599,0.434556717627582,2.611821198733597,0.1221243317509395,0.1666553384424798,0.2275914678029215,0.9386082,0.7217598,2.7721128,7.260979209888774e-06,-0.0015179325305147984,-0.0008303935831088793
5.888,0.8940009108345888,0.43605859282092646,2.6138672041719038,0.12163592195872217,0.16690295901797267,0.22708606927737668,0.9397,0.72184694,2.7722402,7.015728704651281e-06,-0.0015461732640202897,-0.0009297364722282708
5.898,0.8953378429726858,0.43789503104114275,2.6163608319005642,0.12181381043768376,0.16675615271354238,0.22634163149498587,0.94185895,0.7256297,2.7759295,6.733657249569092e-06,-0.0015690417284943692,-0.001051540194830558
5.907,0.8965515277020275,0.4395654151180142,2.618620783230091,0.12165337722889241,0.1668188119853673,0.2256955533617024,0.9444517,0.7271068,2.779034,6.467394321418851e-06,-0.0015854550274037038,-0.0011684224689201272
5.918,0.8976424373814662,0.4410695960347583,2.6206489539312963,0.12114602245020858,0.16717334249199783,0.2250813544848203,0.9450293,0.7299806,2.7811222,6.139945813998793e-06,-0.0015993581552602443,-0.0013126023940159826
5.927,0.898852984015954,0.44274195322229637,2.6228961632669265,0.12097980654145174,0.16728865055738207,0.22442983605069688,0.94615525,0.73083407,2.7827387,5.877419913424831e-06,-0.0016034457834819271,-0.001428212085745173
5.937,0.9001826629420924,0.444582962094624,2.6253606312506044,0.12115606822525132,0.16708414405840016,0.22378275307495135,0.9473329,0.7326238,2.7864795,5.593570636897027e-06,-0.0016004786587946462,-0.0015537040964375137
5.948,0.9013897162795477,0.44625802650333923,2.627594280583085,0.12063070473253028,0.1675708602656162,0.22307953391163876,0.9473346,0.7315916,2.7891183,5.2995833463853614e-06,-0.0015910701529682214,-0.0016831800836172306
5.958,0.902474648785064,0.4477668403081096,2.629599284905168,0.12048204139724107,0.1677073518203666,0.22255004206103746,0.94950867,0.7320677,2.7886136,5.062803333899524e-06,-0.0015804307484597047,-0.0017842289355627372
5.967,0.90367856445508,0.449444790846368,2.6318220526871996,0.12031767571904467,0.16786800211671116,0.22206000343172463,0.950772,0.73267996,2.7911844,4.899121295309783e-06,-0.001572483615565723,-0.0018455568055015803
5.979,0.9050009790324552,0.4512924338908824,2.634261422809278,0.12048605291623396,0.16763680973336217,0.2216299095999966,0.95128936,0.7346692,2.7943573,4.785099919857316e-06,-0.0015654255671551098,-0.0018628551629440437
5.99,0.9062014611994487,0.45297386263689393,2.6364735105804242,0.12032139204090357,0.16781127835395696,0.22108679600790904,0.9530915,0.7354398,2.795556,4.7946910104457174e-06,-0.0015614532889038912,-0.0018073643936276085
5.997,0.9074003164838672,0.45465693146782826,2.6386803569952155,0.11981238966902477,0.16837877325331707,0.22045732730161097,0.9547854,0.73637044,2.7970855,4.84844687242969e-06,-0.0015601425748905662,-0.0017421415117802042
6.007,0.9084778969761278,0.4561730314345592,2.640662269779732,0.1196661966300908,0.16851561710811977,0.22002044883406657,0.9539783,0.7372747,2.7980993,4.970997348863193e-06,-0.0015587157110190653,-0.001620355651485994
6.018,0.9097931540746033,0.45802763850388534,2.6430793017569183,0.11983029803354603,0.16834057292165544,0.21954920092402982,0.95454466,0.73771757,2.7998989,5.14336430601503e-06,-0.001554794029220652,-0.0014628834045051775
6.027,0.9108678154832908,0.45954623152980933,2.6450523521849996,0.119342139599454,0.1687816270050076,0.2190183390499978,0.9563406,0.73914164,2.8017304,5.298988328128473e-06,-0.0015513520979153483,-0.0013246146017191762
6.037,0.9120603488134152,0.4612346695137955,2.647239546966769,0.11918070968935517,0.16889233770935497,0.21847087795396977,0.9576134,0.7415898,2.8034449,5.482468246498229e-06,-0.0015503762658632958,-0.001164130443173761
6.047,0.9132512685241454,0.46292412802080685,2.649421092475688,0.1190193430531873,0.1689872258159556,0.21789580666988323,0.95914394,0.74446297,2.8061018,5.673879346801414e-06,-0.0015528913951685652,-0.0009990339302259343
6.058,0.9144405730337266,0.4646144471212189,2.6515969743937227,0.11885764540628842,0.1690661012758587,0.21734668221270845,0.9592886,0.74852204,2.8081179,5.874115888815368e-06,-0.0015576792904785641,-0.0008250103393319108
6.069,0.9156282578719724,0.4663054709721591,2.6537676506648737,0.11869546403519224,0.16912997613788414,0.21684693993008688,0.961162,0.74968004,2.8113413,6.026993764507438e-06,-0.0015616970266654207,-0.0006819251972860485
6.078,0.9168143185430383,0.46799706321823586,2.655933601337155,0.11853288550538943,0.16918162019959368,0.21638430613822815,0.9619339,0.75245535,2.815423,6.088283535987671e-06,-0.0015646776823974307,-0.0006054225366067811
6.09,0.9181171055580766,0.4698583544978904,2.6583107273462585,0.11869299936645834,0.1691056997204927,0.21578590455307395,0.96192235,0.75501764,2.818479,6.074316544868452e-06,-0.001567716181626544,-0.0005638680284292263
6.097,0.9192997450044623,0.47155087405942014,2.6604672412126975,0.11852948457987551,0.16914759805193857,0.21539145736544585,0.9642225,0.7569938,2.8204699,6.023119242470898e-06,-0.001568688760240633,-0.0005667718642587971
6.107,0.9203627237143934,0.4730744907418788,2.662405075352371,0.11804333922858413,0.16930747452702324,0.21519013994673505,0.96462345,0.75608885,2.8238096,5.9112450916387616e-06,-0.0015703052426365716,-0.000595311033485757
6.117,0.9215422569115884,0.474767807867752,2.664555488313187,0.11787961949658526,0.16935221786254773,0.21493858478532726,0.9649454,0.758435,2.8246865,5.768537937100859e-06,-0.0015713777671275686,-0.0006434043773992926
6.128,0.9227201511524322,0.4764615986681844,2.666704187521559,0.11771560834042538,0.16940175540279132,0.21482217824824731,0.9670041,0.76051974,2.8244305,5.622266252558461e-06,-0.0015720551979061526,-0.0006900533076690252
6.139,0.9240139400175033,0.47832536755165184,2.6690664678857954,0.11753512557397992,0.16946048788209103,0.21468634627928063,0.9692753,0.7628919,2.8287394,5.513927140654573e-06,-0.0015750352028751635,-0.0007093433036562402
6.149,0.9251883883021484,0.4800202732480348,2.6712122775966125,0.1177102498955508,0.16936325544694492,0.2144222491497699,0.97002476,0.76460505,2.8304677,5.471271830259639e-06,-0.0015788726623222615,-0.0007000450718681606
6.157,0.9262439859431377,0.4815461522560946,2.6731418250080416,0.11722275836369798,0.16956343008016742,0.2143204312445991,0.9714182,0.76528287,2.830512,5.45218822178839e-06,-0.0015813411326606186,-0.0006804641728033189
6.167,0.9275323483304356,0.4834116904048509,2.6754982413534836,0.11704143054828724,0.16961963794560228,0.21413194586500076,0.9741093,0.76796275,2.8348749,5.437617135228834e-06,-0.0015810286943107599,-0.0006508348889129323
6.178,0.9285849802257509,0.4849384856489476,2.67742449917302,0.11689328175028596,0.1696629929031086,0.21394942736083705,0.9758495,0.7688182,2.8365965,5.420596184357862e-06,-0.0015744280666245558,-0.0006195923133667236
6.187,0.9297530105066103,0.486635368722798,2.6795630426140478,0.11672935213437753,0.1697086761771085,0.2137770448254155,0.975794,0.7707802,2.8386612,5.396228724308116e-06,-0.0015617758534252069,-0.0006011433331991611
6.198,0.9309194093166443,0.4883326978226606,2.681699925362442,0.11656698012995634,0.16975252490760973,0.21361909884710598,0.9764576,0.77023643,2.8387542,5.353776496797025e-06,-0.0015358259363744686,-0.0005873705796606288
6.208,0.9322005882495112,0.49020025839553105,2.6840489089062514,0.11671486229297406,0.1696748638865959,0.21340939822658683,0.97841394,0.77397346,2.8426914,5.309932738839507e-06,-0.0015055389932521202,-0.0005787898628764054
6.218,0.9333636358391117,0.49189848379482015,2.6861832224485656,0.11655132687294094,0.16971984581968183,0.21331279263791483,0.97738487,0.7749896,2.8430831,5.28016123357844e-06,-0.0014742778767748987,-0.0005610889137805941
6.227,0.9344090525392382,0.4934272348706181,2.68810328391784,0.11609609679519546,0.16987698427088926,0.21329919011589837,0.9779771,0.775839,2.842677,5.265322853276189e-06,-0.0014476987268614572,-0.0005368326294883374
6.2379999999999995,0.9355691802202913,0.49512621150377495,2.6902356987812386,0.11594498271488815,0.16991411433154432,0.213188270510003,0.9791249,0.77782845,2.844466,5.25637839565718e-06,-0.0014216926676944297,-0.000500031075475249
6.25,0.9368435911591649,0.496995492038238,2.6925796323640467,0.11578132839898214,0.1699509654165003,0.21298464816089213,0.97958225,0.78043807,2.8472855,5.257870697050748e-06,-0.0014065202400601606,-0.0004504238041658226
6.259,0.9380005927451419,0.49869516567684535,2.694708096854404,0.1156338438973208,0.16998010784171155,0.21272755620349357,0.982999,0.7826344,2.8493574,5.264694983964091e-06,-0.001404795422598859,-0.00040782446159415287
6.267,0.9390406344825232,0.500225100870087,2.6966214666977497,0.11550123602498961,0.17000239825114596,0.21249194122343248,0.98271745,0.7837614,2.8510737,5.268410929737399e-06,-0.00140926366607097,-0.0003712259867167944
6.277,0.9403101719631333,0.5020952669165679,2.6989574766476037,0.11563999543855814,0.16995245361445274,0.21215756999749255,0.9844506,0.78611934,2.8536854,5.258205213465317e-06,-0.0014176282010129881,-0.0003360413887723013
6.288,0.9413475483147625,0.5036255721110126,2.700866903546823,0.11520446841427827,0.17004079117580848,0.21207674317179545,0.9860665,0.78709185,2.855338,5.218798452055751e-06,-0.001424318650135259,-0.00031747714603902466
6.297,0.9426138125546589,0.5054961293687057,2.7031983849043675,0.11534300448097291,0.16999075606092895,0.21173826153003567,0.9870954,0.79218644,2.8576396,5.1626276738048205e-06,-0.0014247589876257294,-0.0003193816834716756
6.308,0.9436485036747956,0.5070267344281207,2.7051041176767607,0.11490604718947195,0.17007408300591514,0.21167606949198894,0.98789215,0.7933043,2.8595636,5.073273910305431e-06,-0.0014171200809531825,-0.0003369648532114411
6.317,0.9447967470995747,0.5087275763585215,2.70721998030987,0.11475767490682949,0.17009289989766094,0.21150950818186226,0.9909751,0.7943584,2.8616953,4.973954000675462e-06,-0.0014047632018261424,-0.000370570831017325
6.327,0.9460581106767776,0.5105987457562685,2.709545402186848,0.1145961795955188,0.17011849939428544,0.21131468099082604,0.99367434,0.7972081,2.864898,4.831716196029845e-06,-0.001386276037932177,-0.00043177899919477625
6.337,0.9472032744103713,0.5123000905795646,2.711657727687656,0.11474034382304786,0.17004221475411005,0.21110320334220872,0.9952439,0.7987529,2.868642,4.669190836636972e-06,-0.0013615462878617812,-0.0005098635117493089
6.349,0.9483470044908833,0.5140017805096135,2.713768850587787,0.11459114057536098,0.1700621618657604,0.211017156738531,0.9950982,0.79902184,2.870477,4.464978449192358e-06,-0.0013193638844466449,-0.0006152123748819349
6.358,0.949489332887272,0.5157039000521868,2.7158792169860164,0.11444343479151065,0.17009051424388139,0.21098571812705022,0.9964052,0.79891086,2.87448,0.0,0.0,0.0
6.369,0.9506303012601746,0.5174065343085021,2.7179894055439395,0.11403697571978576,0.17028878539982978,0.21103343786973658,0.99705213,0.8013966,2.8777187,4.179733513964834e-06,-0.0012219622350349013,-0.000764031616487415
6.378,0.951656049496124,0.5189394034025633,2.7198891286328646,0.11392067108934975,0.1703432668043249,0.21112433895425126,0.99794495,0.802497,2.8796792,4.113108384551367e-06,-0.0011756185374234285,-0.000785640789317199
6.3870000000000005,0.9527945674330976,0.5206431785826815,2.722001107406709,0.11379616860245184,0.17040549938707672,0.21126257223766232,0.99778205,0.8062725,2.8838933,4.0882066887348856e-06,-0.001132028655202788,-0.0007715509086452244
6.398,0.954045530558706,0.5225180381254207,2.7243262058372557,0.11366447565630809,0.17047125408269453,0.21149486672268855,1.0004777,0.80842596,2.8856544,4.095042053897657e-06,-0.0010853685749112607,-0.0007182846090429962
6.407,0.9551815360511748,0.5242230551275928,2.7264430287359565,0.1137735427583808,0.17038250247000652,0.21184416295388964,1.0012057,0.81108415,2.885954,4.103258907761642e-06,-0.0010542794876995387,-0.0006689459638877793
6.419,0.9562029661004552,0.5257580138669438,2.728351462955231,0.11344735348481844,0.17057061259936893,0.21220934391738366,1.000622,0.81235254,2.8883555,4.083676556021487e-06,-0.0010192529379411397,-0.0006290036418210576
6.429,0.9574501592284803,0.5276346032143875,2.7306881630770032,0.11332657647067708,0.17062254645680813,0.21259064622039509,1.002666,0.81500614,2.8892934,4.025753709058222e-06,-0.0009926301797831272,-0.0006355429118451994
6.438,0.9585828343932098,0.5293410917655199,2.7328156564294095,0.11342804178565097,0.17052967339816974,0.21287600676745808,1.0036464,0.818098,2.8913321,3.945194229970639e-06,-0.0009714781016247898,-0.0006706142498913437
6.448,0.9596013375257696,0.5308773611340337,2.734732612100096,0.11312522875067962,0.1707178966275366,0.2130877206072871,1.0022057,0.8195964,2.893813,3.8314577874842826e-06,-0.000951153700881946,-0.0007360171536134885
6.461,0.9608450343519519,0.5327556401183787,2.7370779203023146,0.11301212441335376,0.17078308543586668,0.2133079290926723,1.0035108,0.82069665,2.8971376,3.651571513607621e-06,-0.0009284806360172482,-0.0008578370298693017
6.469,0.9619745985935976,0.5344638422216862,2.739212140768096,0.11310867340052307,0.17065695361251343,0.21357052939453092,1.0058825,0.8220099,2.8997705,3.531087457098181e-06,-0.0009193604674915257,-0.0009446747305528191
6.478,0.9631031585984464,0.5361727928482491,2.741348700876142,0.11300747201607614,0.1707134882714492,0.2138475141609242,1.006667,0.82106924,2.9030051,3.3991020575996345e-06,-0.0009151083669998172,-0.00103891008330681
6.4879999999999995,0.9642307205766041,0.5378825961628897,2.743488154442705,0.11290782561706404,0.1707834013396208,0.21418424340046144,1.007962,0.8238188,2.9046178,3.2709322423940534e-06,-0.0009145901557721103,-0.0011237945641928704
6.497,0.965244673662015,0.5394222215929007,2.7454168078563277,0.11262155338197781,0.17110862188095982,0.21445493327442364,1.0092098,0.8256861,2.9059308,3.1891510516857124e-06,-0.0009143083163376531,-0.0011647446346412238
6.507,0.966370340981879,0.5411338572310951,2.7475634323423335,0.11252191138088975,0.17120870187468692,0.21482824726824737,1.0117004,0.8287363,2.9068978,3.1395415529544834e-06,-0.0009115332291647071,-0.001167186714348567
6.518,0.9674950136989291,0.5428464929293269,2.7497137464253827,0.11242264889358153,0.17130810786811795,0.215204433683333,1.0130934,0.8313135,2.9099967,3.1200808372489064e-06,-0.0009030344873575125,-0.0011335321505239193
6.5280000000000005,0.9687310125737454,0.5447315197623548,2.7520836210107893,0.11250738774097914,0.1711752013016956,0.21573411589731872,1.0122238,0.83433694,2.913138,3.108016808361924e-06,-0.0008876787497573702,-0.0010976689843955612
6.538,0.9697414069342614,0.5462746619626365,2.7540262524612094,0.11222751512981394,0.17149718871785305,0.21601154046018925,1.0131633,0.83471346,2.914022,3.078089923391758e-06,-0.0008649844439476695,-0.001082011507618219
6.548,0.9708631604662886,0.5479901387318112,2.75618866014125,0.11213305109911519,0.17158909292978183,0.2164226409592531,1.013833,0.8380898,2.9134948,3.0160471506945896e-06,-0.000839909415480733,-0.001103552114535944
6.559,0.9720960151093614,0.549878239091145,2.7585717541813524,0.11203200123020071,0.1716933006481294,0.21681775666791667,1.0166267,0.8401741,2.9167657,2.916630847948909e-06,-0.0008159736933404105,-0.0011655861549257907
6.567,0.9732158406867426,0.5515957210057496,2.7607414046119767,0.11211771604745828,0.1715285352216583,0.2171938385230651,1.0189795,0.8412971,2.9190044,2.8287024518292014e-06,-0.0008036048830017961,-0.0012307314196489116
6.579,0.9742229241285814,0.5531423530777198,2.7626960540735737,0.11186292879555884,0.17189218669850892,0.21727138386517253,1.0196044,0.841025,2.9211907,2.679978638120417e-06,-0.0007905125500702326,-0.0013508314357686402
6.589,0.975452839588952,0.5550339405226187,2.7650875412657285,0.11193779374833888,0.17171267142655974,0.21768106406970744,1.0208105,0.84261197,2.9238815,2.5555238867269736e-06,-0.0007783795600229126,-0.0014541840579198606
6.598,0.9764583547531094,0.5565827219489549,2.7670464134114865,0.11168960432683848,0.1721389855549322,0.21775600661026262,1.0220557,0.84312785,2.9261727,2.4615698972496602e-06,-0.0007639272450594703,-0.0015275269911061429
6.608,0.9775747849872236,0.5583048548411945,2.7692252848394014,0.11160519656915914,0.1722749368033054,0.21798832687768974,1.0203979,0.84399337,2.9276571,2.389682451919839e-06,-0.0007433074850986543,-0.0015706436781712796
6.617,0.9788018973141344,0.5602007982987043,2.7716244648586614,0.11151482064529986,0.1724282929696865,0.21820529667118838,1.0216627,0.8450792,2.9321442,2.358140633873518e-06,-0.0007213491549262763,-0.001567565024805262
6.628,0.9798051702985233,0.5617532759677496,2.773589234926774,0.11144301961422343,0.17255240741488762,0.21839101869274982,1.0212793,0.84554064,2.9335885,2.359528843420833e-06,-0.0006966405553425759,-0.0015082468902853918
6.6370000000000005,0.9809191710812087,0.563479532202191,2.7757743059555473,0.1113652128426161,0.17268425511668342,0.21860173030110785,1.0243007,0.84843695,2.9361527,2.3872792951351585e-06,-0.0006825993558270405,-0.00141947448472024
6.648,0.9821436830496472,0.5653798698092879,2.778180354645612,0.11142975331179587,0.17253172940292796,0.21900265892258935,1.0250348,0.8489835,2.9387164,2.44512377456374e-06,-0.0006762660376145035,-0.001273747551275406
6.66,0.9832560757601735,0.5671086396478834,2.780370378247301,0.11135393219512786,0.172669977078707,0.21924906841703304,1.02639,0.8501812,2.9406402,2.5204089961761156e-06,-0.000678423773921466,-0.0010974148151738916
6.6690000000000005,0.9842565779636153,0.568665380711536,2.7823436347580524,0.1111363789878572,0.1730074161814144,0.2193443700481028,1.0278426,0.8534428,2.9423637,2.5781738361985163e-06,-0.0006827108088911515,-0.000965209598329686
6.68,0.9854785723951678,0.5705689958126859,2.784757826267756,0.1110519998762486,0.17309372282905977,0.21957647150089918,1.0277791,0.85273397,2.9453514,2.6462130895410496e-06,-0.0006878171856095072,-0.0008099020488900877
6.6899999999999995,0.986477693464101,0.5721271381605858,2.786734941681444,0.11098258000456465,0.17315191182021442,0.2197543019447925,1.0271252,0.8548174,2.9479659,2.697406470630881e-06,-0.0006898122506626692,-0.0006850015348875971
6.697,0.9876979916427149,0.5740321675649681,2.7891534738987587,0.1110498532993054,0.1730738215629532,0.2199951958639436,1.0282637,0.85679567,2.9512577,2.728810317265129e-06,-0.000690209427549604,-0.0006039026522826063
6.707,0.9886957210717051,0.5755912444435725,2.791134149431811,0.1108278418360253,0.17324643311552598,0.22016646709459162,1.0301791,0.85826826,2.9520073,2.7711293393295477e-06,-0.000692659167919274,-0.0004914766487491562
6.717,0.9898035722027985,0.5773238861822085,2.7933370918587386,0.11075006835914707,0.17327708068900596,0.22039723599221236,1.0311635,0.86067694,2.9545603,2.8104887412894186e-06,-0.0006997851577823511,-0.0003837246429103658
6.728,0.9909106416430736,0.5790567764240949,2.7955422193821087,0.11067150928486245,0.1732972710516051,0.22060732534624966,1.0320028,0.8630521,2.956572,2.8499331206077727e-06,-0.0007121368852547327,-0.00027258553484088566
6.7379999999999995,0.9920169194511195,0.5807898142449917,2.797749388220888,0.1105918156935544,0.17330772237715225,0.2208044409101705,1.0338984,0.8647293,2.9597373,2.8793152218042906e-06,-0.0007255842592970296,-0.00018296787055760433
6.748,0.9931223931821912,0.5825229082387084,2.799958438021052,0.11051080266308118,0.1733095954684333,0.2209871622670831,1.03672,0.867709,2.9605699,2.898607954548993e-06,-0.0007398377115337418,-0.0001091259517522758
6.758,0.9942270491200901,0.584255981100127,2.8021693770120977,0.11042840541762418,0.17330447576513758,0.22118284957545414,1.038092,0.8725051,2.9617014,2.905864317170881e-06,-0.0007522504476953351,-5.2964497983865044e-05
6.767,0.9953308744562028,0.5859889725140158,2.804382321274032,0.11034487007994646,0.17329414891791747,0.221386013999338,1.0398247,0.8768486,2.9624374,2.898419424468557e-06,-0.0007583742480310462,-2.1732626787951403e-05
6.777,0.996433860987112,0.5877218431417944,2.8065974052079783,0.11026082683603577,0.17328113226693836,0.2216115120243025,1.0416819,0.8775603,2.9651756,2.860767004619902e-06,-0.0007566843580675275,-2.566667012260382e-05
6.788,0.997536008625875,0.5894545891130891,2.808814699900209,0.11017722611558124,0.1732699958967379,0.22181142130481413,1.0434655,0.8787323,2.9678838,2.763437638719779e-06,-0.0007429497656588069,-0.00010409786195086923
6.8,0.998747414624639,0.5913605315615366,2.8112555914734147,0.11008700666420962,0.17326756850929623,0.22197509838146595,1.0466799,0.8816706,2.9695694,2.6006509425968716e-06,-0.0007143495608041839,-0.0002717708382169448
6.808,0.9998478451651495,0.5930932634345067,2.8134763552673827,0.11016250808683042,0.17319690166177104,0.2221511852551996,1.04799,0.88266146,2.9710968,2.4797394289066688e-06,-0.0006886797162941605,-0.00040878425402279817
6.817,1.0009474983524145,0.594826213557761,2.8156988871661133,0.11007798580204364,0.1731869914236146,0.2223427853462974,1.0477483,0.8837725,2.9728758,2.3477601942545334e-06,-0.0006532754431969323,-0.0005684229684010944
6.827,1.0019365526185986,0.5963861975735149,2.817700294846167,0.1098663218783308,0.17335102233755043,0.22241962564880988,1.048856,0.8854071,2.976004,2.2184754708831633e-06,-0.0006059140847121114,-0.0007354084868467226
6.838,1.0031446317863633,0.5982934486936197,2.82014737519044,0.10991707832741254,0.17322648236984356,0.22257590547355383,1.0479894,0.8873247,2.9788709,2.1065711930390307e-06,-0.0005489115417471879,-0.0008864876063956473
6.848,1.0041324782278787,0.599854543013022,2.822149863683807,0.10973614785672411,0.17348525349591795,0.22250569007106583,1.0485373,0.8872374,2.9817648,2.033334670414888e-06,-0.0004980863234651522,-0.0009841211501635527
6.857,1.0052295188982008,0.6015898433430275,2.824375094858568,0.10967850744089296,0.17356775010761188,0.22253826114452568,1.0498155,0.8882016,2.9848764,0.0,0.0,0.0
6.868,1.0063260065118709,0.603326001353405,2.826600611617135,0.10962495300936485,0.17365565350572965,0.222558446621192,1.0510098,0.88805455,2.986324,1.943461988673789e-06,-0.000423389769913296,-0.0010686795841676755
6.877,1.0074219755868905,0.6050630509880521,2.828826186434545,0.1095743042065985,0.17374529267503466,0.22255565853523762,1.0525014,0.88983,2.9889734,1.9218935864984132e-06,-0.0004055387208738992,-0.0010574534301026617
6.888,1.0085174486623802,0.6068009891366033,2.831051749806574,0.1095254093789245,0.17383292319288,0.22256264674946724,1.0549204,0.89228714,2.9906783,1.9109696367536344e-06,-0.00039336061299355407,-0.0010002560246835657
6.897,1.0096124386028655,0.6085397747512242,2.8332775482220804,0.10947749601656859,0.1739147812436922,0.22259813382680452,1.0549121,0.89514077,2.993159,1.912684668425868e-06,-0.000386587973367547,-0.0009241814060594322
6.907,1.0107069535433324,0.6102793332580192,2.8355039086556353,0.10943034732214849,0.173988035794658,0.2226778103449509,1.0550216,0.89901465,2.9943163,1.919068085776132e-06,-0.0003765146425687149,-0.0008265693092877058
6.917,1.0118010025918536,0.6120195722724316,2.8377313738977867,0.1093842869713898,0.17405190240268373,0.2228105202544759,1.0539752,0.9016501,2.9971862,1.9193955100860194e-06,-0.00036184597949429076,-0.0007414658435465071
6.929,1.0128945990696208,0.6137604061084896,2.8399602747417894,0.10933973256514874,0.1741083026360797,0.22295296220585228,1.0538665,0.9028407,2.9993093,1.8969016970515895e-06,-0.00034274708824666433,-0.0006956911831768053
6.937,1.0139877586332802,0.615501783291681,2.8421904503506306,0.10929670250389596,0.17416176325764668,0.22306140354291729,1.0565426,0.90383804,3.000348,1.8648797777132131e-06,-0.00033434139870980317,-0.0007107325338804316
6.949,1.0150804935315603,0.6172437047648641,2.8444214694188656,0.10925455099090578,0.17421776479008874,0.22313148393917684,1.0566163,0.90585524,3.001139,1.7963991965075365e-06,-0.0003351151559574106,-0.000788991868650335
6.959,1.0161728066194031,0.6189862211939235,2.8466531231062415,0.10921217951050809,0.1742805995505078,0.2231909346354704,1.0585809,0.90868926,3.003213,1.7290228520039364e-06,-0.0003470463455403916,-0.0008784403881643144
6.967,1.0172646902099405,0.6207294131274144,2.848885072986279,0.10916863100584148,0.17435208991214024,0.2231869720998977,1.059701,0.91052115,3.0058725,1.6737437711356051e-06,-0.00036233057320878004,-0.0009490831918981257
6.977,1.0183561283242801,0.6224733669714777,2.851116539055774,0.10912318039633133,0.1744320065178205,0.223103716572955,1.0603813,0.91324943,3.0080144,1.605905163515331e-06,-0.00038532059278439945,-0.0010287731500673303
6.987,1.0195561702663514,0.6243926905357371,2.8535698191639964,0.10907059196434993,0.17452852993231813,0.22295329903036606,1.0609637,0.914633,3.0094948,1.540618560724738e-06,-0.0004082811610093273,-0.0010987611306152445
6.997,1.0205375820035165,0.6259638682067213,2.8555755637564,0.10902563326558905,0.1746134791008504,0.22277862720406086,1.0641034,0.91648614,3.0091746,1.4766023070933443e-06,-0.00042848702645237324,-0.0011646950569961234
7.007,1.0216275553043397,0.6277105500404375,2.8578019974927695,0.10897391389966286,0.1747138830538581,0.22252411875548667,1.0649312,0.91883224,3.0106807,1.4131825851748658e-06,-0.0004457367305308324,-0.001229300647110243
7.017,1.0227170025602281,0.6294582701079446,2.8600255017596576,0.10892064245527897,0.17482048422319663,0.22219612842183745,1.0646579,0.92191494,3.012404,1.3504979481382406e-06,-0.0004586033737838946,-0.0012933962135344146
7.029,1.0239147715690176,0.6313820350985825,2.8624670537018684,0.10896433901241023,0.17464447629386554,0.22194034268267446,1.0638651,0.92372847,3.0146577,1.2743208541721174e-06,-0.0004668643641956294,-0.0013752035263827622
7.039,1.025003077710039,0.6331321398756058,2.864682219751887,0.10880583182786073,0.17506521098936365,0.22131846550354495,1.0658975,0.9226067,3.0160196,1.2057955434130463e-06,-0.0004718096314375586,-0.0014554644463844468
7.047,1.0259820808990363,0.6347082969492139,2.8666721339929544,0.10875588886921395,0.17518027018727966,0.22092876079579676,1.0662006,0.9255626,3.0153549,1.1469851592948999e-06,-0.00047913814180144954,-0.0015270783722769465
7.057,1.0270693303264928,0.6364608409994917,2.868879075373842,0.10869942402449108,0.1753163156672097,0.2204910437582879,1.0680033,0.9267405,3.0196443,1.0747460033044831e-06,-0.0004951927589678107,-0.0016110395463808658
7.068,1.0281560063906636,0.6382147888336169,2.8710810645619853,0.10864125547355691,0.17546004023651607,0.21995170931527308,1.0695883,0.92764014,3.0231419,1.0018639793329953e-06,-0.0005218636925263809,-0.0016856417509218957
7.077,1.0293506621602555,0.6401458345149227,2.8734968169544297,0.10869430258752395,0.1752468577933574,0.2195782301309462,1.0713835,0.9286996,3.0262902,9.515815406757611e-07,-0.0005482008051767018,-0.0017266397766810826
7.087,1.030436057708338,0.6419029316288315,2.8756872346497584,0.10863668606368647,0.17539738365491223,0.21905592651802994,1.0730206,0.9300275,3.0267928,9.122139896788894e-07,-0.0005775588497396456,-0.0017435080948686732
7.098,1.0315207997655467,0.6436615747270586,2.877872617536543,0.10844406075520836,0.17593374805998357,0.2183104703248884,1.0752039,0.9315021,3.0280492,8.95483391438745e-07,-0.0006040306017789376,-0.0017220971903313398
7.107,1.0324964888659145,0.6452456642614919,2.8798350117669016,0.10838236111795577,0.17607036758221223,0.21782526374118713,1.074518,0.9337602,3.0296128,9.038650476966836e-07,-0.000618513510727503,-0.0016741032590790184
7.117,1.0335799292572425,0.647007177843869,2.882010152192204,0.1083125549830905,0.17621654425793898,0.21725517448659457,1.0752712,0.93424064,3.032215,9.325450545105696e-07,-0.0006252067811427509,-0.001595219762128508
7.129,1.034662668461078,0.6487701099656125,2.8841795888799737,0.10824229770294554,0.17635461207478953,0.21668995174850156,1.0766098,0.9365661,3.0319078,9.800735014664497e-07,-0.0006245528334609673,-0.0014831670341024505
7.138,1.0357447053643276,0.6505343727192108,2.886343398928038,0.10817213306578753,0.1764834859449961,0.21612565568148595,1.0772008,0.9391211,3.033154,1.0186022976199638e-06,-0.0006231958197338017,-0.001394723560801836
7.149,1.036934136717095,0.6524764855083923,2.888716765397229,0.10822985500862105,0.1763299649951912,0.21561328589157802,1.080616,0.93779695,3.0354407,1.062852042821305e-06,-0.0006249604323871338,-0.0012908190222402638
7.158,1.0380147020757273,0.654243234787278,2.890867575378022,0.10802490263235424,0.17672341043069206,0.21477117567796075,1.0810473,0.93874204,3.0403938,1.091162713962035e-06,-0.0006308303862603282,-0.001218280704585517
7.167,1.0389866078397707,0.6558342085423196,2.8927974561710053,0.1079611295667995,0.17681514138322257,0.21416496180970093,1.0814774,0.9409654,3.0419886,1.1181609540500403e-06,-0.0006384049683036963,-0.0011489447639290162
7.179,1.0400658257034938,0.6576028870952663,2.8949356879798622,0.1078894861704047,0.17690973007808966,0.21354568041650115,1.0831716,0.9437308,3.0456407,1.1736626381875226e-06,-0.0006468939938080176,-0.0010268812555249696
7.191,1.0411443236573927,0.6593724616376418,2.89706764754223,0.10781724850616911,0.17699494334307125,0.21290881834027278,1.0839201,0.9446868,3.0486588,1.2405025415773707e-06,-0.0006510642389745414,-0.0008962199333737431
7.197,1.0423298341453804,0.6613199029857787,2.8994056614203925,0.10773732614784788,0.17707552101939814,0.212246082047538,1.0849762,0.9473134,3.0511246,1.2822143471424852e-06,-0.0006521241599330985,-0.000817737666951146
7.209,1.0432991423657505,0.6629138628367321,2.9013133132463813,0.10767176687516536,0.1771299819949871,0.21174930901616246,1.0847769,0.9512505,3.0536926,1.368841955340372e-06,-0.000651913404624338,-0.0006564389872369958
7.219,1.0443754593118066,0.6646854381675557,2.9034281620872826,0.10759892813973997,0.1771781759656784,0.21127386917201785,1.0856866,0.95182306,3.0562541,1.4328192703416676e-06,-0.0006499152812073916,-0.0005338167130375382
7.227,1.0454510485690105,0.6664574291483029,2.9055387238453942,0.10752621876714401,0.17721463099817134,0.2108835419542105,1.0867853,0.952772,3.0592763,1.4694432426409776e-06,-0.0006491776747972189,-0.0004566919094104449
7.2379999999999995,1.0466333573812265,0.6684069776755114,2.90785597238885,0.10744625595911973,0.1772446175847316,0.21047863350973656,1.088231,0.95583814,3.0597768,1.4950624480647434e-06,-0.0006519474000610259,-0.00038680177655336934
7.249,1.0476000452151852,0.6700022794438273,2.909748867400849,0.10738049407277767,0.17726414808000102,0.21020018587208578,1.0888464,0.9575963,3.0591416,1.5008171336816645e-06,-0.0006594966467066143,-0.00034620779347527275
7.258,1.0486734453377107,0.6717750247301022,2.911849105352363,0.1073067684934841,0.17728263685738999,0.20987439406782146,1.0903298,0.9591744,3.0613453,1.495554464270299e-06,-0.0006681332721942823,-0.00032775101123849737
7.267,1.049746103387727,0.6735479433077557,2.913945758893252,0.10723213721441098,0.1772991988431301,0.20948560469096125,1.0912035,0.96041393,3.0613847,1.4845935298879454e-06,-0.0006784134620776427,-0.0003176374706495011
7.2780000000000005,1.0509251579760919,0.6754983377514173,2.9162472861018465,0.10729311060250889,0.17725103188571947,0.20898854471751233,1.0940303,0.96114206,3.0632353,1.4680707307590524e-06,-0.00069162453098226,-0.000310045258309799
7.287,1.051889151575028,0.6770942513977846,2.918126183355651,0.10707956644032399,0.17732961791596785,0.20857159216045593,1.095033,0.9627613,3.06429,1.4566006587557467e-06,-0.0007016178686223284,-0.0003015018762404509
7.299,1.0529595197816906,0.678867624351401,2.9202091990397854,0.1070017254585484,0.17734331728257713,0.20807630668129576,1.095924,0.96310717,3.0658455,1.4546288307215605e-06,-0.000709351088097776,-0.00027347778175368376
7.307,1.054029106376961,0.680641121678037,2.9222869874456032,0.1069234014230764,0.1773544703867471,0.20752634586976706,1.096195,0.9654629,3.0661297,1.465248042009648e-06,-0.0007090650628613915,-0.00023979005124363795
7.318,1.0550979101327411,0.6824147077414229,2.924359022117307,0.10684524350645802,0.17736114390532523,0.20693472969403953,1.095749,0.9699423,3.0664954,1.4991096968230977e-06,-0.0007024057949513995,-0.00016798595043709952
7.329,1.056165935789432,0.6841883249694167,2.92642498680552,0.1067677695546063,0.1773610219839974,0.20632491213154516,1.0976174,0.97286415,3.0696106,1.5511933604273054e-06,-0.0006922969677365387,-6.780151802310286e-05
7.338,1.0572331911207367,0.6859618966239444,2.928485050058163,0.10669108039376798,0.17735282584154208,0.2057419134523472,1.0987338,0.9742621,3.0718284,1.5783941371694254e-06,-0.0006889844698951819,-1.0216535914153724e-05
7.348,1.0582996821280535,0.6877353470491814,2.930539264347952,0.10661476439677738,0.17733788459164723,0.2051531514544381,1.0994167,0.9767991,3.0730805,1.5885519362157652e-06,-0.0006909633043190588,2.939143799141064e-05
7.357,1.0593654091700702,0.6895086270131321,2.932587322814308,0.10653821288264259,0.17731975260336635,0.2045122841388947,1.100896,0.9808165,3.0765038,1.5695842243701463e-06,-0.0006977026265730935,2.6600156675993247e-05
7.367,1.0604303668265944,0.6912817285779858,2.9346286977935074,0.10646088031315806,0.17730281732544761,0.2038331513183129,1.1034244,0.98098505,3.0793169,1.5158522073122072e-06,-0.0007090774827256396,-2.029780368140166e-05
7.378,1.0614945449033475,0.693054688535358,2.936663438713146,0.10638237685659506,0.1772916364221372,0.2031918976062056,1.1049625,0.9823259,3.0826664,1.4147094580252428e-06,-0.000722053955085844,-0.00012674762698594577
7.388,1.0626642260861507,0.6950048805264856,2.938894947017583,0.10629471774041026,0.17729114363059698,0.202613221259964,1.1059377,0.9843443,3.0838325,1.3000395835405243e-06,-0.0007282862890729547,-0.0002529574505309995
7.397,1.0636205176163585,0.6966005469475351,2.9407165108980466,0.10622252605248528,0.17730186826668687,0.20222644529581324,1.1064827,0.98704517,3.0852468,1.198673676761075e-06,-0.0007264137760536471,-0.00036561415451075163
7.407,1.0646823032287953,0.6983736838918808,2.9427363984568493,0.10614272053058096,0.17732502628812308,0.20178932725791635,1.1073639,0.987201,3.0857491,1.101855398921714e-06,-0.0007157627504041919,-0.00047366396565440283
7.417,1.0657432970722318,0.7001471091804974,2.9447517067772204,0.10606416467048324,0.17735819684581822,0.20131325098350195,1.108719,0.98775196,3.0883207,1.0243891921390968e-06,-0.0006987653372600988,-0.0005602835029607789
7.428,1.0668035148312904,0.7019209111447056,2.946762042223316,0.10598737944783074,0.177399175497873,0.20080037037700124,1.1081597,0.9879708,3.0912778,9.650900469893031e-07,-0.0006774281978874086,-0.0006237752370026328
7.44,1.0678629752443045,0.7036951528043437,2.948767124844059,0.10591249946419022,0.17744510278659875,0.20026965704316982,1.1071411,0.9912298,3.0922985,9.37259692079806e-07,-0.0006560587170758581,-0.0006419988323145276
7.45,1.069027528561339,0.7056473610319569,2.9509667615387523,0.10583206600129509,0.1774969177329181,0.19972095130453787,1.1084973,0.9943121,3.093158,9.461607959337925e-07,-0.0006454483372313469,-0.0006083353831929372
7.46,1.0699796923389366,0.7072450342060926,2.9527621739802807,0.10576715814972674,0.17753648750296366,0.1993095708719468,1.109539,0.995752,3.0934234,9.737024004863315e-07,-0.0006475138588899476,-0.0005441857850287946
7.468,1.0711426543854348,0.7091981926196474,2.9549518826224137,0.10581809953917153,0.17747794239931008,0.1988794896170304,1.1130452,0.9983598,3.0954053,9.97162485916192e-07,-0.0006590797568319928,-0.0004900537543104377
7.477,1.0721991248758302,0.7109741494587033,2.956938082187268,0.10574823457914856,0.17752048628406297,0.198432282213478,1.1152647,1.0014693,3.0988147,1.0148950284616376e-06,-0.0006800386864584951,-0.00044250645903698427
7.4879999999999995,1.0731493057900003,0.7125727558060178,2.95872199934059,0.10554500444471629,0.17763356678450137,0.19804884220025826,1.1150287,1.0045793,3.1001914,1.009261408668749e-06,-0.0007069860445225729,-0.00042442703254863545
7.498,1.0742043264226515,0.7143492360415892,2.9607003259555937,0.1054666503733648,0.17766009661918886,0.19765086601773613,1.1159705,1.0061651,3.1036174,9.668140492635757e-07,-0.0007224349234205008,-0.00045953461558045916
7.507,1.0752585555301613,0.7161260003613636,2.9626743585070283,0.10538701708615211,0.17769081947812307,0.1971935462146656,1.1187478,1.0094112,3.1054695,8.948983847290037e-07,-0.0007262647128096766,-0.0005365865276001358
7.519,1.0763119863091544,0.717903118935073,2.9646438396321777,0.10530717304997692,0.17773079307539022,0.19675169657480562,1.1187687,1.0117991,3.1054041,7.606335437060352e-07,-0.0007180302408347217,-0.0006934709129939876
7.529,1.0773646222528517,0.7196807073619437,2.966609042391007,0.1052281336383101,0.17778401828086385,0.1963350275306255,1.118905,1.0139015,3.1066935,6.304632247378095e-07,-0.0007007991945822134,-0.0008552243936899018
7.539,1.078521619796476,0.7216367743856134,2.968765922552497,0.10527766188259607,0.17766948045765416,0.1959668507207943,1.1206918,1.0175207,3.107263,4.974537057833572e-07,-0.0006789380570255688,-0.0010291353524509717
7.547,1.079572637508698,0.7234158511966995,2.970722151861733,0.10506820229955618,0.17794852804390496,0.1954194911436897,1.1199266,1.0215194,3.1083527,3.949301135008909e-07,-0.0006625538841058543,-0.001168103973755663
7.558,1.080517921158476,0.725017844175279,2.9724787016964664,0.1050023681308029,0.1780417752480579,0.1949731362332082,1.1199119,1.0226698,3.1106522,2.579460005591727e-07,-0.0006458052739404252,-0.0013580140535456309
7.567,1.0815675486592335,0.7267989062136686,2.9744256404572162,0.10493048201856695,0.17816154516781277,0.19445531511498199,1.1198492,1.0242069,3.1119862,1.381576559822406e-07,-0.0006400213017880851,-0.0015255080186200587
7.579,1.0826164606583262,0.7285812657839968,2.97636708647026,0.10485904258547016,0.17829974116449562,0.19388451452603697,1.119925,1.0243721,3.1140249,-4.029360445301222e-08,-0.0006471570913708646,-0.0017709846752831382
7.588,1.0837694346808309,0.7305435916730805,2.9784960074684728,0.1049072669091269,0.1781037817339042,0.19353203582801484,1.1225332,1.0261343,3.1172986,-1.8448145677751882e-07,-0.0006649550209756327,-0.0019606934243068252
7.598,1.0847121171715985,0.7321506635566184,2.9802330606152334,0.10471254098712063,0.1786367495309167,0.19281258009026125,1.1234105,1.0280448,3.1201196,-3.409034601276062e-07,-0.0006963085766651389,-0.0021525227964804827
7.608,1.0858634463859895,0.7341169551159228,2.9823510145337973,0.1047669388217393,0.1784157242467116,0.19265209246186935,1.1238629,1.0309272,3.1219134,-4.778305462416199e-07,-0.0007338093931417156,-0.002304965149344085
7.618,1.0868047263449399,0.7357275898134389,2.984080000575386,0.10455387093463264,0.17904492208948916,0.1919418287278146,1.1240008,1.0338125,3.1226068,-5.848901230010028e-07,-0.0007710724369314192,-0.002411420356711602
7.627,1.0878498016473055,0.7375192482913807,2.985997205816439,0.10446909949236569,0.17926597700557032,0.1915425295138925,1.1232718,1.0350177,3.124538,-6.577785942596392e-07,-0.0008016185470287596,-0.0024762710738368554
7.6370000000000005,1.0888940109793792,0.7393131561142627,2.9879106002722664,0.1043810617072136,0.17949375864966716,0.1911739460013408,1.1250541,1.0371523,3.126092,-7.264316215227495e-07,-0.000832889661946723,-0.0025335904002243836
7.648,1.0900416038678988,0.741289123014449,2.990011044907236,0.10444533967637325,0.1792570151603397,0.19113331763240446,1.1257352,1.0374502,3.127478,-8.03267252269535e-07,-0.0008687258993753666,-0.0025974741129699552
7.658,1.090979707149927,0.7429079523164451,2.991726020150007,0.10419569525567629,0.17996604270485833,0.19038224186253938,1.1275604,1.038383,3.12819,-8.818367756013856e-07,-0.0009047265535482296,-0.0026632244578550512
7.668,1.0920211291173445,0.7447089569219382,2.993627493675515,0.10409786381194054,0.1802114127423041,0.18995673868624052,1.127607,1.0406278,3.1287565,-9.607630602204154e-07,-0.0009441899419844191,-0.0027266467965629815
7.677,1.093061551681328,0.7465124488462278,2.99552470536594,0.10399616788278594,0.18046268056340445,0.1895239072816068,1.131082,1.040955,3.1295686,-1.0179928837672492e-06,-0.0009811691314487447,-0.0027678161683581948
7.689,1.0942048153469397,0.7484992195382177,2.997606246098462,0.10387973644025757,0.18074332636219428,0.1889817049049057,1.1303664,1.0435436,3.1319594,-1.0593716162077271e-06,-0.0010303512463680775,-0.002788084615501063
7.698,1.0951392413244507,0.7501270623852939,2.999304759763993,0.10378096381290719,0.18097381758262146,0.18851128888420682,1.1294329,1.0442774,3.13112,-1.054392817501082e-06,-0.0010631228825568328,-0.0027710864612942032
7.707,1.096176432053212,0.7519381998653455,3.001186850266001,0.10366796002192935,0.18122764351235646,0.18795646043225073,1.1323532,1.0454727,3.1329954,-1.0174223810111016e-06,-0.0010916827987319522,-0.0027274603000595476
7.718,1.0972124759510489,0.753751848404644,3.0030632248800093,0.10355193694371552,0.18147611037465794,0.18737088336653265,1.1323466,1.0477232,3.135224,-9.356188837017498e-07,-0.0011256922917981527,-0.0026451342625914975
7.727,1.0983507643124923,0.7557496803151966,3.005120123593794,0.10363604791818878,0.18126018149764228,0.1870152686726758,1.1348203,1.049005,3.1378248,-8.430510303192307e-07,-0.0011541168073172514,-0.0025587589025146684
7.737,1.0992810042902563,0.757386385613674,3.0067972320107854,0.1033108988253522,0.18194762565788974,0.18608948415905674,1.135768,1.0497284,3.140444,-7.21997209573999e-07,-0.0011867615553455835,-0.002451007405619876
7.747,1.100313427031672,0.7592070826362606,3.008654674960073,0.1031856535216269,0.182167955706791,0.18546416688675602,1.1370046,1.0513378,3.1431518,-5.905449969034748e-07,-0.001218492197615273,-0.002338487328940708
7.757,1.1013445803591397,0.7610299226815104,3.010506025756974,0.1030573617195824,0.18237726970269005,0.18487412059179645,1.1367238,1.052848,3.146802,-4.481734370287427e-07,-0.0012464947450596675,-0.002220587561334142
7.767,1.1023744357931724,0.7628547927494331,3.0123517319375415,0.10292642271299762,0.1825750039256193,0.18433181074663763,1.1390489,1.0571002,3.1495583,-2.9238159582334333e-07,-0.0012691349067535107,-0.002094858436969105
7.779,1.1035057491524898,0.7648643513782487,3.0143763551281926,0.10301670075381233,0.18241497969629858,0.1840842201265722,1.138935,1.0583036,3.1513245,-8.913773230645461e-08,-0.001291764269828466,-0.0019338957161316728
7.787,1.1044301600855044,0.7665101372130751,3.016029623937663,0.10265812740202826,0.1829330168991357,0.18357411746668004,1.1390687,1.061168,3.1524978,4.1046284593448945e-08,-0.0013046465922164074,-0.001831724572891602
7.797,1.105558498295881,0.7685234679048761,3.0180470746929045,0.10274961915952056,0.18279161022673954,0.18345333189270327,1.1396058,1.0636125,3.1525624,1.8446076044398296e-07,-0.001319892908292708,-0.001719165620414742
7.807,1.1064804455031134,0.7701721259459189,3.019695399063457,0.10238312987849704,0.18324342007906103,0.18304729684969304,1.1415036,1.0620451,3.1549768,2.9548143132274163e-07,-0.0013372862729728041,-0.0016309522659305742
7.817,1.1075035082083673,0.7720053467216886,3.0215244073511145,0.10224307601824428,0.18338546260595076,0.18278591419874615,1.1422421,1.0642835,3.1572838,3.692269689992145e-07,-0.001359247730566615,-0.001570114862340155
7.827,1.1086272440664722,0.7740234918155089,3.0235338525793916,0.10233901527844251,0.18325720013210361,0.18273427728271932,1.1418649,1.0667384,3.1573842,4.3376437908193566e-07,-0.001384716212197823,-0.0015161640564151924
7.837,1.1095453693017645,0.7756759019275754,3.0251765233579855,0.10195571403828316,0.18365296651700425,0.18245206885341667,1.1422956,1.0685174,3.1590574,5.200386903325693e-07,-0.001411615913288422,-0.00144767403812196
7.848,1.1106659106161159,0.7776969071661604,3.027182061561437,0.10179330138668434,0.1837885382849672,0.1822043089934131,1.1424048,1.0711894,3.1612005,6.501702154437794e-07,-0.0014432207230727911,-0.0013496381627255971
7.859,1.1115813750686847,0.779351523391731,3.02882073522336,0.10165788425547005,0.1838912275494798,0.18197369627455293,1.1426734,1.0726846,3.1624508,8.089236658292975e-07,-0.0014788179273530488,-0.001234716221235388
7.868,1.1125971122673992,0.781191018241641,3.0306391565362802,0.10150435066685687,0.18399557581076584,0.18173053838616987,1.1447523,1.0739344,3.16407,9.446850022243325e-07,-0.0015124529887939886,-0.001139041603542168
7.878,1.1136112944281664,0.7830314993014076,3.032455024117595,0.10134714631519029,0.18408956651308953,0.1814673820083678,1.1457866,1.0747936,3.1651511,1.0908080145810573e-06,-0.001555252387930306,-0.001038358103306436
7.889,1.1146238816733627,0.784872866116287,3.034268255652282,0.10118572072557293,0.18417382951332353,0.18120423909322583,1.1458033,1.0772344,3.1663399,1.2571848699849397e-06,-0.0016100565572672032,-0.0009268443410412885
7.897,1.1156348302805965,0.7867150252376323,3.0360788355605854,0.10101985737523908,0.18424899788593108,0.18093665842775175,1.1447445,1.0800577,3.1671946,1.3567898911048815e-06,-0.001641529220196336,-0.00086201076197856
7.908,1.1166440963499227,0.788557886145836,3.0378866122274015,0.10084966639152247,0.18431505827698033,0.1806493371316183,1.1463221,1.0818409,3.1692088,1.5186848933979036e-06,-0.0016897336402377228,-0.0007593341269025444
7.9190000000000005,1.1176516369649,0.7904013577029805,3.039691529885887,0.10067519095462306,0.18437212172449555,0.18036008515620763,1.1482321,1.0826299,3.1715689,1.6776838194232369e-06,-0.0017451150680192207,-0.0006602137549283071
7.927,1.1187578866120933,0.7924297803890226,3.0416734286434908,0.10047809525611794,0.18442567916929586,0.180012859610565,1.1505947,1.0825578,3.1724396,1.7562778680257907e-06,-0.0017795734118566386,-0.0006114269174268827
7.937,1.1196613643147115,0.7940898041711736,3.0432922176863197,0.10031246423478637,0.18446346680157225,0.1797564994217536,1.1510655,1.0849286,3.1740417,1.8602207987328256e-06,-0.0018289705453615746,-0.000547552590216327
7.947,1.1207635602894914,0.7961191447810141,3.045267933795653,0.10010479941249549,0.18450264246011586,0.1794888038212459,1.1526142,1.0887234,3.1770334,1.981772889791955e-06,-0.0018727465949965882,-0.000475949914896745
7.959,1.1216636381438039,0.7977798003584333,3.0468821489088027,0.09993128835299492,0.18452802591885686,0.17925802400251362,1.1527256,1.0887331,3.1777103,2.165546567844956e-06,-0.0019136354065292238,-0.00037259626802921275
7.968,1.122661876039059,0.7996251983823283,3.048673548322902,0.0997354371824277,0.18454812878891325,0.1790403905574068,1.1551725,1.0915034,3.1799843,2.3102104620420505e-06,-0.0019353002990865065,-0.00029297440640796424
7.977,1.1237576599062893,0.8016553100366947,3.0506414557226025,0.09986634482161383,0.18452016148450281,0.17863280581654642,1.1546463,1.0948125,3.1811056,2.454379490757219e-06,-0.0019511591170684461,-0.00021424554677018648
7.9879999999999995,1.1246524186591484,0.8033163688728747,3.0522495109407526,0.09933763990606172,0.1845625639264893,0.17858684042573728,1.1558578,1.0966461,3.1828628,2.618095014561561e-06,-0.0019643513324272277,-0.0001247228106056042
7.998,1.1257438078279314,0.8053465316017734,3.0542126878604106,0.09911666074852572,0.18455710812635928,0.17837278421183747,1.1580536,1.0980555,3.1840174,2.7237543243074924e-06,-0.0019737228933003337,-6.494278387769725e-05
8.008,1.1267338652762946,0.8071920482237168,3.055995246168207,0.09926818072437635,0.18453967958453624,0.17796684350659484,1.1589097,1.0988669,3.1859188,2.7722089903647884e-06,-0.001983188141042369,-3.345948920951969e-05
8.017,1.127721900003288,0.8090374446240785,3.057775553353316,0.09906663306392356,0.1845288805669843,0.1777395322063255,1.1606976,1.1023993,3.184144,2.7745911150844904e-06,-0.0019909352344091857,-2.5417193084464884e-05
8.027,1.1286093946058824,0.8106981877218437,3.0593760499454477,0.09852908895283378,0.18452162776071174,0.1777520086503039,1.1621174,1.1037192,3.1854138,2.758688497195294e-06,-0.0019972075089405017,-2.5535489352357388e-05
8.037,1.12959356489946,0.8125433305553343,3.0611521263281993,0.09832532666206338,0.18450833839081432,0.1774758818956574,1.161446,1.1055827,3.1874893,2.7274890426198795e-06,-0.001999024663190241,-3.248471149852605e-05
8.048,1.1306737992304567,0.8145728386547886,3.0631020719688955,0.09810135566915326,0.18449458834527477,0.1770852241860966,1.1610681,1.1076012,3.1893377,2.68974853234738e-06,-0.0019944931327904314,-4.366936261668286e-05
8.059,1.131555797339035,0.8162332379904218,3.064694148324699,0.09791862194289915,0.1844843334595606,0.17674908125739408,1.1642526,1.1094514,3.1914585,2.6478997137147076e-06,-0.001986106145558608,-5.630160686997954e-05
8.069,1.1326315660592228,0.8182624965662645,3.066636026431328,0.09769605529287523,0.18447300740954922,0.17635523971008188,1.1629167,1.1106923,3.1941228,2.614340270490345e-06,-0.0019811751868221705,-6.536596911743686e-05
8.077,1.133509922080831,0.8199227107166678,3.06822157306202,0.09751440150259916,0.18446449743358914,0.17602257841531904,1.1638542,1.1116605,3.195291,2.5946626491801794e-06,-0.0019794271446427203,-6.887249217957248e-05
8.087,1.1344839568862295,0.8217673052458052,3.0699797638116313,0.09731273346514642,0.18445531745614355,0.1756522361351043,1.165654,1.1125518,3.1999617,2.5840379667130264e-06,-0.0019801280365978613,-6.605915601554102e-05
8.098,1.1354559744126511,0.8236118058871137,3.071734308346596,0.09711087440628831,0.1844456040756972,0.17530635635250294,1.1672821,1.1132909,3.2023096,2.600134486385741e-06,-0.0019846892966706164,-4.886241337587194e-05
8.107,1.1364259701480015,0.8254562004485124,3.0734859134919748,0.09690841501885006,0.18443400376573826,0.17505390023661424,1.1689156,1.1164362,3.2039907,2.650349198773938e-06,-0.0019887943296614807,-1.639839477007854e-05
8.118,1.1373939380734797,0.8273004587478732,3.075235480823559,0.09670540156464394,0.1844183319494265,0.1748918123929314,1.1709108,1.1176597,3.2054462,2.770394327278325e-06,-0.0019895863441012906,5.2081127117631354e-05
8.129,1.1384563570372577,0.8293289198819054,3.07715861594896,0.09648207327104075,0.1843935530838221,0.17478429361998943,1.1714413,1.117854,3.208291,2.928494072129695e-06,-0.0019805537275514595,0.00013921415183615338
8.138,1.139420065541479,0.8311726929096314,3.078905949812642,0.09662419592074502,0.18439716890228336,0.17446324236704075,1.1703508,1.1204638,3.2085202,3.068421694507606e-06,-0.0019636080736664674,0.0002160714050245538
8.149,1.140381764492366,0.8330161119204597,3.0806524174620753,0.09641954353834692,0.18437374923799518,0.17437987581660108,1.1717709,1.122394,3.2094595,3.2533533911305312e-06,-0.001933172994794674,0.0003182941612207557
8.157,1.141245595212822,0.8346748127648614,3.082223911028247,0.0959024126808333,0.18428024858504902,0.17460615168019814,1.1707897,1.1250229,3.2122774,3.390596463148654e-06,-0.0019091020770192202,0.0003955000159039379
8.167,1.1422035464134495,0.8365173095669985,3.083969871196006,0.09570775123043918,0.1842232771661302,0.17459004883709772,1.1719114,1.1246998,3.21328,3.550446299627197e-06,-0.001881931242363244,0.0004877687577793388
8.177,1.1431595650910633,0.8383591877271941,3.0857158006047167,0.0955155619875417,0.1841576203947045,0.17459264369175612,1.1724042,1.1262041,3.213996,3.676149978204535e-06,-0.0018626938753834033,0.0005636728244424738
8.189,1.14411367196702,0.8402003693242149,3.0874616593014523,0.09532506227801227,0.18408492581122674,0.174576207486116,1.1748871,1.1269407,3.2149026,3.7936265044891115e-06,-0.0018529280800159142,0.0006380581842293509
8.198,1.1450658786242753,0.8420407906327838,3.0892071985795346,0.0951352828721217,0.1840062456808799,0.1745354115871984,1.1773841,1.1291105,3.2159681,3.879659032257621e-06,-0.0018538355801016593,0.000692885864562065
8.207,1.146016187315748,0.8438803922070908,3.0909523427336496,0.09494538623000207,0.1839214604898338,0.17449806955506372,1.1769179,1.1297256,3.2190921,3.984968128811772e-06,-0.0018573287181533615,0.0007576650435248133
8.218,1.1469645951412253,0.8457191066789106,3.0926971676307518,0.09475518689613004,0.18382931029398722,0.17446585309465554,1.1786108,1.1293212,3.2208638,4.147827123546222e-06,-0.0018564324487284622,0.0008542668010882437
8.23,1.1480056484923307,0.8477405697244825,3.0946158597072664,0.09454637190201116,0.18371761899887745,0.17439046838490538,1.1772013,1.1323833,3.2238312,4.373370558141687e-06,-0.0018435392820919105,0.0009849910242119009
8.237,1.1488557158047052,0.8493935297439184,3.0961850519031304,0.09437656188021978,0.18361644915673872,0.17432495325026426,1.1787417,1.134179,3.226034,4.538114968255513e-06,-0.0018299629387712457,0.0010796432476114504
8.247,1.1497984517139617,0.8512290169879155,3.097928145713445,0.09418964590441749,0.18349107247784283,0.17431426088406463,1.180879,1.1362484,3.2256224,4.8064801649871924e-06,-0.001806524579758939,0.0012347035472979329
8.258,1.1507393304157005,0.8530631659897916,3.0996715765557563,0.09400495218226773,0.18335021392931214,0.17436982215191132,1.1845535,1.1369882,3.225824,5.103279693940976e-06,-0.0017799840542886969,0.0014094348731341633
8.27,1.1516783753286788,0.8548958212460015,3.101415531912066,0.09382266514711321,0.18319403948237936,0.17440924865261684,1.1854358,1.1376896,3.2286534,5.3822860310859255e-06,-0.0017499395058750977,0.0015785025892678384
8.278,1.1527092365410876,0.8569098448461809,3.103333972247207,0.09392756993144084,0.1832938527845242,0.17392032636147645,1.1864675,1.1385845,3.2310636,5.535687900959374e-06,-0.0017255197407584077,0.0016743349263252938
8.287,1.1535510672735771,0.8585560922980031,3.1049031699646603,0.09346643016810689,0.18284289177630597,0.1743296504576622,1.1859001,1.1402868,3.232378,5.68761228691983e-06,-0.0016915180024157372,0.0017717833512276293
8.297,1.154484778363904,0.8603834742799141,3.10664614298333,0.09329376470470502,0.18265098928666543,0.17427293129237184,1.1877258,1.1417702,3.2325654,5.8478444504572735e-06,-0.0016455654910982886,0.001877394492114437
8.308,1.1555098971257647,0.8623913080837454,3.108562794452667,0.09338832511070232,0.1827710569402841,0.17369724182655116,1.1876379,1.1453962,3.2344933,6.023813498678976e-06,-0.0015892077430659235,0.001997330664689212
8.319,1.1563471455503702,0.8640322049475785,3.1101301996633186,0.0929629107100057,0.182235739264113,0.17411821890552034,1.1896994,1.1477146,3.2331977,6.196239888289767e-06,-0.0015308660015072029,0.0021200026504044622
8.329,1.157368692875836,0.8660353290806548,3.1120449550312363,0.09305036391140968,0.1823693258623751,0.173484351383023,1.1917562,1.1499975,3.2343435,6.3260768925488264e-06,-0.0014802608430564135,0.0022183452966482164
8.337,1.1582957494081345,0.8678539393757279,3.113784391415362,0.0928895921439995,0.18214896400629155,0.17331766835370563,1.1913539,1.1526787,3.235496,6.397507097410937e-06,-0.0014419876830640277,0.00227737868175959
8.347,1.1591288206375234,0.8694886591864817,3.1153482220328237,0.0925047343389185,0.18153929499841517,0.17366823486972194,1.1901745,1.1540594,3.2366433,6.435288854689247e-06,-0.0013949306450737886,0.002316862613648052
8.358,1.1600530767739072,0.8713027205992266,3.1170834264848843,0.09236158417074775,0.18129715587637996,0.1733895301412785,1.1905236,1.1560593,3.238925,6.400783174598246e-06,-0.0013436841247855824,0.002306190599006719
8.368,1.1609759267283315,0.8731143676737219,3.1188156196068655,0.0922229854746336,0.1810569530447064,0.173077415775098,1.1923616,1.1587172,3.2408402,6.3007501402978505e-06,-0.0012979569952804582,0.002244946630613587
8.377,1.1619894884451112,0.8751044412800066,3.1207173541180904,0.09229574100433605,0.18117643152293084,0.17221061249650257,1.1920712,1.15823,3.2440684,6.202537099042615e-06,-0.0012711004412158111,0.0021791990347681534
8.388,1.1628175721522958,0.876730615620423,3.1222703896021784,0.09195697044879818,0.18059638216649773,0.17243254967284574,1.1931561,1.1607268,3.244693,6.048920536017022e-06,-0.0012421914983598015,0.002072144904617268
8.399000000000001,1.1638282454027005,0.8787157380853138,3.1241654813217874,0.09202671674607481,0.18070130043168575,0.17168668794893577,1.1937886,1.1626698,3.2455301,5.9043993942964335e-06,-0.0012204860395694794,0.0019706840031408213
8.408,1.164654008723209,0.8803380263169264,3.125713709505546,0.09170077824321943,0.18017182165623186,0.17191210226906398,1.1960768,1.1641326,3.2463148,5.8073029522986985e-06,-0.0012063318606325701,0.0019042567986220504
8.417,1.1655703248362068,0.8821386356502524,3.127431087334186,0.09157523611640234,0.17997111849723715,0.17159023479389313,1.1966836,1.1672006,3.249396,5.730026739314553e-06,-0.0011938010238421448,0.0018539591333555094
8.427,1.1664853932700585,0.883937267930951,3.129145158649489,0.09145109616757104,0.1797756110279494,0.1712641715557025,1.1983309,1.1676757,3.2512755,5.659035672955781e-06,-0.0011780598844621792,0.001810084489270558
8.437,1.1673992288346924,0.8857339684500792,3.130856168456374,0.09132858129412359,0.1795843351175601,0.17096722247957946,1.1974897,1.1690166,3.2520213,5.586724135753229e-06,-0.0011572152374039746,0.0017642424680985869
8.447,1.1684030474151643,0.887708160895856,3.132734746102006,0.09139023928467861,0.17967160691032738,0.17020885393894783,1.1997817,1.1714953,3.2530947,5.5085529737652905e-06,-0.0011294779756978457,0.00171170453123759
8.458,1.1692232856407052,0.8893217574302069,3.134268902062831,0.09109087870117735,0.17921644441608287,0.1703334416836421,1.1989413,1.1728369,3.2558322,5.420819644719188e-06,-0.0010939117641517448,0.0016499326764227717
8.469,1.1702245291927855,0.8912919743047005,3.1361402736793194,0.09114730586442543,0.1792949977236515,0.16956703343852592,1.200329,1.1761049,3.2576823,5.330257535796079e-06,-0.0010561206658632472,0.0015829250571108844
8.477,1.1710427184016416,0.8929024197347274,3.1376683715592755,0.09086585176061722,0.17887101088794452,0.1696615984262952,1.199679,1.1787522,3.2575443,5.264424663309342e-06,-0.0010304915287933092,0.0015328463067016962
8.488,1.1719507815940713,0.894690224844776,3.139363321105597,0.09075802762971127,0.17870741191845801,0.16936219287801682,1.1989864,1.179903,3.2572203,5.168255305498803e-06,-0.001001227290503337,0.0014574823202355702
8.498,1.1729484229799712,0.8966549671409816,3.141224237888575,0.09064226042457064,0.17853569358582544,0.1690046733607699,1.2002621,1.1794187,3.258642,5.060938812029292e-06,-0.000983434880248879,0.0013691178494386058
8.507,1.1737637363810556,0.8982611208567687,3.142743551363432,0.09054899324744158,0.1784033998771923,0.16865695791991125,1.200397,1.1811213,3.2619283,4.947209818695342e-06,-0.0009769923073372766,0.0012732191951698724
8.518,1.1747590941097714,0.9002226457980196,3.1445963298111987,0.09043543809597578,0.1782532763423057,0.16825299640841757,1.2016679,1.1815946,3.2641447,4.805127570506329e-06,-0.0009808849837540379,0.0011554241705895585
8.528,1.175572546581616,0.9018263511139417,3.1461090300966683,0.09034202268528109,0.1781395605134758,0.16794079428109418,1.203739,1.1818825,3.2658951,4.692270533013243e-06,-0.0009930291819562065,0.0010677611751184202
8.539,1.1765656168450869,0.9037850972775704,3.1479542256459716,0.09039554687791382,0.17818010024590164,0.16731567659708796,1.2043939,1.1834595,3.2666366,4.608306417352992e-06,-0.0010103636296765472,0.0010133441889075279
8.547,1.177467295305883,0.9055645596366556,3.149628432307297,0.09011972186557346,0.17789495872049352,0.16727873385738085,1.2043972,1.1866268,3.2687309,4.585009800273099e-06,-0.0010211841034619695,0.0010104971574209642
8.559,1.1782778882399008,0.9071650991409941,3.151132473198282,0.09002268775315288,0.1777915754327422,0.16699480598052727,1.2047384,1.189546,3.2689688,4.606001278162353e-06,-0.001030487494682042,0.0010582122894811086
8.568,1.1792674221003228,0.9091200246492899,3.152967691687916,0.08990332870017274,0.177660245239357,0.16671392971301477,1.2057989,1.1902983,3.2717612,4.641826340190391e-06,-0.001032735815422292,0.001112041555231702
8.579,1.1800760627787388,0.9107184071166741,3.154467058153698,0.08980546707789851,0.17754765289456587,0.16649736844642574,1.2062701,1.1936382,3.2728965,4.672799395422089e-06,-0.001033690695097178,0.0011653666010325026
8.588,1.1809735193112556,0.9124931755164829,3.1561304826953496,0.089696708737004,0.17741841027797112,0.16620919739612247,1.2063301,1.1967553,3.2766197,4.673430252566391e-06,-0.0010349666184463757,0.0011856631800402084
8.599,1.1819594646017584,0.9144439133307104,3.1579567715266554,0.08974956940833306,0.17746922050513791,0.16557539016192532,1.2072986,1.1967199,3.2766066,4.628565800857132e-06,-0.001039028799707964,0.0011677092811948064
8.609,1.1827651651415059,0.9160387997582545,3.159448391742212,0.08947851298289045,0.177158405735315,0.16562066544625556,1.210509,1.1988947,3.2770274,4.533579160082013e-06,-0.0010469194995135211,0.0011013219866149448
8.617,1.1836593455074742,0.9178097037707731,3.1611031356061807,0.0893683975430821,0.1770360345734774,0.16536154861504515,1.2114979,1.2011836,3.2793264,4.430582230874336e-06,-0.0010562399221529795,0.0010241836759963263
8.627,1.1845524185686744,0.9195794353929012,3.162755365561228,0.08925714989953096,0.17692329636596543,0.1651080349457816,1.2105708,1.2014706,3.2793894,4.286228532102143e-06,-0.0010674574019531313,0.0009147478330957526
8.638,1.185444373579607,0.9213480988793165,3.1644049434069457,0.08914495896081721,0.17682141545313668,0.1648292816043698,1.210243,1.2028754,3.2822685,4.124452370746212e-06,-0.0010737832698168859,0.0007920512513774902
8.647,1.1863352039440804,0.9231158033478849,3.1660515735710084,0.08903234057337128,0.17673027018676937,0.1645250928267421,1.211113,1.2027793,3.283225,4.006359054287145e-06,-0.0010753025417926665,0.0007041963211369406
8.657,1.1872249072656644,0.9248826480162025,3.1676951194607836,0.08891957805807048,0.17664814932371328,0.16421421522799817,1.2120082,1.2058895,3.287392,3.905474116550067e-06,-0.0010773385927436152,0.0006338583651612772
8.667,1.1881134817848271,0.9266487072132596,3.1693355244052954,0.0888065519180014,0.17657196590716095,0.16390419296104267,1.2141271,1.2067788,3.2881703,3.84761752858509e-06,-0.0010827640673021222,0.0006027781806836607
8.677,1.189089604151321,0.9285905097832875,3.1711366519435282,0.08868144225084323,0.17649051628300996,0.1636055528625928,1.2136245,1.2087786,3.2888932,3.826249890259703e-06,-0.0010920183077791634,0.0006048858635381293
8.689,1.1898872216472662,0.9301785884991388,3.172607918679044,0.08857822232086639,0.17642308546486155,0.1633717782023266,1.2142174,1.2105992,3.2900083,3.8315761941021265e-06,-0.0011044733972216392,0.0006346914595383168
8.698,1.1908608196257506,0.9321187338410362,3.1744032711646697,0.0886328167632971,0.1764446192467877,0.16286323890501647,1.2129406,1.2111956,3.2923899,3.844138415587395e-06,-0.0011144153779714117,0.0006641587307050223
8.707,1.1916563535526008,0.933705412331169,3.175869668196107,0.08834588528714701,0.176265128038967,0.16281200899108444,1.2126733,1.2123194,3.2947452,3.854554563531565e-06,-0.0011256277547708748,0.0006914162935114376
8.717,1.1926273807266503,0.9356437802764557,3.177658691535024,0.08840182056061792,0.17628910952669302,0.16227367960469932,1.2138879,1.2144002,3.2985604,3.862052762038104e-06,-0.0011425518717080863,0.0007180966420756718
8.727,1.193420786275232,0.9372289531850356,3.1791200522678364,0.08810802069148771,0.1760956835100791,0.16227733874718583,1.2154577,1.2170223,3.3003194,3.870599377009398e-06,-0.001171313887808445,0.0007478644833383008
8.737,1.194301194504313,0.9389894242255455,3.1807416842765486,0.08798535305862024,0.17600693346362817,0.16208121612386503,1.2172709,1.2177415,3.3023906,3.8791527110504376e-06,-0.0012025835623621361,0.0007733402912313281
8.748,1.1952682030553519,0.9409248985449487,3.1825237676398306,0.08804708505404966,0.17603455306495555,0.16171422400609065,1.2184672,1.2193477,3.3046684,3.884504911511044e-06,-0.0012448698494429422,0.0007995289458682109
8.758,1.196058235387877,0.9425076324763723,3.183981253365537,0.08772901707141391,0.17582163084528335,0.16193205788203752,1.2200745,1.2233331,3.3051271,3.885744977338845e-06,-0.001280381392554375,0.0008193869532773235
8.767,1.196934793853472,0.9442653236466974,3.185600578271094,0.08759552132027772,0.1757258592177934,0.1619381370377571,1.2207502,1.2271628,3.306616,3.887330179530579e-06,-0.0013056293508491024,0.0008365974389996644
8.778,1.19781000232878,0.9460220470380242,3.18722018352377,0.08745943719796354,0.1756283560438951,0.16198696809546814,1.2207067,1.2302778,3.3066716,3.871323551507544e-06,-0.001324723614263057,0.0008430085504986806
8.788,1.1986838405519786,0.9477777929973206,3.188840569946453,0.0873218111228005,0.1755308648448772,0.16208121146061363,1.2196695,1.2322721,3.309149,3.8042379841840557e-06,-0.0013315822711845726,0.0008092803217949474
8.798,1.1995562989139756,0.9495325826637235,3.190461815481263,0.0871836424477394,0.17543752809443536,0.16215705420918897,1.2204063,1.2353663,3.3114827,3.6609221023553573e-06,-0.0013332691105247818,0.0007191319887578373
8.807,1.2004273745884158,0.951286487592511,3.1920838347174256,0.08704529271983392,0.17535389287298012,0.16223799128822144,1.2218553,1.2369535,3.3131068,3.4654158369562538e-06,-0.0013366781849217801,0.000589383061170512
8.818,1.2012970646018772,0.9530396353056679,3.1937066141109782,0.08690645510639423,0.1752854064779345,0.16231081303532555,1.2219793,1.2387333,3.3159854,3.151079987162575e-06,-0.001348847873595016,0.00037775913811533
8.827,1.2021653599238256,0.9547922027626182,3.1953302696807087,0.0867663421531254,0.17523647821149202,0.16241988171891106,1.2234672,1.2400757,3.3153443,2.8516612218254522e-06,-0.0013655095687310492,0.0001774919559194288
8.837,1.2030322435842815,0.9565444009009041,3.196955338653237,0.08662422958050489,0.1752095495299012,0.1625795832703196,1.2248429,1.2418628,3.3150835,2.5042214275572405e-06,-0.0013896090136968908,-5.043560609863107e-05
8.847,1.2038976931430783,0.9582964521601353,3.1985819101881603,0.0864797226563937,0.17520472740203674,0.16271109720944008,1.2250532,1.2422432,3.3172104,2.169885677361094e-06,-0.0014161309530296151,-0.0002637252437107662
8.857,1.2048480020473495,0.9602237915271908,3.200372104704487,0.08631794335996995,0.1752227288686835,0.16276030062698288,1.2245859,1.2435263,3.317804,1.8712700917689062e-06,-0.0014411272866885483,-0.00044842029726055443
8.867,1.205624192772251,0.961800937305625,3.2018369320487103,0.08618354025261472,0.17525276672424295,0.16274902336827632,1.2253963,1.244175,3.319265,1.6299921430373843e-06,-0.001463021532827291,-0.0005921912082715863
8.879,1.206571215196228,0.9637290097695761,3.2036267016190827,0.08601710610948672,0.1753033343522259,0.16265840072511212,1.2264223,1.2449338,3.3211958,1.4334154716522107e-06,-0.0014875557267650663,-0.0007017817179502117
8.889,1.2074305447093034,0.9654823369533551,3.2052525198967023,0.0858638059902797,0.17535755072689854,0.1625122055294659,1.2279013,1.2497102,3.3245666,1.3525393942614983e-06,-0.0015086707096134688,-0.0007386603199801556
8.899000000000001,1.208202621723134,0.9670608114025724,3.2067143578298025,0.08572408778014191,0.1754089468780523,0.16236742471175006,1.2272304,1.2514521,3.3247447,1.3409501526950862e-06,-0.0015308449763957732,-0.0007313883686723699
8.907,1.2090589981437991,0.9688152126129751,3.2083378821545936,0.08556656459069645,0.1754653440948505,0.1623568891582723,1.225947,1.2522953,3.3249214,1.3513767616046835e-06,-0.0015483591877618608,-0.0007138942667772596
8.917,1.2099137870361227,0.9705701669444148,3.209961640015064,0.08540684121140493,0.1755198119208412,0.1623857706057351,1.2253915,1.2532924,3.3264182,1.3487047372251482e-06,-0.0015709708760134333,-0.0007028485037263721
8.927,1.2107669668563126,0.9723256610762135,3.21158537112278,0.08524491724440648,0.17557372258423537,0.16235279137889153,1.2273686,1.256663,3.3272245,1.3080936600573523e-06,-0.0015986814010746642,-0.0007155075737035332
8.937,1.2116185125606758,0.9740817020806611,3.213208474450162,0.08508015610753689,0.17562937144027987,0.162267438619667,1.2285166,1.2605379,3.3285358,1.2311930417396866e-06,-0.001635968866482429,-0.0007492252302547797
8.948,1.2124683907127614,0.9758383185720143,3.214830377147055,0.08491161806303488,0.1756887780936868,0.16212503732286662,1.2278473,1.2616835,3.3306713,1.0998542423479307e-06,-0.0016870076498101128,-0.0008117436774988107
8.958,1.2134012796727078,0.9777713216474437,3.216612628536496,0.08500097923146185,0.17561872982944796,0.16193518829526962,1.227443,1.2647139,3.332023,9.224820809450307e-07,-0.0017379099316383595,-0.000899027823586529
8.969,1.214162968777568,0.9793535037717706,3.218069047648063,0.08456046166774137,0.17582865005696913,0.16174072159937622,1.2272583,1.2670149,3.3340206,6.690422180710698e-07,-0.001796455077432757,-0.0010231903575173007
8.978,1.2150075700641545,0.981112250885639,3.2196851923631655,0.08437724029838332,0.1759142219203136,0.16150949060843645,1.2287582,1.268296,3.3350244,4.2443465986252704e-07,-0.0018469499901971886,-0.0011408180126810663
8.987,1.2158503091850352,0.9828719233896198,3.221298987268352,0.08418851171812212,0.1760126596726921,0.16127459364996413,1.2306005,1.2675675,3.3371086,1.5592897462113342e-07,-0.001900750729944889,-0.0012667928652199123
8.997,1.2166911286889275,0.9846326555173264,3.22291054483545,0.08399383366578574,0.176124833801473,0.161071682605521,1.2319239,1.2694373,3.3351367,-1.478125937204311e-07,-0.001962650322751003,-0.0014045617738229765
9.007,1.2175299673799327,0.9863945828122832,3.224520539546467,0.08379302056335923,0.17625004095165664,0.16093673556751362,1.2320287,1.270341,3.3364823,-4.0615446872394045e-07,-0.002021889844522118,-0.0015158371556260875
9.017,1.2183667673559495,0.9881578192010785,3.226128767115174,0.08358676286951754,0.17638501336956774,0.16071273221028018,1.2324334,1.2712066,3.339664,-5.811362115970553e-07,-0.0020744495223796733,-0.0015853052131813428
9.028,1.2192014781610507,0.9899224392536319,3.2277341997961364,0.08337576610918628,0.17652548454644157,0.16039516924657915,1.2331935,1.2732761,3.3410513,-6.555300506860817e-07,-0.0021238836834518438,-0.0016067752815080993
9.039,1.2201171943523372,0.9918651536589376,3.2294962815808668,0.08313882742076815,0.17668085668844663,0.16002196109417915,1.2334023,1.276397,3.3425832,-5.997572736227141e-07,-0.002166851386977253,-0.0015703349017970325
9.047,1.2209473789870977,0.9936327217357351,3.231094759581003,0.08326986618268288,0.17657454039453277,0.1598016169264066,1.2332197,1.277632,3.3433754,-4.946197780242301e-07,-0.0021958486463447002,-0.0015162556958507878
9.058,1.22169265297826,0.9952246772196014,3.2325310981294844,0.08271882583623413,0.17693572282300357,0.1595015136287107,1.2335182,1.2798073,3.3456974,-3.190971828992417e-07,-0.002235616631061532,-0.0014304074236193287
9.068,1.2225185998640717,0.9969947199166492,3.234124762867351,0.08249257920169795,0.17705926754743145,0.1592519134551335,1.2324822,1.2823035,3.3485205,-1.7762329918014075e-07,-0.0022748380921706612,-0.0013622114255600337
9.079,1.2233422636066338,0.9987659613316051,3.2357157874090134,0.08226250205105001,0.17717640824528644,0.1589787772560718,1.2349764,1.283793,3.3490486,-7.859003936516729e-08,-0.0023240342718948703,-0.0013129403683560525
9.087,1.2242456070109538,1.000715650034216,3.237462780520073,0.08237908606284651,0.17709427607531622,0.15871885306742653,1.2362453,1.2859337,3.3501513,-5.700442917699888e-08,-0.002365614916421066,-0.0012987160226840544
9.1,1.2249825689360445,1.0023118581629489,3.2388897423073746,0.08178830503601119,0.1774011134403513,0.1584496340345466,1.2361374,1.2865093,3.3507454,-1.0024130681074439e-07,-0.0024397319278812724,-0.0013073815476500883
9.107,1.225799107571013,1.0040864866196566,3.2404728785459977,0.0815430363852216,0.17751360534293398,0.1582001556595841,1.2378963,1.2870296,3.3535016,-1.5077271742214293e-07,-0.002478946708936114,-0.0013225446211446723
9.118,1.2266944305950398,1.0060398905830925,3.2422114176213244,0.08126700716804824,0.17763972314984783,0.15793029351350893,1.2391386,1.2887617,3.3563046,-2.25084035854195e-07,-0.0025356345432854255,-0.001343693735783802
9.128,1.2275056958278525,1.0078169264406873,3.2437895597603013,0.08141669772183188,0.17754398770142635,0.1577505651910072,1.2385672,1.2910631,3.3587132,-2.309444608883382e-07,-0.0025787218155630676,-0.0013389851866527636
9.139,1.2283143776834498,1.0095951193647974,3.245365581587453,0.08075088259502133,0.17787071395649304,0.15750621152228622,1.2401896,1.293266,3.358971,-1.2716209196739214e-07,-0.0026149946118794176,-0.0012927221952452328
9.147,1.2290399537648355,1.0111964563708884,3.24678225314609,0.080514175412308,0.1779700848198413,0.1573340332908474,1.2433836,1.2932929,3.3605554,1.4208707987961589e-08,-0.002635617551429714,-0.0012350763287010125
9.157,1.2298436378198712,1.012976732852191,3.2483546877514007,0.08024881595681853,0.17807350334127584,0.15717105444760307,1.2456994,1.295604,3.362352,2.357702371114101e-07,-0.0026558177322000276,-0.0011472390730240534
9.168,1.2306446581270831,1.0147579955794714,3.249925443993159,0.07998173863656212,0.17816803606932957,0.15699630205627754,1.2453883,1.299279,3.3627057,5.128386728614487e-07,-0.0026672324655776514,-0.0010392420040279404
9.179,1.2314430026210437,1.0165401506529088,3.251494430963859,0.07971392380684618,0.17825286507788357,0.15681846326916352,1.2465127,1.2993951,3.3649666,7.93943883081738e-07,-0.0026628090221154643,-0.0009301395171679161
9.187,1.232318090598201,1.0185014358907076,3.2532183610611707,0.07983573863012755,0.1781987800213596,0.156577749752063,1.2471935,1.3008342,3.3677673,9.671462386506846e-07,-0.0026506798458125758,-0.0008621435362003993
9.198,1.2330316741379985,1.020106757564791,3.254627219421295,0.0791809870128792,0.178395352430555,0.15646638367962923,1.2464516,1.3050237,3.3694344,1.165277541126386e-06,-0.0026226609130430845,-0.0007824018359947615
9.208,1.2338220336836945,1.0218910508820576,3.2561909860509717,0.07891766824646489,0.17845628985954348,0.15631160864587315,1.245713,1.3055768,3.3706117,1.281315805456984e-06,-0.002597536980385229,-0.0007341492264174576
9.217,1.2346097742090192,1.0236759247518123,3.257753512426518,0.07865694097119894,0.1785121776758226,0.15621053105621643,1.2458745,1.3049729,3.3733246,1.3618361229816855e-06,-0.002573799249878661,-0.000698830406679285
9.228,1.2353949210231359,1.0254613368587822,3.2593152163563075,0.07839858641210706,0.17856455328808496,0.15614492474088787,1.2442926,1.3057461,3.3732474,1.4219526143222083e-06,-0.0025535649678714023,-0.0006696833226378374
9.237,1.2361774929776368,1.0272472584749799,3.2608766609185733,0.07814165183836425,0.17861432510216482,0.1561508708387697,1.2472436,1.3062403,3.3748584,1.4886849193374019e-06,-0.0025476103870865074,-0.0006384589549730535
9.248,1.2369574987325775,1.0290336580828279,3.262438207283185,0.0778851065546063,0.1786601350550174,0.1561556710758508,1.2475315,1.3077363,3.3746934,1.657327578286072e-06,-0.002556071682785266,-0.0005658939520465367
9.258,1.2377349348987936,1.030820478917299,3.263999729568282,0.07762763779323996,0.17869861283163013,0.1561438785588721,1.2471217,1.305983,3.3776944,1.9360632510512232e-06,-0.0025744269971683664,-0.00045172963387507536
9.268,1.238509787457469,1.0326076229050067,3.2655608457794054,0.07736847264007124,0.1787251791981337,0.15607641684527362,1.2483636,1.309175,3.3786242,2.34187076841863e-06,-0.002596559313753133,-0.00029019643143435303
9.277,1.2392820371498612,1.0343949453636203,3.2671210866645146,0.0771072351669839,0.1787351736147026,0.15597973678687918,1.2507477,1.308599,3.3787756,2.825437631415184e-06,-0.002616443399610091,-0.00010156835757424432
9.291,1.2400516625769031,1.0361822539198136,3.268680449483808,0.07684386674806312,0.17872380710856944,0.15590052613333744,1.2519633,1.3093163,3.3791316,3.747475740389916e-06,-0.0026406359131669888,0.000252279933455668
9.299,1.2408951977291585,1.038147996734904,3.2703945811640867,0.07696475589749799,0.17874297631184108,0.1554822576050362,1.2526906,1.3108249,3.3793485,4.334594034816064e-06,-0.002646801803026122,0.00047575404234123653
9.31,1.241659262421113,1.039934480688228,3.2719509961420266,0.07628702841098639,0.17861627684055972,0.15553918828959815,1.2532016,1.3102969,3.3807166,5.181491149031103e-06,-0.002643576708239337,0.0007981061459672034
9.318,1.2423446528905153,1.0415416242214808,3.273349668368673,0.07604860565668486,0.17853221949776843,0.1552937981177329,1.2534754,1.3129686,3.3845334,5.8012454839939664e-06,-0.002633018657699715,0.0010354164043682168
9.327,1.2431036884115028,1.043326305522987,3.2749008172281813,0.07578514368834083,0.1784113405935203,0.15496752827891785,1.2546767,1.3158814,3.385599,6.493325897416469e-06,-0.0026147235716273975,0.0013029577303642625
9.338,1.2439355976120534,1.0452878632717508,3.2766035509647518,0.07589890698950393,0.1784861230423242,0.1541895071213592,1.2553135,1.3171773,3.3875191,7.302434305245242e-06,-0.0025871984965304407,0.0016203151817899553
9.347,1.2446139094411897,1.0468912775744375,3.2779945308085976,0.0752645659380048,0.17808377727349048,0.1544646660334472,1.2569304,1.3194792,3.3888743,7.889146898421018e-06,-0.0025628076940726885,0.0018545015409916488
9.357,1.2453651426769299,1.0486710213445531,3.2795379016062975,0.0750081767433546,0.17788146581530412,0.15423001154884652,1.2565131,1.3207636,3.391523,8.434179056493463e-06,-0.002535045133616798,0.00207619189598951
9.367,1.2461885568101065,1.0506262609359742,3.281232766966191,0.07472939577335702,0.17763539126915723,0.15395139037439035,1.2587461,1.322432,3.3930402,8.857857297428495e-06,-0.002506134316476505,0.002252554087824432
9.379,1.2468599917961012,1.0522239087850576,3.2826173010243225,0.07450381193810654,0.17741957505776432,0.15375246437698978,1.2584879,1.3249035,3.393794,9.225051295302933e-06,-0.0024702012424295816,0.002410119197860716
9.39,1.2476778951900545,1.0541738725714842,3.2843073566045176,0.07423128699882175,0.1771423623488925,0.15355126654888315,1.2595505,1.328843,3.3958337,9.467431932641546e-06,-0.0024339498860159736,0.002517837132554046
9.4,1.248418861619194,1.055943862645429,3.2858417977886036,0.07435742647065695,0.17727266143315507,0.15272611236231837,1.2599477,1.3308678,3.395598,9.630084747414003e-06,-0.0023987937712166563,0.0025929738153251947
9.407,1.2490836575263489,1.057534580691315,3.287221258893224,0.07377003065111161,0.17663851939897146,0.1532003135704542,1.259706,1.3340739,3.394521,9.703871038269085e-06,-0.002373449249456705,0.002629286652308771
9.419,1.2498200480705397,1.0592994662272783,3.2887521370801167,0.0735324409354219,0.1763653989039349,0.15299174973623733,1.2593056,1.3359307,3.3961291,9.732967553688354e-06,-0.00232981265345078,0.002650633146129344
9.427,1.2506273582956284,1.0612376759166926,3.2904333856763666,0.07362785125876732,0.1764647098473003,0.15206715854656122,1.2619828,1.3374581,3.3983514,9.666322374535241e-06,-0.002302307998237829,0.002627715540542308
9.437,1.2512857980710295,1.0628210334630117,3.29180628394153,0.07306805275784482,0.17582098916085712,0.152418158888663,1.2606137,1.338364,3.4015563,9.486064706187847e-06,-0.0022720944056491277,0.0025560095238792435
9.448,1.2520880421520137,1.0647533250148087,3.293480932598762,0.07316011572676528,0.17590573915523788,0.15151055384103487,1.2609682,1.3417125,3.4021704,9.195483183788156e-06,-0.0022424278478974102,0.0024347677420157865
9.459,1.2528149804136877,1.0665072680983059,3.29500084907109,0.07293094754293203,0.17563617961614345,0.1513262137017595,1.2611525,1.3443916,3.4053383,8.86936073207778e-06,-0.0022164173917764707,0.0022957380241397374
9.469,1.2534673118101765,1.0680837327563903,3.296366842711117,0.07239230885641786,0.17506827715380804,0.1516784245331625,1.2620494,1.347113,3.4075868,8.5675830403531e-06,-0.002196805873273533,0.0021656776756775464
9.479,1.2542621676892827,1.070007981272414,3.298033687373316,0.0721493548624585,0.17482020186741934,0.15141416996247414,1.2601482,1.3477296,3.410519,8.25968858997328e-06,-0.0021811040994386133,0.0020321235610070154
9.489,1.2549105237313032,1.0715803990236068,3.2993954798883287,0.07195188701037218,0.1746290194511018,0.1512289425419998,1.2612005,1.3507407,3.4105935,7.931932795912644e-06,-0.002168261566371399,0.0018890389332919533
9.497,1.2557005525640854,1.0734999926343418,3.30105798685956,0.07203886656591875,0.1746795683467264,0.1506048340050989,1.2614003,1.3520672,3.4114063,7.660388833485854e-06,-0.0021615007228064087,0.0017701952916979735
9.508,1.25641647268004,1.0752430803785562,3.302567988466886,0.0718204564742703,0.17447329664675781,0.15049883539892978,1.2622511,1.3543725,3.4133453,7.274279236746395e-06,-0.00215872253890792,0.0016014411517373262
9.518,1.2570589413663829,1.076810360756572,3.3039257517983653,0.07129841656696297,0.17407584424431427,0.1508027094621892,1.26299,1.353727,3.4137428,6.907341225215191e-06,-0.0021618443722477565,0.001441721879481772
9.527,1.2577707279775625,1.0785502606680912,3.305433011529468,0.07108059392186403,0.1739221341618373,0.15066716805062091,1.2623911,1.354769,3.4134252,6.568737555667781e-06,-0.0021672128947765046,0.0012951176922926244
9.537,1.258480332817792,1.0802887104958567,3.306939128548715,0.07086212411586319,0.1737841640986676,0.1505659741894888,1.2652403,1.353905,3.4135165,6.214377433089169e-06,-0.0021733883079160243,0.0011430857440668518
9.549,1.2592583711914687,1.0821995101578308,3.308594544799779,0.07062119072413238,0.17364883181532997,0.15042875102831776,1.2651631,1.3558694,3.4158607,5.873523182486906e-06,-0.002180249495721931,0.0009998649836528983
9.557,1.2599633761329652,1.083935377063302,3.31009804028872,0.07073007812497856,0.17367926813320306,0.14995707490754892,1.2663093,1.3564556,3.4177833,5.734482567909538e-06,-0.0021819622251992854,0.0009445149658469099
9.567,1.2605960040347597,1.0854967302001322,3.3114495951382543,0.0702042391936004,0.17344129674474348,0.15008655638979138,1.2662128,1.359149,3.4180746,5.675795144099993e-06,-0.0021789906862501596,0.0009272487571005961
9.578,1.2612968416488597,1.087230560784669,3.312949246385935,0.06998528686627847,0.1733350814586877,0.14987399890305003,1.2660323,1.3602366,3.418443,5.735456023003849e-06,-0.0021685952935750485,0.000964416860168793
9.587,1.261995494471681,1.0889633101132212,3.3144470314780823,0.06976728895255534,0.17322492247337182,0.14969891902740096,1.267447,1.3619213,3.4198253,5.834398668191909e-06,-0.0021564920428978063,0.0010179090956285997
9.597,1.262761503967875,1.0908680230047294,3.316092432311971,0.06985008123412263,0.17325711909188163,0.14914533752592574,1.2674257,1.3627174,3.4217987,5.951672608972558e-06,-0.0021428325532939496,0.0010812753809692488
9.61,1.2633862970741216,1.0924253481388613,3.317436684142163,0.06933551089249436,0.17298687021449205,0.14925749270870925,1.2654642,1.3640826,3.4231942,6.070572077021552e-06,-0.002125888154134614,0.0011498756351335793
9.619,1.264078474998398,1.0941545236840946,3.3189276337106475,0.06912165237826225,0.17286025195757604,0.14895662876836777,1.2661084,1.3685093,3.4217942,6.113205290425583e-06,-0.00211869129408937,0.0011776098438445182
9.627,1.264837407063184,1.0960551302511472,3.3205641902224627,0.06888740177246748,0.17271699688119327,0.14863171449544405,1.2679894,1.3695564,3.423027,6.144340163771744e-06,-0.0021160621799714008,0.001200225474188521
9.638,1.2654564364499004,1.0976089872983887,3.321900473626222,0.06869593313765632,0.17259763495032357,0.1483434884626506,1.2682431,1.3712285,3.424174,6.142079786997101e-06,-0.002122496442526156,0.0012106484632297132
9.647,1.2661422233191921,1.0993342322314186,3.3233818704411,0.06848261431361387,0.1724648110787955,0.14796397389976434,1.2694291,1.3732473,3.4260929,6.085069394146103e-06,-0.002134156044332869,0.0011937581751353399
9.657,1.2668258707097875,1.1010581601560177,3.3248591897901036,0.06826808009546442,0.1723344330535737,0.14753847148230306,1.2688901,1.3752143,3.4263587,5.965960188092367e-06,-0.0021499022117614786,0.0011495744316811773
9.667,1.267507364622874,1.102780809307229,3.326332175525499,0.06805207604336186,0.17220892486402659,0.14709655537294472,1.2684517,1.3770311,3.4284697,5.80164274843753e-06,-0.002164328159315332,0.0010850501784398503
9.677,1.2681866916109794,1.104502239217788,3.3278004770257246,0.06783486029284083,0.17209016834894614,0.14660843143537988,1.2683653,1.3781116,3.4310846,5.6039215508008056e-06,-0.00217581739705075,0.0010056267014766362
9.688,1.268931435306295,1.1063944935827659,3.3294099051688555,0.0675947062102545,0.17196879724698283,0.1460690791739529,1.2676917,1.377939,3.4340682,5.366769176617936e-06,-0.002187389563655273,0.0009097755879805547
9.7,1.2696061759353006,1.1081136164659935,3.3308681516923406,0.06769558986706845,0.1719897445316799,0.14534737835357592,1.2692422,1.379463,3.4347875,5.1293080707282e-06,-0.002203550269773924,0.0008156622813046965
9.71,1.270278712538563,1.1098317656133074,3.3323226920276565,0.067476222871815,0.17188647389722692,0.1450241749192034,1.2716687,1.3828807,3.4388428,5.003328104713489e-06,-0.002223398195252635,0.0007704210936689826
9.718,1.2709490274175386,1.1115489979893243,3.333773934267928,0.06693091644479815,0.17168287924192863,0.14497410401528282,1.2721692,1.3839931,3.4385357,4.967609374517679e-06,-0.0022427979743082638,0.0007635230461171538
9.728,1.2715503924615816,1.113093740996919,3.335077523741115,0.06672796263942767,0.17160216067569292,0.14475067474582562,1.2719963,1.3838489,3.4387228,4.981169157147747e-06,-0.002266221638774546,0.0007802360811295372
9.737,1.2722828990989812,1.1149807628971102,3.336668360891923,0.06680739146401113,0.17161674588632445,0.14421547730566936,1.2725796,1.3852108,3.4406214,5.0138661222831615e-06,-0.002281867832564455,0.00080354196754584
9.747,1.2728801662436944,1.1165238536807702,3.337967649590669,0.0662713207481647,0.171416689383419,0.14424913357200322,1.2722938,1.3886007,3.4414756,5.0600624224017565e-06,-0.002291891598841911,0.0008330258638427068
9.757,1.2735416161805257,1.1182374899836653,3.3394084817259233,0.06604155206734749,0.17131975221729911,0.1439541664795857,1.2721709,1.3888826,3.4424906,5.110324005741518e-06,-0.00229539298425685,0.0008637991387367983
9.767,1.2742007664877462,1.1199501407575823,3.340846518756333,0.06581150795968722,0.17121999265830493,0.14367850692494588,1.2709793,1.389779,3.4431026,5.137843984925894e-06,-0.002296070556662144,0.0008845908757728616
9.778,1.2749231745692395,1.1218328918410692,3.3424251134038583,0.06555839470169453,0.17110831537739724,0.14336855675330587,1.2720275,1.3905642,3.4450414,5.139673243448328e-06,-0.0022991448903031397,0.0008952970991131792
9.789,1.275512163334755,1.1233724063921473,3.34371415219273,0.06535095022881127,0.1710161679504566,0.1431112856876895,1.2742947,1.3921793,3.445314,5.141210316139677e-06,-0.0023113843683129076,0.000906280581538077
9.797,1.2762294963629812,1.1252529027975195,3.3452864697414575,0.06542836321701531,0.17103340217228627,0.14248590814756917,1.2756342,1.3931913,3.4472682,5.164341674301909e-06,-0.0023267802600948073,0.0009239016673321387
9.809,1.2768791732232183,1.1269613444248991,3.3467128685854552,0.06519713131133431,0.17093223812501682,0.1422006505401352,1.2763137,1.3933384,3.4492984,5.2544246722519006e-06,-0.0023536134695341104,0.0009735134842703275
9.817,1.2774618739188044,1.1284980151909596,3.3479943285303717,0.06465006177075344,0.17069664668659212,0.1422770087530853,1.2768675,1.3953769,3.4510157,5.3558724548707914e-06,-0.002368561095752675,0.0010233728646027451
9.827,1.2781714588295665,1.1303749141876263,3.3495575987901645,0.06438887235575218,0.1705678768093056,0.14198170178687844,1.2787822,1.3951356,3.4512017,5.535675166257192e-06,-0.0023793651893471157,0.0011070030696243016
9.837,1.2788140377689587,1.132079906514149,3.3509758877347116,0.06448825209142821,0.17061097708647438,0.14134196439957153,1.2789211,1.3968539,3.451853,0.0,0.0,0.0
9.848,1.2793903240202222,1.1336132745454557,3.3522497588309403,0.06393679951243893,0.1703189484838741,0.1414109131473612,1.2810183,1.399807,3.4535396,6.062958262553764e-06,-0.002365580029079606,0.001344081172595768
9.858,1.2800920679974164,1.1354858165022104,3.353803118693955,0.06400851014497198,0.17035973210507063,0.1406637903486419,1.2811939,1.4007527,3.455765,6.364017648863296e-06,-0.002342461514321048,0.0014793492820075471
9.867,1.2806641070600033,1.137016495257429,3.355071427012846,0.06346654847836797,0.17000981429049217,0.1408149251847176,1.2828122,1.4008086,3.4573412,6.619596629064972e-06,-0.002314296271743288,0.0015962657770405286
9.878,1.2812975003310014,1.1387156484811698,3.3564780972845583,0.06323577148031712,0.16983628425030847,0.14054413749747152,1.2854441,1.4020154,3.4595234,6.882680620989845e-06,-0.0022729598370547777,0.0017204019118710612
9.888,1.2819286062378834,1.1404130061595565,3.3578820741403272,0.0630087630680125,0.16965201210767758,0.14028326106844471,1.2855465,1.4022188,3.4621587,7.08792817416537e-06,-0.002230056321851137,0.0018205849179055988
9.898,1.2826202287428743,1.1422779047410447,3.3594237004607477,0.06307113261557003,0.16970325700431382,0.1395850416284331,1.2865658,1.4044132,3.464596,7.287365417774083e-06,-0.002180198970825664,0.0019202321873801331
9.908,1.2832466681712935,1.143971164860966,3.3608232722646103,0.0625465608153991,0.1692328147359031,0.1398924100898841,1.2876447,1.4062574,3.4666462,7.506273179913592e-06,-0.002122741722432764,0.002031503462653017
9.918,1.2838086297930416,1.145493296076434,3.3620817399503578,0.06235579265316416,0.1690385590667547,0.13978766292635347,1.286265,1.4082757,3.4686651,7.742749216888e-06,-0.002058527795789189,0.002154810222161352
9.928,1.2844310493229123,1.147182440672205,3.363479253541975,0.06214979753096248,0.16881105032554583,0.13972975788442862,1.2876824,1.4093317,3.4673493,7.974934947085899e-06,-0.001989029555629962,0.0022806960931593956
9.937,1.285051445486629,1.1488692416887276,3.364876611261637,0.06195049650901453,0.16857117390085816,0.13974524592587267,1.2872438,1.4113994,3.4693632,8.159645041416752e-06,-0.0019260948653783139,0.0023860195483962343
9.947,1.2856698865197858,1.150553581759362,3.3662740223968433,0.061758063456271516,0.16832024066208795,0.1397344693379832,1.2880169,1.4143233,3.4711425,8.325411705811803e-06,-0.0018590656233792302,0.002486463125156657
9.957,1.2862864392199245,1.1522353597908492,3.3676712965725235,0.06157208443032895,0.16806002911480847,0.13972842219324186,1.2875766,1.416615,3.4731994,8.439395235981806e-06,-0.0017974410215435555,0.0025619081771579566
9.969,1.2869011648552415,1.1539144967130022,3.3690686446254405,0.061391978229580584,0.16779324281399063,0.13974002712869388,1.2890426,1.4169819,3.4755979,8.48634293326711e-06,-0.0017316896752594957,0.0026037534502654225
9.977,1.2875141190243844,1.155590947069489,3.370466123099732,0.061217154168164804,0.1675236642267822,0.13975556169068493,1.2894536,1.4180684,3.4745903,8.461114548552473e-06,-0.001693209333035739,0.0025986609906407665
9.988,1.28812535053035,1.1572647040415447,3.371864049032082,0.06104688548118458,0.16725501372147733,0.139830027875719,1.2930182,1.4211757,3.474094,8.37974327083657e-06,-0.0016451392490171024,0.002562162770647358
9.999,1.2887349027073973,1.1589357924236368,3.3732628708235475,0.06088083578056654,0.16698986207262517,0.13992822500879476,1.2942611,1.4231571,3.4750872,8.28264697272374e-06,-0.0015981502640363132,0.0025134822713179794
10.007,1.2893428175857833,1.1606042531965461,3.3746626487958356,0.06071906627716796,0.16672913861364377,0.14000977880954005,1.2955354,1.4263903,3.4764268,8.21123442040772e-06,-0.0015597104008500118,0.002475694440604137
10.017,1.2899491413977564,1.1622701332373442,3.3760629409417593,0.0605622761636742,0.1664732966381231,0.14004205939267034,1.295254,1.4261117,3.4769814,8.114841479667234e-06,-0.0015010597348217303,0.0024209524399414484
10.028,1.2905539301610034,1.1639334861267463,3.377463328394421,0.06041168733198048,0.16622342866073928,0.14002262727235854,1.2949375,1.4272379,3.478987,7.982632022063285e-06,-0.001419579443785679,0.0023375122422533146
10.037,1.2911572538154763,1.1655943825525281,3.3788632134766887,0.060268686957796504,0.1659814833652078,0.1399610163096965,1.2980427,1.428404,3.4782033,7.863892785842097e-06,-0.0013423719495930797,0.002255266507631859
10.048,1.291759193713589,1.1672529085873276,3.380262545853513,0.060134203483992774,0.1657485434388015,0.1399030686665021,1.2969587,1.4301963,3.480346,7.730643725167852e-06,-0.0012427409278190638,0.002154726384892225
10.057,1.2923598381734942,1.168909155111052,3.3816609250642067,0.060008737313449724,0.1655245493885786,0.1397783202645145,1.2971431,1.4311514,3.4818008,7.64183953982922e-06,-0.0011593029841456826,0.0020821300087807693
10.069,1.2929592780372297,1.1705632050965462,3.3830579095606823,0.05989236352354863,0.16530822151326333,0.13963008404158947,1.2976665,1.4321668,3.4857278,7.553359866463438e-06,-0.0010506669589300799,0.002005118141539697
10.078,1.293557603062657,1.172215126698439,3.384453281056915,0.05978480764434665,0.16509798617858978,0.13945665616461786,1.2987148,1.4326288,3.4873395,7.507573879905749e-06,-0.0009750976758229335,0.001964856823838179
10.087,1.2941548979668598,1.1738649706664566,3.3858468907537813,0.059685388269754946,0.1648919245766235,0.13928747872406777,1.2998146,1.4330684,3.4876642,7.477996319948943e-06,-0.0009060407501837453,0.0019419321957401259
10.098,1.2947512396706766,1.1755127667451817,3.387239006115044,0.05959331794777536,0.16468783431682374,0.13915437776985512,1.2999185,1.434615,3.488838,7.4628776518537165e-06,-0.0008285074793983327,0.0019408035224874887
10.107,1.295346698460863,1.1771585215635856,3.38862992198431,0.05950806482373586,0.16448329583220658,0.13904088823774333,1.3023449,1.4373844,3.48936,7.46665194473195e-06,-0.0007677688065292898,0.00196410901969557
10.117,1.2959413410852354,1.1788022165529755,3.3900197175335443,0.059429402261211225,0.16427576038078656,0.13893519378712788,1.3026402,1.4410896,3.4899905,7.481017329169504e-06,-0.0007007309440298926,0.0020104635992161946
10.128,1.296535233178759,1.1804438104004986,3.3914087167489475,0.05935733680808481,0.16406340184536067,0.13887738438017833,1.3029581,1.442558,3.4914527,7.491931146574871e-06,-0.0006230232832784566,0.002064008838282394
10.139,1.2971877288123779,1.182247079263496,3.392936333378762,0.05928616592301101,0.1638247388343733,0.13887253652707518,1.3008951,1.4449345,3.4930053,7.477546457579365e-06,-0.0005390694002538332,0.002083721621836343
10.149,1.2977802719326692,1.1838841269365643,3.3943248372886696,0.05922941779814844,0.16360683286260874,0.13882484992948238,1.3015956,1.4453158,3.495399,7.439381744411833e-06,-0.0004594276431078015,0.0020525001838143098
10.157,1.2983722903997916,1.185519012554662,3.395712840035319,0.059237780540091496,0.16366971540007783,0.13843053371995448,1.3010244,1.4452202,3.495307,7.397024889499448e-06,-0.0003980260003197955,0.001992341375748108
10.167,1.2989047211169868,1.1869886124677316,3.396961789864859,0.05914262225173239,0.1632069784881774,0.13877132062955236,1.3015016,1.444592,3.4977343,7.339913858928071e-06,-0.000329560276006724,0.0018868603952397756
10.178,1.2994959446706131,1.1886195934168629,3.398349697719031,0.059106637428355945,0.1630106366540821,0.13882010794437954,1.3015475,1.4478596,3.497423,7.284312918187652e-06,-0.00026914423418089584,0.0017685513304543932
10.189,1.300086837533854,1.1902486673576396,3.3997384770677472,0.059075762262349035,0.1628242037150444,0.1389194784907827,1.30183,1.4495634,3.4996328,7.243481339180846e-06,-0.00022458021241655857,0.0016945265074932436
10.199,1.3006774440163078,1.1918759155778174,3.4011276889251043,0.05904877647687097,0.16264410578327523,0.1389068230551387,1.3028375,1.4501364,3.501151,7.215284181683046e-06,-0.0001960155233255989,0.001675499874568498
10.209,1.301267796727503,1.1935013762084783,3.402516435970969,0.05902456860661388,0.1624658414573859,0.13884293649841026,1.303285,1.4510167,3.5019054,7.190121329436749e-06,-0.00017554348487758276,0.0016892312420746514
10.218,1.3018579188408352,1.1951250487954372,3.4039043789594454,0.05900236458630408,0.16228623109872697,0.13874839340080622,1.30546,1.4533113,3.502791,7.167822597686779e-06,-0.00016036526074802993,0.0017185754012971621
10.227,1.3024478281752223,1.1967469087992517,3.4052911599232183,0.05898182236956793,0.16210341698756411,0.13861837147712516,1.3066653,1.4543362,3.504219,7.144779420542591e-06,-0.00014517000276370595,0.0017557186407777259
10.238,1.3030375413805089,1.1983669188854786,3.4066765941709645,0.058963020585093034,0.16191664630114252,0.1384794148184504,1.307631,1.4559824,3.5043135,7.11389946772556e-06,-0.00012085861185173741,0.0017957667700083668
10.247,1.3036860238229089,1.2001467500486045,3.40819871209802,0.05894507225842467,0.16170753626859877,0.13827494194813492,1.3083564,1.457832,3.5069056,7.0861540262256995e-06,-9.288970403531494e-05,0.001816413434876818
10.257,1.3042164685264286,1.2016012551396231,3.409442102417798,0.05893333562659254,0.16153486887815297,0.13805517332428388,1.3103316,1.4595441,3.5067866,7.053590060479564e-06,-5.2418286084154886e-05,0.001823676792366502
10.267,1.3048057483567104,1.203215547217704,3.410821274308896,0.058924295960322434,0.1613428662247903,0.13780185699912637,1.3097252,1.4607008,3.509294,7.02077551828495e-06,-3.2092606554456893e-06,0.001811957960577537
10.278,1.3054538848310135,1.204989060643971,3.4123352494245704,0.05891477174482212,0.16137850275454518,0.137211600633197,1.3106972,1.4612136,3.510646,6.987283197368299e-06,5.931618932653038e-05,0.0017780063531822599
10.289,1.3060430936182803,1.206599367111172,3.413708876586144,0.058908765341509385,0.16118573542781606,0.1369842022161156,1.3111696,1.4631293,3.5127091,6.9584071189510155e-06,0.00012534659243179647,0.0017315169001106412
10.297,1.3066323565590392,1.2082078288605655,3.415080333874071,0.05890872425073435,0.1609972554185266,0.13679149066385374,1.3124751,1.4641391,3.514382,6.9391632546711435e-06,0.00017236774919293651,0.001700875246232414
10.308,1.307162787276026,1.2096538989692338,3.41631292077305,0.05894248809662974,0.16060292378243526,0.13687282410256588,1.3118458,1.4649291,3.5148003,6.9116661585155725e-06,0.00023329990202558548,0.001671951057095722
10.317,1.307811272790718,1.2114193605519965,3.417817163381271,0.058926720432922186,0.160634661859869,0.1363944285516413,1.3123947,1.4660977,3.5148916,6.885807447787329e-06,0.0002800938122771157,0.0016622357848259384
10.329,1.3084010320320456,1.2130224713165854,3.419182409300768,0.05894417824885715,0.160458458631648,0.13617341591876275,1.3121154,1.4668739,3.5158265,6.84277846207948e-06,0.0003368023070944304,0.0016719416440786894
10.338,1.3089320405623885,1.2144637586515548,3.420409040356126,0.05901252807256278,0.1600719241924193,0.1361828535801303,1.311628,1.4676633,3.515828,6.802419513007862e-06,0.00037395449657129376,0.0016956798004486018
10.348,1.3095223387451367,1.2160634904667698,3.4217692475742267,0.05904450890755957,0.15989186128598495,0.1358837439598,1.3126822,1.4684695,3.5177188,6.748230907405173e-06,0.00040848572732876676,0.0017383756663313932
10.359,1.3101129751731502,1.2176613991590608,3.4231262787088053,0.05907971838223216,0.15970747579379993,0.13555004102740079,1.3106652,1.4688457,3.520101,6.6773322009439084e-06,0.000436200264349651,0.0018032258967806136
10.368,1.310763098570318,1.2194169308738398,3.4246150191951266,0.05906172421834572,0.15974772986931338,0.13489620670374408,1.3104055,1.4695977,3.5218158,6.611043916748827e-06,0.00045110776417178755,0.0018695773077479494
10.377,1.3112953645560608,1.2208515251076377,3.425830068387766,0.05915639835702351,0.15931958780504643,0.13488205244187196,1.3121142,1.4709885,3.5232973,6.537181944210602e-06,0.0004577409881258987,0.0019491130426594339
10.387,1.31188714640111,1.2224435924570523,3.427177295007145,0.05919599632237087,0.15911291924859178,0.1345998238745467,1.3120296,1.4725536,3.5230768,6.438085538462701e-06,0.00045288195265813513,0.0020640660621018547
10.397,1.3124793217121073,1.224033536140678,3.428521983360086,0.05923498985391008,0.15889570937673303,0.13436580388357655,1.3118975,1.4751492,3.524361,6.35364977696895e-06,0.00044102274683677223,0.0021679954900539755
10.409,1.3131311560081087,1.2257798892652543,3.429998505534528,0.0592762456506139,0.15864364476831183,0.1341182612676644,1.3135579,1.4765851,3.525854,6.24373961422009e-06,0.00041851648435242694,0.0023075500046871866
10.418,1.3136648037047698,1.227206606720201,3.4312046610647267,0.05930828939959172,0.1584273127969281,0.1339356724162984,1.314054,1.4758253,3.5259826,6.1696807946987064e-06,0.00039829526055257247,0.002397822983337683
10.427,1.3142580727307498,1.2287895154119257,3.4325428727753295,0.05934179093374213,0.15817800830259404,0.1337229722913732,1.3147073,1.475704,3.5272295,6.105666034983415e-06,0.0003777257457953098,0.002466525015032417
10.437,1.314851664532289,1.230369890747163,3.433878894907478,0.05937309513245916,0.15792168991232694,0.1335089155807408,1.3148615,1.4765797,3.5281496,6.035997673237148e-06,0.00035530483755952247,0.00253093679005012
10.448,1.315504963901849,1.2321053040016854,3.435346276516898,0.059360844692757576,0.15797616414884222,0.13291796169856795,1.3145957,1.4780676,3.5273604,5.972009976318304e-06,0.0003388145853953084,0.002594348628644827
10.459,1.3160991705556688,1.233680160318663,3.43667813675984,0.05939047662494358,0.15771699226846578,0.13267851188317753,1.3171492,1.4782388,3.5287106,5.894475998857729e-06,0.0003234107082725757,0.002689250976726232
10.468,1.3166341868770721,1.23509519288161,3.437874504976142,0.05945670112354655,0.1571142402726783,0.13280160399009916,1.3168811,1.4805,3.5307746,5.825145935389742e-06,0.00031055153779391276,0.002789416687109636
10.477,1.3172883766230652,1.2368215594045135,3.43933291272224,0.05944556611559149,0.15717918740734768,0.1319594482126932,1.3166097,1.4824091,3.5318744,5.751792418351442e-06,0.00029755649635898607,0.002908481054859635
10.488,1.3178238403076106,1.2382313826407516,3.440522925202732,0.05950528116039793,0.15652538463223473,0.13209466568111983,1.3174149,1.4852196,3.5326123,5.661597999306878e-06,0.00028156387646838255,0.003064540838871199
10.498,1.3184190161954625,1.2397949157771944,3.441842188701215,0.059527428522608256,0.15621054666361517,0.13178624437401276,1.3197023,1.4860803,3.5316298,5.58516741477888e-06,0.00026493806077976245,0.0031935949770973693
10.507,1.3190144046077263,1.2413552315574468,3.4431584047056862,0.05954790452335576,0.15588356023105357,0.13148125931086482,1.3205935,1.4881248,3.5336246,5.524780585908218e-06,0.00024751339736539535,0.0032818900913778037
10.517,1.3196099873115639,1.242912227383541,3.444471231998925,0.05956645793695739,0.1555481116628191,0.1311098615361714,1.3196743,1.4904041,3.5370028,5.468191110580278e-06,0.00022804845475343782,0.0033370878543705906
10.528,1.320265329954094,1.2446210175193544,3.445910699366192,0.0595847553729222,0.15517465590755916,0.13064918758215055,1.3213074,1.4919968,3.538218,5.4174981070076456e-06,0.0002105620024983601,0.00334175360465494
10.539,1.3208612616218762,1.246170898854265,3.4472149134750767,0.059574717948460566,0.1552659910222927,0.12973736916519427,1.3229568,1.4922168,3.5391972,5.375898046722227e-06,0.00019671171236623763,0.0032925897171165452
10.549,1.3214573376107719,1.2477174179952535,3.4485152072898853,0.05959009169355841,0.15492201416692059,0.12937765561779216,1.3230809,1.4942039,3.540877,5.342560145393804e-06,0.00018694304336452916,0.003215707778993604
10.56,1.3220535476617015,1.2492606398691568,3.4498121543579288,0.059626815043188286,0.15417607441010464,0.12955680033688682,1.3229728,1.49423,3.5398393,5.306831956986002e-06,0.00018109660570697628,0.0031220280887476193
10.568999999999999,1.322590245732399,1.2506467872486366,3.4509767584987108,0.05963812625729852,0.1538895974228772,0.12927367596685008,1.3231736,1.4969366,3.5394106,5.276673121556996e-06,0.00017952100445395303,0.00305214467458903
10.579,1.3231866952473021,1.2521839666551673,3.4522676176030136,0.05965051856593131,0.15357852719716378,0.12892510648302158,1.3239102,1.497892,3.5388405,5.240308911247382e-06,0.00017811732548844716,0.002993539072144724
10.587,1.323783267880502,1.2537180692547967,3.4535546492817115,0.05966274161833133,0.15327332173553324,0.12850872213253123,1.3257732,1.4994107,3.5403426,5.208910318188487e-06,0.00017505064483369637,0.0029604252578376844
10.597,1.3243799605680966,1.255249143873847,3.4548370183198873,0.05967451167615858,0.15297227609697883,0.1280051653716212,1.3263605,1.5011445,3.541652,5.167717660015114e-06,0.00016757856198612586,0.002929002121409674
10.608,1.3249767667771648,1.256777225682391,3.456114091222153,0.05968548385480176,0.15267437069346826,0.1274593323240442,1.3262409,1.5027776,3.5448601,5.122036426996601e-06,0.00015733111975269054,0.0028948078045809567
10.617,1.3255736777144542,1.2583023459452445,3.4573855594602625,0.05969555318812945,0.15237974965730794,0.12689035450174185,1.3261892,1.5044211,3.5456297,5.085927712755733e-06,0.00014967619523797993,0.0028575016231719985
10.627,1.3261706848204249,1.259824542817039,3.4586513710975018,0.059704818566552485,0.15208951156771303,0.12632874389702103,1.3271565,1.5049491,3.5467715,5.047979619199339e-06,0.00014219304453133574,0.0027989843207314458
10.638,1.326767780561748,1.2613438698575772,3.4599115930028415,0.05971335423803978,0.1518054906148843,0.1257724620147678,1.3266802,1.5055625,3.5482633,5.008666764005909e-06,0.0001335797821360174,0.0027114496488205297
10.648,1.3273649574452573,1.2628603994139345,3.461166396606663,0.05972111057136713,0.15152944277624228,0.12524901713753064,1.3269185,1.5077808,3.5495713,4.973469931002228e-06,0.00012446867281568075,0.002620532710823742
10.657,1.3279622069948511,1.2643742163478842,3.4624162435445713,0.05972794161472612,0.15126210908241883,0.12477160157156944,1.3278172,1.5100341,3.5500891,4.940371569617241e-06,0.00011363334547809245,0.0025424676433609683
10.67,1.3286192522259153,1.266036383927142,3.4637855447497428,0.05972245192021868,0.15128395389088745,0.12387489169045446,1.3286572,1.5103018,3.5512004,4.8890075277086e-06,9.133646828463071e-05,0.002441788174818438
10.68,1.3291568760826051,1.2673940478020518,3.4649015501455147,0.05973735469304798,0.15075159003581495,0.12380251588726748,1.3272555,1.51211,3.5512564,4.846997295970823e-06,6.945721134243854e-05,0.002367732505564213
10.688,1.3297542610419273,1.2689002146693997,3.466136819870208,0.0597390913166344,0.1505073779514081,0.12330080368548879,1.3293853,1.5154912,3.5513997,4.811846991970015e-06,5.0207798929058356e-05,0.002311817986111464
10.697,1.3303516505549489,1.2704039774045932,3.4673670426806535,0.059738462883711076,0.15026997516891408,0.12279945953689564,1.3298014,1.517903,3.552033,4.770782308760602e-06,2.639429739303978e-05,0.0022515323098235562
10.708,1.331008754304017,1.2720554189000484,3.4687146930063424,0.05973474055699218,0.15001661764184124,0.12227409987578593,1.3299768,1.5193148,3.5518885,4.718341499732048e-06,-4.459710894799684e-06,0.002163127398262521
10.718,1.3315463410594295,1.2734045642906302,3.469812939769339,0.05972922990852309,0.149816988596068,0.12182159555255334,1.3304957,1.5200859,3.5524943,4.666941782360823e-06,-3.2463295436713224e-05,0.0020516119077900186
10.727,1.3321435877072767,1.2749015643286103,3.4710280503821735,0.059720524876755374,0.14960628111633276,0.12124668465953925,1.3290584,1.5205561,3.5546331,4.61571179677378e-06,-5.735622639946314e-05,0.0019213298141607105
10.738,1.3327407324982492,1.2763965359198757,3.4722372489952242,0.05970912842263043,0.14941026547839334,0.12065975820994009,1.3300604,1.5211983,3.5540626,4.545499448838086e-06,-8.82816470468839e-05,0.0017355159060712388
10.747,1.3333377481243003,1.2778896374392181,3.473440906460697,0.05969492643869089,0.14923076810153946,0.12013003039796033,1.3304489,1.5216143,3.5537663,4.482432886199206e-06,-0.00011711917668577598,0.001581786496188009
10.758,1.3339942799506395,1.2795300869296318,3.4747588137033043,0.059694159749995625,0.1492243800672097,0.11930977372930449,1.3302866,1.5239546,3.556401,4.4015323794610595e-06,-0.0001583875186570438,0.001418136903598377
10.768,1.334531266173627,1.280870879662982,3.47583195148738,0.059656319985388936,0.14891830612453308,0.11899316158181697,1.3308756,1.5260562,3.559017,4.3294197284993174e-06,-0.00020112270579542013,0.0013093521148679343
10.779,1.3351276933791492,1.2823592904814323,3.477018367174487,0.059630924892352735,0.1487791068039978,0.11835697651952734,1.3323536,1.5277163,3.5598364,4.2560048694184616e-06,-0.00025325334167813907,0.0012324558969667443
10.788,1.3357834389118672,1.2839949809005438,3.4783164041459864,0.05959759818008888,0.14863343576941696,0.11771409135571083,1.3316568,1.5282335,3.560879,4.2000494655525245e-06,-0.00029854513827398677,0.0011891330550093393
10.797,1.336319661826183,1.285332104034557,3.479373331942492,0.059565913760306295,0.14851838271114812,0.11721394105325383,1.333494,1.5272942,3.560935,4.1452770762617774e-06,-0.00034375829044330786,0.0011506058649537465
10.807,1.3369151059304376,1.2868166033617408,3.4805423206885417,0.05952609758107032,0.14839457282584462,0.1166388384571118,1.3351772,1.5274066,3.5609155,4.083675015920107e-06,-0.00039255782622760194,0.00110692977754967
10.817,1.3375101258867879,1.2882998876577434,3.4817056061318827,0.05948159705924175,0.14827487374627238,0.11607705942512815,1.3352486,1.5283647,3.5637364,4.025933090900935e-06,-0.000437676408915344,0.0010728750113755403
10.827,1.338104677025017,1.289781991911018,3.482863291758519,0.0594328597146443,0.1481579227350585,0.11551507828907948,1.336662,1.5289234,3.5621493,3.981907021888276e-06,-0.00047589208663190163,0.0010656700087730009
10.837,1.3387580959962557,1.2914109577119666,3.484130158116087,0.059433574358939645,0.14815390496189662,0.11468044958699383,1.3380187,1.5298555,3.5624464,3.958954806648762e-06,-0.0005064444150759684,0.0010948618312900393
10.848,1.3392922262015363,1.2927426774874466,3.485161122273902,0.0593255884583284,0.14792007236972537,0.11429013524897706,1.3398541,1.5309738,3.5629232,3.960981418416054e-06,-0.0005312509963903977,0.0011699950346053534
10.859,1.3398851697701355,1.2942211814636413,3.486300298434977,0.05926855599114035,0.14779206597950217,0.11361044182870701,1.3402466,1.5313599,3.5657818,3.987557565920952e-06,-0.000546537936600977,0.0012815390936169457
10.869,1.3404775354256975,1.2956983520240042,3.487432617956208,0.059210263835334107,0.1476540247611869,0.1129204989750791,1.3403003,1.5361947,3.5665092,4.0251198640817165e-06,-0.0005517238062302532,0.0014021365236667194
10.877,1.341128460527773,1.2973215669443203,3.4886703049370453,0.05914560643618837,0.14748850136232283,0.11220098084814092,1.3413882,1.5373588,3.5679028,4.059186219151911e-06,-0.0005508536983445111,0.0015046829694167485
10.887,1.3416605067236034,1.29864823753482,3.489677750988822,0.05909279478685424,0.14734192533121734,0.11174053466657681,1.3408365,1.5397066,3.5706658,4.091349456558646e-06,-0.0005463046608982225,0.0016151184475563518
10.897,1.3422511139983082,1.3001207167042568,3.490792510462439,0.059034576175524295,0.14716984025148225,0.11126382227672907,1.3416296,1.5417211,3.5697334,4.097893983256995e-06,-0.000540297662735334,0.00168100588586384
10.908,1.3428411422102,1.301591442648306,3.491902595383581,0.05897691624403986,0.14699269564635148,0.1107944077782207,1.3407669,1.5452656,3.569154,4.068105781129816e-06,-0.0005358500407828259,0.0016874547690663988
10.917,1.3434305960373285,1.3030603960135017,3.4930077647010296,0.058919605914291316,0.1468161903852673,0.11028755277638934,1.3405898,1.5466208,3.5704906,4.015571736459833e-06,-0.0005358530837868969,0.0016417442980611874
10.928,1.3440783331311672,1.3046742427058435,3.4942173435333888,0.058856430780973544,0.14662927274843995,0.10968293077884261,1.3413595,1.548175,3.5699923,3.917748645498875e-06,-0.0005432792241268913,0.00152675169346983
10.938,1.3446077795299298,1.3059931842020804,3.495201997643869,0.058803979881587996,0.14648651912570096,0.1091845416570087,1.341725,1.5508372,3.570818,3.799711747021206e-06,-0.0005593195576860666,0.0013758613567249611
10.948,1.345195491598502,1.3074572430492695,3.4962907772175043,0.05874408007108155,0.1463424005582189,0.10862488912506757,1.3430673,1.5520895,3.5714774,3.6610089315658456e-06,-0.0005833565293751342,0.0011989199951742968
10.959,1.3458412673520224,1.3090661597887245,3.4974817654272665,0.05867539151480878,0.14620414201675103,0.10797513371827983,1.3423177,1.5551726,3.5715127,3.4911162476447544e-06,-0.0006156696695360786,0.000989644559834968
10.967,1.3463690537374349,1.3103815038501487,3.4984508486877033,0.058616610951954314,0.1461077456510855,0.1074343520736888,1.342993,1.5554166,3.5739994,3.361682614055894e-06,-0.0006398637829874154,0.0008368684619646238
10.977,1.3469548478956828,1.3118420741848433,3.499521644516417,0.05854855412161363,0.14601830999202475,0.1067825340959205,1.344045,1.5565689,3.575244,3.1962421074283043e-06,-0.0006694170809842248,0.0006487350882000698
10.987,1.3475399457659056,1.3133018505949807,3.5005858958130065,0.05847764630651306,0.14594703066806142,0.10613705687675395,1.3422761,1.5579412,3.5765207,3.0319182950933055e-06,-0.0006977900575644291,0.0004695761335318238
10.998,1.3481243194050045,1.31476100917722,3.501643837632442,0.05840400906825454,0.14589278055897897,0.10552076573650335,1.3423741,1.5585369,3.57802,2.8620220948738506e-06,-0.0007270054085357636,0.0002934552790003764
11.008,1.3487662622399472,1.3163655608578562,3.5028007511625434,0.05839893271071467,0.14586953482529386,0.10482031782458136,1.3440639,1.5615714,3.5784388,2.722764814500067e-06,-0.0007552704307736136,0.00015783105629596506
11.017,1.3492907872548128,1.317678093089791,3.503742292996561,0.05824864984058447,0.14582738650592936,0.10440080808284345,1.3453915,1.563685,3.5787785,2.6132802162237567e-06,-0.0007849648812339183,5.960689656303586e-05
11.027,1.3498728232697514,1.3191362709004184,3.504783533917565,0.05816620966092159,0.14581129610776097,0.10390531197429867,1.34637,1.5643545,3.5792162,2.5033989965450587e-06,-0.0008217116592628138,-3.159955263765113e-05
11.037,1.3505120863818842,1.3207401402921601,3.5059234059309565,0.05816005596974766,0.14579200050112243,0.10335476051187553,1.3463275,1.5665396,3.5800445,2.392349500723867e-06,-0.0008581221445362885,-0.00012145677745323269
11.049,1.3510343270606278,1.3220523777101933,3.50685169788472,0.057990666049218285,0.14580559988786113,0.10294670607212217,1.3463509,1.5675673,3.5810478,2.248089975509515e-06,-0.0008958967615422253,-0.0002390417955258073
11.059,1.351613727505216,1.323510487486151,3.507878333847146,0.05789822646383636,0.1458169149658898,0.10242656624657406,1.344811,1.5691384,3.5825596,2.115671769331584e-06,-0.0009213895713302556,-0.00034865988767673883
11.068,1.352192189698818,1.324968768576487,3.5088996999468467,0.05780332281799834,0.14583892598440693,0.10190674978133514,1.345689,1.5715535,3.5845764,1.9916188165325366e-06,-0.0009416231774035388,-0.0004512728203405203
11.077,1.3527696903516253,1.3264273308565346,3.5099162180483776,0.05770614503811312,0.14587204317661331,0.10145012721962135,1.3483775,1.5722356,3.5854979,1.8673611474895324e-06,-0.0009636740289655776,-0.0005523788051231548
11.088,1.3533462057922327,1.327886284600589,3.510928321034809,0.05760645387678661,0.14591608831848984,0.10101830815434718,1.3507812,1.573829,3.5860617,1.714621705950492e-06,-0.0009964416236440954,-0.0006732766566317494
11.097,1.353921708005828,1.3293457377539801,3.511936402609103,0.05750373389347105,0.1459707841961997,0.10064856380071266,1.3514054,1.575111,3.5866745,1.59304705071861e-06,-0.0010248576155253986,-0.0007658628415967428
11.107,1.354496165937259,1.3308057930251183,3.5129411965344204,0.057397976256478626,0.14603534930028902,0.1003446974913071,1.3523993,1.5752171,3.588138,1.4676525905699123e-06,-0.001050361625611007,-0.0008579857035782013
11.117,1.3550695532716417,1.332266542699448,3.5139429265337383,0.057290015038304214,0.14610858448553737,0.10002960948015874,1.3522396,1.5781535,3.5881062,1.3580863456041925e-06,-0.0010643649977968295,-0.0009359694543382702
11.128,1.3556990243076876,1.3338742627202111,3.515041206449625,0.057276670345778435,0.1460986989522211,0.09977514304075208,1.3516397,1.5803144,3.58811,1.2679248433400403e-06,-0.0010650669963867543,-0.000996321209727924
11.139,1.3562701262617065,1.3353367035901518,3.5160364772144725,0.05706129569545955,0.14628297088740164,0.09939587832255257,1.3517987,1.5809091,3.5890257,1.2030373577331943e-06,-0.0010548421048723888,-0.001036311670629786
11.15,1.3567831917722475,1.3366536488430287,3.5169297683565497,0.05696420120930451,0.14636305844288075,0.09914127884454045,1.349936,1.5839684,3.5889845,1.1443436633840065e-06,-0.0010429254956689782,-0.001072352424921874
11.157,1.3573522452072937,1.338117782858685,3.5179195749890932,0.05685732493940814,0.14645506622076077,0.09884675088082048,1.3488209,1.5841612,3.5895758,1.1075438095531354e-06,-0.001038295159337288,-0.0010950709197690145
11.167,1.3579202334918354,1.339582854577048,3.5189064285185365,0.056750976532644784,0.14655032068971352,0.09855300597439386,1.350001,1.5851746,3.5905797,1.048994501928746e-06,-0.0010413017455137563,-0.001132587369953697
11.177,1.3584871559348835,1.3410488992860081,3.519890250688727,0.05664397483224491,0.14664939836407628,0.09823484293638601,1.3501368,1.5870514,3.5906641,9.811689736238804e-07,-0.0010612607410829256,-0.0011767113935787776
11.187,1.3591095204844446,1.34266272155918,3.5209685206785615,0.0565235119324788,0.14676333701214922,0.09784625287415853,1.3511658,1.5878365,3.592135,9.101330133987062e-07,-0.0010981083337835429,-0.0012205482452021243
11.197,1.3596741340691267,1.3441309452810353,3.5219450091062416,0.0565214125642786,0.14674868397791443,0.09761377750497897,1.3516419,1.5897058,3.5950196,8.414725813921109e-07,-0.0011469564585806502,-0.0012590552445583825
11.209,1.3602375833823148,1.3456002680839745,3.5229182172505555,0.05640751070939686,0.1468576949573308,0.09731051496214739,1.353015,1.5908448,3.5963047,7.744184316038627e-07,-0.001210980058718114,-0.001289673482302689
11.217,1.3607436493170437,1.346923621652324,3.523791713794947,0.05617972433013681,0.14708478588042762,0.0969494405290068,1.3530059,1.5904074,3.5983198,7.440909133293871e-07,-0.0012515790660811987,-0.0012981780704466317
11.228,1.361304744519445,1.3483950977157058,3.5247598759957355,0.05605139913518691,0.14719900004875888,0.09671206643270387,1.3519326,1.5924413,3.600768,7.287681622614173e-07,-0.0012993166178327797,-0.0012905604435964335
11.237,1.3618645331211592,1.3498677117366198,3.525725920578884,0.05591895960046501,0.14731210676022796,0.09652652582437522,1.3516868,1.5952697,3.6015801,7.503683443488285e-07,-0.001330028186075527,-0.001260344084169418
11.248,1.3624787480178373,1.3514888705662582,3.5267869674427175,0.055900535861607537,0.14731544662550536,0.09652405823023194,1.3519828,1.5984224,3.6014543,8.191387870226663e-07,-0.0013618188093760253,-0.0011946297782188253
11.258,1.3630356806790238,1.3529637615550782,3.527751095995557,0.055764345651890236,0.14742474791645244,0.09651104678441755,1.3557922,1.6013864,3.602621,8.964066404715254e-07,-0.001391287737127378,-0.0011263382602937355
11.267,1.3635357185323724,1.3542920123210616,3.52861910462085,0.05550280256721045,0.1476216904740532,0.09646797935127462,1.3549235,1.6027662,3.6024313,9.444636237532222e-07,-0.0014211817906368829,-0.0010814085080887992
11.278,1.3641452948535715,1.3559164653099178,3.5296807471344938,0.055483539242724415,0.14762022693593935,0.09662033965610968,1.3558387,1.6045731,3.606862,9.354628041080559e-07,-0.0014575394506612938,-0.0010740427570281597
11.287,1.364642717759183,1.357246396529342,3.530549664638847,0.05520972741334992,0.14780763223815133,0.09654607018086882,1.354629,1.6045114,3.605979,8.587916227043024e-07,-0.001484084716624423,-0.0011142056335673445
11.298,1.365193987164765,1.3587250078745432,3.5315153433560846,0.05505880232722905,0.14790603768119887,0.09660089372511851,1.3535216,1.6058531,3.607468,6.954936218050989e-07,-0.001511181887492441,-0.0012075433658615964
11.31,1.365798623252294,1.3603526744876289,3.5325788965861835,0.055038203636603965,0.147899960831543,0.09687644424709133,1.354339,1.6073638,3.6083844,4.943233999910035e-07,-0.0015384757408658523,-0.0013217327617773833
11.319,1.3663466667843835,1.3618335578947602,3.5335476319176538,0.05473397661159413,0.14814182031832981,0.09695808064059247,1.3551987,1.6088259,3.609115,3.719626811005128e-07,-0.0015629558034735425,-0.0013871916971108789
11.327,1.3668385612841076,1.3631673882158712,3.5344209491996597,0.054591367646649326,0.14825322150889847,0.09708956715974199,1.355804,1.6094775,3.6093066,3.011899227800541e-07,-0.0015893205600354676,-0.00142029349191386
11.338,1.3673835894671342,1.3646506170766493,3.535392389215936,0.05442984018263366,0.1483801131421961,0.0971821557636206,1.3566748,1.6114312,3.6103199,2.675611785463161e-07,-0.0016311734241947207,-0.001425883552438556
11.349,1.3679269821805173,1.3661351163044095,3.53636455727103,0.05426458531793619,0.14850673921520707,0.09724278987181824,1.3577043,1.6123241,3.610303,3.046066696654748e-07,-0.0016755385270625922,-0.0013899014682774435
11.358,1.3684687007179783,1.367620865031023,3.5373373307618468,0.05409540691446298,0.14862989833989376,0.09730239552954469,1.3577002,1.612853,3.6087139,3.7417917919668753e-07,-0.0017100385703212595,-0.0013391698132423357
11.367,1.3690087071037402,1.3691078153938716,3.5383105514740456,0.05392260113678288,0.1487473565987573,0.09732774818357252,1.3574436,1.6156145,3.6105924,4.661278856232798e-07,-0.001740210676495657,-0.0012774671221436051
11.377,1.3696006973819577,1.3707447711141258,3.53938089481356,0.053729029745709506,0.14886847837386108,0.09728473704183489,1.3588539,1.6162055,3.6111546,5.834710767871343e-07,-0.001767882731310788,-0.0012022752616553944
11.387,1.3700834566734328,1.372085054302156,3.5402562633430725,0.0535683641906808,0.14896100139868637,0.0972406768287966,1.3578743,1.6154964,3.612524,6.943085057997678e-07,-0.0017910519529351632,-0.0011321698729425123
11.397,1.370618149257723,1.3735752000659767,3.5412281931487057,0.0533878749724851,0.1490574837108174,0.09715477970218696,1.3589259,1.6150854,3.6122513,7.919730053984608e-07,-0.001810595574848417,-0.001070223292186867
11.408,1.3711510261554924,1.3750662772919164,3.5421994981335434,0.053205435139498526,0.14914787952110284,0.0971186924078445,1.3594588,1.6174871,3.6118195,9.182713185396096e-07,-0.0018311404685045218,-0.0009924042473379302
11.419,1.3716820683363717,1.376558219617516,3.543170612193888,0.05302113796364665,0.14923081756419798,0.09709798149890558,1.3588904,1.6175,3.611347,1.1173792326957255e-06,-0.0018526959464315595,-0.0008762652639475732
11.429,1.3722112579686583,1.3780509349917318,3.544141054558242,0.05283510088767745,0.14930296376158828,0.09698510657488756,1.3590213,1.6164687,3.6127954,1.3729444301446847e-06,-0.0018733492391915796,-0.0007324600124043457
11.439,1.3727385772587517,1.379544295923953,3.545109834856965,0.05264722567677134,0.14936080040414154,0.09677756448130284,1.359895,1.616327,3.6142044,1.698390507343106e-06,-0.0018960718434950508,-0.0005539558051577131
11.45,1.373264006365225,1.3810381408394603,3.546076237899746,0.05245721338719489,0.1494009564652302,0.09652482630590575,1.3601213,1.6172285,3.6150255,2.1502262192996113e-06,-0.0019244466646961556,-0.0003122205257133359
11.457,1.373787521963519,1.3825322724728426,3.5470400304235357,0.05226473070847234,0.14941960410474717,0.09625651868278574,1.360615,1.6203514,3.6188014,2.497589925098964e-06,-0.0019437232571410945,-0.00013016191821790812
11.467,1.3743611477446835,1.3841758622529996,3.5480972323847424,0.05223914650120854,0.14942266173069432,0.09589800063874983,1.3603171,1.6215228,3.6191297,3.065350136388645e-06,-0.001971568704166593,0.00016213772178552688
11.478,1.374880555947717,1.3856697728588296,3.549057114623162,0.05185124373342509,0.14937098313654806,0.0959765673074338,1.3608167,1.6216656,3.618534,3.7208382366316073e-06,-0.0020005603227986057,0.0004936673793696222
11.488,1.375397964144875,1.3871631302854295,3.550016844516848,0.05184431194118666,0.1493716624792494,0.09574943719053258,1.3618872,1.6230541,3.6192882,4.286191543023676e-06,-0.002025324971506315,0.0007758672479214468
11.498,1.3759133488042692,1.388655654411921,3.550976009807608,0.0516430603680702,0.14930124802941233,0.09561715363865829,1.3615773,1.6246775,3.618907,4.800142919592076e-06,-0.002048842470801837,0.0010300419234106073
11.507,1.3764266883420442,1.3901470915557108,3.5519338851240367,0.05124133784544147,0.14908816246893097,0.09571132658752328,1.364407,1.6259105,3.620071,5.214539467779389e-06,-0.0020683025364380825,0.001233722923732028
11.518,1.3768869287236316,1.3914882690839439,3.552794378460932,0.05105476996723401,0.14896257816667516,0.09553084186064523,1.3647305,1.6257272,3.6209204,5.656866422398821e-06,-0.002089312826680789,0.0014504587212438302
11.528,1.3773963283804445,1.3929770443855873,3.553748605935537,0.05084581235600623,0.14880533385696018,0.09533430477148319,1.3647528,1.6275392,3.6225429,6.00583357268647e-06,-0.002102033165937378,0.0016215083701820454
11.539,1.3779036315245865,1.3944641548404129,3.5547009725870766,0.050635706835064784,0.1486315087259105,0.09515845255450864,1.3625684,1.6266639,3.625357,6.367824720854287e-06,-0.002106577700314194,0.0017995197660498619
11.547,1.3784088313076577,1.3959494399331966,3.5556515566781015,0.05042528697624494,0.14844184911036928,0.09498190993516253,1.3632212,1.6296663,3.6265957,6.633963145041832e-06,-0.002104908209402012,0.0019309933916282773
11.558,1.3789119269578818,1.3974327387765137,3.556600825678952,0.05021490249831806,0.14823570697734867,0.09489308052188983,1.3641378,1.6324831,3.6248083,7.029681875714289e-06,-0.002102921583281514,0.002127049654527813
11.567,1.3794129191725413,1.3989138794994271,3.557549447270993,0.05000454729694313,0.14801181123163634,0.09483958999316239,1.3645071,1.6350248,3.624145,7.3698007838629565e-06,-0.0021060601327036466,0.002295738678359527
11.578,1.3799118056087067,1.400392680578253,3.55849765958149,0.04979369397565529,0.1477696738863047,0.09480854743291181,1.365361,1.63754,3.6264002,7.755947519783035e-06,-0.0021166892882686916,0.0024875074983543577
11.588,1.3804085783623075,1.4018689676300067,3.5594455224354253,0.04958185156255393,0.14751120024576192,0.09475991631448524,1.3670552,1.6378268,3.6285937,8.017971336649055e-06,-0.002130925420868124,0.002619040535536854
11.597,1.3809032255749547,1.4033426000021443,3.5603927155592148,0.049368678478516316,0.14724082273747105,0.09467992149699421,1.3678852,1.6393517,3.6293097,8.145165049100456e-06,-0.0021445200782030938,0.0026861052669171492
11.607,1.3814448658323766,1.404960426794956,3.561433675825983,0.04913258734581707,0.14693657051177286,0.09459572431789531,1.3657386,1.6423249,3.628853,8.16898845812375e-06,-0.0021555157032535632,0.0027059331880234794
11.619,1.3819350068187666,1.4064282667618972,3.562379252089674,0.04912133659613845,0.14691244621532865,0.09402230470769211,1.3664349,1.643662,3.6296442,8.075552077713155e-06,-0.0021578640815622663,0.0026733826028562113
11.629,1.3823742911455175,1.4077469666417792,3.5632294938856743,0.048723215529226364,0.14641304391061752,0.09442669439406923,1.3675797,1.6464759,3.6308067,7.920900801039465e-06,-0.002154560441483433,0.002610770939889928
11.639,1.3829088269256002,1.409355737717066,3.5642672826805994,0.04848670302145082,0.14611902641057747,0.09427006577953533,1.368222,1.6475735,3.632284,7.721909366154023e-06,-0.0021507701282743596,0.002527552767320529
11.648,1.3833925138339442,1.4108154991472464,3.565208957544004,0.04827220242689209,0.14586064198112964,0.09407771503832665,1.36939,1.6475352,3.6329598,7.512402071085944e-06,-0.0021476786273995074,0.0024384479359764732
11.657,1.3838259998203104,1.4121271183837119,3.566054742009808,0.04807947135440565,0.14563658524922565,0.09389855474939243,1.3716649,1.6509055,3.6342654,7.28433827834607e-06,-0.002144127689728492,0.0023404954824868263
11.667,1.3843056181717845,1.4135821614416766,3.56699286102334,0.04786565655738058,0.1453976519149264,0.09375026130963439,1.372347,1.6531596,3.6341314,7.034740351130608e-06,-0.0021368627478630664,0.002232857922523035
11.677,1.3847831024281143,1.415034872707809,3.5679296716933213,0.047652705317095846,0.14516917514205238,0.09362390203463379,1.3733773,1.6546962,3.6334674,6.788002615110145e-06,-0.0021212193350481634,0.0021252749587521436
11.687,1.3852584666286207,1.416485357996146,3.5688650651121954,0.047441650984548715,0.1449515066279201,0.0934615786609133,1.3741376,1.6564219,3.6347163,6.526399690898188e-06,-0.0020942466818727468,0.0020084336336041453
11.698,1.3857317362988641,1.417933731147237,3.5697984778975536,0.04723367823962301,0.14474578363914456,0.0932358359991871,1.3747543,1.6561751,3.635279,6.208575617172585e-06,-0.0020510649635285816,0.0018614923144224527
11.709,1.3862029481385336,1.4193801198759652,3.5707294365336404,0.04702982920921571,0.14455354448974314,0.09298148552473916,1.3750495,1.6562386,3.6357985,5.863898813629476e-06,-0.001996017960938623,0.0016955206914479604
11.719,1.3866721479297206,1.420824666686062,3.5716579996827087,0.04683088551783014,0.14437603340343544,0.09276160182082095,1.3772367,1.6585306,3.6372843,5.566324187356031e-06,-0.0019396127534321295,0.0015466012764266956
11.73,1.3871860063644115,1.4224117157753238,3.5726771437684643,0.04661838111678074,0.14419725939447361,0.09255490341268352,1.3758388,1.6596181,3.635752,5.308858913366521e-06,-0.0018750596764274263,0.0014132495149605795
11.739,1.3876511565542695,1.4238528538620272,3.573601437136765,0.04643134437323682,0.14404702146127646,0.0923171951129946,1.3762754,1.6604351,3.636636,5.161314948765039e-06,-0.0018209130092694537,0.0013348416437715116
11.747,1.3881144693503393,1.425292537958445,3.574523019393444,0.046414341115759525,0.14402352167946664,0.09175155359042046,1.3766983,1.6612375,3.6372502,5.06895925678208e-06,-0.0017731378656220542,0.001285374215502788
11.757,1.388576004295172,1.4267308354074943,3.575441341866486,0.04607514207004082,0.14376873555478936,0.09167227848616376,1.377768,1.6631463,3.640139,4.990793263104365e-06,-0.0017160571588528128,0.001244421582302202
11.768,1.388989912810802,1.4280241536567537,3.5762646781228917,0.04592221823483064,0.143648970322424,0.09133275574261092,1.3767924,1.6634254,3.6404586,4.935982889975321e-06,-0.0016575646076835149,0.0012182576743007267
11.777,1.3894482228767973,1.429459920885928,3.5771761092569094,0.04575713428085838,0.14351788508500915,0.09098740734721233,1.3754926,1.6654559,3.6404886,4.899183056572554e-06,-0.0016118508300384526,0.0012024082183685891
11.788,1.3899504906768079,1.4310377624427213,3.578174655892204,0.045723709389172154,0.14348294318337357,0.09036276773843646,1.3769273,1.6665773,3.6435072,4.855130134373553e-06,-0.0015593812088123826,0.0011843188167439678
11.797,1.3904054459881368,1.432470815859119,3.579078823549124,0.04556418292454991,0.14335324195617877,0.09002688809133909,1.3753606,1.6672771,3.644521,4.81282603104205e-06,-0.0015223671758182178,0.0011660293197155447
11.807,1.3908135962219415,1.4337594824723505,3.5798897490426116,0.045289629376512895,0.14313511287982433,0.08997819580208172,1.3745407,1.6704161,3.6456597,4.759231861939384e-06,-0.001487826795165681,0.0011416796022785114
11.818999999999999,1.3912656729206867,1.4351901534913452,3.580787967575844,0.04514102308756691,0.1430118066917692,0.08970474669451446,1.3763784,1.6708943,3.6474395,4.692886082402481e-06,-0.0014567048272757788,0.0011114875553630554
11.829,1.3917612573373892,1.4367624837589177,3.581773209105698,0.044980228808611536,0.1428790527824936,0.08945516376540151,1.3758098,1.6721985,3.6471064,4.627007139212935e-06,-0.0014410770825721286,0.0010796468047540309
11.837,1.3922102628669801,1.4381906257501904,3.5826667631580214,0.04496393977511314,0.14285547349348865,0.08906355635466,1.3755834,1.6730146,3.6474173,4.568157698336961e-06,-0.0014331710148614007,0.0010502121543360943
11.847,1.3926131348309487,1.4394749658072266,3.5834694544761736,0.04470607109335021,0.14265913693921478,0.08911173315554399,1.3750044,1.676247,3.649055,4.492193212968232e-06,-0.0014261727900284349,0.0010119370944643435
11.858,1.3930594073971563,1.4409009471646466,3.5843595065079406,0.04456283988955719,0.14254876772166,0.08892648583592874,1.3741332,1.6763372,3.650354,4.4087969426342966e-06,-0.001421052484992913,0.0009701285791510195
11.867,1.393548655596502,1.4424682771032202,3.585336646910838,0.044532077065287445,0.14251448201033726,0.08855337198647294,1.3763884,1.6773404,3.6502101,4.3316807758486675e-06,-0.0014193862038518468,0.0009299128339650409
11.877,1.3939476647269473,1.4437497019990606,3.5861347275108253,0.044277230714827,0.14234012570455828,0.08861934226582882,1.3772553,1.6775912,3.650895,4.238955330748695e-06,-0.0014215873114471478,0.0008807063547777716
11.887,1.394433770445815,1.4453147975858092,3.587108651191259,0.044119853923465166,0.14223333983358824,0.08847383170017971,1.378258,1.6801301,3.6512823,4.151083539127853e-06,-0.0014255320009866068,0.0008352418843426967
11.898,1.3948741803413243,1.4467366176622052,3.587992727113997,0.0441028825407777,0.1422115363103331,0.08817627178740085,1.3797753,1.6830292,3.6513524,4.0783918109355e-06,-0.0014266327638416954,0.000801810719002205
11.909,1.3952693230538349,1.4480154744217544,3.588787287281703,0.04384743739992005,0.1420591886330083,0.08822791939930237,1.3789028,1.6839094,3.653878,4.0268305898649714e-06,-0.00141979445854723,0.0007824020977116319
11.919,1.3957070119330246,1.4494355769474443,3.5896688482393864,0.04370479495069855,0.14197047063198093,0.08809513086601267,1.3784788,1.685018,3.654428,3.976703430552675e-06,-0.001404088921674429,0.0007615233799556087
11.928,1.3961432823822588,1.4508548032037594,3.5905490876223007,0.04356372389336512,0.14188387569702343,0.08796821510351044,1.3792417,1.6853628,3.65666,3.918676620529027e-06,-0.0013840650581569136,0.0007326693078142377
11.938,1.3965781537416122,1.4522731803534734,3.5914281895370155,0.04342482202892487,0.1418005214745975,0.08786643927790984,1.3825079,1.6871821,3.6579723,3.841758378086979e-06,-0.0013599518204956418,0.0006906185473711801
11.947,1.3970116487854856,1.4536907462867028,3.59230648723245,0.04328821429590238,0.14172128947911766,0.08781006883545306,1.3826237,1.6896683,3.6592395,3.7725533363897057e-06,-0.001338925514813738,0.0006519618967302243
11.957,1.397486930657432,1.455249181463596,3.5932723420861463,0.0432564970443038,0.1416928450709016,0.087662246726268,1.3847249,1.6911767,3.6595795,3.7033170157130257e-06,-0.0013131422792245218,0.0006136919675050478
11.969,1.3978746021159711,1.45652360793411,3.594062622561163,0.043022188989443245,0.14157467532633847,0.08781121397889818,1.3842938,1.691716,3.6597047,3.622312603646094e-06,-0.0012740045307642056,0.0005674460771030176
11.978,1.3983469962376438,1.4580804800648397,3.5950285491929312,0.04288123641779003,0.1415005597373168,0.08780520607248953,1.3849128,1.6939363,3.6608062,3.557461170089482e-06,-0.0012360764534156132,0.0005275258484935819
11.988,1.3987323671811622,1.4593536989604459,3.595818680143488,0.04276976308270863,0.14144387715392454,0.08778268045733875,1.3857757,1.696715,3.6600344,3.4853988273297887e-06,-0.001186047142111235,0.0004804507282356596
11.998,1.3992020444905116,1.4609091915249934,3.596784146112464,0.04263905399786619,0.14137975375329706,0.08776116011597697,1.38626,1.698606,3.6609914,3.411417177190401e-06,-0.0011306311765761912,0.00042855576829969877
12.01,1.3996278086788687,1.4623226944484262,3.597661587818793,0.04262152899311287,0.14136002874205145,0.0876278637968065,1.3856289,1.7004622,3.6629546,3.306230045296843e-06,-0.0010606549710674429,0.0003464529784071857
12.019,1.400052474216047,1.4637357077607362,3.598538532073762,0.042509043585660426,0.1413070749340142,0.08757956009251604,1.3850927,1.7034097,3.663342,3.2111009158342085e-06,-0.0010078656940732955,0.0002644880883502232
12.027,1.400433781512483,1.465007068259937,3.599327267854171,0.04232711950853901,0.14124813789499824,0.0876181432704449,1.3833494,1.7042747,3.6647942,3.1167240557294917e-06,-0.0009630171626184847,0.000177334968592735
12.037,1.4008987374731008,1.4665606135608258,3.6002908403704903,0.04230176749220692,0.14122493296156102,0.08753969392502431,1.3807571,1.7061023,3.6660285,2.984620617318967e-06,-0.0009133009974293671,4.7305235467920426e-05
12.047,1.4013204392897352,1.4679727337446198,3.601166812328804,0.04212918743633173,0.1412079424858243,0.08761807411548868,1.3800722,1.7081743,3.666214,2.8377136089829946e-06,-0.0008764692860285805,-0.00010469313390260027
12.057,1.4016992004751367,1.4692436086235312,3.601955683473731,0.04204913859321783,0.14121055384231104,0.0876782186529238,1.3802576,1.7083822,3.6649687,2.6794671335039766e-06,-0.0008598523545377823,-0.0002708501122672402
12.068,1.4021611604107653,1.4707970344526484,3.6029203918565096,0.042028585419490276,0.14119444614735419,0.08773710005116026,1.3788922,1.7101139,3.6649604,2.493945759241001e-06,-0.0008682037944023335,-0.00046032179475119506
12.078,1.4025383315144724,1.4720682749331346,3.603709834635273,0.041872078523586945,0.14126451918753613,0.08771132123645232,1.3786873,1.7117457,3.6652374,2.3228439296474335e-06,-0.0008968298156699639,-0.0006236643929291574
12.087,1.4029983196024403,1.473622510234659,3.604674291903366,0.04185258536501723,0.14125647702844651,0.0877063838176721,1.3811727,1.7119635,3.6693823,2.1741287756782413e-06,-0.0009362980194635995,-0.00075363344544499
12.097,1.403373822152157,1.4748946901228512,3.6054626349492205,0.04168342384701548,0.14138029074388386,0.08756589234609725,1.382307,1.7127523,3.668247,2.0205179289689568e-06,-0.0009905574315389742,-0.0008747044891670441
12.108,1.4037900995633885,1.4763089026668943,3.6063383564997236,0.04158134576878552,0.14145623317481096,0.08758697729895357,1.3815162,1.7149372,3.668186,1.8678308713049319e-06,-0.0010561410739100552,-0.0009793017388775027
12.119,1.4042467897961,1.4778654705214544,3.607301973833043,0.04146304982815315,0.1415488927917603,0.08760230027676032,1.3826973,1.7153548,3.6700008,1.7797827318588588e-06,-0.0011006619672766504,-0.0010280506541509027
12.127,1.4046194566828973,1.4791398079864317,3.608090164688591,0.04136250836081476,0.14162872933808232,0.08754726179382351,1.3827722,1.7165163,3.6691828,1.7336116249211386e-06,-0.0011278662307092624,-0.001046460317482456
12.137,1.4050736898174034,1.4806983200817356,3.609052457198247,0.041337209900912025,0.14163622505082749,0.0875183800395539,1.3823187,1.7189226,3.6709628,1.7009658677125117e-06,-0.001151753195764993,-0.0010499404056067974
12.149,1.4054442922193675,1.4819742805596856,3.609838518716551,0.04113123708588032,0.14180943073084745,0.08728084508299853,1.3825433,1.7197759,3.673255,1.6865178462666108e-06,-0.0011694175834966458,-0.0010360233165309651
12.158,1.4058549562929392,1.4833928660742246,3.6107105897880634,0.04101319068566462,0.14189853654884302,0.08714586724714865,1.3831934,1.7209601,3.6741724,1.6787039438526108e-06,-0.0011799864229526946,-0.0010243805781700033
12.167,1.4062644335233123,1.4848123356447551,3.6115813272137482,0.040893976075025325,0.14198641251911936,0.08701503735960935,1.383763,1.7190256,3.6772585,1.6680645256172966e-06,-0.0011919782578186933,-0.0010156306443889207
12.178,1.406672711338075,1.4862326788375786,3.612450796807451,0.04077337238510517,0.14207342328845138,0.08691013773115816,1.383019,1.7205864,3.6781142,1.6553033859167954e-06,-0.0012101020138253205,-0.0010050918646022922
12.187,1.4070797732411024,1.487653887109255,3.613320026804078,0.04065094196848085,0.1421592903697917,0.08694429986325672,1.3832761,1.7197046,3.6791694,1.6742614796783073e-06,-0.0012292884327456122,-0.000971085477051048
12.198,1.4075261143829352,1.489218184703491,3.614276745823618,0.04051402190523535,0.14224910082967004,0.08700307694236145,1.3845805,1.7216145,3.677785,1.7448043809764613e-06,-0.001251423615348024,-0.0008969160677176902
12.207,1.4078901718206867,1.490498763663915,3.6150600826376613,0.040399988549600675,0.14231521808053058,0.08706287419150269,1.3845531,1.7242717,3.6767678,1.8670355323990862e-06,-0.0012737586516964328,-0.0007860588723573869
12.217,1.4083337221839853,1.4920646447068913,3.6160180820976597,0.04037127362558735,0.1423256863485723,0.08715611559418034,1.3851619,1.7270848,3.676159,2.0649107934644917e-06,-0.0012990735036044754,-0.0006187997183593197
12.227,1.4086954528669193,1.4933462804705877,3.616802492980399,0.040139489503012486,0.14241994440059846,0.08719474480616225,1.3847241,1.7263393,3.6791155,2.2917154689494623e-06,-0.0013228023001632394,-0.0004341441316171313
12.237,1.4091361061985337,1.4949130851083237,3.617762171652755,0.04010975352968093,0.14242280223575232,0.0872529002061897,1.3874388,1.728575,3.6797721,2.496463557655204e-06,-0.0013438127047278314,-0.00026960123388697355
12.249,1.4095352838379815,1.4963376251258946,3.6186347025965224,0.039975586966798905,0.14244398571606112,0.08720141787238096,1.3888193,1.7295392,3.6793363,2.687328393591315e-06,-0.0013655207875880038,-0.00011515963516028904
12.259,1.4098933756040553,1.4976197364781354,3.619419486531733,0.039732969474240556,0.1424553551218113,0.08716290594424173,1.3885086,1.7315991,3.6811228,2.797835380263791e-06,-0.0013774101884935774,-2.265988968019883e-05
12.268,1.410289945482588,1.4990442393658365,3.6202904633745394,0.03959472849354002,0.1424450040711876,0.08703772882286188,1.3886343,1.7317063,3.6800978,2.867975644527121e-06,-0.0013802071577178054,3.947757839473098e-05
12.281,1.4107245739342316,1.5006110269787132,3.621246804347647,0.0394425321145038,0.14242607235664453,0.08685338404760247,1.3869479,1.7331563,3.6805487,2.93794848005291e-06,-0.0013717579155723136,0.00010750711296525495
12.288,1.4111182415368708,1.5020351675958807,3.622114314442775,0.03942365819097534,0.14241489033564556,0.08659379378218156,1.3871726,1.7345566,3.6828644,2.973678691731152e-06,-0.001363409413753569,0.00014332023018015505
12.297,1.411471370756973,1.5033166791457822,3.6228934867190126,0.03918205204982427,0.14237882777424146,0.08650167459532265,1.3879427,1.7349174,3.6815398,3.0301144811062386e-06,-0.0013531272569502484,0.00019783686091257024
12.307,1.411862445124196,1.5047402896680706,3.62375746195699,0.03904651607017067,0.14234548597712954,0.08630260098720852,1.3891311,1.7364929,3.6829445,3.1086270446678554e-06,-0.001347194689798492,0.00027109802866887023
12.318,1.4122521675639785,1.5061635267704654,3.624619018770193,0.03891149304978184,0.14230466918960932,0.08602781970569717,1.3891816,1.7366617,3.685653,3.215787189425612e-06,-0.0013490530764013187,0.0003676274935502377
12.327,1.4126405389999708,1.5075863083078689,3.625477674155463,0.03877623103757231,0.14225505264411784,0.08573403984561939,1.3883289,1.7388285,3.6881008,3.3178694129887276e-06,-0.0013549647494550676,0.0004568960800979127
12.338,1.4130275541555728,1.509008539982871,3.626333527376137,0.03864025832522153,0.14219549975524043,0.08547255478954552,1.3896968,1.7379404,3.6901073,3.461035536389545e-06,-0.0013639315264448726,0.0005784595532256631
12.348,1.4134132047692225,1.5104301163740073,3.627187112072324,0.03850340146425173,0.14212496987171463,0.08527154716227668,1.3870819,1.7398282,3.6918755,3.6012053845624337e-06,-0.0013727859177610213,0.0006951786772271262
12.359,1.4137974816546832,1.511850924321379,3.628039047148198,0.03836560280021154,0.14204284913940027,0.08514245683938981,1.386208,1.7420115,3.692959,3.772981607141901e-06,-0.0013816753374964463,0.0008350788913760177
12.37,1.4141803755292808,1.5132708425414372,3.628890184918665,0.03822688582151705,0.14194808955542088,0.08510195394619272,1.386755,1.7427412,3.6949077,3.962229936149697e-06,-0.0013940095010784859,0.0009864281265277164
12.38,1.4145618761123406,1.514689739235967,3.6297412960482696,0.03808698228730793,0.14183984063417107,0.08512064093125335,1.3869911,1.7456133,3.6951997,4.132835398351631e-06,-0.0014136521674812386,0.0011214173505895708
12.388,1.4149798988389406,1.5162491854975684,3.6306778482342215,0.03805294449509908,0.1418072606357038,0.08493736029889053,1.3890826,1.7452902,3.6972163,4.262116358511037e-06,-0.001435793436225019,0.001222569176829058
12.399000000000001,1.4153206271173222,1.5175239369192899,3.631444695560821,0.0378005734923926,0.14158451701935576,0.08525051296224154,1.3908274,1.7461675,3.697855,4.414437528410531e-06,-0.0014724715977836311,0.0013410678332581583
12.407,1.4157354592808438,1.519080421575118,3.632383584416594,0.037637592453569534,0.14142531235701447,0.0854513454487647,1.3892754,1.7482238,3.6975014,4.505065946958098e-06,-0.0014986822027474034,0.0014116311216154642
12.417,1.4160735184486029,1.5203525645829141,3.63315364766925,0.037501443536166246,0.14128742956396942,0.0856471112605097,1.3878592,1.7506104,3.6976926,4.603812016057418e-06,-0.0015242197001175128,0.001488509969783891
12.427,1.416485023837724,1.521905675449286,3.6340968794699022,0.03746510892865662,0.14124360026385482,0.08555314879396468,1.3899323,1.7522206,3.6964607,4.686558577660094e-06,-0.001540624153768988,0.0015540297094194244
12.437,1.4168203222588205,1.5231749298208648,3.6348700668825256,0.037193374200448784,0.1409614240133462,0.08596923578442786,1.3901259,1.7537032,3.696286,4.74123182492292e-06,-0.0015528929790598056,0.001601371081743963
12.449,1.4171913999439965,1.5245836117031997,3.635730235564049,0.03703758615162817,0.14079148936026467,0.08604039164907462,1.3905861,1.7548854,3.6952376,4.75575082603541e-06,-0.0015662028363250258,0.0016265288660979316
12.459,1.4175609146765817,1.5259905839056045,3.636590583616222,0.03688088172309995,0.14062005770460673,0.08601826523951933,1.3893839,1.7566998,3.6962903,4.7210243483419845e-06,-0.0015767298273088315,0.0016194661430355417
12.47,1.4179288575008442,1.5273958451174785,3.6374502369442387,0.036723292048559904,0.14044956008279577,0.0859125674918734,1.3888376,1.756297,3.6966572,4.644479778548316e-06,-0.0015885973396079223,0.0015889165452436238
12.478,1.4182952191973437,1.5287994154075926,3.638308551231612,0.03656472455431245,0.14028185069203103,0.08576100464608953,1.3890033,1.7561402,3.696538,4.572241720346426e-06,-0.0015992382587581844,0.001557116770138034
12.487,1.4186599882749535,1.5302013292734695,3.639165350804272,0.03640481789947942,0.14011795165934435,0.0856164290511995,1.3897282,1.7584288,3.698868,4.494265102295003e-06,-0.0016154844649851618,0.0015242203413303734
12.497,1.419023148417101,1.5316016230182847,3.6400207272640266,0.036243034143396934,0.13995723558858025,0.08546814254427451,1.3898404,1.7609382,3.6995816,4.441133384602836e-06,-0.001639687323351069,0.0015090519766207677
12.507,1.4193846777952446,1.5330003166284223,3.6408744388839676,0.036078807919397535,0.13979738320346705,0.08529513614881899,1.3911825,1.7600533,3.7018716,4.430475383898624e-06,-0.001668556850171754,0.0015196736270772782
12.517,1.4197445491287608,1.5343974050950822,3.6417265468060442,0.03591167604427895,0.13963608736223687,0.08514562401624952,1.3895746,1.7627794,3.7038052,4.44341459537867e-06,-0.001698850251178996,0.0015436199228684444
12.528,1.4201027327911553,1.5357928669925573,3.642577312669783,0.03574159260851624,0.13947216106599492,0.08502787504528961,1.3904984,1.7645366,3.7047307,4.478286847131585e-06,-0.0017290130210598775,0.001580693427158053
12.54,1.4204592006450258,1.5371866711981559,3.6434271127907714,0.03556884185203014,0.13930484486109249,0.08494264481693446,1.3911589,1.7669268,3.7073648,4.515601749410791e-06,-0.0017583492466552997,0.0016193059665012832
12.549,1.4208139276390368,1.5385787845027414,3.6442761463261744,0.03539370373893014,0.139134438691345,0.08486792938201992,1.3914015,1.7706293,3.7082539,4.522918145788424e-06,-0.0017782336019998013,0.0016359198434381383
12.557,1.421166890949624,1.5399691823981534,3.645124600904286,0.035216336658910725,0.13896221502985304,0.08484020828109033,1.3935798,1.7700279,3.7065496,4.499697093152122e-06,-0.001793918547747797,0.0016338586302628855
12.567,1.4215180691699107,1.5413578592498576,3.6459733071875364,0.03503696945053956,0.1387907842825694,0.08489439177974104,1.3916911,1.7727094,3.7077029,4.399951628819565e-06,-0.001809965355759502,0.0015922136567976253
12.578,1.4218674457712417,1.5427448470207406,3.646822404286055,0.034856251776021134,0.13862461042723545,0.08491802896895709,1.3920846,1.7729588,3.709252,4.199509918478839e-06,-0.0018200462643456206,0.0014967938910293022
12.587,1.4222496673364553,1.5442686736831504,3.64775653964952,0.03481164085214452,0.1385713670521413,0.08467114895396669,1.3919215,1.7743672,3.7100952,3.979688508515267e-06,-0.0018239579127636851,0.0013882198388972533
12.597,1.4225607584132627,1.5455140909244136,3.6485211178124906,0.03449287621149652,0.13832290317249096,0.08497607893356324,1.3940964,1.7761054,3.7110777,3.710888689667513e-06,-0.0018273245838411611,0.0012541637252234672
12.607,1.4229046849993108,1.5468965849701823,3.649371196563766,0.03431060414783472,0.13819121475891444,0.08503208721168849,1.3938504,1.7775396,3.711325,3.450461244725034e-06,-0.0018319664911481404,0.001124808409259881
12.618,1.4232467866966514,1.5482778313667576,3.650221702799062,0.03412794429901275,0.1380719292518755,0.08505904165341452,1.3920385,1.7802391,3.7138045,3.1948737717613085e-06,-0.0018363704625148358,0.0009993741521934218
12.627,1.4235870603014988,1.5496579462808053,3.651072199912162,0.033945026681073,0.1379635454608258,0.08504353701147774,1.3916813,1.7809275,3.7146125,0.0,0.0,0.0
12.638,1.4239592467546147,1.5511748853164535,3.6520077850935175,0.03374350062268875,0.13785521772218412,0.08506430962977538,1.3927058,1.783076,3.7156863,2.8015022213168095e-06,-0.0018422879910522383,0.0008094114956413989
12.649000000000001,1.4242956720171942,1.5525529406237086,3.652858571280937,0.03371724032767095,0.137828692676772,0.08492958435665254,1.3926105,1.7818466,3.715856,2.5883496395096017e-06,-0.0018520793055158968,0.000707108800117151
12.659,1.424630255377296,1.553930156376158,3.653709679032433,0.03337513870604365,0.13768645796425683,0.08512709943517059,1.3929567,1.7812414,3.7159865,2.385415438510563e-06,-0.0018656356405881702,0.00061005462334629
12.667,1.4249629845069822,1.5553066263172033,3.654561348129871,0.03334906606483313,0.13766264202345913,0.08506958423850366,1.3955134,1.782647,3.7159448,2.236085841822444e-06,-0.0018785590872925084,0.0005398987650888643
12.677,1.4252938434432083,1.5566824375822297,3.6554140608359504,0.0331629320413414,0.13759486277765698,0.08519379170950653,1.3938265,1.7830037,3.7173073,2.1055313528250963e-06,-0.0018950736810934288,0.0004820586749012534
12.689,1.425590004499951,1.5579201546692105,3.6561823519070398,0.032831068166503594,0.13750089939275545,0.08539000474923822,1.3939805,1.7843134,3.7164927,2.0633717667806195e-06,-0.001908468272589836,0.00047188456648017407
12.697,1.425917271261993,1.5592948442024632,3.6570363234489065,0.03264117718562849,0.13744249313514958,0.08539414230003407,1.3946065,1.7846054,3.717139,2.108725871252659e-06,-0.001912847161318787,0.0005026159668823915
12.707,1.426242636715701,1.5606689293980585,3.6578900679194324,0.032450910549907584,0.13737977549241132,0.08535169528007462,1.3916283,1.7862564,3.7194607,2.2339140555160952e-06,-0.001914998887987629,0.000575959633895895
12.717,1.4265660989770617,1.5620423464720334,3.658743171831093,0.03226057308560613,0.13730915830793777,0.08527611456964404,1.3936703,1.7879918,3.7191384,2.413198265216465e-06,-0.001915249363195315,0.0006769794579750688
12.729,1.4268876572195506,1.563415002040763,3.659595762973463,0.03207007475939529,0.1372282398717878,0.08525377498184952,1.3918786,1.7899512,3.720463,2.6515565849649647e-06,-0.001920149802360438,0.0008100116247344857
12.739,1.4272073081873746,1.5647867887655027,3.6604482220254013,0.031879109610164526,0.13713657562228193,0.08523231969654821,1.391434,1.7926515,3.7222433,2.8248360752769486e-06,-0.0019303519515574408,0.0009071697514548838
12.749,1.4275567125226885,1.5662946308462513,3.6613855219166367,0.031833379413244656,0.13710663300371453,0.08499311661962661,1.3932054,1.7954177,3.7235036,2.945026498224479e-06,-0.001947927025104157,0.0009763115267986677
12.759,1.4278408526083515,1.5675273740072058,3.662152053712566,0.031493440963393,0.13692804300906108,0.08515883272134375,1.3934164,1.7954277,3.7219648,2.9825770822000663e-06,-0.00197381638142069,0.0010028647769684262
12.767,1.428185987041947,1.5690328572753458,3.663088750985247,0.031447278865493304,0.13689136441447705,0.08495068996908012,1.3931566,1.7973639,3.7229028,2.9352415182870573e-06,-0.0019978518626282415,0.0009853914253956653
12.777,1.4284665879988339,1.570263639080273,3.663854964485799,0.03109796061747851,0.1367111953869053,0.08511980903799043,1.3948447,1.798616,3.7254183,2.7902862234086e-06,-0.0020278994634876923,0.0009222696252382256
12.787,1.428807334395153,1.5717667959752142,3.66479096460754,0.030875590754228903,0.13660175238364272,0.08507184477148066,1.3950797,1.8005201,3.7260265,2.579137753144778e-06,-0.002054824980518344,0.0008284705077414856
12.797,1.4291149658306892,1.5731323135525166,3.66564160843965,0.030670835397008444,0.13651241169133113,0.08505738145160541,1.3948014,1.8001988,3.7265446,2.3147169745385554e-06,-0.0020761057515015224,0.0007111630600897811
12.809,1.4293900757837528,1.57436056184566,3.666406997655798,0.030485173221312008,0.13644098357190548,0.0850338930575322,1.3938519,1.8013844,3.7265234,2.0582678388336717e-06,-0.0020865601899524577,0.000597946857294307
12.818999999999999,1.42969378884963,1.5757245791687096,3.667257288067022,0.03027807262726176,0.13637097148003433,0.08502565256765639,1.3938522,1.8018819,3.7241101,1.8767121421348065e-06,-0.0020889820925926728,0.0005191178826535747
12.83,1.4300254797222414,1.5772242429782786,3.6681923520110757,0.030227681577632073,0.13634368681611983,0.0848461316377909,1.3931746,1.8024917,3.7249599,1.7655229918034365e-06,-0.002089606575538916,0.00047399176227225226
12.837,1.430324841852826,1.5785869468769576,3.669041320749272,0.02984303871953084,0.13624435001498134,0.08481702508084257,1.3930331,1.802005,3.7244112,1.7466218755757268e-06,-0.0020915113816051267,0.0004698312977766683
12.847,1.4305924969456463,1.5798128853004494,3.6698036469187416,0.029656538344977175,0.136191993359796,0.0846009068133414,1.3915615,1.8039994,3.7237787,1.7868547246280286e-06,-0.0020992484784674303,0.0004958103791619095
12.857,1.4308879195670532,1.581174471207712,3.670647935059587,0.02944858511172739,0.1361304769149441,0.08427909625629292,1.3899338,1.806225,3.724392,1.904318290613105e-06,-0.0021152826869359487,0.0005580884485216764
12.867,1.4311812541137254,1.582535407203192,3.671488741218608,0.029238901931552725,0.13606221758447815,0.08391945486012149,1.3897282,1.8073261,3.7239134,2.0744948638906635e-06,-0.0021427755167415796,0.0006442206656349647
12.878,1.4315014811261357,1.5840315914467038,3.6724094746402813,0.029186798275417657,0.13603755936865572,0.08335174674499612,1.3901165,1.8093233,3.723986,2.2662995515787543e-06,-0.002189447371803155,0.0007391502630720304
12.889,1.4317903369654608,1.585390899330024,3.67324222359851,0.028787331752652082,0.13589167747194691,0.08306915716807933,1.3915377,1.8125412,3.7252421,2.4163112914976637e-06,-0.002252014913783018,0.0008126870366180761
12.899000000000001,1.4320769887088445,1.586749316412493,3.674070219053462,0.028564305251847867,0.13580013517292852,0.08257755380253441,1.3896226,1.8144149,3.726668,2.4829199567477644e-06,-0.0023171983318976963,0.0008472647258472854
12.907,1.4323330404966148,1.5879710939384775,3.674811232980555,0.02835814774840957,0.13571529584902808,0.08213861502197878,1.3897532,1.8164238,3.7268884,2.4612723104056045e-06,-0.002369566290083114,0.0008426918284065721
12.917,1.4326153347634543,1.5893277332420146,3.6756297231010255,0.028123202045360535,0.13562248136441976,0.08160374480127222,1.3920907,1.8182997,3.7288063,2.319803898309658e-06,-0.0024323854865073713,0.000790611760380866
12.928,1.432895246779186,1.5906834753648662,3.676442626059917,0.027882315092628018,0.13553604524614302,0.08103802165881008,1.3929462,1.8193378,3.7305233,2.013287444313505e-06,-0.002496761675138792,0.0006753679509348132
12.938,1.433200329173569,1.592173864022601,3.677330559327841,0.02781496568274608,0.13549897104181804,0.08032164283608897,1.3951206,1.8208022,3.7314823,1.6260759512221057e-06,-0.0025464273832307427,0.0005311176863740386
12.948,1.4334476970025827,1.5933926674649328,3.6780527427633873,0.027384398896605624,0.13539948326813642,0.08007015870087414,1.3952308,1.8233504,3.7323623,1.1920566302947577e-06,-0.00258312669103411,0.0003712472560430946
12.959,1.4337472458071443,1.5948817490043763,3.6789307937137505,0.027311006411631988,0.1353697322503422,0.07951078956468535,1.3949727,1.8246188,3.7325463,7.251420068854486e-07,-0.002604270495581318,0.00020031089205874153
12.97,1.4339900284572464,1.596099758026087,3.679645351741999,0.026873220289618117,0.1353233943439069,0.07921840347688303,1.3966866,1.8286587,3.7343817,2.9613504981540473e-07,-0.002606064967074495,4.256783028999678e-05
12.978,1.4342573491870225,1.5974528900502283,3.6804351336231247,0.02661664722908922,0.13530687046248582,0.07878697322995089,1.397821,1.8286927,3.7335594,1.1727096627112132e-08,-0.0025987484029261765,-6.304903962917052e-05
12.987,1.4345484431511182,1.598941232231317,3.681299307998731,0.02653799626216586,0.13529041415580226,0.07832443157975255,1.3988787,1.8296218,3.7355232,-3.060007687238908e-07,-0.0025841843721252644,-0.00018263345963021038
12.998,1.4348104000516892,1.600294317617875,3.68208064454926,0.026281445848088534,0.135290515589776,0.07790913858960874,1.4001095,1.831516,3.7353754,-7.102807741965478e-07,-0.0025578519113320652,-0.00033763328420910454
13.009,1.4350698341939945,1.6016475882492605,3.6828575678542097,0.026026892896585455,0.13530428241406067,0.07749033686387903,1.4013767,1.8327233,3.7346792,-1.115561770070883e-06,-0.0025219283091919564,-0.0004964957542812343
13.019,1.4353267759586952,1.603001184462221,3.683629983377548,0.025775095257514154,0.1353323507107749,0.0770462824748091,1.4018606,1.8351153,3.7371163,-1.4680206223971481e-06,-0.0024802804115156007,-0.0006380921457846966
13.028,1.435581264511665,1.604355245070097,3.6843975494697347,0.02552684897253835,0.13537472116566218,0.07656957242367457,1.4014919,1.8373222,3.7389011,-1.7620140408958207e-06,-0.0024347593685187796,-0.0007593974029527217
13.037,1.4358333472608722,1.6057099033215576,3.6851601904604734,0.025283082987493183,0.1354307785965526,0.07610880318335864,1.4020829,1.8397099,3.7397506,-2.034714268628335e-06,-0.0023819737904910987,-0.0008752413822197269
13.048,1.43608307901611,1.607065286428645,3.6859183924889924,0.024869073529160107,0.13557452766064623,0.07564310615199542,1.4008352,1.8399909,3.7379985,-2.362786089449287e-06,-0.0023105597670931566,-0.0010193751767282322
13.058,1.4363305208721766,1.6084215225351157,3.686672797210535,0.02481275430336065,0.13558047639173443,0.0753734199151046,1.4012606,1.8408469,3.7382052,-2.6792896057337146e-06,-0.0022423680406040702,-0.0011633210862056487
13.067,1.4365513150589453,1.6096429780015116,3.6873486263922857,0.02444523800591202,0.13576018625947733,0.07494345009458579,1.4026242,1.8410876,3.7396524,-2.968003284031795e-06,-0.002182235799614851,-0.0012988914263640794
13.078,1.436794587521683,1.6110012208901932,3.688095974179295,0.024231633534150875,0.1358788983909082,0.07456698825140241,1.4028889,1.8427007,3.7400186,-3.291854197229327e-06,-0.0021140637954570884,-0.0014559888247696051
13.088,1.4370597603838464,1.612496752057787,3.688913897525399,0.024156774236009836,0.13590990918777854,0.07434204135231869,1.4028702,1.843229,3.7413876,-3.5199590788792534e-06,-0.0020557768449842584,-0.0015706095782057616
13.099,1.4372748812154759,1.6137216168091892,3.6895798183827853,0.023822041615467412,0.13615397145645144,0.07383501577222411,1.4034446,1.8431486,3.7403784,-3.6771708198379827e-06,-0.001992724629054088,-0.0016527544929640925
13.109,1.4375120176266591,1.6150839756258168,3.6903159246180572,0.023625804126751724,0.13630362383631695,0.0734224581894443,1.4017833,1.8415123,3.7410443,-3.732463746963788e-06,-0.0019346221702427613,-0.0016834498208595505
13.117,1.4377472232819553,1.6164478493274825,3.6910477050558264,0.023435335738241945,0.13645596759511497,0.0729743555256109,1.4015298,1.8419441,3.7428582,-3.713974244146101e-06,-0.0018868186965610434,-0.0016745156783777304
13.127,1.4379805561581396,1.6178132401820573,3.6917750974057495,0.02325066445751382,0.1366063941553328,0.07255108382230804,1.4017175,1.8427447,3.742309,-3.5974185323972563e-06,-0.0018274868512033748,-0.001610537886428176
13.137,1.438212073880892,1.619180097439772,3.6924983517188164,0.023071693337832277,0.13674896196176817,0.07213996652939383,1.398631,1.843755,3.743121,-3.3698483581368066e-06,-0.0017721596142168394,-0.0014800187681380805
13.147,1.4384418313548049,1.620548306895699,3.693217498938188,0.022897982883827835,0.1368772557398895,0.07173686247386298,1.399042,1.844646,3.744074,-3.0497531158246716e-06,-0.0017231998673077342,-0.0012897611360020989
13.157,1.4386698769943003,1.6219176951094039,3.6939329201827222,0.02272871645264683,0.13698593639561552,0.07139249010862189,1.397899,1.8457268,3.743393,-2.673607353287366e-06,-0.0016855050958906048,-0.001059400863859139
13.168,1.4388962491197956,1.623288045537634,3.6946451589526985,0.022562748926385368,0.13707162425722283,0.07108761177201357,1.3989766,1.8463578,3.7456849,-2.2382710129775774e-06,-0.0016597056172371616,-0.0007873528254336293
13.178,1.4391433565514848,1.624796257893454,3.695424997074669,0.022382530957550193,0.13713795150457328,0.07072811989361985,1.3994323,1.8482417,3.746233,-1.8509434029923e-06,-0.0016500108274195568,-0.0005433768383245052
13.188,1.4393662848630524,1.6261678518374332,3.696130518064218,0.022335398980479048,0.1371483554836944,0.0704247008986968,1.3988769,1.8481835,3.7460666,-1.483915286648596e-06,-0.0016488063692570165,-0.00031281876163014033
13.199,1.4395655265338119,1.6274024914841927,3.6967628877249394,0.0220727495679366,0.13718658674853795,0.07014216836469625,1.3987328,1.8494059,3.7446625,-1.1149004532917672e-06,-0.0016496639176661887,-8.247955071194468e-05
13.207,1.4398072508139348,1.6289115280726876,3.6975322924621397,0.022008339018334315,0.13718413946532373,0.06972924736856816,1.3977509,1.8513813,3.7447834,-8.6609252658576e-07,-0.0016488567934023202,7.210437109428369e-05
13.217,1.4400035593184584,1.6301460532999388,3.698158457319809,0.02174699374982783,0.13715855050021286,0.06940817975337042,1.3979714,1.8538048,3.7471862,-5.70688156731336e-07,-0.0016453393566351338,0.00025535636215945345
13.227,1.4402201363611937,1.6315174275574515,3.6988500970897658,0.02158471749587109,0.13711758911088953,0.06896474146163718,1.397876,1.8550571,3.7472682,-2.9632126974377115e-07,-0.0016407486603586818,0.000425887911224887
13.24,1.4404350930174379,1.6328883017451592,3.6995373798183104,0.021422869756240633,0.13706045896060062,0.06853320453732017,1.3962116,1.857329,3.746523,6.48457287866222e-09,-0.0016362427981237992,0.0006150272672678092
13.248,1.4406696785816746,1.6343955075753618,3.7002882908630665,0.021356351641745236,0.1370283708877827,0.0679102168061375,1.3974066,1.8587804,3.7482586,1.570775429726723e-07,-0.001635405320788763,0.0007095768870457597
13.257,1.4408601595813182,1.635627974853438,3.700898608719116,0.021099983889378178,0.13690697548423444,0.06763168216294675,1.396409,1.8590261,3.7487297,2.9011534863343513e-07,-0.0016382725836194822,0.0007935430059089477
13.267,1.4410911920446645,1.6371333570097755,3.7016395517934404,0.02103225303083198,0.1368638252559095,0.06698318404160035,1.3952614,1.8594413,3.749865,3.91766798557569e-07,-0.0016464231229615933,0.0008582494690263509
13.278,1.4412787576553487,1.6383641831567095,3.7022419060593226,0.020775397128659886,0.13671936481367924,0.06677193984743822,1.3963019,1.860301,3.7522397,4.698401951941378e-07,-0.001661637092110091,0.0009083877135140916
13.289,1.4415062036786113,1.6398674319260682,3.7029741255651802,0.020594489544291182,0.13660784980038496,0.06640489461487362,1.395258,1.8610318,3.7533493,5.543730843271533e-07,-0.0016844177124610837,0.0009616554000713151
13.297,1.4417112334648672,1.6412329285017746,3.7036366100776013,0.020427750800499647,0.1365011513458302,0.0661248693604289,1.3960946,1.8639327,3.7562008,6.42266559047755e-07,-0.0017040705623632135,0.001015178500580305
13.31,1.4419145823749424,1.6425973204653308,3.7042964463399852,0.020258504183334653,0.13638720894303946,0.0658847278990118,1.3953424,1.8645636,3.7572207,8.48380478757349e-07,-0.0017383651301319247,0.0011365352865175815
13.317,1.442096137099479,1.6438242578989388,3.7048887591621806,0.02010382097880097,0.1362764955581441,0.06576259856870206,1.3957785,1.8642088,3.757939,9.770929167984832e-07,-0.0017563681916543672,0.0012105164848481564
13.327,1.4422962186660369,1.6451863006523302,3.7055458581359253,0.019929522147501152,0.13614362546932687,0.06566874397744979,1.3965698,1.8663558,3.7571564,1.1644465462978815e-06,-0.0017806021957555984,0.0013164389462714254
13.337,1.442494544223246,1.6465469575992466,3.706202109383615,0.019752881117012986,0.1360003695448665,0.06559356097004972,1.3957884,1.8671368,3.7606654,1.355636712219166e-06,-0.001802606249364569,0.0014227727365749843
13.349,1.4427106478862723,1.6480419556287003,3.7069231818183916,0.01955619252346465,0.13583081764399277,0.06552154128154403,1.3949975,1.8690028,3.7628772,1.5802214896609712e-06,-0.0018244245617000665,0.0015458853477658963
13.36,1.4429052174318164,1.649399366428734,3.707578256714067,0.019495527794633725,0.13577167390708858,0.06525179307422113,1.396484,1.8686216,3.7619953,1.7715972493448362e-06,-0.00184125451083883,0.0016496731664230602
13.371,1.4430979710545098,1.6507550794061434,3.708233648283352,0.01919318650115636,0.13549232748699325,0.0655750522681042,1.3964485,1.8694606,3.7616236,1.94300940670189e-06,-0.0018583934663345403,0.001741904218357515
13.381,1.443288892683014,1.6521090071671283,3.7088900038334423,0.019009266670110558,0.13531012142541202,0.06569092380631986,1.3968009,1.8683338,3.7624755,2.0977430228441563e-06,-0.001873677454640621,0.001824441513733177
13.387,1.4434779667707887,1.6534610685770954,3.709547566124879,0.018823860890383636,0.13511981359285316,0.06580792359972643,1.39527,1.8691018,3.7630608,2.1986240721361128e-06,-0.0018820561960710691,0.0018778785220527894
13.399000000000001,1.4436465420238038,1.6546762577528336,3.710140490617259,0.01865580834205714,0.13494079564056463,0.06594285931283406,1.393417,1.8692769,3.7655218,2.446816360190951e-06,-0.0018964459494785757,0.002008411312927283
13.407,1.4438320680102585,1.6560245235576758,3.710800778529382,0.018467982308863925,0.13473123295303796,0.06610212759130318,1.3930944,1.8692849,3.7653825,2.662349668725028e-06,-0.001906008407212223,0.0021210576521206725
13.418,1.4440157086889902,1.6573706171170082,3.7114629390975535,0.018278821870512916,0.1345072112577842,0.06631404349004963,1.3928324,1.8707731,3.765672,3.0335369043399396e-06,-0.0019247401354141047,0.0023135978309114513
13.427,1.4441974483515685,1.6587143750054048,3.7121272490246677,0.0180878396645635,0.1342653243346802,0.06652632261113159,1.391731,1.8694557,3.7669299,3.400903343830919e-06,-0.001948006157574067,0.002501674089000705
13.437,1.4443951383735332,1.660189575371294,3.7128605790150715,0.0180064702892697,0.13415517454813217,0.06638237222280086,1.3908703,1.8702958,3.7672904,3.8592525175573655e-06,-0.0019829949490262067,0.002731903953908432
13.448,1.4445727996281956,1.6615277585886217,3.7135295531875894,0.01767678068887906,0.13368662114728533,0.06699322169401038,1.3910745,1.8713543,3.7686038,4.415916730060587e-06,-0.0020325791190884956,0.0030040243924700505
13.458,1.4447484581539138,1.6628629246293685,3.714200666373523,0.017474316033218727,0.13337371795943803,0.06721168793005636,1.39335,1.8750647,3.7683125,4.9595166027316395e-06,-0.002086912938760399,0.003261360234335875
13.468,1.4449047957041141,1.664061786644579,3.7148067073105118,0.017287344796722042,0.13307036025434654,0.06744949164967039,1.3938181,1.874036,3.7689052,5.513672139301207e-06,-0.0021463182758085786,0.0035149428284468875
13.479,1.4450764999087542,1.6653905261006898,3.715483145480095,0.017073881745800188,0.13270973608744152,0.06780787109314497,1.394594,1.8761367,3.7690299,6.064216026224756e-06,-0.002207904140731465,0.003757933229388666
13.489,1.445246039220136,1.6667155390440116,3.716163147937134,0.01685506453953404,0.13232788629017264,0.0681503643727031,1.394535,1.8778878,3.7675972,6.4797688850148916e-06,-0.0022528183349104225,0.0039359499719195945
13.497,1.4454133662907611,1.668036636513624,3.7168462388679515,0.016632075432862607,0.13192903863994027,0.06842692586856368,1.395999,1.8795621,3.7679787,6.746266942414536e-06,-0.0022786673241830258,0.0040480564427576304
13.507,1.4455948308729918,1.6694851477209514,3.717600242347673,0.016540928537420497,0.1317586953446221,0.06804776291023648,1.396182,1.8793567,3.7691534,6.988509349881156e-06,-0.0022982252797918434,0.004148693855889896
13.518,1.4457412619688945,1.6706665415765973,3.718218479474659,0.016179191056806694,0.13109742579091502,0.06874133739718034,1.3973719,1.8810724,3.770081,7.132869688675214e-06,-0.0023041026767334216,0.004207654163172148
13.527,1.4459018026009482,1.6719751827303004,3.7189066737908596,0.015951725934085188,0.13067278493879045,0.06888478424198302,1.399504,1.8803036,3.7677648,7.184706430685139e-06,-0.0022989324414410817,0.004228133618023211
13.538,1.446060072127556,1.6732795659206299,3.7195962574196013,0.015725054852227565,0.1302463483049062,0.06901640735413903,1.3988405,1.8807887,3.7683718,7.209102352412344e-06,-0.0022821193173663268,0.004236843472661622
13.548,1.4462160838826539,1.674579681128343,3.7202870283573146,0.01550017037050328,0.12981929839342943,0.0691201138383532,1.3992801,1.883826,3.7682128,7.24253991180035e-06,-0.002255961231854897,0.004249879309865534
13.559,1.4463851177180276,1.6760048679585156,3.7210477216346813,0.015409966262893635,0.12964233876005818,0.06858590956391489,1.3977697,1.8844078,3.768803,7.328182570986996e-06,-0.0022180225877734827,0.004286336323793716
13.568999999999999,1.4465214379433613,1.6771670594225991,3.7216703035681165,0.015059627850361442,0.12895946615047818,0.06917082517203715,1.3967849,1.8859521,3.7699244,7.428120520458492e-06,-0.002179160528091195,0.004330322971316747
13.578,1.4466708506866204,1.6784542619265115,3.7223618444023794,0.014845021959647191,0.1285239004933623,0.06913730637078888,1.3982753,1.8855683,3.7694933,7.511005074789523e-06,-0.002145251646759938,0.004367575678619229
13.59,1.446818137953829,1.6797370871247002,3.7230529591624317,0.014634096318314898,0.12808457533133105,0.06908187651483443,1.4005085,1.8870789,3.7685041,7.580350001035185e-06,-0.0021088069854529046,0.004398983214673358
13.599,1.446963333669449,1.6810155059932248,3.723743136261589,0.014426270590673813,0.1276431037127163,0.06895788274821384,1.4003539,1.8875682,3.7675958,7.603470248973565e-06,-0.002087907315260651,0.0044090617831193946
13.609,1.4471064645665384,1.6822895039673902,3.724431919777658,0.01422082734242398,0.12720069076106305,0.0688066206988234,1.4001324,1.8862238,3.7673697,0.0,0.0,0.0
13.62,1.4472475541139924,1.6835590792542992,3.7251187966627364,0.014017810594539958,0.12675872166805827,0.06857847360054882,1.4025817,1.8874412,3.7675319,7.593459054433538e-06,-0.0020351633799848834,0.004400611881875349
13.627,1.447400426120718,1.684950513507491,3.7258714108334448,0.013935156859549146,0.12657269796258502,0.06769564490373257,1.400878,1.8879473,3.7677672,7.5981803586699925e-06,-0.0020119221536232246,0.0044012056747564365
13.637,1.4475237187979708,1.686084991151124,3.726484454195166,0.013620836209102176,0.1258765751265201,0.06797277526076245,1.4000182,1.887921,3.7660573,7.640798726171738e-06,-0.0019710084189892285,0.004419757831851001
13.648,1.4476722749062527,1.6874667120623972,3.727229410849265,0.013539485776893635,0.12568850999826645,0.06691751355536177,1.4017957,1.8884847,3.7679882,7.737482444980515e-06,-0.0019166918950928036,0.004466319200773672
13.657,1.4478053387540444,1.6887181446720578,3.727901763034089,0.013222774559700778,0.12494130256201572,0.06700615778419035,1.4025147,1.890333,3.7691996,7.851969798799985e-06,-0.001869305291248402,0.004524631814497582
13.667,1.4479235226212896,1.6898405777954861,3.728502400075227,0.013059171963882022,0.12453263987238078,0.06652697437043954,1.400664,1.8919351,3.7691238,8.00495877939511e-06,-0.0018156105070019635,0.0046059637107940254
13.678,1.4480531374565924,1.691083370672391,3.7291649222204897,0.01288235306073058,0.12407074818210559,0.06603337533455723,1.3992049,1.8936193,3.7694964,8.165942801952042e-06,-0.00175487773415961,0.004694973284186332
13.689,1.4481810135810131,1.692321501555694,3.729822606020411,0.012710899125018544,0.12360129166306415,0.06554989386974135,1.4001653,1.8959737,3.769651,8.274122530238515e-06,-0.001696971661462321,0.00475680220821717
13.699,1.4483072037202243,1.693554907722379,3.7304753606212357,0.012544559948614734,0.12312687033643008,0.06504410291381545,1.4019163,1.8960587,3.7714508,8.301626563067543e-06,-0.0016522599393815618,0.004772099387161166
13.707,1.4484317553385448,1.6947835605027117,3.731122846832824,0.012382615751964178,0.12265144610708231,0.064500304789164,1.4007571,1.8980091,3.7724063,8.266522131705756e-06,-0.0016223336935459187,0.004749112413004131
13.718,1.4485669163490174,1.6961296071061127,3.731828831262857,0.012208602916911946,0.12213266457895752,0.06391541851129627,1.402837,1.9012821,3.7714372,8.14495821899186e-06,-0.0015849144666502113,0.00466971646305625
13.727,1.4486760948440216,1.6972267087121147,3.7324016797833703,0.012069207961538871,0.12171536552988557,0.06344020946785746,1.4034998,1.905476,3.770844,7.995976613273115e-06,-0.0015542307779354836,0.004570542729676497
13.738,1.4488078525314985,1.6985625801270854,3.7330960651526683,0.011902606236643347,0.1212182496357617,0.06286531694629816,1.4027703,1.9046129,3.7714877,7.753869462945318e-06,-0.0015113350225339772,0.004405329150591442
13.748,1.4489143098513964,1.699651570999427,3.73365946528292,0.011769927388158118,0.12082583101694076,0.06237888575955832,1.4031073,1.9069055,3.773378,7.461548504394955e-06,-0.0014627368757271775,0.00419909895218229
13.757,1.4490312197813902,1.7008575225092102,3.7342801573599727,0.011627207893808193,0.1204099132889348,0.06181785810853614,1.4057024,1.9075778,3.7721684,7.153010630034373e-06,-0.0014114308720718505,0.003972047470454765
13.767,1.4491582099538007,1.7021794322742052,3.7349565429400466,0.011559935021503851,0.12020841318240051,0.0607550519879107,1.408381,1.9100156,3.772959,6.789034944887362e-06,-0.0013480685298552508,0.003689789727790771
13.779,1.4492609104859433,1.7032576239661747,3.735505066118348,0.011359482407065411,0.119656448423046,0.060732173216512454,1.4091038,1.9116852,3.7719235,6.366110332223229e-06,-0.0012609050749308182,0.003336316057315436
13.789,1.4493738201297957,1.7044523278712533,3.7361093272341077,0.011236087691117154,0.11932249454363142,0.060166576171336764,1.4081261,1.913281,3.7711182,6.048910779377081e-06,-0.001174639025423918,0.003044276595216555
13.797,1.4494855419197235,1.7056438505145581,3.7367074917280774,0.011121280413249805,0.11901724915152641,0.059518361126309975,1.408195,1.9146905,3.7728355,5.823620355727144e-06,-0.001095406444518332,0.0028144771963982684
13.807,1.4495961689247205,1.7068324754903055,3.7372988970533543,0.011016328210824614,0.1187400330218772,0.05883085326522707,1.4065269,1.9146231,3.7740293,5.578350489976458e-06,-0.0009868996938795505,0.0025313369114785544
13.818,1.4497058047509017,1.7080184797130817,3.7378834933127556,0.010922061731306075,0.11849028950670101,0.05816379288508814,1.406651,1.9167213,3.7744877,5.351834374778264e-06,-0.0008633235871959855,0.0022231053984831384
13.828,1.4498145576849235,1.7092021356238147,3.7384617367274315,0.010838630336476468,0.11826756664342304,0.05754881498229513,1.4063832,1.9176629,3.7740133,5.187195547762258e-06,-0.00075663384668756,0.0019541818113597564
13.837,1.4499225334601995,1.710383708560535,3.7390337565922733,0.01076545249666693,0.11807087422029908,0.056910239052996116,1.4060814,1.9199066,3.7737598,5.0676377885139345e-06,-0.0006702046075863777,0.0017247727531497503
13.848,1.450029828761868,1.7115634513739193,3.739599076810127,0.0107014114550201,0.11789884108546675,0.056218847956581774,1.4067006,1.9203252,3.7727692,4.94685706620146e-06,-0.0005789320347928673,0.0014579968310406421
13.858,1.4501365278557123,1.7127416038722247,3.7401573072085648,0.01064521987328588,0.11775034585689595,0.05549172413936961,1.4060743,1.9205656,3.771342,4.850623825269906e-06,-0.0005088911322732592,0.0012210131931960078
13.867,1.450242702720129,1.713918398563257,3.7407080344004937,0.010595730285527597,0.11762490373520575,0.05472333925830859,1.4057332,1.9223297,3.772798,4.772665731067605e-06,-0.0004534448429502902,0.0010123790006422162
13.877,1.4503484156751216,1.7150940627496833,3.7412507797242904,0.010552144061706703,0.1175218321060447,0.053899948416453146,1.4056892,1.9237449,3.7729788,4.697340200365829e-06,-0.00039720652794006384,0.0007929677329232554
13.888,1.450464233139917,1.7163862454763468,3.741837993194914,0.010529448640195187,0.117464797562818,0.05287240137441819,1.4055386,1.9255735,3.7735703,4.6270951639115765e-06,-0.000339644425062513,0.0005700402582009545
13.899000000000001,1.4505586757525546,1.7174428499733567,3.7423105196752005,0.010480786744970183,0.11737705034707084,0.05214677552253235,1.4043983,1.9262155,3.7723112,4.567548898215534e-06,-0.00028488553624850255,0.0003634719675256193
13.909,1.4506737737434094,1.718733690039925,3.742878271661648,0.010449878014032198,0.11732903703043555,0.051165441356116254,1.4052813,1.9282174,3.7708237,4.520832531440533e-06,-0.0002369702713975741,0.0001850107015060054
13.917,1.450767714356859,1.7197895225724467,3.743334655003993,0.010428759326626626,0.11730530337570468,0.0503415448499834,1.4058858,1.9291507,3.7728677,4.48798842533904e-06,-0.00020095782889173464,4.7857541998208575e-05
13.927,1.4508718920008314,1.7209625035837526,3.74383286327669,0.010409388485972072,0.11729464887964872,0.04939025314523567,1.4059362,1.9282844,3.7727125,4.4513767916143365e-06,-0.00015922904066645316,-0.00011899904222723023
13.938,1.4509862907979656,1.722252768567178,3.7443698929377955,0.0103926883552596,0.11730155442230314,0.04835436832649269,1.4053882,1.9304699,3.7719195,4.416414927987944e-06,-0.0001152998122986304,-0.0002978317619586335
13.947,1.4510797717587465,1.723308571656923,3.7448010416899775,0.010382506444884199,0.11732113520750771,0.047545493964658285,1.4060826,1.9291015,3.7746084,4.393276375580513e-06,-7.93428260528195e-05,-0.0004287589122036195
13.957,1.4511835516888183,1.7244819632967017,3.745271387875108,0.010374881175346079,0.11735579640851784,0.046620667735599884,1.4037387,1.927997,3.7736213,4.372488390025353e-06,-3.9500492713173685e-05,-0.0005509198736781684
13.968,1.4512872766217735,1.725655765083825,3.745732884250539,0.010371118662419033,0.11740152463150304,0.04577656527706583,1.4053612,1.9298639,3.773411,4.3532522679967656e-06,3.7324688766382508e-06,-0.000639502143932269
13.978,1.4513909848178228,1.7268300657082614,3.746186246863855,0.010371111031077507,0.11745399251454232,0.04497311912015941,1.406173,1.9308649,3.775797,4.334144206197266e-06,3.852157499961706e-05,-0.0006569435112053768
13.989,1.4514947115355832,1.728004900288683,3.7466314258499214,0.010374405326556554,0.1175072362983724,0.04415021584594391,1.4055833,1.9334495,3.7761843,4.305753371625087e-06,7.129480832279711e-05,-0.0006085074631716481
13.997,1.4515984872711718,1.72918024551731,3.7470687246474896,0.010380580656656051,0.1175558138946839,0.04339782010867975,1.405224,1.9358346,3.7774596,4.279225518821761e-06,9.380260377334082e-05,-0.0005419879411547868
14.007,1.4517127304424708,1.7304736328402082,3.7475418922990924,0.01038595799010188,0.11758010159450571,0.04277976542376569,1.4065452,1.9389687,3.776789,4.240763820106963e-06,0.00012169859870159172,-0.0004487702437145913
14.019,1.4518166991962158,1.7316498065022936,3.7479663863757158,0.010396761966963717,0.11761436596536702,0.04228434822951131,1.4048827,1.9418275,3.777298,4.194933705292669e-06,0.0001546551280680042,-0.0003752287963525447
14.029,1.4519208018051328,1.7328262605321396,3.74838612130003,0.010410255118233026,0.11764152080152625,0.04179620472646675,1.4052023,1.9425291,3.7803462,4.166898622592896e-06,0.00018299324515202997,-0.00038367689195517585
14.039,1.4520250655191451,1.7340029833283168,3.7488007172937414,0.010426541671195916,0.11766749546724134,0.041269474276139195,1.404538,1.9421791,3.7801208,4.155797739713307e-06,0.00021013184024187836,-0.00046952301476110847
14.05,1.4521295172190596,1.735180035635705,3.749210175088673,0.01044556808733786,0.11770005127569057,0.0408166060981731,1.4055747,1.9453185,3.7823646,4.163593615658101e-06,0.00023614356729595443,-0.0006333731130903075
14.059,1.4522341814444908,1.736357544186373,3.749615794166971,0.010467054513872595,0.1177460924903319,0.04051411494174449,1.404396,1.9476969,3.7826293,4.178092291695634e-06,0.0002529901258432332,-0.0007854703187373246
14.07,1.4523285777477686,1.737417824148037,3.749978270528763,0.010498170420695391,0.11783725945427743,0.040153443953103565,1.4031066,1.9469408,3.7840073,4.197523198357089e-06,0.000269293779142199,-0.0009654022843212928
14.079,1.4524336976520706,1.7385966422128827,3.7503779515430575,0.010523486500320211,0.11792057508984721,0.03981305088050505,1.4036009,1.947904,3.7838697,4.211896495576184e-06,0.0002789129123241807,-0.0011020130025567454
14.088,1.4525496293513982,1.7398944053019478,3.7508138857487423,0.01054179951650657,0.1179819118488062,0.03962993366385756,1.4041984,1.9462266,3.7839622,4.220383493347413e-06,0.0002833808324900211,-0.0012179012874664608
14.099,1.4526447224526133,1.740957160820722,3.751167978737914,0.010576618291092351,0.11812897980630421,0.03923438287629735,1.4041214,1.9473387,3.7834668,4.215731637557951e-06,0.0002813866242066254,-0.0013220384386603001
14.108,1.4527506353098847,1.7421390980556961,3.7515590502638663,0.010603225525955133,0.11824753469090529,0.03900522174207165,1.4048876,1.9489224,3.7834578,4.198453659398638e-06,0.0002770258883768584,-0.0013446251057986913
14.117,1.4528568114448237,1.743322239176164,3.7519476931740683,0.010629290300909167,0.11836846451093047,0.038747499300933345,1.4050126,1.9493222,3.783323,4.16520764723316e-06,0.00027108682891441305,-0.0013208451865276416
14.128,1.4529632447609775,1.744506574225253,3.7523338474193926,0.010654734558486695,0.1184857913318665,0.038510957934197176,1.406301,1.9505187,3.7848732,4.110584105987414e-06,0.0002655192639995363,-0.0012375215658533278
14.137,1.4530699298949636,1.7456920409789018,3.752717690763735,0.010679745653757884,0.11859502757304718,0.038280115406873816,1.405688,1.9510494,3.7838953,4.059121319954784e-06,0.0002640884787625808,-0.001141308577991218
14.148,1.4531875716882496,1.7469972452013307,3.7531374111650617,0.01069750244362815,0.1186632794425744,0.03818022337973494,1.4052681,1.9536494,3.7841122,3.9925689367947825e-06,0.00026818715076526445,-0.0010094049689426399
14.157,1.453294783481875,1.7481847525479484,3.753516757842384,0.01072275124255592,0.11875357630450081,0.03795178973516794,1.4041616,1.9527221,3.7847517,3.937604787118687e-06,0.00027597886532682026,-0.0009026503647753259
14.169,1.4533914960054828,1.7492541901262748,3.753856422262209,0.01075645037019808,0.11885566363095633,0.03765912318695114,1.4041145,1.9545512,3.7825878,3.868674491869228e-06,0.00028812842489145396,-0.0007828131255607218
14.179,1.4534992098444304,1.7504431165446193,3.7542319246114855,0.010783728085923807,0.11892160075307333,0.03745907532093924,1.4035287,1.9538962,3.7819543,3.814803374524445e-06,0.0002943916746236397,-0.0006998318898556732
14.187,1.453607199989773,1.7516326568055682,3.754605138638245,0.01081155746642914,0.11897941038688004,0.03720020404412862,1.4050083,1.9562925,3.7830257,3.7731307962474148e-06,0.0002943139639470793,-0.0006392501315177768
14.197,1.45371546825824,1.752822733937517,3.7549755853933764,0.010839233609836603,0.11902973774835593,0.03691428783578642,1.4051675,1.9561415,3.7842631,3.7205888254732145e-06,0.0002864288651309721,-0.0005605509189434699
14.207,1.4538240086333736,1.754013271593315,3.755343054841856,0.0108659590207059,0.11907219633304321,0.03660915678608067,1.4046023,1.9585651,3.7849503,3.667474920199254e-06,0.00027237893882992026,-0.0004745861608785873
14.217,1.453943702270497,1.75532329584218,3.7557438332151105,0.010884746688634919,0.11909473986364436,0.036344263155783325,1.4047743,1.9599568,3.7831404,3.6134777268159723e-06,0.00025628526127885465,-0.00037683428685042486
14.227,1.4540418527833219,1.7563953873365805,3.7560692803164635,0.010914964276914435,0.11913001543598711,0.036052659386166,1.4020582,1.9633578,3.7819836,3.56047926963754e-06,0.000240531098877117,-0.00027337749183864446
14.237,1.4541511257310769,1.757586772610476,3.7564282522595938,0.010937164126529831,0.11914402561598943,0.035774672691566305,1.4018211,1.9627322,3.7824442,3.5112755263355666e-06,0.00022528111477360113,-0.00017741401074733432
14.248,1.454260612296463,1.7587782478440828,3.756784535660841,0.010957793737923193,0.11914926692057007,0.03550156010811121,1.4016398,1.9646763,3.784811,3.465758242171546e-06,0.00020315859515473988,-0.00010456860560381642
14.259,1.4543702940521275,1.759969740710918,3.757137850589281,0.01097628891606473,0.11914865016812112,0.03518906007213512,1.4016416,1.9638042,3.7839983,3.4278508671548025e-06,0.00017038806580416122,-6.66988465791718e-05
14.268,1.4544911381156476,1.7612803525705312,3.7575228482406406,0.010988528710417429,0.11914243082291898,0.03485957281421744,1.4020451,1.9674485,3.7855878,3.399725272856813e-06,0.00013500915009156955,-5.341191572227899e-05
14.277,1.4545901300130708,1.7623526291794198,3.75783542236012,0.0110033582448047,0.11913964588636608,0.034641180290738795,1.4024055,1.9667779,3.786427,3.371502037552432e-06,9.349253045387584e-05,-4.02266843995136e-05
14.288,1.454700205985519,1.7635439896958052,3.758180676168136,0.011010341616590076,0.11913281834323163,0.03443296055293648,1.4031559,1.9660608,3.7856178,3.3371807335313974e-06,3.861529845483602e-05,-1.6017782360933097e-05
14.299,1.4548213373615972,1.7648543923832707,3.7585581888829904,0.01101238539720169,0.1191225649177146,0.03422885357058142,1.4035666,1.9671515,3.7852316,3.3049143999264174e-06,-1.4925638192497814e-05,2.4114820621701227e-05
14.308,1.4549204387306296,1.7659264390409646,3.7588654769692935,0.011009830900238797,0.11911065464646584,0.03407224189100641,1.4015073,1.9691194,3.785884,3.2823203266474366e-06,-5.3836097721582377e-05,8.246867666850122e-05
14.318,1.4550305029873254,1.7671174442252393,3.759205042330627,0.011003069157250862,0.11909097543573006,0.03386043388623579,1.4033644,1.9718902,3.7856765,3.26384041748895e-06,-9.051985006269803e-05,0.0001782350682684175
14.327,1.4551404798122278,1.7683082013349094,3.7595425891681074,0.010992775821103966,0.11906159229205565,0.03367614900336198,1.401729,1.9704827,3.7862418,3.253180768325592e-06,-0.00012054528641147755,0.00028138753681794526
14.338,1.455261313483521,1.7696176195836373,3.759912216663695,0.010983105540564558,0.11902910661785163,0.03349318466926676,1.4010726,1.9713888,3.7861967,3.2437193420165045e-06,-0.00015533188707506085,0.00040241704143406665
14.349,1.4553600394260469,1.770688540485899,3.760213415688441,0.010962633739817642,0.11896990833644726,0.033404206753163926,1.4006402,1.9727026,3.7847722,3.233437372074377e-06,-0.00019149219124559025,0.0005107562699291357
14.357,1.4554804999079263,1.771996816237299,3.760579699326353,0.010948169896868845,0.1189217495891514,0.03313138761646612,1.4017032,1.9750811,3.7863083,3.2255824500282415e-06,-0.00022142781701894876,0.0005849684542638123
14.368,1.4555788604152577,1.7730666303487548,3.7608774907504996,0.010919141014272422,0.11883962834235444,0.03299818334272408,1.4019171,1.9761715,3.7852123,3.2149658917290935e-06,-0.00026960743334836224,0.0006799687677681021
14.379,1.4556879015840343,1.7742546049055392,3.7612062587169786,0.010891127073953968,0.11876183448461396,0.03277452785591651,1.4026322,1.9778243,3.7858322,3.2022618094984523e-06,-0.00032349837898237865,0.0007553211901520918
14.389,1.4557966364485684,1.7754417643452627,3.7615326366921433,0.010858317607847131,0.11867758022100187,0.032522514605694254,1.4021269,1.9791824,3.7844112,3.1860381932702353e-06,-0.0003737748920009665,0.0008019481131111839
14.398,1.455905016252835,1.7766280551223896,3.761856455963751,0.010820619509334044,0.11858888274182323,0.03226465761160413,1.4025172,1.9797556,3.7846382,3.165833946994212e-06,-0.00041686093872561614,0.0008262109623418112
14.408,1.4560237672299088,1.7779319327321936,3.7622093819191007,0.010788608136580008,0.11851519044327931,0.03182050833128326,1.4039811,1.9835048,3.7840292,3.1357808962795275e-06,-0.00046069979910612346,0.0008350319267687034
14.417,1.4561312509125017,1.7791163144190356,3.762526840151625,0.010742810105161493,0.11842311821851542,0.03150153250501997,1.405073,1.9839921,3.7847846,3.1021430020317098e-06,-0.0004959365999024357,0.0008298604165348777
14.427,1.456238245016694,1.7802997839292694,3.762841153015918,0.010676400666088156,0.1183064113406343,0.03128543527044353,1.4047999,1.9848608,3.784493,3.0531344465956067e-06,-0.0005282859986843746,0.0008025669252891277
14.437,1.4563340944413905,1.7813641464318055,3.7631212050638285,0.010628475611262993,0.11822793119002517,0.030979391542830633,1.4045151,1.9867265,3.7846231,2.990158918692032e-06,-0.0005511131853630502,0.0007508071153612406
14.447,1.4564400773558377,1.7825459700701742,3.763429103092054,0.010573363144412502,0.11814603605547015,0.030635536503720428,1.4036292,1.9852023,3.7849493,2.9173804714233142e-06,-0.0005650801608432232,0.0006823317174520227
14.457,1.4565560133166724,1.7838450761267026,3.763763890270244,0.010511349812434624,0.11806400568764044,0.030281892516238293,1.4058117,1.9868476,3.7858062,2.8401278857614898e-06,-0.0005738809607587214,0.0006060510247865025
14.468,1.456660812409276,1.7850253416961064,3.7640653203084025,0.01047181613204458,0.118013336888572,0.029960326214098963,1.405816,1.988325,3.7856054,2.7657423933291625e-06,-0.0005834884855770994,0.000540486563031628
14.479,1.456765033919487,1.7862049656938839,3.764364176239851,0.01039591594184023,0.11793472167247955,0.029761188311840193,1.4062115,1.9872715,3.7856364,2.7132670652463275e-06,-0.0005930543835761526,0.000511662145859848
14.49,1.4568686695184634,1.7873839816570707,3.764660113025557,0.010336977871853961,0.11787457887032884,0.029451273988060016,1.4067533,1.9893069,3.785535,2.6829973673869745e-06,-0.0006005859213149556,0.0005183671082278352
14.497,1.4569717121074295,1.788562393753129,3.7649528347860173,0.010277412692703979,0.11781354182853561,0.02912493684628733,1.4071642,1.9895276,3.7864952,2.6767453142895192e-06,-0.0006036285343125058,0.0005430439103046858
14.507,1.4570639393258633,1.7896224273668526,3.7652135451753757,0.010223489480305116,0.11775524718792746,0.028845024161334963,1.4061252,1.9922135,3.7855506,2.683286596472101e-06,-0.0006047040052967745,0.000602285423378035
14.517,1.457165844578399,1.7907995963347347,3.765500375028357,0.010163585948139249,0.11768443637516135,0.028558291475994476,1.4083619,1.9925772,3.7861352,2.7005926925838253e-06,-0.0006012418020442389,0.0006781583172505989
14.527,1.457267152658516,1.7919760162774807,3.7657846429158846,0.010104072886781574,0.11760616905405213,0.028319708979190165,1.4090395,1.9918973,3.7873304,2.715487187998633e-06,-0.0005950505111247395,0.0007499589627784076
14.537,1.4573678691763028,1.7931516159685956,3.7660664454078576,0.010045252965031068,0.11752130124336457,0.028064584307723937,1.4089056,1.992239,3.7861195,2.7205637369576152e-06,-0.0005852355776769791,0.0008053476826104244
14.549,1.4574779849159838,1.7944437598046548,3.766373579418126,0.009997983132702929,0.11744553780407775,0.02769888206338861,1.4099288,1.9941511,3.7859142,2.7209061883581853e-06,-0.0005653466760726644,0.000862133897261419
14.559,1.4575774947061388,1.7956174608265698,3.766650304094151,0.009941453207280957,0.11735158280810182,0.027448969900307135,1.4083087,1.9956297,3.7871175,2.7252466328064884e-06,-0.0005421722953995456,0.0009177508395810108
14.568999999999999,1.457666586529147,1.7966729543108921,3.7668970505505626,0.009877842666951521,0.11723647757562988,0.027298811054839955,1.4091259,1.9969888,3.787525,2.7339010557625443e-06,-0.0005139927931852029,0.000984058677076849
14.579,1.457774904403918,1.7979618570689349,3.7671955523561476,0.009821968006865977,0.11711881341295738,0.02700681601858944,1.4096075,1.9996314,3.7892892,2.742067926497782e-06,-0.00048479130864276243,0.0010537282739120357
14.587,1.457872858751978,1.7991324232660972,3.7674642706037655,0.00977413595813019,0.11700474166878079,0.02677098173035489,1.4101496,2.0023375,3.7892199,2.745028703898811e-06,-0.0004625788136296549,0.0011051517611293526
14.597,1.4579606204880309,1.8001849302063095,3.7677044676050113,0.009733347247982391,0.11689700270515747,0.026631029126484327,1.4105418,2.0005014,3.7900438,2.737985390410813e-06,-0.0004362062741578576,0.0011482592449802986
14.607,1.4580577158801373,1.8013532260954266,3.7679702026825783,0.009690441901125668,0.11677424326756378,0.0265280226757383,1.4108695,2.0023282,3.792458,2.713256440856071e-06,-0.0004100397458675076,0.001149886277366896
14.618,1.4581543962864552,1.8025202952883908,3.768235184188785,0.00965010720190772,0.11665220540347161,0.026485583058418503,1.4116157,2.0022368,3.791592,2.6730033955146837e-06,-0.0003793796348419143,0.0011141473549827197
14.629,1.4582506883107647,1.8036861615053654,3.7685001310038877,0.009612534389686692,0.11653357738368034,0.02651124950929877,1.412526,2.0043354,3.7911105,2.6317911814288664e-06,-0.00034496972361353073,0.0010670463542523656
14.638,1.4583561961078582,1.804967271821562,3.768792175917611,0.009583579922721895,0.11643540860724048,0.02645892611935365,1.411963,2.0062866,3.7907069,2.6041911276308838e-06,-0.0003129587258503541,0.0010395423076206
14.647,1.45844222868334,1.8060144380537435,3.769031571081717,0.009547134727150679,0.11630725276070393,0.02660786503180772,1.4122617,2.006179,3.7915542,2.5830703904716756e-06,-0.0002769340278687693,0.0010287825245285376
14.66,1.458537548564035,1.8071769009800314,3.769297679799587,0.009520229410060598,0.1161964759489603,0.0266066755186188,1.4119074,2.0077293,3.792115,2.557046984819067e-06,-0.00021948618532441344,0.001027615424420425
14.669,1.4586326231986213,1.8083382570993103,3.769563541462972,0.009497690978565159,0.11608577969507233,0.026566154311499095,1.4133171,2.0077062,3.792031,2.5400741492376255e-06,-0.0001778625661637001,0.001032435518901309
14.679,1.4587274972717785,1.8094985039263425,3.769828965255162,0.009479671813537227,0.1159745965195633,0.02652190388046745,1.4146378,2.0081413,3.7921329,2.5210258876029457e-06,-0.00013223878080026452,0.0010399378746943633
14.688,1.4588222158141333,1.8106576350606527,3.770093886004504,0.00946612133473063,0.11586267794925562,0.02646854560296749,1.4141184,2.0083616,3.7940326,2.5037827668938917e-06,-9.148564915273383e-05,0.001049971194917898
14.698,1.4589168232932446,1.8118156410203632,3.770358345022047,0.009457034782505666,0.11574956221725635,0.026429681477277513,1.4115405,2.0113316,3.793845,2.484691044912779e-06,-4.379096977036312e-05,0.0010706028193401274
14.708,1.4590113656073012,1.8129725044096263,3.7706226107625604,0.009452671279429486,0.11563414437802678,0.026435387189706127,1.4094055,2.014393,3.7941,2.4644962195452536e-06,6.598149293601807e-06,0.0011065376552150674
14.717,1.459105891331599,1.8141281940337086,3.770887385703042,0.009453214946954712,0.11551502003046113,0.026527684518294428,1.4100903,2.0148578,3.7964587,2.443999623125137e-06,4.9037016814246215e-05,0.0011413452298465465
14.727,1.4592004475383258,1.815282671880947,3.771153606036263,0.009458170946011809,0.11539240014121596,0.026705006472166774,1.4106086,2.0159247,3.79573,2.4204567043994984e-06,8.498010362067987e-05,0.0011584717245631815
14.737,1.4592950719056457,1.8164359161974515,3.7714216392241937,0.009466292899963065,0.11526895600703684,0.02688064161737984,1.4101479,2.017289,3.7961476,2.3995959956835122e-06,0.00010626585456341431,0.0011409662978918433
14.748,1.4593897882699371,1.817587937439156,3.7716913722103707,0.009476178539944443,0.1151480669642291,0.02704952035803356,1.4103124,2.0168216,3.7960877,2.379731265378382e-06,0.00011583166750428475,0.0010781005257429754
14.758,1.4594846078222805,1.8187387780068747,3.7719628457344876,0.009486715072837578,0.11503269505452411,0.027233134960968974,1.4067394,2.0172791,3.79558,2.36628812899653e-06,0.00011535069492474292,0.0010025152801600434
14.77,1.4595795328751215,1.8198885043702926,3.772236475870197,0.009497202531108046,0.11492463451132565,0.027477850516063114,1.4064368,2.0189178,3.7940187,2.350795085703794e-06,0.00011009363551295337,0.0009238734124692449
14.78,1.4596840687098347,1.821152003364237,3.772540429825575,0.009505556435709743,0.11483844613994686,0.02765041148864516,1.4062877,2.0200925,3.7961736,2.3328471536743223e-06,9.761049472611916e-05,0.0008797083452751764
14.787,1.459769682411782,1.8221848914517387,3.772790956534213,0.009516010275073462,0.11472698777000047,0.027892848864422275,1.4062554,2.0215476,3.7983463,2.317804019824621e-06,8.296865036871992e-05,0.0008675505477326872
14.797,1.4598648812652992,1.8233316385223493,3.773070622163754,0.009522659228532456,0.1146319438462395,0.028035664565578104,1.4071074,2.0233629,3.7982454,2.2942728552521885e-06,5.3654012274861884e-05,0.000871110705173983
14.807,1.459960130350081,1.8244774322885138,3.7733520534712044,0.00952622630326632,0.11453616987315397,0.028239262396811585,1.4070933,2.0236783,3.7996886,2.2705849005433265e-06,1.6702993591799498e-05,0.0008846140261007385
14.818999999999999,1.4600553949502668,1.8256222611155708,3.773635778346654,0.009526066326429794,0.11443914237225153,0.02848445436400051,1.407784,2.0244098,3.7995708,2.2430964019548583e-06,-3.105358325949936e-05,0.0008904612268403334
14.827,1.4601506364694747,1.826766117021265,3.7739220356367698,0.009522008997561192,0.11434183841508809,0.02874178727519448,1.4097614,2.0221133,3.8007667,2.22457129517295e-06,-6.149762290963423e-05,0.0008834933428278902
14.838,1.4602553302710204,1.8280232403695513,3.774240003809903,0.00951623928415844,0.11426117171977491,0.028963861421099905,1.4092013,2.021978,3.8016334,2.19865849260259e-06,-9.720670666268916e-05,0.0008684607560356383
14.847,1.4603504052512117,1.8291650752906712,3.7745328438160373,0.009505994608363435,0.11416623485202766,0.029374286550908617,1.4076551,2.0239663,3.8032777,2.1802042704521796e-06,-0.00011686696576118649,0.0008758190635247409
14.859,1.460435870010048,1.830191905045656,3.7748001160800135,0.009490903406651399,0.11405300280388155,0.029876767341891184,1.4066436,2.0240135,3.8021338,2.165141032683948e-06,-0.00012993846030440181,0.0009451216180176303
14.868,1.4605307046088207,1.8313318728235575,3.7751014659735618,0.009477268317274863,0.11394945496534327,0.030348671679816027,1.4082973,2.0255113,3.8030155,2.161020446145301e-06,-0.00013546218066640137,0.0010407984166866946
14.877,1.4606253993609601,1.83247074891426,3.775407554547933,0.009462992993517804,0.11383511272432657,0.030819094659338818,1.4075435,2.0256753,3.802307,2.161815531920297e-06,-0.0001432590527348232,0.0011647563238978975
14.887,1.4607199464934497,1.833608406686485,3.7757183530070533,0.009447754903115052,0.11370680037551642,0.03129061816948205,1.4072627,2.0261745,3.8017373,2.167370448447059e-06,-0.0001571776776225775,0.0013196833299633504
14.899000000000001,1.460823762666498,1.8348582456503302,3.776065373635183,0.009429232682158926,0.11354800816413145,0.031747076719723905,1.4089397,2.0279279,3.801082,2.1790162909596233e-06,-0.0001817089321267673,0.0015070370176051284
14.909,1.4609179521388331,1.8359928567909096,3.7763847185597452,0.009410167930601393,0.11338781043787477,0.0320797015758552,1.4072195,2.0288332,3.8003032,2.191963053732593e-06,-0.00020797053092147522,0.001653201318081443
14.918,1.4610119368990595,1.8371257875825782,3.776707148139844,0.009388505581896576,0.11321361275944071,0.03236606966975048,1.4080065,2.0314682,3.801496,2.2052885286782953e-06,-0.00023569372571330405,0.001779158069800335
14.927,1.4610963260342684,1.838143881707979,3.776999419936364,0.009366694682079674,0.11304664383255848,0.03255621631190651,1.4073504,2.0334563,3.79941,2.21382959608718e-06,-0.0002581222848121456,0.001860524186526824
14.939,1.4611898476229055,1.8392732855467335,3.777326073798836,0.009339857883379491,0.11285230014376962,0.03274968298212842,1.409418,2.034226,3.8015099,2.2164403343793992e-06,-0.0002913110194784352,0.001935834214196408
14.949,1.4612923932445308,1.8405133454215172,3.7776872202872354,0.009307230747175843,0.11263256556790545,0.03288980867634409,1.4094204,2.0357804,3.800475,2.202838989440181e-06,-0.00031841486512895756,0.0019450704589365486
14.959,1.4613760145373613,1.8415261361873745,3.777983767070126,0.009278175292713584,0.11245231533258884,0.0329967596781137,1.4085101,2.0368385,3.8000643,2.1740542806014673e-06,-0.0003418443672482674,0.001911862578940493
14.969,1.4614686086839037,1.842649572352097,3.778314241466399,0.009243768460124091,0.11225545577787842,0.03308458728786732,1.4075489,2.0373354,3.802901,2.131824961892903e-06,-0.0003595691934554779,0.0018479378131126545
14.979,1.4615608489507343,1.8437710732590462,3.7786454253075146,0.009207651550216946,0.11206499395037527,0.033146100385790266,1.4077226,2.0373316,3.8032067,2.0792947275083407e-06,-0.00037359986637319764,0.0017674862450185458
14.989,1.461661886555554,1.8450025763878077,3.779010678175145,0.009179218210574974,0.11192122337036156,0.03306954609269645,1.4062328,2.0386431,3.8028884,2.024385997501099e-06,-0.0003882066088753966,0.001689276461132927
14.998,1.4617442084834957,1.8460085658837275,3.7793107195177282,0.009131147264637929,0.11170710821656939,0.03339760293946197,1.4065019,2.0380456,3.8056765,1.9798457149278192e-06,-0.00040450401951108717,0.0016368041209120499
15.008,1.4618443833040133,1.8472362206630975,3.7796789394137993,0.009086114970476435,0.11152060105406011,0.03353506947820396,1.4050509,2.0390847,3.8043964,1.936803528224118e-06,-0.00043204203579705336,0.0016048934942345383
15.017,1.4619259643672111,1.8482391534701743,3.7799813490508174,0.009046965636017408,0.11137015840390696,0.033653866507245826,1.4030716,2.040115,3.8034098,1.9169040292865702e-06,-0.0004580667614018097,0.0016088119030110981
15.029,1.462025175857717,1.8494631172301916,3.7803523080829975,0.008995419572676765,0.11118496385678382,0.03377875365666147,1.4031991,2.0422843,3.8037002,1.9079528090770737e-06,-0.0005080811127387008,0.001655187412870518
15.038,1.4621059074191265,1.8504630086053409,3.7806567685033756,0.008949388971046078,0.11102964986700223,0.03387032298549778,1.4021887,2.0437577,3.8037605,1.9144049412389563e-06,-0.0005570128486516168,0.001709083486450158
15.048,1.462195096242336,1.851572330035704,3.78099618486614,0.008893014838464646,0.11085147007650319,0.034001666511719306,1.4027824,2.0453115,3.806224,1.9243650157818593e-06,-0.0006224751017689378,0.0017656329330590914
15.059,1.462292509446915,1.8527904891674727,3.781371043225262,0.008823387651294765,0.11064956285935514,0.034138135281167846,1.4025861,2.048651,3.806637,1.921051634212745e-06,-0.0007052752782179539,0.0017987378816393118
15.07,1.4623803584117616,1.8538959620975433,3.7817131437862597,0.00877838133006176,0.1105248910444933,0.03407045019323522,1.4021617,2.0491986,3.8069513,1.8815127136306842e-06,-0.0007935794265980789,0.001781971677278893
15.079,1.4624587793306754,1.8548893022580868,3.7820223314506305,0.008681451878379584,0.11029772701609511,0.03441222065344043,1.4002565,2.048908,3.807027,1.8038344302695464e-06,-0.0008657143024057845,0.0017184851224025799
15.087,1.4625451268111413,1.8559912955028879,3.7823671659643447,0.00859537007482815,0.11012024618311751,0.03454595309313757,1.4008586,2.0495858,3.8071105,0.0,0.0,0.0
15.097,1.462639062736719,1.857201512715899,3.7827484060971432,0.008491773567829975,0.10993842355925411,0.034761560339530324,1.4010018,2.050128,3.8071077,1.52711609402445e-06,-0.0010059957306545186,0.0014888534205561577
15.107,1.462715034983859,1.8581902681659364,3.783062253314528,0.0084001101171645,0.10980201485140159,0.03495841930268375,1.4030652,2.0497456,3.8065674,1.3442020048159975e-06,-0.0010844529244558032,0.0013508359076470633
15.117,1.4628067217967067,1.8593971626384602,3.783448081528818,0.008320219119241285,0.10969333818673511,0.03501985302989393,1.4030963,2.050865,3.806626,1.1778635560233397e-06,-0.001162528522665074,0.0012375786197336147
15.129,1.4628807163855977,1.8603834257224627,3.7837652200432537,0.008174342237907585,0.10953390270689296,0.03528339171297392,1.4017164,2.0514672,3.8048036,1.0424062484304386e-06,-0.0012494313578859106,0.0011607377320692613
15.137,1.4629698241238698,1.8615874824645067,3.784153634319425,0.00808382702637367,0.1094389063441352,0.03517930788829125,1.4015449,2.0531106,3.803458,1.0030254991022503e-06,-0.001301004386073501,0.0011487816234954096
15.148,1.4630415865299082,1.8625715184857277,3.784471275890549,0.00792126020158891,0.10928830031089623,0.03527027412675735,1.4023885,2.055679,3.8041315,1.010179922822374e-06,-0.0013655570690653818,0.0011739234243468566
15.159,1.4631200599697913,1.863663717148269,3.7848235371490966,0.007786037389540247,0.10916329393607245,0.03519086265707222,1.403517,2.055982,3.8030608,1.0533723102668091e-06,-0.001427059117506957,0.0012192750074904168
15.169,1.4631971509929769,1.8647546439036087,3.785175070993956,0.007645362526566397,0.10903438657098928,0.03511278977999089,1.4019161,2.0574589,3.8026476,1.0745988214821978e-06,-0.0014812588299535356,0.001244190915114629
15.177,1.4632728068862282,1.865844267771269,3.7855252617066553,0.007499579076944141,0.1089033739758968,0.034923027571543024,1.4016875,2.0572724,3.8021665,1.0606788691802649e-06,-0.001522419530829211,0.001242248086509079
15.19,1.463346978299449,1.866932583843561,3.785872895132302,0.007348986149896365,0.10877327240489612,0.03461768731218688,1.402537,2.0591242,3.8038068,9.673481411454077e-07,-0.001586890455268275,0.0011940431488581815
15.197,1.4634196178047898,1.8680196185621822,3.7862170836991247,0.007193657827098386,0.10864714412418766,0.03425216605417461,1.4023583,2.0595396,3.8032506,8.897839425259235e-07,-0.0016218746031588793,0.001152267288590636
15.208,1.4634906776347452,1.869105423633892,3.7865574160580984,0.00703352732730468,0.10852696860622997,0.03384720737825486,1.4030132,2.0615184,3.8015778,7.480553732008843e-07,-0.0016769568714858352,0.0010769977181959156
15.219,1.463566961582948,1.8702984666117313,3.7869268524884925,0.006851855590470335,0.10840261966308352,0.03335701085382613,1.4038309,2.0611355,3.8022432,6.00398331940255e-07,-0.0017304188031630474,0.0010009029629287625
15.228,1.463634549170078,1.8713819048180633,3.787257580099842,0.0067396524375941185,0.10832798675472041,0.03271604032974507,1.402828,2.060752,3.8038146,4.822828900685749e-07,-0.0017712329267189908,0.0009416428908992636
15.238,1.4636939059573448,1.8723561219807487,3.787550602961708,0.006525326916607162,0.10820676072751004,0.03234167285219543,1.4046204,2.0616584,3.8047397,3.7098749761099725e-07,-0.0018110715061956384,0.0008877316432163163
15.248,1.4637581851694974,1.873437661918362,3.7878711973980472,0.006347696478548368,0.10811136732778999,0.03183219415799516,1.4035501,2.0595877,3.8043745,3.1108277287472674e-07,-0.001844879698865931,0.0008618896402801113
15.259,1.4638268186273278,1.8746262702583927,3.7882180194914725,0.006206884928366516,0.10803569539231485,0.03117441081215646,1.4054635,2.0605423,3.8041625,3.296233543892413e-07,-0.0018739202505138053,0.000877680729560737
15.269,1.4638813320522521,1.875597920577569,3.7884973841377274,0.005983518375834165,0.10792265184168431,0.030847182974186056,1.4053046,2.0610359,3.8048882,4.5198724407669033e-07,-0.0018935757509241924,0.0009463174164658916
15.28,1.4639459298511692,1.8767844023768983,3.788833334058771,0.005779766982649644,0.10780961525169586,0.030281529439752382,1.4066573,2.0610144,3.8050232,7.063232523307761e-07,-0.0019069663646353874,0.0010826263945098447
15.287,1.4639971094469277,1.8777541802903646,3.789103596631177,0.005612007965592273,0.1077061529757211,0.029830231452752206,1.4045638,2.0613983,3.8050416,9.19563416523772e-07,-0.0019107666770992182,0.001195368392017837
15.297,1.4640522021018247,1.8788305400057703,3.7893992169317356,0.005425192023777392,0.10757593673107216,0.02934514795449457,1.4042557,2.0628197,3.806098,1.2688282104988957e-06,-0.0019095466504821523,0.0013793508539894361
15.307,1.4641054274085874,1.879905497958769,3.7896901019295353,0.005238598214682199,0.10742735790624766,0.0288859988256551,1.4046904,2.062444,3.8070712,1.6405462126556358e-06,-0.0019039459744525367,0.0015756342804928991
15.317,1.4641567894765222,1.880978864796085,3.7899765983549716,0.005052520941176074,0.10725967345997106,0.02845354548549028,1.404867,2.0617812,3.8063278,1.9997417632922065e-06,-0.001898861150329445,0.0017661830279060986
15.329,1.464211142147694,1.882157507726196,3.7902865724528305,0.004848408933835127,0.10705419176790998,0.027948931868936648,1.4045705,2.0629926,3.8049316,2.403460526601009e-06,-0.0018958778511124486,0.0019809476793426484
15.338,1.464258606859708,1.8832269362797627,3.7905635147990533,0.004715029861020512,0.10690678069190962,0.02724712489151765,1.4034784,2.0623667,3.8057654,2.7025814972603257e-06,-0.001895589944499676,0.002139985974171754
15.349,1.4642997412776837,1.8841875936706205,3.7908085288565956,0.004496411598919191,0.10665005002208888,0.027013957346560896,1.4045463,2.0607674,3.8065228,3.075142659625385e-06,-0.0018971688709576995,0.002337610327394213
15.359,1.4643436862887218,1.8852528001639925,3.7910757678930285,0.004311070902411819,0.10641207641254903,0.02649074051829786,1.4046522,2.0629294,3.8060396,3.4369132659861634e-06,-0.001901227486274859,0.002528740213789238
15.368,1.464385775389424,1.8863155244764485,3.7913380722894527,0.004125249169630383,0.10615517874270633,0.02602157946633,1.4056886,2.0645397,3.806253,3.8077901525213065e-06,-0.0019053408213203227,0.002723729555485388
15.377,1.4644260038136805,1.8873755644266177,3.7915957540016274,0.003938997297355902,0.10587687845018169,0.02556542709794353,1.4061303,2.0655508,3.8069916,4.217837668463176e-06,-0.0019076062925185155,0.0029385764466098863
15.387,1.4644681019228623,1.8885382361604857,3.791874309798178,0.003733861132199653,0.10554351388728805,0.025132478500146254,1.4060552,2.0667233,3.8061132,4.678149679193666e-06,-0.0019047439521830967,0.0031796395842071945
15.398,1.464500868975622,1.8894866731745656,3.7920988732978884,0.0035664348282719396,0.10524995542379138,0.024806262631666423,1.4038794,2.0672176,3.805345,5.131216806120165e-06,-0.0018919379330890607,0.0034181878713037683
15.409,1.464535516050058,1.8905372884852945,3.7923448011578746,0.0033817526583825052,0.10490462577010767,0.024409795681569518,1.4034839,2.071977,3.8060267,5.48408127087896e-06,-0.0018696401311366628,0.0036064618841105123
15.417,1.4645683273848056,1.8915843582140603,3.7925865841687334,0.003199142278784885,0.1045431630868766,0.02398841495518797,1.4029382,2.0735931,3.8058257,5.6715480596380985e-06,-0.0018515797271874135,0.003708113651502476
15.427,1.4646023250673925,1.8927318775895423,3.792847861267678,0.0030437761272788543,0.10422058371942733,0.02315503083480077,1.4011261,2.0770202,3.8081524,5.802152591272147e-06,-0.0018326042445924173,0.003780088057967479
15.439,1.464628526429505,1.8936673677608007,3.7930579605950228,0.0028398579198138647,0.10379198082032842,0.023181383308453214,1.4016484,2.079419,3.8082898,5.764578021150157e-06,-0.0018212483295907411,0.00376012778114454
15.447,1.4646585897249704,1.8948065978194872,3.7933102788336024,0.0026853470157054645,0.10346292807461094,0.02234598836500134,1.4026749,2.0789967,3.8080864,5.606052635442893e-06,-0.0018234839640656197,0.003673326171193647
15.457,1.4646815833729279,1.8957353750393275,3.793513039665601,0.0024833626655077438,0.1030535530399124,0.022375505863001414,1.4031427,2.0798542,3.8084269,5.2644360248876865e-06,-0.0018362563289633371,0.0034873402017976396
15.467,1.4647054281849323,1.8967640008032478,3.793735127197338,0.0023032956007515678,0.10270969471478952,0.02208983411462483,1.4023625,2.0816326,3.8086026,4.81112659933558e-06,-0.001853789368973402,0.003243446443872866
15.478,1.4647295652776842,1.8978916782935304,3.7939767396471464,0.002103148836843555,0.10235952871899315,0.021862654181755842,1.4022206,2.082126,3.8102953,4.26880298665111e-06,-0.0018699471380818622,0.002954883262185959
15.487,1.4647495896838731,1.8989136498044958,3.7941941243472073,0.0019199034963666786,0.10206807116028556,0.021633976312540288,1.402249,2.083867,3.809414,3.839064701693928e-06,-0.0018778470637021982,0.002727424091516273
15.497,1.4647660416406418,1.8998310403086434,3.7943877479021966,0.0017544338410909045,0.10182640130043664,0.02141140858453736,1.4022446,2.084321,3.8097124,3.410131187209231e-06,-0.0018807778490361748,0.002500254514242073
15.507,1.4647825746646628,1.9008479234430664,3.7946001840378654,0.0015705964570766505,0.10157834906786131,0.021097187573828162,1.4034203,2.0848167,3.8107944,3.0408453746133546e-06,-0.0018782901436216193,0.0023034792907212776
15.518,1.4647986403448165,1.901963757916778,3.7948299364679428,0.0014075395671095726,0.10137120427794914,0.020489144850564047,1.4023129,2.0861232,3.8100007,2.6971973170475394e-06,-0.0018704082847174064,0.002118305359394057
15.529,1.464810138370271,1.9028747344299517,3.7950147263382044,0.0012046136778959581,0.10113552844348764,0.020391835354700783,1.4041816,2.086098,3.8095431,2.4083811336339522e-06,-0.0018568345279463827,0.001960109153817946
15.538,1.4648211859027962,1.9038849815326198,3.7952167526622715,0.0010232634913256678,0.10093601174152701,0.020046838214687942,1.4062815,2.0858834,3.8093963,2.199501876631871e-06,-0.0018430025015860885,0.0018437521351311048
15.549,1.4648304283216038,1.9048933034523223,3.7954152805419294,0.0008434774672908253,0.10074903479197009,0.019696794275919447,1.4081593,2.0864835,3.807348,1.9739667314055964e-06,-0.001821055631182844,0.001715680336856984
15.557,1.4648385313845316,1.9060003744892413,3.795629781952706,0.0006827891547856305,0.10058788082198519,0.01916898649364227,1.4086943,2.088344,3.8074896,1.8391107499127202e-06,-0.0017977938529365467,0.0016368430709254866
15.568,1.4648435765932233,1.9069046281582576,3.7958022301258865,0.0004910494179214322,0.10040675587916786,0.019016794263363303,1.4081111,2.0917544,3.806106,1.7001660115312234e-06,-0.0017501351626045825,0.0015514240567013893
15.577,1.4648478517461399,1.9080080469652987,3.79600895063835,0.0003043165193423384,0.10023201521243542,0.01861292289861343,1.4083456,2.091358,3.8058276,1.6111453877698523e-06,-0.0016956786424735526,0.0014926588178219014
15.587,1.464849850456123,1.9089094455544946,3.7961749320398086,0.00015713729386560683,0.10009497818260524,0.018299628268471656,1.4056573,2.092201,3.8079333,1.4972994195616707e-06,-0.0016221099109920978,0.0014144992996030226
15.597,1.464850540747465,1.9100095306053417,3.796373714772384,1.3175286985116657e-05,0.09996035001722843,0.017760930183078245,1.4052895,2.0935009,3.809091,1.3534200213882741e-06,-0.0015409804770722957,0.001311659214567662
15.608,1.4648495766051521,1.9110081589499122,3.796550975968692,-0.00013648435877850474,0.09982517678543988,0.01747603658584478,1.4068909,2.0938106,3.8103716,1.1719437313928438e-06,-0.0014555611324791329,0.0011747546158433764
15.619,1.4648474779328435,1.9119058447603365,3.796708045002913,-0.0002890771217569383,0.09969544975170327,0.017337099587613692,1.4075207,2.093818,3.8101876,9.837052612482466e-07,-0.0013837503837161869,0.0010249071091190665
15.629,1.464843840158322,1.9129021936928667,3.7968799328514047,-0.0004240463864307486,0.09958733113592792,0.01707358189605387,1.4081737,2.0950596,3.808719,8.279079395379085e-07,-0.0013291531899874975,0.0008946458606140517
15.64,1.46483831595745,1.913997014638105,3.79706618421873,-0.0005664072644234398,0.09948282702590931,0.016814434796499318,1.408717,2.0969105,3.8077855,6.976513766687731e-07,-0.0012735509370669362,0.000778935948761994
15.647,1.4648326553895403,1.914891973236042,3.797216367314921,-0.0006783823240453746,0.09940650574678188,0.016579848158587297,1.4083842,2.0961356,3.8062189,6.402736971722334e-07,-0.001237064667932053,0.0007240786645752451
15.659,1.4648252101368475,1.9158856053493856,3.797380541406629,-0.0007978115521885203,0.09932872304157608,0.016271230381009156,1.408855,2.0952091,3.8062804,5.771924405095774e-07,-0.0011675341662993333,0.0006574195897495194
15.668,1.4648156800713292,1.9169777390072569,3.797556907523715,-0.0009046167147973578,0.09925907220812118,0.01576010507433004,1.4088,2.0959258,3.8076599,5.542453278550852e-07,-0.0011085277083910938,0.0006276557979822961
15.677,1.4648068946905128,1.9178706670794856,3.7976972878204314,-0.0010183655602999475,0.09918653398664992,0.015415439171503982,1.4099005,2.0955486,3.8078015,5.556044779808644e-07,-0.0010439964364081789,0.0006204489645340594
15.687,1.4647961555469873,1.9188621516926574,3.797848899178936,-0.0011182556341862084,0.09911710346679457,0.014952402457665106,1.4089476,2.0948048,3.8081,5.858220548660142e-07,-0.0009671902752868,0.0006431295398328096
15.698,1.464784459033201,1.9198529279965866,3.7979958544031853,-0.0012105286360637347,0.0990446140888336,0.014488515815683537,1.4080951,2.0945663,3.8083348,6.513870793867227e-07,-0.00087769376954272,0.0007100678987712605
15.708,1.4647718833672678,1.920842945532093,3.798138342623725,-0.0012948462189409553,0.0989653661725844,0.014059274843740574,1.4078104,2.0944266,3.805562,7.378991853101979e-07,-0.000795262152507803,0.0008153582603376286
15.718,1.4647585085425585,1.9218321139199224,3.7982767604705754,-0.0013711858133144406,0.09887517304479222,0.013663506521115087,1.4071798,2.0955353,3.8065956,8.434294187509295e-07,-0.0007165003754732169,0.000964481300473885
15.729,1.4647444126998244,1.922820300609891,3.7984110651679748,-0.0014399084416499544,0.09876987184838987,0.01323936800509544,1.4056544,2.096961,3.805641,9.697210154868685e-07,-0.0006380070632845403,0.001171990321716443
15.737,1.464728160456269,1.9239059663529356,3.79855407850457,-0.0014999804832695213,0.09864919232958892,0.012681688062309763,1.4061837,2.099253,3.804843,1.05901510671913e-06,-0.0005878451356231551,0.001339154431557521
15.747,1.464712775285818,1.9248915017627817,3.7986802825491073,-0.0015630090980239973,0.0984859621026508,0.012474837427852641,1.4062288,2.1013649,3.8049426,1.156538371738236e-06,-0.0005350508248143093,0.0015443892144721971
15.758,1.4646984769258224,1.925777144928085,3.7987911252850046,-0.0016087410498688824,0.09833775172554479,0.012185900227649388,1.4063075,2.103798,3.8039217,1.233997025451572e-06,-0.0004883765962122588,0.0017297430914862133
15.768,1.464680467584236,1.9268576878955748,3.798922935944753,-0.0016602692509856975,0.09814013132578567,0.011806052307015865,1.406083,2.104671,3.804013,1.2715008494978974e-06,-0.0004526084490410476,0.0018346542337028815
15.777,1.464663624517211,1.9278380558534292,3.7990387577294342,-0.0016985791982093198,0.09797262604239228,0.011202885395917279,1.4056629,2.104671,3.8038313,1.2773801332244261e-06,-0.0004227990026963724,0.0018633309878222093
15.787,1.4646481106998328,1.9287187657612228,3.7991391284354545,-0.0017395998342642973,0.09778099727724812,0.010968998695964155,1.4063741,2.105999,3.8039536,1.2596982426060777e-06,-0.0003900541982364558,0.0018265639223966623
15.797,1.4646305079680493,1.9296955534492797,3.799246518962511,-0.0017767045247931953,0.09759622144701692,0.010557362909705265,1.4058143,2.1052036,3.8014777,1.2300375109575157e-06,-0.0003566466761402154,0.0017429865037428272
15.808,1.4646125521771842,1.9306705392176282,3.7993499288792956,-0.0018105147300504457,0.09742014199260612,0.010165450132865331,1.4064229,2.104533,3.7996893,1.1984824563882057e-06,-0.00031793420813208684,0.0016332144762225553
15.818999999999999,1.4645942772420077,1.9316438174858441,3.799449374474497,-0.0018408533528518954,0.09725365028945852,0.009757580353130669,1.4063277,2.1042688,3.8011158,1.1802878905342595e-06,-0.0002777358503469607,0.001546638797161215
15.828,1.4645757186256798,1.932615474367971,3.7995443829209425,-0.001867593891469033,0.09709451402964571,0.009277359020484951,1.4060535,2.105329,3.8014398,1.1794761718419977e-06,-0.00024393875605177584,0.0015194479967908237
15.837,1.4645550201021291,1.9336824801839483,3.7996427716992436,-0.001890811415466303,0.09693523727445974,0.008501492711750543,1.4052538,2.1076725,3.8010557,1.1901105638756349e-06,-0.00020948089652073065,0.0015445020204851723
15.848,1.464535985494451,1.9346508196498786,3.799725933937864,-0.0019101751339845536,0.09677363683515161,0.00789968972785941,1.4075549,2.1071053,3.8012006,1.2107756166557238e-06,-0.000167814192901794,0.0016393426951903933
15.859,1.4645187085797138,1.9355209062763477,3.799796054321117,-0.0019256211143190958,0.09660744623763944,0.007581668548011966,1.4075941,2.108421,3.7998328,1.228796019603351e-06,-0.0001291198386184078,0.0017662193671719173
15.867,1.4644974433230398,1.9365824023861733,3.799875862600597,-0.0019380734192753616,0.09642044288402683,0.00679715738395695,1.4078357,2.1075406,3.7997234,1.2375564155675534e-06,-0.00010097336112746547,0.0018606761388131332
15.877,1.4644799523886831,1.9374492107357846,3.799935961356292,-0.001946626894616973,0.09623423847340902,0.006428925884115656,1.405139,2.1081433,3.797501,1.2427158742056577e-06,-6.28137037832488e-05,0.001967562154388869
15.888,1.464460455663058,1.9384104494261079,3.7999965439334127,-0.0019515589876479555,0.09603220048228733,0.005747545590612101,1.4048903,2.1085224,3.7966316,1.2421242772120422e-06,-1.6408684919255734e-05,0.002067194548656115
15.9,1.4644389799474962,1.9394654204014714,3.800055011702981,-0.0019521978209225798,0.09581055328920954,0.00474042376901117,1.4022192,2.108339,3.797413,1.236021743622473e-06,3.1972656651113596e-05,0.0021618437100343613
15.91,1.4644214222995051,1.9403266441674085,3.8000959873796925,-0.0019493106462633706,0.09560369086190054,0.004235124047557893,1.4029142,2.108375,3.796036,1.2276815173350997e-06,6.410929730815695e-05,0.0022390799849900667
15.92,1.4644000188906012,1.9413768021909972,3.800137419406253,-0.001942474192009916,0.09536264092844995,0.003153730095719588,1.4030958,2.1091921,3.7964318,1.2164671172598673e-06,8.253301333294161e-05,0.002326397058116214
15.927,1.4643806395832661,1.9423290702763516,3.8001665827557964,-0.0019342550000842024,0.09512618501467004,0.002309805242234421,1.4022324,2.1107097,3.797597,1.2071977373295795e-06,8.659413670830673e-05,0.002398119303275159
15.937,1.4643613448768225,1.943278935719053,3.8001873113006073,-0.0019256741413913286,0.09487929337543703,0.0014624685463168632,1.4040453,2.1109269,3.7974763,1.1933194148383564e-06,8.225725843447051e-05,0.00251540004752826
15.948,1.4643440498078337,1.9441316677678089,3.8001990330589517,-0.00191861372757495,0.0946446870212446,0.0009920533359515076,1.4027426,2.1119504,3.7983754,1.180119165056226e-06,6.842511682858543e-05,0.002650642123042335
15.959,1.4643229897859587,1.9451710016035493,3.8002051202114195,-0.0019114050865096832,0.09434958957170851,0.0001941147467551877,1.4032674,2.1115484,3.799045,1.170774849512668e-06,5.411589482884338e-05,0.002778333065827976
15.967,1.4643058117740897,1.9460188969391972,3.800203632830456,-0.0019066054232697942,0.09409814608378095,-0.000454764226667648,1.4021285,2.1117141,3.7987654,1.1659280243492276e-06,4.638443650417656e-05,0.0028609970658997064
15.977,1.464284869449934,1.9470520781056446,3.800193932444235,-0.0019016632953933767,0.09378004052003053,-0.0012328235587524305,1.4017211,2.1118362,3.7969525,1.1609966614756217e-06,4.0871502025474626e-05,0.002953980597340866
15.989,1.464267772893343,1.9478947621249127,3.8001797522322334,-0.0018980147325210353,0.09351173337731085,-0.0018494021533220475,1.4010619,2.112622,3.7947729,1.1551378023000325e-06,3.769791554608659e-05,0.0030613312232476986
15.997,1.464248813937281,1.9488282016441214,3.8001574559979283,-0.001894200833508392,0.09320534726742509,-0.0025431386980257404,1.4028413,2.1127307,3.7940338,1.1508313146890714e-06,3.507256564905248e-05,0.0031368620955221083
16.007,1.4642280008311026,1.949851385220824,3.80012468322471,-0.001890450173846279,0.09285773159346888,-0.0033523724585343,1.4021065,2.1132634,3.792315,1.145253787804279e-06,2.8762951459260222e-05,0.0032379033514611244
16.017,1.4642109994818326,1.9506856446020029,3.8000910207970753,-0.0018880090715625224,0.09256447750263014,-0.0040575304920174,1.402963,2.1133666,3.7924938,0.0,0.0,0.0
16.028,1.4641902444184365,1.9517016466892538,3.800040869993293,-0.0018858462578092371,0.09217695691232983,-0.005301213997221758,1.4031355,2.1131568,3.7955685,1.1358595752852807e-06,9.194162112535764e-06,0.0034676787836871448
16.04,1.4641732748166938,1.9525298439084282,3.7999921807009454,-0.001885219406724099,0.09188238124831684,-0.005745999569120484,1.4013896,2.113549,3.7962554,1.1326651137011368e-06,-4.6040309253925216e-07,0.003603848508447527
16.047,1.464152538940887,1.9535381981692201,3.7999237399817636,-0.0018849862155147475,0.09146339842082919,-0.006941085635231857,1.401813,2.113739,3.7962928,1.1312635308513563e-06,-3.559783314788234e-06,0.003686429679105707
16.059,1.4641336869322756,1.9544510519709284,3.799853839154761,-0.0018852978251160698,0.09108919244979623,-0.007640888756767176,1.4014015,2.1151183,3.7953584,1.128906931491258e-06,-7.1137084023398245e-06,0.003835122434283189
16.07,1.4641167163996167,1.9552693963922203,3.799785264995746,-0.0018858629451172068,0.09077333363891416,-0.00787251428317022,1.400993,2.117059,3.7941995,1.1268189155089203e-06,-1.1696969671515234e-05,0.003976154352478112
16.079,1.4640978529103987,1.9561749704263662,3.7997032676945848,-0.0018868252489206993,0.09037885988115481,-0.008460144155751576,1.4017012,2.1166387,3.7940826,1.1254369702839995e-06,-1.7983124143139406e-05,0.004084718554058231
16.088,1.4640789763002584,1.9570765331419644,3.7996157217964783,-0.0018884743965769308,0.08997254266408021,-0.008993219375201249,1.40104,2.1160545,3.793676,1.1243731519172684e-06,-2.731793232335633e-05,0.004173268388011131
16.097,1.464060077765677,1.957973979664218,3.799522792349502,-0.0018911600932497638,0.08955703281213073,-0.009538903449529035,1.4018784,2.1161458,3.792684,1.1233926286990936e-06,-3.893084569739358e-05,0.004237967269210774
16.11,1.4640392497924877,1.9589563251875965,3.7994143756140626,-0.001895618706742106,0.08909238018902603,-0.010117125101026282,1.4016743,2.116754,3.7911172,1.1219393893924234e-06,-5.783734292652554e-05,0.004306426397863827
16.117,1.4640221654458732,1.9597562358931138,3.7993209976422047,-0.0019005420344350053,0.08870767284177325,-0.010582814507685263,1.4020461,2.1173024,3.7900534,1.121480062593605e-06,-6.747339095181104e-05,0.004341202029106039
16.128,1.464001216117253,1.9607291736130463,3.799200889679821,-0.001907989614675291,0.08823233952410285,-0.011211617613105258,1.4009718,2.1181386,3.7870922,1.1217616657788199e-06,-8.037434200769411e-05,0.004401420948937584
16.137,1.4639820935894572,1.9616090950022969,3.799085306478687,-0.0019168536989100375,0.08774118207384668,-0.012241755659730248,1.3990276,2.1194437,3.7869756,1.1229294418768632e-06,-8.850563585971472e-05,0.004456010940912858
16.149,1.4639648120773778,1.962397258331993,3.7989755508487857,-0.0019236935073897066,0.08739613029703756,-0.012471650732059926,1.3988405,2.119608,3.7868135,1.1247940001624102e-06,-9.892678174949765e-05,0.004527504518636594
16.159,1.4639455235779502,1.9632687583824793,3.7988470398591794,-0.0019332310208777237,0.08694787991607686,-0.013164462723065696,1.3996103,2.1197686,3.786595,1.1251147524760086e-06,-0.0001132063131472627,0.004572561030342204
16.169,1.4639261324317594,1.9641357519165512,3.798711435877295,-0.0019442017363841529,0.0864955367813227,-0.013889954600844719,1.3988537,2.120413,3.7858808,1.1235013070987065e-06,-0.0001357938682495785,0.0045991383215699955
16.181,1.4639046611154642,1.9650842027741875,3.798553756832208,-0.0019611233297956595,0.08592656475187462,-0.01510125717735492,1.3994844,2.121253,3.785486,1.1187845991855738e-06,-0.00017172645807628228,0.004611078223945242
16.187,1.4638869601907436,1.9658561094499638,3.798418015135653,-0.0019734706909960726,0.08558509896691004,-0.015383956497824213,1.3996811,2.1227725,3.7839618,1.1152789118895612e-06,-0.00019217165089768784,0.004611206413860813
16.197,1.463867121725602,1.9667094537038683,3.7982601034644654,-0.0019928496322087572,0.08512939269744109,-0.016121727860650945,1.3975799,2.1236718,3.7830431,1.1074307355585233e-06,-0.00022739840177177228,0.004603527112027717
16.207,1.4638470707121185,1.9675582459726368,3.7980948236860215,-0.0020156236597953484,0.08467483962936917,-0.01686276912887127,1.3964924,2.1249573,3.7835522,1.0949535012017009e-06,-0.0002611133107190966,0.004579566655059875
16.217,1.4638267740113453,1.9684025073796376,3.7979220413025585,-0.002041645162509932,0.08422325854982533,-0.017617496493637242,1.3956413,2.12573,3.7838328,1.0745352714280898e-06,-0.00029455384106213955,0.004532267397511003
16.228,1.4638061990229567,1.9692422795145081,3.7977418119738093,-0.002070994051165132,0.0837768826381281,-0.01835017201004369,1.3959503,2.1250958,3.7830234,1.038474383818766e-06,-0.00033594918520263306,0.004447772062796229
16.237,1.463785310174299,1.9700776292729416,3.79755440444934,-0.0021041468579170723,0.08333843732610766,-0.01905416521620646,1.3949848,2.1259677,3.7830055,9.905529472220564e-07,-0.0003813854694696417,0.004343825817640479
16.248,1.4637640653998911,1.9709086487646372,3.797360263371854,-0.0021418480252676664,0.08291007876034413,-0.01970183053398406,1.394551,2.125971,3.7828496,9.313615896289207e-07,-0.0004339751066808617,0.0042302939153398
16.258,1.4637424154380902,1.9717354448842794,3.7971597754931277,-0.002184762501715019,0.08249267825411523,-0.020330756646099925,1.3953905,2.126786,3.782053,8.598277050353431e-07,-0.000498656318766777,0.0041116009507513596
16.267,1.4637203049879233,1.972558124850455,3.796953070524203,-0.002233451352516704,0.08208561789759944,-0.020946483385834123,1.3953365,2.127436,3.7812662,8.083273215220288e-07,-0.0005490695346006547,0.004036932386819014
16.278,1.4636976739830203,1.9733767840676988,3.796740283278635,-0.0022882927456626284,0.08168736796834979,-0.02155032658317445,1.3961402,2.1283326,3.7820294,7.424264092392718e-07,-0.0006191134106026119,0.0039521502459760605
16.287,1.4636744605693446,1.9741915020134742,3.7965214372342024,-0.002349288789681455,0.08129640475459,-0.02215561001425778,1.3943563,2.1294086,3.780957,6.923072426445742e-07,-0.0006737838406762897,0.003893284221279103
16.298,1.463650604802748,1.9750023449613143,3.7962966899918986,-0.002416092663716372,0.08091165243648722,-0.022731463675574822,1.3936043,2.1304848,3.7806134,6.307455207021917e-07,-0.0007335568868631626,0.0038236514768690277
16.307,1.4636260519769893,1.975809374245363,3.7960663025898884,-0.002488083018975203,0.08053314869298624,-0.02328907355699089,1.3933239,2.1334896,3.778728,5.734223940123684e-07,-0.0007778806593243814,0.003759276843604553
16.317,1.4636007528043988,1.9766126571254417,3.7958304463658443,-0.0025648525935733,0.08016185834944528,-0.023820095941412572,1.3929814,2.1360123,3.7795115,4.932932888834785e-07,-0.0008260378954880743,0.0036703034600003015
16.328,1.4635746598425534,1.9774122758802959,3.7955895296065254,-0.002646389277030043,0.0797999165497585,-0.024308227245244802,1.3934414,2.1370325,3.7783878,3.6142149895113107e-07,-0.0008818587785830445,0.0035278358171759727
16.339,1.463544982173546,1.9782877636472462,3.7953190663751384,-0.0027651185868596937,0.0793334289088756,-0.025093979166769583,1.3920202,2.1381013,3.779268,1.5360780025730492e-07,-0.0009426477933134336,0.003314501603148834
16.35,1.4635170588959074,1.9790801278342498,3.7950680142403836,-0.002859575680655959,0.07901152816772598,-0.025574704517068916,1.3907018,2.1385293,3.780477,-1.4202266607199476e-07,-0.0010070868375926523,0.0030301374962293792
16.36,1.4634911116094778,1.9797905743747224,3.7948379919433735,-0.0029226322446228243,0.07881942847807419,-0.025727797908022817,1.3899003,2.1384087,3.7803197,-4.7603821018427084e-07,-0.0010686697269104428,0.0027291564376481503
16.369,1.46345828219124,1.9806557512178788,3.7945527629824825,-0.0030372058921336567,0.07851878845992735,-0.02607468493450847,1.3922706,2.139046,3.779981,-8.07931376911597e-07,-0.0011279550736906785,0.0024480448358796814
16.377,1.4634304531513944,1.9813613079974972,3.794317111483612,-0.0031368600148036336,0.07829989610961174,-0.026262657261420245,1.392321,2.1384337,3.778268,-1.1063589400173157e-06,-0.0011842481975277153,0.0022096546524936755
16.387,1.4633984451193585,1.9821430957666168,3.794053456291621,-0.0032541653688379782,0.0780837203327234,-0.02645192303442807,1.3924029,2.1385932,3.7782283,-1.457074949140491e-06,-0.0012553074670762498,0.0019461148434398723
16.397,1.4633652263135304,1.9829228611879186,3.7937877306267063,-0.0033782688428962786,0.07789216242223879,-0.026679505438477035,1.3931332,2.1388118,3.7785175,-1.7538759524704517e-06,-0.0013216070308335048,0.001736191510232299
16.408,1.4633272097672314,1.9837785246544468,3.7934924476274885,-0.003559335838934359,0.07766012238108697,-0.027105017196831935,1.3922806,2.1411872,3.777743,-1.9948266101188494e-06,-0.0013848237252389595,0.0015738740461146428
16.417,1.4632949034278564,1.9844771354913906,3.7932483153033605,-0.0036443126831636353,0.07756071558323183,-0.027230286881259655,1.3914005,2.1412334,3.7788439,-2.12471686600324e-06,-0.0014269206548060964,0.001488560728160504
16.428,1.463257692351978,1.9852519088507354,3.792974971812972,-0.003784539789124833,0.07741015756293343,-0.027407112011547267,1.3910233,2.1421545,3.7784154,-2.236241850361864e-06,-0.0014682650369426398,0.001414036322489487
16.438,1.4632190585301945,1.98602521261404,3.7927001673494964,-0.003928388456994327,0.07726602641979541,-0.027537637748560516,1.3921969,2.1421678,3.7792315,0.0,0.0,0.0
16.45,1.463174878037105,1.9868742252520926,3.7923964024499712,-0.004132969505392448,0.07707929321243054,-0.027776618548515965,1.3909837,2.1442955,3.7791579,-2.4645850240645473e-06,-0.0015413006985518507,0.0012555731983106
16.459,1.463137389825136,1.987567673048164,3.792146620556269,-0.004225769483965531,0.0769985267266509,-0.027806316256468584,1.390835,2.144022,3.778755,-2.5859416208362518e-06,-0.0015717368715222335,0.0011727927833198315
16.468,1.4630942898339805,1.988336985448311,3.791867916668807,-0.004379414109557178,0.07687764293744051,-0.027921902914471476,1.3911701,2.1433198,3.7766933,-2.727521675627287e-06,-0.001602770263887443,0.0010784232980349806
16.477,1.4630496347109443,1.9891051448546075,3.791588190224548,-0.00453648389890807,0.07676708072083785,-0.02800639087007366,1.3893342,2.1443968,3.7755728,-2.881948746313867e-06,-0.0016347312020403848,0.0009777672987740793
16.487,1.4630033894715246,1.9898722582592203,3.7913078486958285,-0.004697078486323256,0.07666731259391463,-0.028058313324567104,1.390636,2.1425788,3.774986,-3.0429537676290863e-06,-0.0016707413576715346,0.0008743927521628336
16.497,1.4629555190948682,1.9906384287952164,3.7910268555978344,-0.0048611904334891175,0.07657723672431012,-0.028130103488235716,1.3897508,2.1432018,3.7739441,-3.1703470950716905e-06,-0.0017084259051101114,0.0007927303022152721
16.507,1.4629059871602366,1.9914037404762686,3.7907452528209484,-0.0050290166260628915,0.07649426583720023,-0.028190842227411944,1.3901561,2.1452217,3.775361,-3.230423866185106e-06,-0.0017464096258428263,0.0007509917120502863
16.518,1.4628547571690953,1.9921682425966718,3.7904627332115393,-0.005200443274640019,0.0764142523039339,-0.02830047524542236,1.3922037,2.1467578,3.7743704,-3.200480493958935e-06,-0.0017870744250672033,0.0007588460005316655
16.527,1.4628017925709662,1.9929319396346528,3.790179443254594,-0.00537556227717409,0.07633278277309513,-0.0283384034183771,1.391997,2.1451974,3.7728014,-3.1243004099401617e-06,-0.0018178018315890832,0.0007924396129785904
16.538,1.4627470580454445,1.9936948017922447,3.789896156451364,-0.00555395733966636,0.07624750870108717,-0.02832815372372072,1.3932161,2.1457388,3.7736712,-3.020146567056514e-06,-0.0018466936128072042,0.0008374180583903268
16.549,1.4626905265323495,1.9944567896775032,3.789612565750667,-0.005734573735050944,0.07615836857236938,-0.028391731269111976,1.3929696,2.1453204,3.7747889,-2.9201649773824556e-06,-0.0018625304970933954,0.0008785873531009791
16.559,1.462626246566937,1.9952939222309347,3.7892996896689652,-0.0059880791666198935,0.07603032690107077,-0.02854183584549648,1.3927131,2.1459537,3.774348,-2.828208751193273e-06,-0.0018637287372094136,0.0009158938946587369
16.567,1.4625720157909428,1.9959779946787857,3.789043115329025,-0.006098388578763107,0.07596909263378288,-0.028521948000518382,1.3927149,2.1461794,3.774715,-2.7426914575023886e-06,-0.0018563400662987561,0.0009520423156175184
16.579,1.4625100352539915,1.9967371334845934,3.788757833465965,-0.0062793851260260405,0.07586790289317577,-0.028527757496234492,1.3915318,2.1483777,3.7742682,-2.5829419252332286e-06,-0.0018356606728922031,0.001023745746164817
16.588,1.462446253723422,1.9974952280183356,3.788472698573022,-0.006458671631619361,0.0757605996988198,-0.028495372738268857,1.3907919,2.1485267,3.7739089,-2.4394272211125667e-06,-0.0018163635289258906,0.0010913172801481075
16.598,1.4623806902012595,1.9982522093107333,3.788188227886557,-0.00663596818949899,0.075645855820692,-0.02840097337976375,1.3915001,2.1482668,3.7746267,-2.278065084571068e-06,-0.0017961044067731358,0.001168557769374079
16.608,1.4623133644569521,1.9990080016203258,3.787904809474985,-0.0068113587845530605,0.07552366902245924,-0.028296121367183916,1.3923825,2.147906,3.7743268,-2.1352965098309085e-06,-0.00178135847121208,0.001236272108796399
16.618,1.4622442929268236,1.9997625356146118,3.7876223964543643,-0.006985379074075328,0.0753950045723804,-0.028191150797233618,1.3927848,2.1492841,3.7737634,-2.008794496077826e-06,-0.001772149154613878,0.0012951185680414312
16.628,1.4621734858971769,2.00051575076386,3.787341274076033,-0.007158589765189923,0.07526052180605071,-0.028041681628881897,1.3923594,2.1503992,3.7746093,-1.8806350108313552e-06,-0.0017641709020308483,0.0013548737537933953
16.638,1.4621009509390053,2.001267588655291,3.7870618109176,-0.007331005807851748,0.0751200891969618,-0.027864980185406077,1.3913972,2.1504242,3.77195,-1.7476483882283844e-06,-0.0017526679372048548,0.0014174028795417293
16.647,1.4620191787658519,2.0020929470910835,3.7867565365539955,-0.007567651002496726,0.07491794314799194,-0.027759777488574645,1.3912541,2.149465,3.7728777,-1.6326019220969101e-06,-0.001737401226043822,0.0014712888393035861
16.658,1.461943054266012,2.0028416968795804,3.786480779363565,-0.007735976364115047,0.07476379197013477,-0.027601574760148035,1.3897824,2.1496663,3.7739391,-1.4994065895557185e-06,-0.0017140408639932936,0.0015335242562279916
16.669,1.4618652493458097,2.003588887342175,3.7862068290266655,-0.007902092617018389,0.07460386053983792,-0.027404883127698745,1.3872073,2.1500208,3.775727,-1.3522548050204364e-06,-0.0016892601276943253,0.0016049580739556646
16.678,1.4617857852339307,2.004334456374646,3.785935181967944,-0.008066098569684826,0.07443684384925697,-0.027150949043310977,1.3875144,2.1515396,3.7758677,-1.2071341890518283e-06,-0.0016721721540813306,0.0016790730952171984
16.688,1.4617128641297004,2.0050040183139055,3.785693375163733,-0.00816767643939188,0.07432574845704809,-0.026719351191362206,1.3863863,2.1535208,3.7771077,-1.0183047987055716e-06,-0.0016626553858358761,0.0017788945124053157
16.699,1.4616302911335186,2.005746277531878,3.7854284584003657,-0.008330628979050923,0.07414265296051283,-0.026289818033897204,1.3863026,2.1533613,3.7760022,-8.017777655133784e-07,-0.0016663611890113117,0.0018940270573866158
16.709,1.461546086207137,2.0064866481890804,3.785168437253459,-0.008494179139127608,0.07394924047653897,-0.025761325329012593,1.3855318,2.1534004,3.7754953,-6.345585115141716e-07,-0.0016815208742397836,0.001979830777713243
16.719,1.4614602381920956,2.0072250370282725,3.7849137289720836,-0.008659237108926772,0.0737475477892004,-0.025235106963405193,1.3837526,2.1541204,3.774482,-5.095332626936511e-07,-0.0017044603941709369,0.002039209086865945
16.727,1.461372727783545,2.007961375573949,3.7846641935548706,-0.008826527819946682,0.07354014960978254,-0.02472499243469059,1.3845798,2.1550462,3.7739701,-4.344686534984987e-07,-0.001726058206606762,0.002071320993522363
16.737,1.4612835302291474,2.0086956186635145,3.7844195887680487,-0.00899645187405897,0.07332909901530367,-0.02425035345463661,1.384409,2.1556046,3.77467,-3.622986057827404e-07,-0.0017561408901194397,0.002098393451886338
16.747,1.461192617422325,2.009427737704584,3.7841795443841026,-0.009169331604914017,0.07311575200538907,-0.023804794730597954,1.382634,2.1569493,3.7732096,-3.091493225859665e-07,-0.0017879948963592796,0.0021143232859199834
16.757,1.461099958742774,2.0101577152736017,3.7839439253414637,-0.009345309470229893,0.07290108254457933,-0.023365588047330084,1.3827362,2.156589,3.7721112,-2.7104555488932647e-07,-0.0018191812910179905,0.0021217273743578957
16.767,1.461005523814668,2.0108855431449246,3.7837125247518832,-0.009524266717186241,0.07268601705803963,-0.022962830265634438,1.3846058,2.155672,3.7700925,-2.5064470854374576e-07,-0.0018503122604469624,0.002119520175648759
16.778,1.4609092828860932,2.0116112224507043,3.783484951188378,-0.009706229682924256,0.07247142282664612,-0.022590424289380417,1.3835349,2.1547937,3.7693906,-2.3765126444530438e-07,-0.0018847104115788937,0.002112267707994775
16.787,1.460811205679786,2.0123347593231395,3.783261051973175,-0.009891185586214766,0.07225738043026207,-0.022227411909671115,1.381648,2.1557677,3.770015,-2.0828017488483397e-07,-0.0019097286199736274,0.002116274204392532
16.798000000000002,1.4607011666893037,2.013128173454196,3.783018845365208,-0.010140072337098472,0.07197377511167799,-0.021985082258728864,1.3810048,2.1550434,3.7696245,-1.1088624685129389e-07,-0.0019351000870257984,0.0021527728971957316
16.808,1.4606094355341972,2.013775378093314,3.782823610248767,-0.010268397927124608,0.0718236399433544,-0.021570940633835904,1.3815291,2.154417,3.7674634,4.615519877404495e-08,-0.001956743141581896,0.00222038950737824
16.819,1.4604952193008545,2.0145639544339367,3.7825881696028034,-0.010479427229155685,0.07157476161853357,-0.021276304351788063,1.3807669,2.1545117,3.7679522,2.949761999104794e-07,-0.00198312106003673,0.002331968785092897
16.826999999999998,1.460400032571015,2.0152070704323606,3.782397580650593,-0.010654093373977137,0.07136197404955849,-0.021104030781251715,1.3824761,2.1549454,3.7678754,5.25635752701703e-07,-0.002004539861139687,0.002436594877070597
16.837,1.460292412907833,2.015919332654352,3.782187454748665,-0.01085064601544996,0.0711129730877099,-0.02093587542857001,1.3833661,2.154687,3.76682,8.635660986300309e-07,-0.002033209316230078,0.0025895622048826006
16.847,1.4601717421145137,2.0166998425829914,3.781958375527435,-0.011113030523005664,0.07076420099310557,-0.02090349257528235,1.3835306,2.1537611,3.765224,1.2330030028095962e-06,-0.0020596907234518014,0.0027550427721170223
16.858,1.4600712041894952,2.0173359766879164,3.781772549108518,-0.011251742158963789,0.0705678883309645,-0.020587049317104533,1.3843176,2.1531284,3.7658167,1.6507760101092117e-06,-0.002079779617630617,0.002940092689255991
16.867,1.4599575701623408,2.018040035731689,3.781567241955741,-0.011454900219937664,0.07027090536941336,-0.020492820200806457,1.3843968,2.1536574,3.7642608,1.9988670656445606e-06,-0.002086262735240041,0.0030937926532899063
16.878,1.4598302229078792,2.0188109583446026,3.781342194495649,-0.011721574946886242,0.06985805188891385,-0.02064433393695603,1.382682,2.1540985,3.7637987,2.438750058786354e-06,-0.002080118281328147,0.0032894061640371675
16.888,1.4597123209453355,2.019508391233634,3.7811377909317723,-0.011923684233673534,0.0695214004576239,-0.020653065539460308,1.3823446,2.1527107,3.7641346,2.846160133351816e-06,-0.002062210055947311,0.003473209939942823
16.897,1.4596044861437212,2.0201331550448556,3.780953922939741,-0.012061755589204581,0.06927699428915139,-0.020421357805847168,1.3825614,2.1544645,3.7642639,3.2050265961203195e-06,-0.0020410447117837904,0.003637630514393031
16.907,1.459482775264135,2.0208239212054315,3.780749833634766,-0.012260185549737415,0.06890999432268724,-0.020399805431373562,1.381728,2.156067,3.76596,3.597440146663189e-06,-0.00201765487726302,0.0038202370065421043
16.919,1.4593590926439446,2.0215109193592915,3.7805459448151106,-0.012456390098543631,0.06852519259502668,-0.02037315727417772,1.3813673,2.1581151,3.7678273,4.040688614814769e-06,-0.0019943239624833353,0.004028748951561134
16.929,1.4592334578580195,2.022193974723635,3.7803426671490548,-0.012650871306243483,0.06812345424431554,-0.020283067688461307,1.3795487,2.1574523,3.766299,4.345964184082618e-06,-0.001980614109650336,0.004171651841997637
16.939,1.4591058851757974,2.0228729322276875,3.7801407300341845,-0.012844165877981102,0.06770769576401743,-0.020116610279547663,1.3777393,2.157386,3.766533,4.5557131089779546e-06,-0.0019721261090470676,0.004266373334499196
16.948,1.4589633287652484,2.0236149188488115,3.779920450273806,-0.013095373441436992,0.0671538068778202,-0.0202134233099475,1.380098,2.1593761,3.7659698,4.6624663498917585e-06,-0.0019701584717712883,0.004309636128646321
16.958,1.45884496079157,2.024218150361784,3.779741667968695,-0.013228969464840392,0.06685385159028973,-0.019793779099742448,1.3801599,2.1597896,3.7652655,4.714176741416054e-06,-0.001976307124723853,0.004323269815512898
16.967,1.4587116101302389,2.024884323107469,3.779544734795496,-0.013422017555942509,0.06642381011318411,-0.01961126428388731,1.3780644,2.1603034,3.7644691,4.710890217474173e-06,-0.0019859838523768047,0.004310075293614712
16.978,1.4585763235381524,2.0255462045263806,3.7793495380282396,-0.013616045396555766,0.06599583793905947,-0.019453970778994197,1.3771559,2.1590881,3.7655172,4.655780718287872e-06,-0.001996896617682431,0.004268193199033377
16.989,1.4584252616677056,2.0262693589452514,3.7791362581311523,-0.013830433429584517,0.06553011356875717,-0.01933127086110037,1.3769472,2.1580288,3.7664227,4.566020945340199e-06,-0.002006083456786545,0.004209112073533916
16.999,1.4582858809467805,2.0269223566299925,3.77894379356274,-0.014026280004188162,0.06511203961765467,-0.019167587039833383,1.3770142,2.157978,3.7657983,4.4986198552976475e-06,-0.0020147726458068504,0.004162709222514049
17.01,1.4581587596133332,2.027506499207958,3.7787722281338265,-0.014203350056011232,0.0647392506226165,-0.018979270004358933,1.376588,2.1571636,3.7653906,4.495916058999683e-06,-0.0020254598540843105,0.004147288199125576
17.017,1.4580012195574186,2.0282159064127026,3.7785646174490775,-0.014420704977682131,0.06428506481071758,-0.01879686169665406,1.377357,2.1599226,3.76365,4.546861013920989e-06,-0.00203245808291852,0.004163436947158594
17.027,1.4578705406882786,2.0287926051672733,3.778395993481824,-0.014599329309875212,0.06391108718676264,-0.018684305745995118,1.3776002,2.1610944,3.7637196,4.691887769858738e-06,-0.002042015190558466,0.0042217166840461395
17.037,1.4577086325773712,2.0294928485004684,3.778191650930407,-0.014856798860820244,0.06336679195188355,-0.018714814669683125,1.3759528,2.1609092,3.763935,4.87439026652936e-06,-0.0020488683199268998,0.004297852253035472
17.047,1.4575593450718796,2.0301249550771483,3.778008139746524,-0.01501878120115383,0.06301673801073361,-0.018257881409959677,1.3759471,2.1621673,3.7634566,5.023043887497636e-06,-0.0020507826948685803,0.004357161276890231
17.058,1.4574232760908772,2.030690154105042,3.77784453956541,-0.015198738484389785,0.06262608518523252,-0.01812293142565881,1.3752332,2.162723,3.763266,5.101654958039603e-06,-0.0020491008664196286,0.0043809486640782325
17.07,1.4572701904901464,2.031314022532721,3.7776638070997177,-0.015398349255986644,0.062191281679132515,-0.018044149490571187,1.375023,2.162703,3.764759,5.063025158236201e-06,-0.0020457316934541225,0.004346119971244455
17.077,1.4570994936041342,2.031995274848571,3.7774655007121836,-0.015617469780750102,0.061716998935687585,-0.01801602872610776,1.3734316,2.1637886,3.7632246,4.982231670780379e-06,-0.0020441865963327643,0.0042972512475851765
17.089,1.4569580405795854,2.0325488143468746,3.777303599728198,-0.015796617267676158,0.06133536372154934,-0.017965361978298504,1.3727694,2.1645906,3.7633584,4.775221829511622e-06,-0.0020437884557331643,0.004179910277854582
17.099,1.456782964279415,2.0332207593951166,3.777106271211016,-0.016052431099662822,0.0608061772624757,-0.018138292091572535,1.3743863,2.1656635,3.764393,4.561840176720011e-06,-0.002048124619822289,0.00406244006239298
17.107,1.4566379271076184,2.0337668629251335,3.77694505421852,-0.016195074837669493,0.06051810446780859,-0.01790486954377824,1.3736238,2.1666808,3.7628524,4.3751929750257545e-06,-0.0020555342682655464,0.003961269779507504
17.118,1.4564584594563965,2.0344299757677002,3.7767483983016303,-0.016452647479363314,0.060020461297629515,-0.018053711632219513,1.3749607,2.167211,3.7619371,4.099213036568017e-06,-0.002067697923072931,0.003813897498123442
17.128,1.456293196339129,2.0350287933180358,3.7765699271721442,-0.016617059835471893,0.05971393493436471,-0.017840903506360382,1.3746713,2.1659951,3.7629,3.82403747156701e-06,-0.0020768559600421455,0.0036691410458793428
17.14,1.456142733188243,2.035564581894427,3.7764094017363585,-0.016799044138270915,0.05938835381341078,-0.017830460307380343,1.3738924,2.1657302,3.763856,3.4713338834535534e-06,-0.002078886693034576,0.003484865867762199
17.147,1.4559736296470653,2.036156541615519,3.776231308077793,-0.017001383341308345,0.05904079842426204,-0.017787525675829537,1.3720182,2.1645482,3.7637558,3.2752544996128563e-06,-0.0020738330092187063,0.003381495611258334
17.157,1.4558025059918032,2.036745104813174,3.7760538437521793,-0.017202998514545893,0.058707351942999995,-0.01770585218575816,1.3729069,2.1643531,3.7636683,3.0393912489046215e-06,-0.002059884749791685,0.003253894913681332
17.167,1.455629373545289,2.0373303997572845,3.775877413194556,-0.017403197589428435,0.058385439821590994,-0.017593133443712657,1.3695953,2.165039,3.7627397,2.8893308785526983e-06,-0.0020432737751527874,0.0031666772549128197
17.177,1.4554542484772575,2.037912520633371,3.7757019446779587,-0.017601695124159728,0.058071002141151615,-0.01751080960031135,1.3692054,2.165353,3.7628176,2.8407478005476605e-06,-0.0020261735774416145,0.003127309494215247
17.189,1.4552771465478438,2.0384915151483023,3.775527399064247,-0.01779879337368429,0.057759173239559876,-0.017406182632664215,1.3688087,2.1672995,3.7633562,2.8862436929344426e-06,-0.002017569943801867,0.0031348499388115236
17.199,1.4550980780088216,2.0390673885678825,3.7753539849663684,-0.017995261523599728,0.05744642451470561,-0.017281830278722043,1.3719273,2.1657917,3.7629163,2.963318896931355e-06,-0.0020217965357494094,0.0031599622461109256
17.208,1.4549170424880806,2.0396401206330803,3.7751821928553526,-0.018192318836933737,0.05713113329866901,-0.017088039500725703,1.3709847,2.1659198,3.7619858,3.015301983211316e-06,-0.0020341820794667065,0.0031741412277752623
17.217,1.454734029004734,2.0402096903759923,3.7750125607742935,-0.018390777565276496,0.056814429892451085,-0.016864048288392053,1.3704805,2.1662025,3.7606835,3.036326416960833e-06,-0.0020478826309364706,0.0031731463275215255
17.227,1.4545490236495586,2.040776095195751,3.7748448610710357,-0.01859048154318976,0.05649839088498602,-0.016707113418532708,1.369395,2.1671858,3.759683,3.0301959572653914e-06,-0.0020579764086789964,0.0031577142020156046
17.237,1.4543620175453762,2.0413393505290585,3.774678146813411,-0.01879073846448063,0.0561845028906782,-0.016658275645897527,1.3682616,2.168417,3.7600398,3.003237869947384e-06,-0.002059808590908929,0.003132159553668412
17.247,1.4541539987588652,2.0419553258510055,3.774494674400543,-0.019045234958807656,0.0557907361094301,-0.01683865650755413,1.3678621,2.167084,3.758728,2.9572305244585095e-06,-0.0020544381906590914,0.003097188177892285
17.257,1.4539627945333857,2.0425120634859186,3.7743272779420747,-0.019244498816231134,0.05548476456925734,-0.016902081040322887,1.3661582,2.1684227,3.7605534,2.884644283440707e-06,-0.0020461540850988946,0.003048988928254559
17.269,1.453789010821219,2.043010528323779,3.774175947206001,-0.019388639085576,0.055264656591076045,-0.016847460085650613,1.3665143,2.169498,3.7618716,2.7799514725757035e-06,-0.002038911949760358,0.002982272721177015
17.279,1.4535940352695358,2.043561539510186,3.7740070531078307,-0.019586630689425014,0.05496815365326515,-0.016924925691252625,1.3651795,2.1677754,3.761179,2.6890708362259375e-06,-0.002040074902350142,0.00292503328234206
17.287,1.4533970796460156,2.0441096165393198,3.7738373999698807,-0.019784768600747005,0.05467728365936764,-0.01699477273282097,1.3654348,2.1676779,3.762533,2.6112458089144752e-06,-0.0020460041955345787,0.0028770707782808103
17.297,1.4531781344620858,2.0447091801238586,3.7736502908238188,-0.020003786596955956,0.05436385522236347,-0.017011058135529878,1.3636378,2.1680813,3.7618425,2.5242436780814614e-06,-0.0020587229478987723,0.0028227507494391624
17.307,1.4529971989071615,2.0451971916423224,3.7734972952248587,-0.020184266090174777,0.05411168583712493,-0.016990968530062198,1.3646915,2.167954,3.7613082,2.4770585795863553e-06,-0.002075287455594932,0.0027884069462231764
17.317,1.4527738395610568,2.045790587049359,3.773310402502815,-0.02044236333878214,0.05375906083223008,-0.017098523367328162,1.3655816,2.1694777,3.7603676,2.480589035513958e-06,-0.002094741218457763,0.0027788378994291207
17.327,1.4525892621733287,2.046273598024538,3.7731575018275643,-0.020590383754822857,0.053556938926794355,-0.016982544201264473,1.36448,2.1688194,3.7608137,2.52844479753378e-06,-0.0021141859262971963,0.002790366144073797
17.338,1.4523822274442106,2.0468076366167294,3.772987831889002,-0.020796225880699844,0.05327836084399299,-0.01695698823354805,1.3636272,2.1702464,3.759454,2.596568805302013e-06,-0.002129386862055771,0.0028100062110376633
17.347,1.4521731275076977,2.047338880514555,3.772818243443751,-0.021003198460809783,0.05299818369871775,-0.016962980963318126,1.3643224,2.1705828,3.7603931,2.6462172666441575e-06,-0.0021356251718511743,0.0028229975372622285
17.359,1.451940722991022,2.047920004424318,3.7726315460482307,-0.02126790128341857,0.052640627041790074,-0.017086176523178592,1.3633783,2.1728673,3.7608063,2.6734712639253644e-06,-0.0021377039695922306,0.002821955495414308
17.368,1.4517487057252392,2.048392938857023,3.7724785330632913,-0.021418260223956043,0.05243606823089403,-0.01701706539470062,1.3613526,2.172722,3.7599297,2.649743599647536e-06,-0.0021352235599354508,0.002800412418932474
17.377,1.4515117362712593,2.048967896202569,3.7722913130575417,-0.0216826702053441,0.05208316862675002,-0.017114497373066296,1.361366,2.1729012,3.7585223,2.5716939324738064e-06,-0.0021306398675293714,0.0027531958896682696
17.387,1.451294135628151,2.049487698321424,3.772121231848409,-0.02188938776785282,0.051812935876112715,-0.0170980759669614,1.363174,2.1714172,3.7571828,2.417900466511469e-06,-0.0021273616767203407,0.002668964285726716
17.397,1.451096528261139,2.0499532365701305,3.7719681306643285,-0.02203901167843015,0.051621985912758135,-0.017014142064078672,1.3621554,2.173247,3.760119,2.213672638085029e-06,-0.0021289794285457297,0.0025610556167690035
17.408,1.4508750007371805,2.0504680573813974,3.7717980718963364,-0.022245865378951936,0.0513692535328845,-0.01699866230321697,1.3628412,2.1744938,3.7581596,1.98616662494544e-06,-0.0021329445725095653,0.0024414504581686813
17.418,1.4506514030183997,2.050980409387899,3.7716281029008276,-0.022452998832364488,0.0511270076292475,-0.016998392744371052,1.363603,2.1749222,3.756608,1.806170606855062e-06,-0.0021345739170492983,0.0023455807135275286
17.427,1.450403052707351,2.0515412624329676,3.7714409614767717,-0.022717264755831246,0.05083243321974734,-0.017099572538864065,1.3657104,2.1734989,3.754374,1.6607993851280867e-06,-0.00213164161898316,0.0022670001496520875
17.437,1.4501979952774648,2.051998091528255,3.7712873464034993,-0.02286669066226507,0.05066980486460931,-0.017102998026832558,1.3661096,2.1749618,3.755296,1.5074792916180968e-06,-0.002119900109200934,0.0021829473968737467
17.448,1.4499681993301092,2.052503594644886,3.7711156345523,-0.023071628927124933,0.05045371717692523,-0.017235374370416515,1.3633248,2.1748302,3.755154,1.3613361762310205e-06,-0.002090401795799224,0.0020995962267602586
17.46,1.449736369635293,2.053006978232167,3.770942295705054,-0.023273486814418383,0.05024502226346634,-0.01741811315075997,1.3632686,2.173737,3.7556472,1.2267499851503771e-06,-0.0020355623315890803,0.0020176742478477117
17.467,1.4495025449223964,2.053508311689014,3.770767276644263,-0.023470881045942187,0.050042922051884736,-0.017563949237305573,1.3631138,2.1730359,3.7546873,1.159348239632152e-06,-0.001996791219754712,0.0019737587116308575
17.48,1.449243093700144,2.0540574850919513,3.7705732584360883,-0.023716287554378684,0.04979327611306601,-0.017750433845421628,1.3631178,2.1722336,3.7523682,1.0784968900168224e-06,-0.0019226481054075428,0.0019123505696141407
17.49,1.4490291170579344,2.054505068536317,3.770413290712078,-0.02384924512827487,0.049655103278884234,-0.017840217890708412,1.3639243,2.174348,3.7524836,1.0807225114817243e-06,-0.001869370324023123,0.0018982189728076193
17.497,1.448789625045775,2.055000574676151,3.7702336647752173,-0.024030207995493078,0.04946511774308393,-0.01807616423906645,1.3646942,2.1756442,3.752931,1.1222739466631992e-06,-0.0018350782544205302,0.0019104680285475517
17.507,1.4485483503207568,2.055494173249911,3.770051516050284,-0.024206381643172077,0.049273191921848626,-0.01831915893268205,1.3639919,2.1751146,3.7530177,1.2199604260132446e-06,-0.001788710478265454,0.0019508477766696508
17.517,1.4482809433209078,2.0560348872496577,3.769848740553118,-0.024394997454867954,0.04905723021161862,-0.018531828125773336,1.364022,2.1756988,3.752699,1.31632699673645e-06,-0.0017409095827725096,0.001992669865190866
17.527,1.4480360742832363,2.0565243614615603,3.7696621478639893,-0.024593198268717264,0.04881922740371519,-0.01882878505042108,1.3642901,2.1757221,3.7504127,1.3835165404429972e-06,-0.001688781700746933,0.0020191830415479117
17.539,1.4477895711202635,2.0570118237658614,3.7694728341341843,-0.02472227285208115,0.04865537321704135,-0.01907295891828008,1.361474,2.1777313,3.7524693,1.4147760900584672e-06,-0.001619136750679484,0.0020220530590933095
17.549,1.4475663680276587,2.057448814933453,3.7692995512249703,-0.02486206795804852,0.048474092860141205,-0.019400632126352037,1.3614411,2.1800842,3.754773,1.404565962204174e-06,-0.0015553222100797015,0.002000904792650804
17.557,1.4472918939176562,2.0579807116543134,3.7690840630985862,-0.02502616011840381,0.04825497190470382,-0.019729983780976547,1.3615537,2.1829073,3.7528203,1.3712706952162534e-06,-0.0015039471825160078,0.0019661615338524285
17.567,1.4470660109734304,2.0584141274058463,3.768905509548215,-0.025154953585184395,0.048079964802173046,-0.019917113424004974,1.362348,2.1826608,3.7527895,1.282205024821792e-06,-0.0014437327062948313,0.0018875026939912942
17.576999999999998,1.4467883934939512,2.0589417719102285,3.7686852462883267,-0.02533420006349543,0.047840722533965895,-0.02016876853919557,1.3628753,2.1817315,3.753579,1.1198217908514607e-06,-0.0013890193635868187,0.001751801978462808
17.588,1.4465600407749535,2.0593718824539895,3.7685033404226025,-0.025425061121328765,0.047723149125200585,-0.02027326608735174,1.3639994,2.1808484,3.7522948,8.691285131590121e-07,-0.0013317860339068233,0.0015405104337489206
17.597,1.4462795200652645,2.0598958193378385,3.768279847505276,-0.02556496814988799,0.04755733703492562,-0.020335157012692028,1.3650565,2.183169,3.7534165,6.477641569802017e-07,-0.0012829088639172426,0.0013460705310697207
17.608,1.446023197390563,2.060370667267551,3.7680765161832843,-0.02568644149808702,0.04742849941889715,-0.020336075540538186,1.3620877,2.182368,3.7525554,4.118055167978696e-07,-0.0012145923003163972,0.0011230327284859065
17.619,1.4457656947901374,2.0608443343937575,3.767872870199406,-0.02582501251992665,0.047298784594551106,-0.020411430429566394,1.3621457,2.1825652,3.751856,2.3530598181054074e-07,-0.0011321513377575698,0.0009348190697111569
17.628,1.4455329920832225,2.061269770891614,3.7676889857874665,-0.025898456117095424,0.047233970866844194,-0.02046290010553881,1.3623309,2.1836407,3.749481,1.4057850705739838e-07,-0.0010578160429912664,0.000815184566731908
17.639,1.445247442202745,2.0617887925128944,3.767463201927844,-0.026028491608530446,0.04712870920118163,-0.020598088864222056,1.3626608,2.1825569,3.750636,7.758516851197328e-08,-0.00096559439406807,0.0007122409235442717
17.647,1.4450129532750449,2.062212754203007,3.767277116972633,-0.026090344561108637,0.04707810523022602,-0.020754107586063577,1.3654776,2.1831596,3.749701,5.489878507347612e-08,-0.0009003482743157321,0.0006592720713229916
17.657,1.444751582337847,2.0626831610896144,3.7670682872278713,-0.026174175601267946,0.04701082843928022,-0.02099004314505568,1.3649782,2.1830962,3.7497962,4.4184965020122036e-08,-0.0008212768735789133,0.0006131699580769201
17.667,1.444463158262317,2.0631998605435737,3.7668359095003683,-0.026257419522034177,0.046941473228428426,-0.021241140422428854,1.364115,2.183577,3.7506309,4.539011655424474e-08,-0.0007397077536768215,0.0005830754841826824
17.678,1.4442265326481298,2.063622060764989,3.766643588290313,-0.0263181662299106,0.0468871196120967,-0.021473785510142496,1.3648808,2.182969,3.7514205,5.390606716559887e-08,-0.0006422484814816443,0.0005615053107210777
17.689,1.4439366356542271,2.0641374304776807,3.7664056191202273,-0.026382685316429615,0.046822624477577846,-0.021765513417780817,1.3620304,2.181746,3.7529578,6.579761269165374e-08,-0.0005372038242779098,0.0005469153976553898
17.697,1.4436725325609614,2.0646053403250018,3.7661866444600776,-0.026441738387634164,0.04675325447819316,-0.022003532318628408,1.3599411,2.1847339,3.751694,7.740207408346578e-08,-0.0004570039030333817,0.0005433192167973999
17.707,1.4434079952646743,2.0650726767760594,3.765966118603768,-0.026470489001559787,0.04670765484861427,-0.02208535764488578,1.360443,2.1847038,3.7511907,9.733162098513048e-08,-0.0003580353435044259,0.0005571472652228238
17.719,1.4431696200906485,2.065492780150174,3.765767208007865,-0.02649756823095427,0.04665426474300482,-0.022114281065203686,1.3592603,2.184782,3.7522604,1.1964804613739943e-07,-0.00025325434214140685,0.0005870374984904281
17.728,1.442904516035419,2.0659589858343277,3.7655457694061965,-0.026519759263242154,0.046592647921606646,-0.02217325482468189,1.3600278,2.1853752,3.7534819,1.3198048787188554e-07,-0.0001880881901583642,0.0006068003353272289
17.74,1.4426126933107786,2.0664710860400124,3.765301383442896,-0.026539288266797405,0.046508725250412435,-0.022270221144753213,1.3625729,2.1849272,3.7521532,1.441803458845925e-07,-0.00011792312688285733,0.0006237002268525416
17.75,1.4423472775056563,2.066935953531889,3.7650789605651034,-0.0265471672992493,0.046443402757866646,-0.022251276742788845,1.3599393,2.1861987,3.7517672,1.5263071784232807e-07,-6.749887871304594e-05,0.0006293186170238663
17.758,1.4421083480481474,2.0673537741196957,3.7648794206420857,-0.02654911258453162,0.046398180809681916,-0.022124125000097854,1.3583452,2.1892061,3.7524912,1.5932447361421964e-07,-2.5224162892190094e-05,0.0006329645195046751
17.768,1.4418163079377428,2.0678637178415022,3.76463662901382,-0.026547612397868483,0.04631138234047569,-0.02205321588433746,1.3591516,2.1893878,3.7524104,1.6771132749227036e-07,3.255276208458113e-05,0.0006350453252501609
17.777,1.4415774016948244,2.0682803483578396,3.7644390289072054,-0.02654208640664023,0.04626592159228759,-0.02190179785789051,1.3599585,2.1908548,3.7516212,1.7677196062493294e-07,8.62014036018266e-05,0.0006188239829678643
17.787,1.4413120431553226,2.0687426540652085,3.764220609913075,-0.026529878818493863,0.04620224766255303,-0.021798261711106545,1.3614626,2.1900015,3.7522702,1.9304667731034897e-07,0.00014580475872172372,0.0005692817689437746
17.797,1.4410468388551883,2.069204351963477,3.7640030433036546,-0.026511813525552624,0.046144378856512194,-0.021720817853173726,1.3604193,2.1909373,3.754532,2.2132954313747177e-07,0.00020665863798541295,0.00048288232033888434
17.807,1.4407818483215364,2.0696655191253024,3.763786508365761,-0.026487666570894058,0.04609564103555313,-0.02158651408564551,1.3603225,2.1921108,3.7530434,2.6369049699326297e-07,0.00027220410578499,0.00037295938459003253
17.819,1.440490681539809,2.070172313259084,3.7635503654232565,-0.026453486137872382,0.04605474129562468,-0.021365191298791622,1.3584406,2.1938899,3.752998,3.3004133470626584e-07,0.000357359516711675,0.00023405246076224628
17.83,1.4402263522727354,2.0706327123281008,3.7633377694895613,-0.026415021986424075,0.04602944346382019,-0.021170389949927933,1.3590783,2.1939552,3.7521417,4.02086463680007e-07,0.000438490520004553,0.00011023715939595391
17.837,1.4399888167959805,2.071046904111456,3.7631482300056422,-0.026374219086296228,0.04601612678618594,-0.020970769424439102,1.3585796,2.1913433,3.7517297,4.5359927902666186e-07,0.0004884303210532792,3.101938091010226e-05
17.848,1.439725354586814,2.071507032943273,3.7629396547775076,-0.026322307447787522,0.046011906695440245,-0.02075811770642442,1.3577172,2.191659,3.7527335,5.405379024381318e-07,0.0005612875924274618,-9.12754297548446e-05
17.859,1.439462447255454,2.0719671790258496,3.762733538567761,-0.026263988473258264,0.0460182543068945,-0.020487783262498272,1.356922,2.1901689,3.753976,6.152812890292125e-07,0.0006261278576937812,-0.00018303430413180166
17.869,1.4392001551349505,2.0724274344795965,3.7625301424779534,-0.02619995499131445,0.04603238274075226,-0.020220535401025305,1.3567698,2.1908746,3.7540023,6.544458752699711e-07,0.00067755529585245,-0.00022085489208478748
17.877,1.4389385315713705,2.0728878541270355,3.7623295176939298,-0.026130895012886915,0.04604992833111451,-0.019932911078041692,1.3563926,2.1909888,3.7532368,6.561407639438244e-07,0.0007135503194275472,-0.00021146970860996817
17.887,1.4386776229313931,2.073348442966429,3.7621317776278342,-0.02605750800968993,0.046065510163424334,-0.01964072326846267,1.3566202,2.1916628,3.7535567,6.181153064943601e-07,0.0007529484124413344,-0.00015164998450245548
17.898,1.4384174692823926,2.073809153000985,3.761937132738271,-0.025980352677803523,0.0460741495102911,-0.01931081382470904,1.3554497,2.1918597,3.7528718,5.347840534852821e-07,0.0007909167146831209,-4.144190806787407e-05
17.908,1.4381322144176298,2.074315966510907,3.761727218026548,-0.02589159350925224,0.04607172188782542,-0.018889453547747542,1.3546647,2.1921124,3.752209,4.390891437111577e-07,0.0008229981756002758,7.553740359655947e-05
17.917,1.4378995653765845,2.074730557225507,3.7615589239888365,-0.025816175419031983,0.04605938845099012,-0.018551453514641568,1.3554902,2.1938968,3.7516172,3.5024265443439617e-07,0.000850058479640925,0.00017871252173007335
17.927,1.4376418771431656,2.075191026901498,3.761375289399689,-0.025729671703082817,0.04603524527994803,-0.018211217339085307,1.3556125,2.1955817,3.7501597,2.6006082798346597e-07,0.0008771914909333489,0.00027926098933583887
17.939,1.4373850683875136,2.0756512023069997,3.761194981374744,-0.02564058083329608,0.04600188293881161,-0.01788693236447001,1.3551384,2.1935956,3.749398,1.8645380439608061e-07,0.0009073719084939924,0.00035805286877188536
17.949,1.4371291638803172,2.076111008764511,3.761017664691125,-0.02554907499666047,0.045962729013890896,-0.017613372437785976,1.3525999,2.1933584,3.7485785,1.6910172018214098e-07,0.0009327327885424452,0.00037543075753365684
17.958,1.4368741880002192,2.076570411808361,3.760843015827227,-0.025455079949322605,0.045921974049394014,-0.017339624115949994,1.3544627,2.1931555,3.7490816,1.7646122074665982e-07,0.0009557857297552985,0.0003676197823918592
17.967,1.4365948169986165,2.0770752891234654,3.7606541313239816,-0.025332225099666567,0.045871993116831586,-0.01707382741944653,1.3547381,2.1925125,3.7473931,1.8523473599429963e-07,0.0009757662477705153,0.00035919130764217044
17.98,1.4363671200794519,2.0774880152813395,3.760502014399367,-0.025260091045649566,0.045842680618314785,-0.016803839390306666,1.3540703,2.191627,3.7483165,1.6423587645419957e-07,0.0009992914476493198,0.0003812210921525505
17.987,1.436089919169136,2.077992014700579,3.7603184216583756,-0.025149783471722673,0.04579693064640873,-0.0166114740639224,1.3500593,2.1923862,3.7476106,1.2432844620491323e-07,0.0010113610233473125,0.000420960995168862
17.997,1.43586402874644,2.078403977182546,3.760169492206248,-0.025058051803104917,0.0457539142740902,-0.016494034669811832,1.3515378,2.193901,3.7467718,2.3837001705828698e-08,0.0010280732043801422,0.0005185900530713106
18.007,1.4356140156842039,2.07886120737578,3.7600053631413526,-0.024954698763521542,0.045695818766225346,-0.016344409179654917,1.3516158,2.1943197,3.7467432,-1.2144088978871537e-07,0.0010378772829602312,0.0006571306377640695
18.017,1.4353650409725676,2.0793177807122634,3.7598428141766944,-0.02485060720476197,0.04562358661179224,-0.016180975065097143,1.3521367,2.1939912,3.7476666,-2.8381544003863723e-07,0.0010386509565671886,0.0008112920280671787
18.027,1.435117107085945,2.0797735489974016,3.7596818273918777,-0.024746647508018665,0.045536387417495515,-0.016037582305756772,1.3521641,2.1937406,3.7479427,-4.3485577183588475e-07,0.0010330062951995345,0.000955709390649151
18.037,1.4348702093060528,2.080228368773408,3.7595220378256187,-0.024643368804216748,0.04543557603152008,-0.015936804003670424,1.3497313,2.1958756,3.747025,-5.616666012286942e-07,0.0010252949556317503,0.0010785470855072532
18.049,1.4346243399900547,2.080682115566519,3.7593630728998484,-0.024540858720626047,0.045323288042463154,-0.01586639682576243,1.3494259,2.1965282,3.7484503,-6.826215819266679e-07,0.0010178982774067258,0.0011972175937269292
18.059,1.4343794922531512,2.0811346863881695,3.759204681430744,-0.024438978904774287,0.04520171356544621,-0.01582153482843557,1.3484945,2.1968853,3.7482603,-7.516490834191814e-07,0.0010112165929250239,0.0012655938783825427
18.067,1.4341356596344625,2.0815860031560716,3.7590466418605297,-0.024337798625835877,0.045073628555742755,-0.01579044225520624,1.3474908,2.1973011,3.7465167,-7.835567408243094e-07,0.0010034992147733846,0.0012975162188575418
18.077,1.433868605766612,2.0820809463459677,3.75887314221444,-0.024212081137773733,0.044908090253553544,-0.01584408420253189,1.3467747,2.1984487,3.744847,-7.981419862801431e-07,0.0009886245368639912,0.0013122575891815202
18.087,1.4336510000876936,2.0824847097741457,3.7587312923531755,-0.024139213635411085,0.04480967422176112,-0.015768677058003163,1.3467222,2.199605,3.7451355,-7.91642786435176e-07,0.0009655190242625622,0.0013052160562292414
18.099,1.433410137782415,2.0829320834795233,3.758573250144787,-0.024043331015886422,0.044678534960245445,-0.015840923035747793,1.344154,2.2000775,3.7442508,-7.620769952865203e-07,0.0009257349524798286,0.0012722784340826188
18.109,1.433146274412922,2.083422698691441,3.7583983385087927,-0.023927476481807708,0.04451795804400762,-0.01603003168231117,1.343614,2.2013447,3.7451456,-7.224068934164052e-07,0.0008839833802523067,0.0012255779747598616
18.118,1.432907343292305,2.0838673961897403,3.7582381299854193,-0.023840271541069914,0.04439581170111978,-0.016152027963203905,1.3450247,2.2030795,3.746548,-6.788127171475367e-07,0.0008391139267285297,0.001170886749105815
18.129,1.432669263605355,2.084310897785312,3.7580766077428542,-0.023758288724949977,0.044280169514447215,-0.016270581301631917,1.3446325,2.2034626,3.7467797,-6.169128146105152e-07,0.0007750684914951123,0.0010864404967572128
18.139,1.432455674870184,2.0847090847532876,3.7579305478152976,-0.02370153317418563,0.044199869025379375,-0.016241891376366214,1.3441768,2.201752,3.746579,-5.503810704965417e-07,0.0007135589237381446,0.0009865855653026223
18.149,1.432219058685228,2.0851505251644165,3.7577680967272213,-0.023629851852117818,0.04410000032326622,-0.01623923324446778,1.3435025,2.2032397,3.745827,-4.79334121727959e-07,0.0006539413324659904,0.0008685904750822537
18.157,1.4319831273113635,2.0855910291660784,3.757606125317453,-0.02356394168667355,0.04401156946023026,-0.01615699135163739,1.3459771,2.2048762,3.7450228,-4.290903521386724e-07,0.0006090862274028552,0.0007756207116478286
18.167,1.4317478246988293,2.086030711407179,3.7574448866905406,-0.023503494798260863,0.043934350242724865,-0.016101315694676335,1.3457286,2.2057254,3.7426164,-3.7841080091638446e-07,0.0005568788942378333,0.0006706490860652892
18.177,1.431513098641701,2.086469677801858,3.7572840249905157,-0.023448030081217496,0.0438672514502857,-0.016083603401802864,1.3452965,2.2055516,3.741151,-3.350855264372399e-07,0.0005120872356867423,0.0005718596811661314
18.187,1.4312789033248525,2.0869080268672877,3.7571228831232104,-0.02339677955816791,0.04380992257727485,-0.016155047665363836,1.346863,2.2070873,3.740181,-2.928607618635226e-07,0.0004765067461525163,0.00047059660379034085
18.198,1.43102185730254,2.087389616270497,3.756944143335165,-0.023336834344436622,0.04375238448651575,-0.01636772097231866,1.3488292,2.2075377,3.7393403,-2.451879379528066e-07,0.0004469395211978977,0.0003531881217861965
18.207,1.4307886655097253,2.087826997023983,3.7567794447204794,-0.02329184073814665,0.043718675686313914,-0.016605418148990202,1.3485858,2.2083452,3.7388473,-2.0322356419910648e-07,0.0004303334206525733,0.00024910231183916665
18.217,1.4305791719274559,2.088220386674296,3.7566289070318235,-0.02325964484472096,0.04370097410114263,-0.016848103511313044,1.347463,2.2090673,3.7398055,-1.5174208511936627e-07,0.00042208109724972687,0.0001231502856064992
18.229,1.4303236012274576,2.088701004747735,3.7564413509614005,-0.023204760493131662,0.043687918679154294,-0.017227493651956336,1.347721,2.2083743,3.7401328,-8.129688078284403e-08,0.0004265442817521503,-4.139045374351724e-05
18.237,1.43011488909715,2.0890941954364424,3.7562849902409137,-0.023172668084697538,0.043689461427368285,-0.017493519736561346,1.3487338,2.208959,3.7391872,-2.937073384501332e-08,0.00043490645398813754,-0.00015633099946832374
18.249,1.4298834078311535,2.0895311609156906,3.756108555632062,-0.023127865657035382,0.043704409519359166,-0.01776601162210134,1.3477582,2.207049,3.7398746,4.866283109805636e-08,0.0004506870872873492,-0.0003199756432969991
18.259,1.4296523816029165,2.0899683490772576,3.7559293296994096,-0.023081756133660616,0.043732449851809796,-0.018046976176935355,1.3468983,2.2077427,3.7405784,1.0662409621886582e-07,0.0004658477896697377,-0.000434189964661158
18.268,1.4294218246541284,2.090405880340645,3.7557476273714223,-0.023034144212430104,0.043771425301263114,-0.01826597293011186,1.3483344,2.2096891,3.7403738,1.4378719725982592e-07,0.0004793326710896828,-0.0005021281902592989
18.279,1.429168771744736,2.09088766515335,3.755545306198246,-0.022971072364488483,0.04383185340673141,-0.018480594410459086,1.3482047,2.2116928,3.7403407,1.6414355918925594e-07,0.0004929429820554887,-0.0005332476211687975
18.288,1.4289621763997664,2.091282281075051,3.75537815977127,-0.022934836095076763,0.043865601793669426,-0.018627196610630493,1.3464696,2.2112417,3.7383387,1.669499720691192e-07,0.0005028206058081963,-0.0005320687517595957
18.298,1.4287331097222489,2.0917212028767547,3.755191460075054,-0.02288345678175875,0.04391386220854322,-0.01870332997677917,1.3480653,2.2119064,3.7371988,1.697259079946889e-07,0.0005140027624674914,-0.0005312569077471352
18.309,1.4284817369158287,2.0922045741526043,3.7549848828001733,-0.02281589962148133,0.04397743717865693,-0.01884913267861323,1.3497733,2.2110846,3.7367294,1.8393279344053326e-07,0.0005248835398656837,-0.0005524000098695581
18.318,1.4282537725337152,2.0926445226041945,3.754795012530997,-0.02277232474624846,0.044018006415673765,-0.01909806032769477,1.3495238,2.2102983,3.7366297,2.0715623971767627e-07,0.0005340070036896627,-0.0005911759539234396
18.328,1.4280263478978557,2.09308500256158,3.754602641923511,-0.022707281869616944,0.04408558337801887,-0.019332615523886078,1.3499842,2.2100203,3.7365127,2.39601440021886e-07,0.0005491851724483965,-0.0006449228522864558
18.34,1.4278221384566978,2.0934819303660515,3.75442745549421,-0.022667375016307348,0.04412747861175757,-0.019558138024903287,1.3507556,2.208412,3.736892,2.705825803417383e-07,0.000578614254433063,-0.0006918398579234264
18.347,1.4275957835563253,2.0939235529735956,3.7542305437048786,-0.022608971418419065,0.04419105118886073,-0.019803218571688687,1.3479414,2.2094777,3.7363818,2.7626411380765603e-07,0.000601871352782446,-0.0006968985513147175
18.358,1.4273700302991437,2.094365815752625,3.7540312121473236,-0.022547230434843378,0.04425476621101636,-0.02003772521458918,1.3441375,2.210831,3.7368503,2.5209709075824094e-07,0.000646625612502838,-0.0006534820388672813
18.37,1.4271449164432932,2.094808693023332,3.753829639675891,-0.022481417454380953,0.04431356583980827,-0.020243658888503054,1.3449708,2.2120528,3.7372522,1.7367828419878606e-07,0.0006958287045613076,-0.0005373246721216418
18.378,1.4269204833200835,2.095252108790052,3.7536264762583933,-0.02241161398037862,0.04436280126099028,-0.02037298187734552,1.3448223,2.2122505,3.7363427,1.013999444410274e-07,0.0007182578336752954,-0.0004382443507342515
18.387,1.4266967642062334,2.0956959517255145,3.753422155827206,-0.022339165676136998,0.04440002300616606,-0.020480423591789535,1.3454504,2.2137341,3.7358403,1.7768869930989695e-08,0.0007294062123159861,-0.0003267953766368237
18.397,1.4264737756591297,2.096140100896625,3.753216602610284,-0.02226587133292484,0.044425465920194064,-0.02062197362670376,1.3473166,2.2153058,3.7362373,-6.038713795675221e-08,0.0007263022261509988,-0.00022249876193036755
18.407,1.4262293316447625,2.0966288930664256,3.752988694932655,-0.022185988106811497,0.0444427970033901,-0.02079639342471226,1.3471398,2.215669,3.7357814,-1.0810661210669537e-07,0.0007133065459905552,-0.00015694294725854263
18.417,1.426029979461578,2.0970289280506713,3.7528009321407882,-0.02212180779465396,0.04445247365881861,-0.02091631714430301,1.3462473,2.214543,3.734555,-1.169517056531788e-07,0.0007007859238505887,-0.00014335883081173506
18.428,1.4257871041698638,2.097517975019139,3.7525698017431224,-0.02204448739386975,0.04446457450260758,-0.02109366769883243,1.3469951,2.215449,3.7338257,-8.765433490154351e-08,0.0006969536994376746,-0.0001830076947326731
18.439,1.4255890193830296,2.0979182212781993,3.752379263406396,-0.021981318047550834,0.04447825050626709,-0.021234343638318425,1.3457984,2.2137702,3.7336428,-4.003587061873759e-08,0.0007055988303226179,-0.00024753357995166425
18.449,1.4253476925106345,2.0984076138129026,3.7521444121288203,-0.021887756411719004,0.044507389186256505,-0.021451996905799676,1.3446022,2.2154348,3.7335026,-1.7509238503521374e-10,0.000722835882342121,-0.0002992095759948299
18.459,1.4251508907173163,2.0988082385549993,3.7519505173493317,-0.02183761606692668,0.044524345187602704,-0.02162276169949089,1.3451122,2.2165334,3.7326276,1.608176347644985e-08,0.0007440595965944041,-0.00031710059506195876
18.468,1.424911168500903,2.099298184762257,3.751711150475566,-0.021755330444007626,0.04455395852379367,-0.02188614073638144,1.3433524,2.2171621,3.7314003,5.096401523019267e-09,0.000761325201978913,-0.0002995093009641181
18.477,1.4246940354419453,2.09974386189098,3.7514907213433144,-0.021678702499809938,0.04457837889635647,-0.022176416732469548,1.3444595,2.2175856,3.7313538,-2.7554521331296655e-08,0.0007747596883147523,-0.00025494015898352984
18.488,1.424499276201724,2.1001451605041055,3.751289683725828,-0.0216088077064958,0.04459640565130672,-0.022471264084475882,1.3439723,2.2166853,3.7310853,-6.721260259467954e-08,0.0007789378809697212,-0.00020266622475695328
18.498,1.4242836165123212,2.1005912124116692,3.7510629816791092,-0.02153094707082824,0.04461166316233984,-0.02284089090483011,1.342737,2.2176025,3.7297904,-1.0145643969394769e-07,0.0007751442347774251,-0.0001574166349405104
18.508,1.4240687331717818,2.101037392525359,3.750832289874594,-0.021453584479983103,0.04462262575808346,-0.02326356585741241,1.3413315,2.2184124,3.7294202,-1.2905389645823107e-07,0.0007661921298556251,-0.00012013916248498901
18.517,1.4238546183566314,2.1014836621982123,3.750597021847489,-0.021377211488723666,0.04463003220224838,-0.023750079051121028,1.3406,2.2170968,3.7295773,-1.4917133395186966e-07,0.0007544466834596975,-9.210554122951464e-05
18.528,1.4236412598996908,2.1019299894519814,3.750356665713038,-0.02130224724740595,0.04463455265658878,-0.024267889084354958,1.3374661,2.2177622,3.730584,-1.6786681555913674e-07,0.0007337400526932214,-6.489762028749624e-05
18.538,1.4234286408844123,2.1023763485436255,3.7501112961921015,-0.021229234555452864,0.04463663252664161,-0.024749312110524238,1.3387272,2.2183602,3.7311685,-1.88352320407148e-07,0.0007069552816467706,-3.481344821398835e-05
18.549,1.4231955855992597,2.1028673474318396,3.7498361915646714,-0.021135052738506688,0.04463526897111914,-0.025237948535001484,1.3375063,2.2175229,3.7305882,-2.2057114490436902e-07,0.0006643250151294744,1.4056119104655096e-05
18.558,1.4229844306643973,2.103313671041434,3.749581701262219,-0.02107004185821781,0.044627831879985896,-0.0256437763999877,1.3365468,2.2185464,3.7299929,-2.5233451816930597e-07,0.0006199844250787123,6.606835714029202e-05
18.568,1.4227739085518847,2.1037599027814955,3.749323261700076,-0.021025210386601476,0.04461723654978821,-0.026020320139133146,1.3375158,2.2194314,3.7293165,-2.919604913387275e-07,0.0005634687985551778,0.0001380537932655912
18.579,1.4225639655748874,2.104205975493559,3.749060922717288,-0.02095633630419082,0.044592547007461014,-0.026424388008313753,1.3377376,2.2194529,3.7298977,-3.3492149276170835e-07,0.0004948691038810793,0.0002287321028662248
18.589,1.4223754629546634,2.10460724035647,3.748821662901118,-0.02092534922083719,0.04457365617180777,-0.026724551074714466,1.3365239,2.2218237,3.7294247,-3.662326730768939e-07,0.00043166838444363975,0.00030929335312324113
18.599,1.4221455770291371,2.105097329375182,3.748525546106306,-0.02087762265420213,0.04453542837561602,-0.02707270398747433,1.3387707,2.2208216,3.7284436,-3.8812691549594547e-07,0.0003723690224388676,0.0003797038320589863
18.607,1.4219578511552526,2.105497965162199,3.748280670763591,-0.0208437387998411,0.044498141742893085,-0.027315949642408632,1.3392717,2.2220128,3.7278147,-3.9717667377203725e-07,0.00032837499072879694,0.00041882739557630444
18.618,1.4217287893686343,2.105987146795434,3.7479783924372176,-0.020800238734999924,0.04443571008116534,-0.027645497498239344,1.3403113,2.2227075,3.7282622,-4.003506397509682e-07,0.00027574737626379076,0.00044537140430733757
18.629,1.4215416448137244,2.1063869652366853,3.7477284636194566,-0.02078291249290784,0.04440524770093066,-0.02789124462733397,1.3396792,2.2238925,3.7287617,-3.97459751777518e-07,0.0002368312139098272,0.0004453118319980298
18.637,1.4213339545494523,2.106830757172136,3.7474478707765284,-0.020758064221280282,0.044358039005845576,-0.02819576979294117,1.341318,2.2232335,3.7285295,-3.9329437129254075e-07,0.00021893856764254593,0.0004320568600699737
18.647,1.421105767715447,2.107318394107311,3.7471358382235387,-0.020727068319802106,0.0442966669298699,-0.0285233635189965,1.3419808,2.2262785,3.7287438,-3.863424922201375e-07,0.000207737567223365,0.0004032335361041639
18.657,1.4209192700000763,2.1077169763672,3.7468782737323747,-0.020713170489035,0.04427023023891519,-0.028704057354047567,1.3403224,2.227465,3.728947,-3.785223423591333e-07,0.00020799848693808798,0.0003688406992568005
18.667,1.4207122605281166,2.108159461541186,3.74659022663396,-0.020690820592373694,0.044231357122768,-0.028880313883081203,1.3390095,2.2278907,3.7274404,-3.676479014558254e-07,0.00021874018195955358,0.00032308085910548456
18.677,1.4205054807392825,2.1086015837319048,3.7463007368582115,-0.0206672444476769,0.04419747798915332,-0.028996446605586257,1.3387275,2.2272613,3.7278762,-3.5002929799077265e-07,0.00023445137746769262,0.000253751403980651
18.687,1.4202989450963972,2.1090434058444547,3.7460102983962926,-0.02064216319190997,0.04417102633927489,-0.02908036570682722,1.3376427,2.228739,3.726552,-3.248154367696543e-07,0.0002470708177204628,0.0001596824563576682
18.698,1.4200926666290388,2.109485014839696,3.745719100533783,-0.020616038372651503,0.04415414788799567,-0.029155284867915788,1.3365799,2.230446,3.7260818,-2.9301986392837875e-07,0.0002508152826639076,4.277677911401767e-05
18.71,1.4198866508561663,2.109926512390429,3.7454269207924966,-0.020589813712726113,0.044147764511748795,-0.029275384983132067,1.335875,2.2287436,3.726023,-2.591120038530903e-07,0.00023871732316038674,-9.018465455845615e-05
18.718,1.4196603302616309,2.110412158860109,3.7451038593133377,-0.020555596470785604,0.044157996726631885,-0.02944646017185382,1.3354437,2.2312553,3.725494,-2.3869982479496343e-07,0.00022073181497805905,-0.00018212717142507273
18.727,1.4194753743941704,2.1108096049892886,3.7448382650853316,-0.020541725051650885,0.04416788490241064,-0.0295577628133388,1.3361604,2.232117,3.7266183,-2.2091587537076407e-07,0.00019232375485289666,-0.00028011442567610345
18.74,1.4192700683485768,2.1112514191642964,3.7445420055692047,-0.02052205473200186,0.044194000319490286,-0.029676432914314613,1.3375123,2.2332969,3.72528,-2.0504826547806942e-07,0.00014115844114437337,-0.0004119827536968046
18.747,1.4190649379751288,2.1116935492644675,3.7442448339684673,-0.020506261842993846,0.044230042365958754,-0.029743416031806615,1.3366272,2.2329404,3.7263606,-2.0021256830204948e-07,0.00011266523870068212,-0.00048266552456777134
18.759,1.4188599437754665,2.11213609437807,3.743947208397145,-0.020494377901845537,0.04427605596043057,-0.02977786112905072,1.3369676,2.235426,3.7255998,-1.9604860534983004e-07,7.051383088008123e-05,-0.0006093714469965761
18.767,1.4186345643966396,2.1126234951434872,3.743619406515986,-0.020483570554607627,0.04435910018593413,-0.0297863580134003,1.33632,2.2349555,3.7243223,-1.953078765382088e-07,4.9490811624863795e-05,-0.0006961863396588441
18.778,1.418450226745851,2.1130228413013263,3.743350940365002,-0.020479676672373714,0.044399613148222626,-0.029845138005634608,1.3343982,2.2365792,3.723221,-1.9510945925560463e-07,3.0416756942486245e-05,-0.0008236342845080458
18.788,1.4182454561894413,2.1134672601376643,3.743052184439129,-0.020475085943614395,0.044478252630669284,-0.029899454759761385,1.3340533,2.236292,3.7233193,-1.9480643409508502e-07,2.0232771799300053e-05,-0.0009471114811230308
18.797,1.4180407259397318,2.113912531967508,3.7427529994856594,-0.02047147223457817,0.04456909462345043,-0.0299324341920916,1.332094,2.2360775,3.7220583,-1.9446206644957442e-07,1.1469663347085657e-05,-0.001063618048911863
18.807,1.4178360263807885,2.114358781869772,3.742453488198739,-0.02046890684223138,0.044672638415734614,-0.029966827336328026,1.3312877,2.2358668,3.7220917,-1.952984716169226e-07,-3.530348923419524e-06,-0.0011927294734812577
18.817,1.4176108757297445,2.1148509368462687,3.7421235773571078,-0.02046890533170029,0.044839686644076976,-0.02995671191678744,1.3307002,2.2367594,3.7216985,-1.9925971894707573e-07,-2.960105563598603e-05,-0.001308324364767799
18.828,1.4174266549961132,2.1152547101586596,3.7418531741824355,-0.02047010081525447,0.044915149382665075,-0.030073521006106413,1.3294356,2.2354867,3.7227688,-2.080444589935837e-07,-7.464599303297348e-05,-0.001404080829311205
18.839,1.4172014459498457,2.1157496592182783,3.7415217342214557,-0.020480891429943505,0.04510704380526587,-0.03010803051645744,1.3306117,2.2363625,3.7218874,-2.1890087165132854e-07,-0.0001355971029943781,-0.001460393827446893
18.847,1.417017098860555,2.116155854591583,3.741249835556644,-0.02048828090492183,0.045188701587111545,-0.030234920471597922,1.3292099,2.2371244,3.7218797,-2.2415381861762285e-07,-0.00018782822524965326,-0.0014714670139701624
18.858,1.4168121208163584,2.1166085122342664,3.7409473591958973,-0.02050661055000234,0.04532865659287364,-0.030250976793244986,1.3289884,2.2376242,3.7221813,-2.2155134216106376e-07,-0.00026430634151664023,-0.001448414352980265
18.867,1.4166069219827673,2.117062557671351,3.7406448986990557,-0.020531770628133404,0.04546606025957848,-0.030239132987091872,1.329551,2.2379296,3.7217476,-2.0954792923078003e-07,-0.0003268202569577383,-0.0014086141360944993
18.877,1.416380866940472,2.1175635652789437,3.7403124656155327,-0.020567243965256755,0.04561195855581025,-0.030205958167203593,1.3288944,2.237279,3.7227952,-1.8826813574790435e-07,-0.00039349855166825876,-0.001356660853246261
18.887,1.4161955915401951,2.117974649813648,3.7400407107799514,-0.020602018857270154,0.04572673652300767,-0.030187539956267294,1.3296607,2.2374506,3.7234209,-1.627649641733342e-07,-0.0004546837666010717,-0.0013062478796150856
18.898,1.4159686820994806,2.1184784586930165,3.7397088379402788,-0.020650898258693116,0.04586164626238089,-0.030150201122578876,1.3288683,2.2377715,3.721788,-1.3063397386048337e-07,-0.0005142933101227598,-0.0012507471581875151
18.908,1.4157826037135177,2.1188917459379746,3.7394377647851247,-0.020695531207820726,0.04596748569678245,-0.030093081589067643,1.3294274,2.238856,3.7226675,-9.46383300615139e-08,-0.0005607696216802793,-0.0011929085722712784
18.92,1.4155546009403819,2.119398132505085,3.739107164474233,-0.02077272727863368,0.04612451217624547,-0.029954325240503378,1.3296051,2.2405112,3.7237146,-4.035495315690696e-08,-0.0006086245750376307,-0.0011101403786515363
18.929,1.4153675481255503,2.119813421983239,3.7388373840479807,-0.020807042981690487,0.04618475519973561,-0.029938200479703882,1.3291447,2.238834,3.7224429,5.599931185429341e-09,-0.0006398166381123005,-0.0010433754267475948
18.937,1.4151591440452629,2.1202758148888696,3.7385388327642084,-0.020868187749295542,0.04628285486555646,-0.029777369845716196,1.3281797,2.2370024,3.722877,4.5431095330172866e-08,-0.0006644108250544178,-0.0009877865346794579
18.948,1.4149501117464278,2.12073915134495,3.7382421487703628,-0.020932327325741164,0.046374230171084815,-0.02956430875336286,1.3279059,2.239779,3.7223442,1.0160070473830274e-07,-0.0006948939541606691,-0.0009115219453654788
18.958,1.4147404227660856,2.121203363952141,3.7379481253075313,-0.020999221051099262,0.04645853261373897,-0.02926547409358233,1.3276293,2.2408688,3.7215707,1.695114937305675e-07,-0.0007222555339265746,-0.0008205238811926918
18.967,1.4145300500303086,2.121668370510671,3.7376571272075028,-0.021068826246331298,0.04653357682354823,-0.028962855159350622,1.3284984,2.242446,3.7199366,2.4431695955229316e-07,-0.0007484132680555255,-0.0007229791245091377
18.977,1.4142978166737799,2.1221806728581223,3.7373406201760675,-0.021170928951319955,0.046621651869587236,-0.028567088904748645,1.3300433,2.2442987,3.7204332,3.3031061263955053e-07,-0.0007794768766133942,-0.0006152189512054207
18.987,1.4140859142841533,2.1226470109698394,3.737056235318948,-0.021247416819025963,0.04667230707539123,-0.028250974387251968,1.3314229,2.2465186,3.719623,4.005076341684344e-07,-0.000809736973561126,-0.0005315620870165461
18.998,1.4138945406853918,2.1230671378908172,3.7368030279450326,-0.021295312387914614,0.04669915269724138,-0.028007991041850124,1.3298233,2.2473707,3.7191012,4.3399153426548764e-07,-0.0008347796456398271,-0.0004948162524396338
19.008,1.4136597629067804,2.123581124461386,3.7364968067768274,-0.02138376429000589,0.04674870399817536,-0.027711352807384695,1.32876,2.2473786,3.7174547,4.078708624177807e-07,-0.0008440599558543482,-0.0005280164765757434
19.019,1.413445479563765,2.124048879190346,3.7362208859545833,-0.02146479689814345,0.04679855499339769,-0.027495917227684276,1.3277664,2.2478013,3.7171156,3.202044904782042e-07,-0.0008409386640146899,-0.000633470501940181
19.028,1.4132303875977625,2.124517185268371,3.7359471433082434,-0.02156815017765257,0.04687846332807267,-0.027219305930560274,1.3288529,2.2492726,3.7149553,2.206979861085756e-07,-0.0008336653462590604,-0.0007536350879178144
19.039,1.4130144936992322,2.12498616476712,3.7356756772777024,-0.021625245603398506,0.04693217067859257,-0.027057239942285927,1.3282032,2.2498627,3.7153082,9.12047219969736e-08,-0.0008264099893526833,-0.0009113533447973055
19.048,1.4128195098816616,2.1254089363105013,3.735432732428008,-0.021696504732735603,0.04701022795337379,-0.02695381788417698,1.3269113,2.2489178,3.7161527,-1.062145393859737e-08,-0.000823386786705349,-0.0010356514322626964
19.059,1.4125803278137474,2.125926694710997,3.7351365969552996,-0.021805323646044643,0.047150700605825976,-0.02682504576634842,1.3274506,2.2508118,3.7143083,-1.203546378114595e-07,-0.0008236864449848724,-0.0011688331220192083
19.067,1.4123839237115552,2.126351271922677,3.7348947915203135,-0.021854270384392655,0.047220488643286575,-0.026847146968591744,1.3276105,2.2510521,3.7145693,-1.818959938226783e-07,-0.000827630160630477,-0.0012422623732417648
19.077,1.4121430031443556,2.1268714798163506,3.7345995411867414,-0.021964038331408923,0.047387023732824635,-0.026763039850686617,1.3267144,2.25232,3.7133467,-2.3724060271845815e-07,-0.0008360355026271193,-0.0013062867097479725
19.088,1.4119451673362564,2.127298210102023,3.7343578614422315,-0.02201393589502913,0.04746487335419508,-0.026862324871524044,1.326201,2.2522395,3.7121341,-2.7904285060387224e-07,-0.0008464421732465865,-0.001352354040436765
19.097,1.4117245823730813,2.1277735648721388,3.734089057335525,-0.022095082174751795,0.047593748006109285,-0.026903357386991386,1.3279774,2.2529016,3.7120936,-3.080761352691752e-07,-0.0008545725560864526,-0.001383273446620592
19.107,1.4114809961584671,2.1282979657039647,3.7337924615693536,-0.022208520755543183,0.04777744863759269,-0.026932109945770184,1.3279184,2.252756,3.710909,-3.4109273405746876e-07,-0.0008626872555312914,-0.0014180546451516562
19.118,1.4112809568866587,2.128728228063724,3.733548741377981,-0.022259684281308853,0.04786147588738717,-0.02713302356372749,1.3279059,2.2532864,3.7113318,-3.8086028686379336e-07,-0.0008664479624611587,-0.0014599805441353197
19.127,1.411057904497494,2.129207605696105,3.7332765233251175,-0.022342481876521037,0.04800073013931406,-0.027300753183319027,1.326649,2.2524571,3.711075,-4.1248197879539816e-07,-0.0008629110301496823,-0.0014934556358268125
19.138,1.4108115937621348,2.1297365532614365,3.7329749705371174,-0.022456292178079228,0.04819966661897227,-0.02741164396762852,1.3247784,2.2515285,3.7086377,-4.426283806147069e-07,-0.000850236756181566,-0.0015252484616183892
19.149,1.4105868189579704,2.130218930745545,3.732699035619967,-0.022536879929079726,0.048345597283905736,-0.027571907329556365,1.3232769,2.2518628,3.7087839,-4.4912280250386516e-07,-0.0008332863976852067,-0.0015294775387157955
19.159,1.4103838368550365,2.130654314548501,3.7324492982430764,-0.022585251780827452,0.04843390501970581,-0.02781787385382384,1.3227737,2.252296,3.709171,-4.219270528516006e-07,-0.0008215519547896122,-0.0014924842411705441
19.168,1.410157552471984,2.1311394359068054,3.7321701231487303,-0.022663665425021753,0.04857524197847279,-0.028003869517948584,1.3239621,2.250558,3.7067084,-3.6871489283996084e-07,-0.0008192867967262707,-0.0014229003932397788
19.178,1.4099077359196757,2.131674651406156,3.731860705524528,-0.022749796407879802,0.04872138720749945,-0.028238694589656183,1.3235551,2.252544,3.7079833,-2.8125985584992463e-07,-0.0008283042152723574,-0.001311166762219429
19.187,1.4097026316860248,2.1321136975699297,3.7316054764721507,-0.022821196698101485,0.04883052551790314,-0.028452907301895668,1.3250248,2.2519054,3.7075768,-1.7625813208965724e-07,-0.0008440531788362904,-0.0011814748558727217
19.197,1.409473975475938,2.1326026063519974,3.7313197931533435,-0.02290226919178892,0.048937909697824855,-0.02865689611262261,1.3248341,2.2523243,3.7080219,-3.8690712411693085e-08,-0.000864233241108181,-0.0010175728043311238
19.207,1.4092444978041907,2.1330925004153833,3.731032212792584,-0.022985246197672667,0.04902902843772326,-0.02884182910981827,1.3234367,2.25281,3.7100337,1.099233779555675e-07,-0.0008797081933193951,-0.0008456950809465624
19.217,1.4090141826622222,2.1335832131172183,3.730742697237171,-0.023069493984480525,0.04910331493163884,-0.029040415335515934,1.321729,2.2521076,3.7126389,2.587563301403861e-07,-0.00088571813186622,-0.0006755882863647145
19.227,1.4087830222224105,2.13407457769845,3.730451325296502,-0.02315413110099169,0.049161179448925875,-0.0292031767066064,1.3222841,2.2512465,3.7110555,3.990286163713108e-07,-0.0008834959862493719,-0.0005141206982752777
19.238,1.4085277693194893,2.13461564149832,3.7301297039045664,-0.023272631725716048,0.04921774568469046,-0.029214301006013407,1.3217825,2.2513452,3.7087371,5.471491189013022e-07,-0.0008781824938512983,-0.0003407231628242968
19.248,1.4083181685303545,2.1350586292839373,3.729866398790527,-0.02332253378135708,0.04923016594711674,-0.029260111919440366,1.3214453,2.2537246,3.709277,6.891308474976654e-07,-0.0008745845825401943,-0.00017263924662103136
19.26,1.4080610685338808,2.1356002404595573,3.729544238020526,-0.023414520344340394,0.04924015824179954,-0.029309281700265803,1.3212916,2.2554033,3.711863,8.756143152766072e-07,-0.0008738347827543791,4.876463136982423e-05
19.268,1.4078499616819904,2.136043372307602,3.7292803932814773,-0.023489774324315434,0.04923204370412932,-0.029315071551003356,1.3219396,2.2561474,3.7116668,9.99491994946311e-07,-0.0008758342702641642,0.0001955830975326478
19.278,1.4076146026279701,2.1365355642856483,3.728987673831063,-0.02357371444525224,0.049206152695278296,-0.029223732259578833,1.3214272,2.2564733,3.7116563,1.135323822509804e-06,-0.0008799131812526895,0.00035620330133845357
19.287,1.4073547353273828,2.137076571240904,3.7286670432720235,-0.023692132194948885,0.04914710713294099,-0.02909053242594168,1.3208688,2.2575889,3.712629,1.2272951597225301e-06,-0.0008825734677913033,0.0004652835333125438
19.299,1.407141356222577,2.137518782971212,3.728405705675712,-0.02374261698142996,0.04911306507331536,-0.02899649169433755,1.3224645,2.257795,3.713064,1.3003729906202466e-06,-0.0008822181976833043,0.000554029377123122
19.309,1.4069034651917283,2.1380095946915643,3.7281163991964443,-0.023827109178742215,0.049054390337645914,-0.028867601128094382,1.3212156,2.2548728,3.712859,1.3229470674502863e-06,-0.0008781937727961875,0.000584537753884895
19.317,1.4066647308950553,2.1384998009123732,3.727828822119706,-0.023911244959137417,0.04899275800174733,-0.028646350204985807,1.3209387,2.2543766,3.711832,1.3266214713425484e-06,-0.0008709349453566162,0.0005925567128239884
19.327,1.4064251593312558,2.138989383750801,3.7275444293606146,-0.02399454336577279,0.048929847170346964,-0.028252608163331933,1.3205789,2.2555861,3.7100463,1.3418130810904927e-06,-0.0008568270725217708,0.0006151106699903153
19.338,1.4061606780163745,2.1395271794999062,3.7272364008948875,-0.024107786388879237,0.04883799936256626,-0.02782649235191017,1.3196298,2.2542872,3.7101994,1.4022185617079685e-06,-0.0008374022262018777,0.0006930860369962488
19.347,1.4059435575705532,2.139966560924873,3.7269874244634456,-0.024156306132229067,0.04878961315330893,-0.027554223458439567,1.3188281,2.2558174,3.711848,1.4877621694608933e-06,-0.000820483427814267,0.0008033996800502763
19.357,1.4057015636449464,2.1404539910818836,3.726713202034692,-0.02423438214912064,0.048702582943969515,-0.027311495193575026,1.3176249,2.2552583,3.7093914,1.6150616151122676e-06,-0.0008033465883867663,0.0009702903668653562
19.367,1.4054344792625348,2.1409890455914895,3.726414734952972,-0.024339828786257137,0.04855593654108287,-0.027020435657152952,1.3170687,2.2539983,3.7082033,1.7608859437245883e-06,-0.0007912319244836041,0.001164958336259403
19.378,1.405215272783742,2.141425778035066,3.7261731070212143,-0.02438641697190473,0.04847466139435437,-0.026746294691882246,1.3162023,2.2525742,3.706828,1.9262138239994897e-06,-0.0007870934571769794,0.0013874623023206745
19.387,1.4049709950118439,2.1419097523842803,3.7259066885882888,-0.02446164003070115,0.048331290463393344,-0.026569185495569973,1.3174628,2.2526307,3.7053845,2.063064671986581e-06,-0.0007914696751694095,0.001569931115861678
19.398,1.404701417447301,2.1424403346432976,3.725615158660755,-0.024566263290526996,0.048104078785576224,-0.026523176888964647,1.3170389,2.252743,3.7049665,2.240417728671673e-06,-0.0008052745190054722,0.001800309739687922
19.409,1.4044801654418761,2.142872870494425,3.7253772982491395,-0.024614512680545028,0.047984145120877036,-0.02641157077258166,1.3167183,2.2538278,3.7042649,2.434457592848105e-06,-0.0008225863116129162,0.002043534816692283
19.419,1.4042335894673266,2.1433515997172776,3.725113230463665,-0.024693066551771163,0.047778609082808975,-0.026408410482612613,1.3168933,2.253256,3.7019541,2.6213038974987057e-06,-0.0008364263964582008,0.002271226921966907
19.427,1.4039862205030138,2.143828151544013,3.7248490593311296,-0.02477292152390677,0.047550896351175514,-0.026429865036637676,1.3144238,2.252222,3.7001698,2.769260557755615e-06,-0.0008442545002851354,0.0024488473613195616
19.437,1.403738048132084,2.144302307939813,3.7245842565959886,-0.02485357346212698,0.04730188354321772,-0.026534582337858183,1.3155206,2.2523055,3.6996548,2.9445619382784116e-06,-0.0008492071810408675,0.0026583344616550875
19.447,1.4034890671166749,2.1447738632926914,3.7243179869722303,-0.024934564675583824,0.047032888696128865,-0.026715425572803465,1.3133957,2.253967,3.7004893,3.110360260905054e-06,-0.0008520219886678504,0.0028569975600829522
19.459,1.4032142512166195,2.145289338760047,3.7240224332477587,-0.025046930665527396,0.0466331442873037,-0.027120477750382448,1.3121531,2.2549293,3.6996038,3.2995788306067197e-06,-0.0008560945468740755,0.003084393143335973
19.468,1.4029886693944023,2.1457084025800897,3.723778256276053,-0.025097316387415282,0.046438613563598456,-0.02723534717323426,1.3128786,2.2563965,3.7014923,3.4278374290153124e-06,-0.0008631075503902075,0.003238332411271916
19.478,1.402737244036868,2.146171026505056,3.7235044627289353,-0.0251797169200528,0.04611594862843235,-0.027492932121301012,1.3143259,2.2588692,3.700793,3.546072472104811e-06,-0.0008782806323628378,0.0033789108883834906
19.489,1.4024849863885411,2.1466303478317723,3.7232283261601418,-0.025263734408333596,0.045780079507842054,-0.027706149521318713,1.3128417,2.2588542,3.7008038,3.630599424653269e-06,-0.0009017438020193502,0.0034781482657142426
19.499,1.4022318770570006,2.147086259850854,3.7229503291145614,-0.02534987176732171,0.04543588840966323,-0.027875869455311644,1.312192,2.2576435,3.6997302,3.6478862632804976e-06,-0.0009226035985694381,0.003500712408651019
19.507,1.4019524482151577,2.147583769996634,3.722642481927841,-0.025473141858964054,0.04495759374484699,-0.028204210546507784,1.3131273,2.2586584,3.698142,3.6186956924311175e-06,-0.0009366612780281613,0.003472697360054511
19.517,1.401697485231512,2.1480324403137843,3.7223610972469325,-0.02556365620270909,0.04461762541583599,-0.02832196473967124,1.3118825,2.2596383,3.6980224,3.54539938918208e-06,-0.0009507078581290074,0.0034006741041654465
19.529,1.4014672435282611,2.1484333571597354,3.7221067052315164,-0.025618924545253392,0.04441330713671008,-0.02832957676189104,1.3125056,2.2604256,3.6992247,3.432670803604765e-06,-0.0009613252513300807,0.0032913460817560747
19.538,1.4011848298188496,2.1489197499326687,3.7217937370994085,-0.025719947226123835,0.044056110479785485,-0.028563919144583408,1.3115535,2.2617037,3.6983237,3.3434405892762697e-06,-0.0009660114509806306,0.0032060011416241707
19.549,1.40095293528928,2.149314830459898,3.7215355234808394,-0.02580298495392795,0.04377233196310877,-0.02879404747904767,1.3104546,2.2622209,3.698034,3.234302806909284e-06,-0.000968936502346196,0.0031022764746535536
19.559,1.4006684922818606,2.1497942963258256,3.721217000252315,-0.02590470750142844,0.043435773633849074,-0.02909471570892549,1.3109679,2.2615378,3.6979263,3.130225360692407e-06,-0.0009706505548390254,0.003003104164702286
19.568,1.4004349331556394,2.1501838795307937,3.7209538844978223,-0.025988085746088303,0.04316925875543371,-0.029348865165427375,1.3110075,2.2625206,3.697974,3.0283871748082447e-06,-0.0009735850755876463,0.002905677838581866
19.578,1.400174541340027,2.150613990128566,3.7206588571260193,-0.026081054569814754,0.0428832683365543,-0.029626756768766024,1.3103634,2.2631922,3.6967525,2.909812162776859e-06,-0.0009786526568218434,0.00279252400832819
19.589,1.3999132171610087,2.1510413016344363,3.7203610780083936,-0.026174520585419712,0.0426083685420324,-0.029902694710960867,1.3094085,2.2636254,3.697133,2.776997357401001e-06,-0.0009845308410225684,0.0026664686494459744
19.599,1.3996509556046381,2.1514659261452684,3.720060424602882,-0.02626847112442122,0.04234477420988971,-0.030201317513081378,1.3085566,2.2635412,3.6967523,2.6529347181281082e-06,-0.0009892291278124077,0.0025490012824347374
19.609,1.3993877520641655,2.151887977894444,3.719756743788239,-0.026362870821836793,0.04209271437269307,-0.030504232100214707,1.3086313,2.2630675,3.6951096,2.5246841417470023e-06,-0.0009941668456585617,0.0024276968517638053
19.619,1.3991236018837006,2.152307573979676,3.7194500909589596,-0.026457768683960298,0.041852492607365004,-0.030794918662800378,1.3082091,2.2634108,3.6969347,2.3960280071122497e-06,-0.0010008250502724358,0.002306651283237482
19.627,1.3988584992544997,2.15272483294477,3.7191405808072937,-0.026553327242163676,0.04162403611532701,-0.031077077934239014,1.3067396,2.2630084,3.6964185,2.2985550929277565e-06,-0.001007546886804711,0.002215990871421436
19.638,1.3985924364665068,2.153139867931742,3.7188283686364216,-0.026649743079439306,0.04140639438179899,-0.03133469789961968,1.305737,2.2634134,3.6963441,2.1797171969595297e-06,-0.0010184176434764325,0.002107526123014569
19.648,1.3982986470484766,2.153593956312126,3.7184821272558133,-0.02678947100446482,0.04111295019359358,-0.03164713398512702,1.3073535,2.2645683,3.6959736,2.0925641024405195e-06,-0.0010313238733976604,0.0020305636285846695
19.658,1.3980573901517372,2.1539636466165857,3.7181968462207236,-0.026845973985961686,0.04099673992598019,-0.0317784104467685,1.3071917,2.2655466,3.699231,2.023817575746989e-06,-0.001048425223207694,0.0019725237219754277
19.668,1.3977614223069572,2.1544133146937963,3.717846258358205,-0.0269905941346403,0.0407199257357667,-0.03197951678270127,1.3071237,2.2676895,3.700114,1.9609101826745245e-06,-0.0010660973273699526,0.0019208493845632724
19.679,1.3974912931304648,2.1548200796960684,3.7175268173508136,-0.027093580777852996,0.04053148127557748,-0.03197971089851533,1.3086443,2.266575,3.7001197,1.87665835937878e-06,-0.0010808985245116531,0.0018503778994189979
19.687,1.3972201310856258,2.155224975620643,3.71720805709299,-0.027197547738087885,0.040350748299390796,-0.03186305439086588,1.3070583,2.2670066,3.6998472,1.7902803728375716e-06,-0.0010864353862998222,0.001775901597776297
19.698,1.3969479274387757,2.155628086016202,3.7168907217941167,-0.027301627572890685,0.040180850915322246,-0.03169441412440481,1.3052188,2.2670376,3.6993706,1.6405861718027381e-06,-0.001083349723254301,0.0016439915867363375
19.709,1.396702054037609,2.1559894514705995,3.7166066978323338,-0.02736073235819594,0.040087668978882336,-0.03147187343897432,1.3048373,2.2659454,3.6997867,1.4759904978234317e-06,-0.0010699576910369046,0.0014952107622270283
19.719,1.3964278808422057,2.156389493786251,3.716293333936044,-0.027463413070307557,0.039937958273815986,-0.03122045102971792,1.3054155,2.26683,3.6990135,1.3343901716922346e-06,-0.0010560643374466494,0.0013642916963609864
19.727,1.3961251132249815,2.156827897605925,3.7159518658516117,-0.027607249313411096,0.0397480578695601,-0.03091475932099698,1.3049197,2.265851,3.6986055,1.2407211276155294e-06,-0.001047450573315345,0.001276803348681188
19.737,1.3958764874934764,2.1571854143116678,3.715675033350143,-0.0276651519511259,0.03967412237395456,-0.030657777394800908,1.3058492,2.2666805,3.6984594,1.1557880768009454e-06,-0.0010407878082321353,0.0011978626198643205
19.747,1.3955715121541103,2.157621034572161,3.7153393297767052,-0.027774860262320854,0.03954249335011814,-0.03040433033395635,1.3063382,2.2666793,3.6983354,1.1093274050466562e-06,-0.0010375700256837206,0.0011563601034780824
19.757,1.3953210907551088,2.1579763917272743,3.7150667575879903,-0.02786435920235864,0.039437612319163685,-0.030188460261978193,1.3060527,2.2689161,3.6992798,1.0949857855990786e-06,-0.0010341319705773344,0.0011463521894561346
19.767,1.3950419019238798,2.1583701291861637,3.71476632690258,-0.02796340817190075,0.03932139606936451,-0.02990856741432457,1.3056185,2.2693474,3.700109,1.0981147440247696e-06,-0.0010256735508806791,0.0011534891145772441
19.778,1.3947336557902401,2.158801893024741,3.7144397730612746,-0.02810108527118977,0.03915874406152186,-0.029508583640076,1.3038454,2.269234,3.7005703,1.0908364824757655e-06,-0.0010076122539004473,0.0011506845888047401
19.789,1.3944805798890343,2.159154103892063,3.7141761413903214,-0.028157909797735012,0.03908823399745546,-0.029132282584917978,1.3035299,2.2691,3.6993508,1.0512023518316482e-06,-0.0009813714577209254,0.001114409014623785
19.798000000000002,1.3941984815954789,2.159544362270049,3.71388714675928,-0.028251928056729252,0.0389755333211662,-0.028706252611422605,1.3035725,2.2710133,3.6980202,9.963422904490926e-07,-0.0009579419190672844,0.0010598167108621936
19.809,1.393915457149667,2.159933525620851,3.713602436313647,-0.028343401532083177,0.038868969700797014,-0.028283109552839282,1.301709,2.2734327,3.6986823,9.141346639651715e-07,-0.0009319063440278441,0.0009741040420583325
19.821,1.3936315311882215,2.160321665457428,3.713321648716424,-0.028432523776923464,0.03877028169806386,-0.027918199387813574,1.3023962,2.2714286,3.6970928,8.074528228263489e-07,-0.000909481378829291,0.0008586448633391974
19.828,1.393346724732216,2.1607088685714317,3.7130444830400617,-0.02851977871680504,0.03868099113885039,-0.027553721749918516,1.3047308,2.273117,3.6968496,7.321590684838952e-07,-0.0009007809239673925,0.0007755541072929084
19.837,1.3930324387002138,2.1611338370282738,3.7127438477439396,-0.028614369034103176,0.03859624245478974,-0.02713576920600802,1.304369,2.2743108,3.696327,6.251120048261782e-07,-0.00089374789247465,0.0006565556845692377
19.849,1.3927745252880246,2.1614809076078494,3.7125014617571237,-0.028691094043690458,0.0385387513122123,-0.026770773468819134,1.3039184,2.271964,3.6941063,4.7571290018311174e-07,-0.0008827323417524013,0.0004891728228204606
19.857,1.392487149853164,2.1618660045067073,3.71223581045569,-0.028775343242125537,0.038488022210476765,-0.026402293630380474,1.301727,2.2732742,3.6927743,3.7558886756272614e-07,-0.0008695040310682245,0.00037491745124684783
19.867,1.3921989410482347,2.1622506708667375,3.7119737257127694,-0.028857796319302506,0.038451133824456175,-0.026059246449328534,1.3013644,2.2715037,3.6934981,2.6552264387191826e-07,-0.0008449804082912848,0.00024542677606076424
19.877,1.3919099216644237,2.1626350370793634,3.7117146550509634,-0.028937626345982192,0.03842636791288109,-0.025788754247523967,1.3016511,2.2715027,3.6924357,1.8317309979920537e-07,-0.0008158745221003016,0.00014417669861410687
19.888,1.391620119910136,2.1630192081775856,3.711458065472848,-0.02901455171964943,0.03841057407124945,-0.025564969363280187,1.299231,2.2704244,3.6900904,1.3522466169035852e-07,-0.0007848670039773964,8.264587870288054e-05
19.898,1.3913295644641077,2.163403250262366,3.711203220251226,-0.029088689831907398,0.03839931616676694,-0.025429685023322546,1.2979835,2.2700298,3.68785,1.3181230329450955e-07,-0.0007603043525659103,7.898361403446685e-05
19.909,1.3910091136338436,2.163825568075115,3.7109239530172395,-0.029167526250369127,0.03838629996806675,-0.02536951618676016,1.29915,2.2713373,3.6874297,1.6909684052990315e-07,-0.000742001957453553,0.00013292656184527019
19.917,1.3907462898049707,2.16417097188981,3.710695517740385,-0.029230625145987996,0.03837079528749575,-0.025397787556045097,1.2984291,2.2718647,3.6882977,2.1898230961880927e-07,-0.0007369232003631154,0.0002054270616804743
19.929,1.39045360034713,2.164554544975295,3.7104413300805503,-0.02930029831979031,0.038344681208748954,-0.025433194900826663,1.2974144,2.2709756,3.6883726,3.11977503386629e-07,-0.0007397232580448332,0.0003399486145418962
19.937,1.3901308355881157,2.1649760998920775,3.710161396555896,-0.029377315753015203,0.038303227049841015,-0.025469034517783307,1.2962027,2.2718687,3.6880653,3.735631697310282e-07,-0.0007455586288807048,0.0004281248255608716
19.948,1.3898661220095303,2.1653206179199818,3.7099317649519112,-0.029440965400086987,0.03825983343116631,-0.025558144840402388,1.2968059,2.2725248,3.688046,4.49733118301765e-07,-0.0007563113959179191,0.0005358700300148733
19.959,1.3895713192256025,2.165702910001996,3.7096754131720404,-0.029512605447149367,0.03820288910862018,-0.025704814963301667,1.2971711,2.2725496,3.6878552,5.113519758737084e-07,-0.0007697006131732742,0.0006220051043270836
19.969,1.3892757937015727,2.1660845901049433,3.709417451576712,-0.029585420560625537,0.03813851436602909,-0.025871798054879935,1.297153,2.273435,3.6873817,5.512498750803729e-07,-0.0007818462099495882,0.0006777051653621413
19.978,1.3889795335013282,2.1664655953296514,3.7091578116948343,-0.029659392206505035,0.03806878250737211,-0.02604028425233247,1.2962257,2.2725992,3.6872506,5.751058136382881e-07,-0.0007897879607252634,0.0007116784222240824
19.987,1.388682528856807,2.166845882512792,3.7088964033677834,-0.029734147291696503,0.03799553344751544,-0.026223716082652396,1.2945293,2.2731173,3.6861305,5.89048473109699e-07,-0.0007930035545760106,0.0007328650481999155
19.998,1.3883847748465685,2.167225424570602,3.708633257542623,-0.029809149758389098,0.03792012490677289,-0.02638531200850999,1.2959124,2.2730625,3.688222,6.012844089298142e-07,-0.0007912280716966258,0.0007527841487577902
20.008,1.3880563803101023,2.167642037718796,3.708341988700694,-0.029912346618242873,0.03781459425021884,-0.026563460573048557,1.2948289,2.2732656,3.689136,6.161171288709966e-07,-0.0007881824284088346,0.0007758710776242239
20.019,1.387757056422456,2.168019951021052,3.708075576622641,-0.029986845320578413,0.03773368087466321,-0.026713505924886957,1.2964165,2.2739449,3.6895392,6.42573301234961e-07,-0.0007846252008496535,0.0008144986400453469
20.028,1.3874870295976773,2.1683593740672698,3.707834620736826,-0.03003263038152975,0.03768000857288357,-0.026822361138633184,1.2960234,2.275269,3.6888778,6.734722965973106e-07,-0.0007816914735174763,0.0008582036384359171
20.039,1.3871561827097636,2.168773276731846,3.7075391016705046,-0.030113885055585397,0.03758277752724792,-0.026885600822452522,1.2949238,2.276863,3.6860077,7.165372970519002e-07,-0.000775111350027391,0.0009187478556178519
20.049,1.38688482755978,2.1691111028799575,3.7072971314243373,-0.030179815922315553,0.03749840134759942,-0.026882017364220703,1.2956126,2.2759464,3.6865695,7.470748428772822e-07,-0.0007639175710960622,0.0009630728349283579
20.059,1.386582631314484,2.1694855522962215,3.707028341258989,-0.030251989982129687,0.03740076630977489,-0.02688462465459095,1.2956941,2.2781608,3.6857798,7.558930086304372e-07,-0.0007489477371223074,0.0009789807521087823
20.067,1.386279721478933,2.1698590154138704,3.706759217821671,-0.03032263673110162,0.03730177982787618,-0.02693911519131521,1.2949169,2.2781472,3.685527,7.470078156046611e-07,-0.000734518775291626,0.0009698477684705331
20.077,1.3859457168967004,2.1702686900627137,3.7064622960933384,-0.030417529144288576,0.037169612890496105,-0.027059626898275214,1.2936401,2.278583,3.684817,7.163516126951208e-07,-0.0007131726128086768,0.0009298657719876147
20.088,1.385641368039509,2.170640127642192,3.706191171527273,-0.030483351898363896,0.037079267151786284,-0.027177311210135315,1.2938739,2.2794065,3.6850052,6.62116310223837e-07,-0.0006872305697922521,0.0008529987927099469
20.097,1.385336368117219,2.171010684286636,3.7059188399488816,-0.030546897565695674,0.03699695820948021,-0.027298751242820933,1.2935439,2.2782118,3.6837397,6.086942292427011e-07,-0.0006672038887676202,0.0007731446538739029
20.108,1.385030739217693,2.1713804440123585,3.7056452422917867,-0.03060841223821895,0.03692395727264164,-0.027416277993807983,1.2932212,2.2771835,3.6828907,5.404556109311898e-07,-0.0006458323732889681,0.0006669431704806605
20.117,1.3847551514747132,2.1717126232249235,3.7053981220863554,-0.030644848942739288,0.036882707683552174,-0.0274927108468358,1.2936391,2.2775433,3.6820698,4.923613285967576e-07,-0.0006306808845710776,0.0005897295784631496
20.127,1.3844483787132522,2.1720811185604423,3.7051227367892663,-0.030703574909202568,0.03682334991588747,-0.0275824662945588,1.2923794,2.2766292,3.6827781,4.5863189956918404e-07,-0.0006154209435367264,0.0005345027516390211
20.138,1.384141027142397,2.1724490480109977,3.704846101801802,-0.030760767755353913,0.036768425670593775,-0.027739361154375225,1.2917835,2.2769778,3.6824203,4.510254818512749e-07,-0.0005984628651707347,0.0005227977114099502
20.148,1.3838331121466105,2.1728164328861297,3.7045676232996416,-0.03081640801643344,0.03671368460878139,-0.027940925715790196,1.2922109,2.2769606,3.6811116,4.740853967177827e-07,-0.0005810490705560056,0.0005655129826811489
20.157,1.383524649295431,2.173183250763411,3.704287105299346,-0.03087050320501361,0.03665476716494638,-0.028140105121716805,1.2918363,2.2766147,3.6814344,5.057891030446626e-07,-0.000568857811293455,0.0006251286974339187
20.167,1.3832156537157665,2.1735494397432764,3.70400463701307,-0.030923107710669123,0.03658821062995475,-0.028334420849296854,1.2899101,2.2792563,3.6795657,5.555026110215522e-07,-0.0005536577794336139,0.0007212055825749353
20.177,1.382875161074949,2.1739514144568166,3.703691715625678,-0.030994628202566408,0.03648039911292927,-0.028541915828881454,1.2894686,2.2785344,3.6797361,6.083434236359153e-07,-0.0005381612681842896,0.0008271507791866028
20.188,1.3825961239466298,2.174279562236942,3.703434348429958,-0.031023866692252964,0.03642549409867391,-0.028654849552244725,1.2878618,2.2798958,3.6798885,6.536272518786745e-07,-0.0005241426997351084,0.0009231271323932866
20.197,1.3822856179711835,2.174643303877051,3.703146725049377,-0.031072322951077036,0.03633120978731513,-0.02885912544493369,1.2848498,2.2800157,3.6792393,6.756530392948434e-07,-0.0005170084004744169,0.0009734924894573282
20.207,1.381974631619213,2.1750060738523422,3.7028568478509456,-0.031120115332828876,0.03623218747973142,-0.029092137156708525,1.2852858,2.2801645,3.6796598,6.830985945782686e-07,-0.0005160469910521215,0.0009954283756381521
20.217,1.3816631672106148,2.175367843628045,3.702564715549828,-0.031168094607690475,0.0361318614191643,-0.029313986712825306,1.2862706,2.2811291,3.6792612,6.741477527327788e-07,-0.0005275232550836506,0.0009846417430887655
20.228,1.3813512160931827,2.1757286172630823,3.7022703830932286,-0.031217538953322837,0.036033191753816016,-0.02952592216689465,1.2841198,2.2804577,3.6775725,6.50207085506338e-07,-0.0005551604961757661,0.000947357397687032
20.239,1.3810387567458033,2.1760884226397015,3.701974120760595,-0.03126962067278186,0.03593809936103616,-0.029706875249914638,1.285501,2.2801538,3.674514,6.165575179295502e-07,-0.0005911931630606659,0.0008963788462534872
20.248,1.380725759180836,2.1764473018416837,3.7016759707733327,-0.031324923440206806,0.03584755299628046,-0.029908821649157615,1.2838694,2.2810163,3.6738753,5.88821622571345e-07,-0.000623517213496072,0.0008575309066931602
20.258,1.3804121896253794,2.176805299100357,3.7013754939144117,-0.03138367837567962,0.035761108674350464,-0.03017458709262169,1.2841641,2.278809,3.6732607,5.666465874298865e-07,-0.0006582903404579454,0.0008302662507051473
20.268,1.3800665621535195,2.177198115823183,3.701041230008477,-0.03145208594367714,0.0356687743276783,-0.030576840354194133,1.2827296,2.2802753,3.6748238,5.582893400912781e-07,-0.0006896371488798181,0.0008241006272542428
20.277,1.3797516845181907,2.1775543433183047,3.7007332672327524,-0.031517363511651166,0.035584870922967596,-0.03097946964487761,1.280427,2.2818148,3.674817,5.690298365834678e-07,-0.0007142744119255084,0.0008437745601668212
20.287,1.3794677249151228,2.1778742197407115,3.700452650606236,-0.03157833109716633,0.035506873361794276,-0.03133045526283382,1.2810707,2.2816226,3.6736698,6.005435695399797e-07,-0.0007395912887693257,0.0008905363161515467
20.297,1.379151557814502,2.178228790404795,3.700137510211929,-0.03164851129814847,0.03541553088233625,-0.03166281765837638,1.2797868,2.282115,3.6724677,6.387812572228313e-07,-0.0007681495561944196,0.0009433632191320207
20.307,1.3788346734009143,2.178582419855194,3.699818945682425,-0.03172157983347996,0.0353192429220285,-0.03202197704424059,1.2809001,2.28066,3.6734428,6.718055374221876e-07,-0.0008019376924588428,0.0009865830786970342
20.318,1.3785170401048907,2.178935064482324,3.6994965070450663,-0.03179804324942744,0.03521920143680759,-0.03242744217973206,1.2811007,2.2816718,3.6745226,6.94357281005864e-07,-0.0008453108078629867,0.0010148118519008875
20.328,1.3781667341962034,2.1793218016068074,3.6991372963599507,-0.03188669380669805,0.03510651834247518,-0.032836116368040534,1.2801392,2.2818475,3.675119,7.085995754607666e-07,-0.0008862921431269655,0.0010320663750298387
20.34,1.3778793756813201,2.1796372926043714,3.6988402871026382,-0.03196280278021343,0.03501279219341091,-0.03313083385115355,1.2815597,2.2812808,3.6734192,7.259055703201511e-07,-0.000930160513283429,0.0010521467106330284
20.35,1.3775272071442541,2.1800217369794614,3.698473732504533,-0.03205968070015204,0.03489641228602147,-0.03348096882883317,1.2822056,2.2807553,3.672384,7.445856606835832e-07,-0.0009598531174472846,0.0010727140718587158
20.357,1.3772382621371437,2.1803353209038145,3.6981710167822417,-0.032141555449944105,0.03479936689914097,-0.03375855052626826,1.27998,2.2799509,3.6731267,7.636482060036087e-07,-0.0009753314399087998,0.0010929003373809643
20.367,1.3768840932453226,2.1807173861164766,3.6977976282118075,-0.0322774465337686,0.034638783447924724,-0.034101314249556564,1.2797925,2.2812626,3.6727383,8.06183741985933e-07,-0.0009881724492593058,0.0011367877894321587
20.377,1.376561138819885,2.1810635254100927,3.6974551882150952,-0.03237190994515578,0.034519885522454635,-0.03437133725033367,1.2811319,2.283372,3.6743195,8.747049164981036e-07,-0.0009932926917892715,0.001206654307942312
20.387,1.3762696740799152,2.181374024485988,3.697144873333021,-0.03242275146793643,0.03444992784322213,-0.03455875919087789,1.2823347,2.2835214,3.6729777,9.611616045290816e-07,-0.00099490239428901,0.0012945734574079104
20.398,1.3759123996005547,2.181752110510526,3.6967640148387,-0.03256120917777178,0.034257158867356564,-0.034681659216485104,1.281786,2.2832828,3.6740077,1.0455945558263124e-06,-0.000992367832632901,0.0013805199098211318
20.408,1.3756192342953049,2.182060228489548,3.6964515845088655,-0.032611547858202604,0.0341792908767791,-0.03475728970134648,1.2812684,2.283643,3.6726744,1.0913683592406187e-06,-0.000982594458524666,0.0014276144676248492
20.417,1.3752598916440462,2.182435259220502,3.696068417826104,-0.03271386598818227,0.03402195573496678,-0.03489998214272008,1.2806219,2.284073,3.6716912,1.1052183985782449e-06,-0.0009666724879715538,0.00144227925998619
20.428,1.374932250669831,2.182774686764462,3.695718645118236,-0.03283797594445133,0.033827748925745804,-0.0350589092516278,1.2792308,2.2835598,3.6724014,1.0947484074819158e-06,-0.0009401924423024788,0.0014312315179654256
20.439,1.3746366065064164,2.1830789465678238,3.6954026324203952,-0.03288463978228836,0.033749813291051284,-0.035165010319237314,1.2795373,2.2844932,3.6720493,1.066776514235812e-06,-0.0009108504645807258,0.0014003408751022128
20.447,1.3743072838182988,2.1834156730259835,3.6950504494212546,-0.03297086336201869,0.03360995461463912,-0.03525867415450591,1.2782769,2.2834313,3.6695604,1.0462151145418375e-06,-0.0008913954897793452,0.0013768320881681895
20.457,1.3739771120423752,2.1837510167112124,3.69469727730877,-0.03305475086967074,0.03347290636208258,-0.03536872038746782,1.277297,2.2842407,3.6707077,1.0265134378073526e-06,-0.0008710989604594488,0.0013537219687935753
20.468,1.373612967302373,2.1841183262827584,3.6943073440923646,-0.03317533722983616,0.033276624214590406,-0.03553486617006849,1.2751898,2.2823255,3.6683822,1.0192000807762724e-06,-0.0008556070669403226,0.0013450355515183254
20.477,1.373314299760253,2.184417640495421,3.69398699635382,-0.03321750241731801,0.03320327580249091,-0.0356552740221433,1.2747477,2.2815928,3.6692228,1.0255659415037144e-06,-0.0008494867120214522,0.0013529742883613416
20.487,1.3729816833254382,2.1847489279808725,3.6936296032004035,-0.0332977518388946,0.033067409264924436,-0.035807156554825435,1.2722417,2.2803116,3.6668773,1.0519099280514865e-06,-0.0008515360361980306,0.0013851682663892362
20.497,1.3726482627572552,2.1850788376335126,3.6932707332967114,-0.033378443737135416,0.032927574538758775,-0.035953854429385076,1.271637,2.2810323,3.6688404,1.1087845361856807e-06,-0.000863636512032695,0.001453057845354877
20.509,1.3722805594210654,2.185440075127298,3.6928741038444586,-0.033500851774258676,0.0327087099887549,-0.03616513370179567,1.2714353,2.279454,3.6693764,1.2289705644263904e-06,-0.0008933056977253884,0.0015908826396806575
20.52,1.3719454053345375,2.1857668505095718,3.6925119322958135,-0.03358724417025351,0.03254260985525774,-0.036291860412784885,1.2707733,2.2797372,3.66968,1.3847420383683584e-06,-0.0009338851936231407,0.0017595561181407149
20.528,1.371643023552379,2.186059508625782,3.692185180717974,-0.03363367664281017,0.0324463897142068,-0.03632947568528755,1.2711475,2.279439,3.6689682,1.5224307201577858e-06,-0.0009681676692130381,0.0019008029870981602
20.539,1.371306181045899,2.186382932712018,3.6918217316728366,-0.03372628590591862,0.03225459258449525,-0.03635103119975765,1.2717674,2.279399,3.666076,1.7370458538223943e-06,-0.0010169803018582613,0.0021094830702566014
20.549,1.3709683884475634,2.186704336690993,3.6914582467938137,-0.03382323671556122,0.03204413426515957,-0.0363460943697528,1.2720822,2.2784262,3.6667235,1.944889506333425e-06,-0.001057980882436027,0.002301399282671923
20.557,1.3706296042026032,2.18702353304818,3.6910946764716583,-0.033924116942765245,0.0318150205741988,-0.036371570770378434,1.2721158,2.2816737,3.6661785,2.110790520148953e-06,-0.0010851645606577698,0.002449433051753047
20.567,1.370255754431208,2.187371881261539,3.690694318097131,-0.03407899496213797,0.03144731829386242,-0.03645126351786885,1.2738159,2.2819579,3.6654463,2.3111440929923788e-06,-0.0011092177744922438,0.002624563383132106
20.576999999999998,1.3699489291312936,2.187654580492167,3.6903667725694382,-0.034134283001897,0.03130420215132334,-0.03638206719722064,1.2746568,2.282158,3.6639814,2.479121274490126e-06,-0.0011208107843065918,0.0027697063273692812
20.588,1.3695727465839567,2.187997108421089,3.6899665711873286,-0.03425183990543604,0.030999266730477107,-0.036396664828542445,1.2740238,2.281814,3.663111,2.599582827222946e-06,-0.0011166673218054868,0.002873875459115549
20.597,1.3692296440608729,2.1883055361412773,3.689602151293988,-0.034357794279254686,0.030713961460681623,-0.03648485310930877,1.2733723,2.2804775,3.664334,2.6449683296903004e-06,-0.001099081407502922,0.0029137766130702403
20.608,1.3688854936724164,2.1886110903923606,3.689236853573259,-0.034461446960308534,0.030425485573008462,-0.036550818493814065,1.2738473,2.2801938,3.6633563,2.6550320022522556e-06,-0.0010637076748216678,0.00292278161141013
20.619,1.368540324273928,2.1889137554160616,3.688871418931037,-0.03459949334955798,0.03002964188373039,-0.036584017327943634,1.2718467,2.280573,3.6635149,2.6557945673744143e-06,-0.0010200416105057286,0.0029236436770934127
20.63,1.36822883113648,2.189183681944105,3.688542730441067,-0.03464870389898246,0.02987605374850329,-0.03651421113059528,1.270003,2.2825875,3.6642485,2.6769634251522234e-06,-0.000973648236533009,0.0029458210021786613
20.637,1.3678818311650305,2.189480843332681,3.688177661468151,-0.034741354779315045,0.029584830536502977,-0.03650183022817451,1.2689376,2.2820501,3.6642497,2.7034673149017863e-06,-0.0009460558341238823,0.0029747878117274418
20.647,1.3674990867680858,2.189804330414179,3.687776456368803,-0.034872417164223506,0.029149533302881222,-0.036499851000269444,1.2690407,2.2830184,3.667066,2.7464129956911165e-06,-0.0009147315196136319,0.0030239702415428837
20.657,1.3671851472311294,2.1900663176717106,3.6874487402689153,-0.034916470091668206,0.028989219331064697,-0.03638211955734758,1.266607,2.282612,3.6671019,2.7821486305867893e-06,-0.0008971337560597092,0.003066876763259785
20.668,1.3668005055480925,2.190383194222793,3.6870493582936845,-0.035042093849847036,0.028542631970353217,-0.036297793680237576,1.2662873,2.2835298,3.666698,2.7997594944650928e-06,-0.0008928100516807369,0.0030897581077558023
20.678,1.3664850367832189,2.190639710003167,3.686723801974474,-0.03508600445771141,0.028379470163551888,-0.03611624598824985,1.2662456,2.2831142,3.6675797,2.7921523972906925e-06,-0.0009014418934265578,0.003083463367767436
20.687,1.3661337065841619,2.19092182696865,3.6863635494862286,-0.03517171536293238,0.028074754639043117,-0.035941998215692876,1.2655048,2.282422,3.6671352,2.7647887090864742e-06,-0.0009169967438888982,0.0030550627969567756
20.697,1.3657462413972086,2.1912286566447707,3.6859697863242338,-0.035301522211558224,0.02763605551059454,-0.03571116641523924,1.2652441,2.2814572,3.6666372,2.717019858877734e-06,-0.0009382111800491089,0.003005598164950385
20.708,1.365428425062387,2.1914770112742525,3.6856502500222734,-0.0353490031462309,0.0274767650856647,-0.03537105880511195,1.2635919,2.2799258,3.667212,2.6617681125884474e-06,-0.0009614295712205845,0.0029499792034757277
20.72,1.3650389817447994,2.191777325510739,3.6852635372337907,-0.035450069832301825,0.027155735811958653,-0.034967117732445055,1.2639505,2.2808385,3.6662776,2.6286339842584994e-06,-0.0009831071298815885,0.0029186599063022456
20.729,1.3646839668177682,2.192047289477388,3.6849160561144236,-0.0355438076391805,0.02686606932605782,-0.034573236888588134,1.2624215,2.2804756,3.6667218,2.640486323812752e-06,-0.00099766845471283,0.0029324513358290893
20.738,1.3643636449998784,2.1922877756754016,3.684606573102136,-0.035629497305110634,0.026603948937119606,-0.03423776147728225,1.2640218,2.281446,3.6672454,2.6831063912879927e-06,-0.001011008273891889,0.002976274452019645
20.75,1.363971084052642,2.1925784694352997,3.6842325285243263,-0.035735850042859736,0.026277781627983478,-0.03379797404395233,1.2652435,2.2818227,3.665834,2.7699900027045032e-06,-0.0010282698745909258,0.0030625242400463826
20.757,1.36364902053929,2.19281360680688,3.6839304461859315,-0.03582418483801656,0.026004344011952427,-0.03337217587715487,1.2656069,2.2840886,3.6646802,2.8223734940269196e-06,-0.0010365459860297577,0.0031134531945222754
20.768,1.3632902339042725,2.1930719481732357,3.683599409144028,-0.035923351596133725,0.025693949966579,-0.03288039511699851,1.2650524,2.2850065,3.6633472,2.8827219509253155e-06,-0.0010416434272455533,0.003171396409406224
20.777,1.3628944207016622,2.193352505818333,3.6832410495348418,-0.036066169948593,0.02524485281283869,-0.03237825337902818,1.2654167,2.2854939,3.6624913,2.8886059624255722e-06,-0.0010354204899436503,0.00317664918780336
20.787,1.3625696833036351,2.193579220692157,3.6829519420202868,-0.036121150449775645,0.025065394737806685,-0.03196727976558932,1.2637968,2.2851946,3.6616309,2.832970169563964e-06,-0.0010175094055266953,0.0031210849496736692
20.797,1.3622079401551757,2.193828180969425,3.6826340828498547,-0.03621742776354731,0.024759035229267257,-0.031643350099799954,1.2629522,2.2833712,3.6614637,2.71539336971216e-06,-0.0009898987353449407,0.003000330272918461
20.807,1.361808929472678,2.1940985833113826,3.682288184948244,-0.03635007846511514,0.024348219019114055,-0.03129759353376707,1.261273,2.2838316,3.6614797,2.560109068738825e-06,-0.0009581693719988849,0.002834031628681455
20.817,1.3614816412145823,2.194317268104448,3.6820086903151616,-0.03640126209912631,0.024189128822130004,-0.030888156820938813,1.2621323,2.2839603,3.660297,2.4059732357528674e-06,-0.0009289100237053205,0.002661364280004186
20.828,1.36111714448421,2.1945577162005403,3.6817019387292893,-0.036488923879095594,0.023929085860747656,-0.030513202162834634,1.2627136,2.2841845,3.6613996,2.266465593869782e-06,-0.000906277276689238,0.002499029817212506
20.839,1.3607517825262152,2.194795644126426,3.681398422386694,-0.036574652066368236,0.02368311568926698,-0.030229182758832195,1.2619747,2.2834065,3.6621356,2.1669853627059865e-06,-0.0008933828346799899,0.0023807268079600874
20.849,1.3603855700536516,2.1950311721129974,3.681097555049997,-0.0366592321556838,0.023447447508541205,-0.029972314274617325,1.2625544,2.285666,3.6618512,2.10808434530918e-06,-0.0008846319063327002,0.002309976908307032
20.857,1.3600185167081686,2.195264383790263,3.6807991766063797,-0.0367429224306187,0.023218628808691612,-0.029723756734356194,1.2621067,2.284477,3.6618514,2.078744152811396e-06,-0.0008765900866745113,0.002274382941529929
20.868,1.3596506317549641,2.1954953313337686,3.680503614967547,-0.03682558792529401,0.02299394573083071,-0.029418339117752827,1.2623298,2.2851503,3.663194,2.0486326590685167e-06,-0.0008618504811614969,0.002237811402531875
20.877,1.359245014054384,2.1957468035657555,3.6801818620344147,-0.03693910325268035,0.022687078109461967,-0.029130698796340986,1.2634637,2.2843645,3.661572,2.0148882633463927e-06,-0.0008400343058472259,0.002196474736654519
20.887,1.3588754346218084,2.195973122394563,3.679892278310844,-0.03701643604400297,0.02247317482605962,-0.028853975088281976,1.2623259,2.2846668,3.6619725,1.971635320785481e-06,-0.0008103274176196607,0.0021418636803103297
20.897,1.358542156492632,2.196174987243247,3.67963390664868,-0.03706079564877693,0.022345671903368895,-0.028607953817791788,1.2619684,2.2866411,3.6609359,1.9212909148080826e-06,-0.0007715514220318909,0.0020747468630664123
20.907,1.358171151716975,2.196397316257209,3.679349191409534,-0.03713228261636614,0.022141710050364683,-0.02835845963073013,1.2601371,2.287901,3.6609602,1.8688644889408579e-06,-0.0007251108578714138,0.001999336167660015
20.918,1.3577622519201307,2.196639573565498,3.6790389176581657,-0.03722457493022353,0.021872530846226045,-0.028093179465394576,1.2605547,2.289012,3.6612363,1.8039744098530264e-06,-0.0006700580932497147,0.0018973656534644334
20.928,1.3574271219781042,2.1968360667008633,3.678787475419861,-0.03726101059168681,0.02175887390979638,-0.027826791373041962,1.2614392,2.290026,3.6599946,1.732036981394458e-06,-0.000622552671874832,0.00177430036935311
20.938,1.3570168692337687,2.197074255247161,3.6784830957470978,-0.03732381942513679,0.021568387379800855,-0.02754813964216409,1.2603639,2.2915967,3.6585085,1.6452274582690052e-06,-0.0005801242400962359,0.0016142288292662066
20.948,1.3566807141089139,2.197267654607165,3.678236182433993,-0.0373714959296549,0.021427378673187992,-0.027349137451253957,1.2583891,2.2916048,3.6590383,1.5448637435966361e-06,-0.0005408650756528743,0.0014151646416000752
20.957,1.3563067248440661,2.197481154765348,3.6779636463195517,-0.037420804883112495,0.021290037437271852,-0.027180548715144765,1.2586102,2.2907674,3.6579845,1.4453029031358255e-06,-0.0005070352923493004,0.0012028726770667575
20.97,1.3558947918154254,2.1977145761035537,3.677665855165639,-0.037483682517747044,0.02114044519814088,-0.026973518933918358,1.256866,2.2920947,3.6587658,1.2979942454194315e-06,-0.000463150251680311,0.0008602272179230042
20.978,1.3555573619215242,2.197904670274366,3.6774241920649997,-0.037508917303220875,0.02108878399224733,-0.02675301067188411,1.2565441,2.2900195,3.6584413,1.2142716503404927e-06,-0.0004396033840872171,0.0006494714298344029
20.988,1.3551820529948102,2.198115196948988,3.677157917188273,-0.03754847715561748,0.021026872540203165,-0.02652567930547303,1.2565837,2.2920275,3.6585095,1.1217995128376401e-06,-0.00041481036155710527,0.0004030587523042861
20.998,1.354806361818604,2.198325237222672,3.6768940519562014,-0.03758569468772146,0.02098863963978037,-0.026274291396685166,1.2544918,2.2949493,3.6602745,1.046987327057991e-06,-0.0003957042526439025,0.00019425327674849058
21.009,1.3544303089002563,2.1985350080572315,3.6766325411437357,-0.03762108984813686,0.020970299049222735,-0.02604411428201607,1.2536931,2.295515,3.6604586,9.81560170920659e-07,-0.0003796787843266536,8.216473598832152e-06
21.02,1.3540162513167495,2.1987656570492438,3.6763482688663367,-0.037658484848278106,0.020969120998956505,-0.025658862372656105,1.2540741,2.2967262,3.6611252,9.180952087461947e-07,-0.00036959272622105743,-0.00016981272023031124
21.027,1.3536771755385582,2.1989544364239593,3.676119072300625,-0.037688295519175186,0.02098258947616587,-0.025316074924184112,1.254648,2.2957096,3.6588342,8.72556434217131e-07,-0.00036678248527621804,-0.00029508832026969856
21.038,1.353262387773266,2.1991854418212315,3.675843001169643,-0.03773345205295009,0.02103094823931351,-0.024898645441856108,1.2549895,2.2937534,3.6585264,7.882746118070827e-07,-0.0003659088850529457,-0.0005226964434097425
21.047,1.3529227213738686,2.1993748427156876,3.67562018514058,-0.037753789663962894,0.021067668934790357,-0.024619818726562867,1.2537951,2.2934647,3.6578102,7.105004904417456e-07,-0.0003646252566831265,-0.0007300947008204162
21.057,1.3525450044172505,2.1995859167897023,3.675376122069156,-0.03778627512435865,0.021143293851885753,-0.024227374047162235,1.2527137,2.2944078,3.6569533,6.273169050885485e-07,-0.00035816262319166015,-0.0009527213254392208
21.067,1.3521669664704699,2.199797865571217,3.6751359363448,-0.03781796162272378,0.02123996663114759,-0.023860390542973176,1.2536229,2.2972016,3.6581428,5.59836670355196e-07,-0.0003459184479996935,-0.001137349955467215
21.078,1.351788618683719,2.2000108775804526,3.674898851663107,-0.03784831406009551,0.021353467550640586,-0.023592771500881956,1.2558802,2.2971435,3.6575031,5.073850299908145e-07,-0.0003286850229589078,-0.0012850833130730877
21.089,1.3513720960233806,2.200246589011844,3.6746412346350352,-0.037887161403198186,0.02152452150534438,-0.023230517991784685,1.2562637,2.2973125,3.6592603,4.682027263669397e-07,-0.00030806366007807284,-0.0013992285173980434
21.099,1.35103105545705,2.200440631853357,3.674433042263194,-0.03790394855448527,0.021615601866610712,-0.02302639818837639,1.254185,2.2974844,3.6587248,4.364375376653129e-07,-0.00028161521835645686,-0.0014989520841854898
21.107,1.3506518803169998,2.2006575821266217,3.6742041254010127,-0.03792813414621723,0.02176151772035956,-0.022786357608396715,1.2554866,2.296405,3.6580565,4.12729567855763e-07,-0.0002525466197296211,-0.0015834978681930068
21.117,1.350272482902296,2.2008760484769394,3.6739775148717286,-0.03794861278993072,0.021917912253890004,-0.022558885102783678,1.2534128,2.2965395,3.6599202,3.8686276582211576e-07,-0.0002082386896957722,-0.0016958698970928054
21.127,1.3498929050059043,2.201096139362748,3.6737532030634594,-0.03796457115944971,0.022085328101127826,-0.022321618848348167,1.2523174,2.2981648,3.6632688,3.6857068508311386e-07,-0.000157707685935371,-0.0018036914813137628
21.137,1.3494752185766565,2.2013402433396534,3.6735095507511724,-0.037978765037119326,0.022322677150787878,-0.021942807426493793,1.2541822,2.2992537,3.6633036,3.586956029977273e-07,-0.00010637048019290773,-0.0018924794255514854
21.148,1.3491334028162731,2.2015416093132942,3.6733133545778247,-0.037981530464338206,0.022449059622137415,-0.021641140814376528,1.2545887,2.300822,3.6608937,3.5346345850229e-07,-5.6088353551864145e-05,-0.001969363405359914
21.157,1.3487535751471214,2.2017671551512867,3.673099268560214,-0.03798315668114711,0.022641858706345816,-0.021214145487229233,1.2562815,2.2994406,3.661848,3.5099103534719234e-07,-1.891006903953496e-05,-0.0020253133174357174
21.168,1.3483357733665937,2.2020175242084385,3.672868841401459,-0.03797986468352582,0.022904323015166757,-0.020673712114361215,1.2591064,2.300045,3.6608253,3.4997405151671046e-07,2.746632476569033e-05,-0.0020994129096578718
21.179,1.347956006370892,2.2022472656469265,3.6726642108161136,-0.03797308328807189,0.023067647419047748,-0.020248700935091103,1.2591574,2.2996972,3.6604943,3.529796783752204e-07,8.421204812236738e-05,-0.0021774156022402735
21.189,1.3476143000370586,2.202455829360665,3.6724841481181856,-0.03796206976543372,0.023259431555414337,-0.01981900134414643,1.255945,2.3008611,3.6603959,3.605462435274376e-07,0.0001540675859414975,-0.002244200928220863
21.197,1.3471968360601863,2.202713124658011,3.672268962282196,-0.03794078615267467,0.023500767038151578,-0.019353069853160407,1.2541538,2.3010807,3.6585495,3.696038399780832e-07,0.00022474034612773863,-0.002289234468388912
21.207,1.3468175785867653,2.2029493659288715,3.6720779702724924,-0.03791197732075687,0.02372575750531369,-0.01888156723760422,1.2538425,2.299021,3.6597745,3.8287078485410575e-07,0.0003246963662988378,-0.0023334552152523003
21.219,1.3464765369372598,2.2031639254128996,3.6719102751619377,-0.03787755750210455,0.023931701888678988,-0.018434697418940788,1.2536623,2.300184,3.6598618,3.971561710613969e-07,0.0004427842854877184,-0.002369392919476354
21.227,1.3460980139323786,2.2034045128176394,3.6717285326104623,-0.037830287874832856,0.024162876216667954,-0.017972044909134746,1.2532128,2.299487,3.6590803,3.974331779232898e-07,0.0005121535529992727,-0.0023728258461872542
21.238,1.3456822413984069,2.203671829640249,3.671533346990082,-0.03775867821303936,0.024457988810372925,-0.01753742152606974,1.2537131,2.2996523,3.659184,3.760016218379292e-07,0.0005913614475252515,-0.0023445026055632923
21.247,1.345342599901779,2.203892605740206,3.671376476346184,-0.03771252933138287,0.024621265606942812,-0.017320654632685156,1.2534448,2.2998128,3.6584923,3.3652845843334944e-07,0.0006428410343115587,-0.002293593417473261
21.258,1.3449658425932165,2.2041400421061006,3.6712047785719006,-0.03764489439094548,0.024842635757531234,-0.017046966757431295,1.2535468,2.2990003,3.6559105,2.6272610664790363e-07,0.0006949658371850909,-0.0022026038970794914
21.268,1.3445897870441583,2.204389646680514,3.6710357309519575,-0.03757272532201891,0.025055420944622268,-0.016795039206284088,1.2514328,2.3010163,3.6551263,1.7639965044224937e-07,0.0007384701145705108,-0.0021010074343772445
21.28,1.3441769879819385,2.204666600771984,3.670852202348411,-0.037488458282903765,0.025277457588420343,-0.016604864520047072,1.2509186,2.3006213,3.6548748,5.232068200911044e-08,0.0007922760985663579,-0.001962105619634613
21.288,1.3438025463406793,2.2049204287578745,3.67068688704854,-0.037393774169327314,0.025498370628051104,-0.016462455750487773,1.2510262,2.3007221,3.6544187,-3.5080827576194906e-08,0.0008289316380882816,-0.0018695958829342274
21.298,1.343466262653325,2.2051504458090667,3.6705388511098276,-0.03733041037772616,0.02562831366426043,-0.01643395566434342,1.2521213,2.3007185,3.6529686,-1.4040001738990782e-07,0.0008734949592543728,-0.0017638912383555194
21.308,1.3430934469270654,2.205407667523039,3.6703744090303942,-0.03724099296994348,0.025797512886269476,-0.016464547335820222,1.2507255,2.301054,3.654603,-2.3780841518217244e-07,0.0009159570211547674,-0.0016710782294460103
21.317,1.3426844099702016,2.2056925036411403,3.6701927017615117,-0.0371379202721692,0.02597321241175085,-0.016571160278155264,1.2508447,2.300081,3.6541145,-3.1964678681717373e-07,0.0009537271157791238,-0.0015960817152471662
21.328,1.34235060625321,2.2059269496906846,3.670043047163839,-0.03704991565327862,0.026109713903696315,-0.016671747873336702,1.2509346,2.301317,3.653895,-4.1756515800628335e-07,0.0009994671328552585,-0.0015089568384647478
21.338,1.3419806628388289,2.2061888468083604,3.6698758164953276,-0.03694827046353289,0.026253939886708932,-0.016767230651990823,1.2497771,2.3031387,3.6530898,-5.168608088190751e-07,0.0010405392824246462,-0.0014220396712225636
21.349,1.3416117577899165,2.2064521390959326,3.669707475209214,-0.036842639786438314,0.02638945222300193,-0.016887893955522367,1.2472818,2.3031914,3.6535943,-6.39345130171165e-07,0.0010855105068268145,-0.0013172061355302134
21.359,1.341207209301594,2.2067432633767288,3.669521049068351,-0.036702945691621434,0.02654910500370547,-0.017001499845821444,1.2479389,2.3032725,3.6530085,-7.457113686548666e-07,0.0011240864497605862,-0.0012293183377423134
21.371,1.3408406136678843,2.207009191501276,3.6693506600286514,-0.036588564572812524,0.02666489601374188,-0.01709189416740131,1.2477113,2.3038037,3.6527033,-8.498454082683793e-07,0.0011606367152929842,-0.0011462494252523214
21.377,1.3405116631151588,2.2072494958161957,3.669196333632798,-0.03650331401428402,0.026744285486984053,-0.01720530962956286,1.2489747,2.3046207,3.6523664,-8.91138369762956e-07,0.0011742062212523052,-0.0011138976957560942
21.387,1.3401472800408336,2.207517522940164,3.6690233742163127,-0.036384850014546714,0.026849837466540495,-0.017369853571899168,1.2502524,2.3054326,3.6517177,-9.459009961965137e-07,0.001191300060467082,-0.0010711522279720498
21.397,1.3397478380252497,2.2078135449685314,3.668831357156807,-0.036231610880026556,0.026979830165513412,-0.017537666055306756,1.2490134,2.3052487,3.653662,-9.826764162390589e-07,0.001206509774100084,-0.0010423859957882087
21.408,1.3393859797997298,2.2080837071781154,3.668655459816601,-0.036109255560162305,0.027078797608662726,-0.017662501414578514,1.250621,2.3066354,3.6535728,-1.0016136093859984e-06,0.0012296174676640348,-0.0010273372306830453
21.418,1.3390613587418974,2.208327695222733,3.668496096482883,-0.03601922572296551,0.027148983399811533,-0.017754535784504793,1.2496868,2.3055964,3.6526632,-1.0059619541813447e-06,0.0012596014110961562,-0.001023165941740345
21.427,1.3387018617615172,2.20859972306449,3.6683178595327526,-0.035892280113095865,0.027246809381746524,-0.017882470938199977,1.2494357,2.305056,3.6516078,-1.0013912965511906e-06,0.0012952587300070206,-0.0010253466929093236
21.438,1.3383436557471033,2.2088727303263407,3.66813836133033,-0.03576128010305121,0.027344878163310906,-0.018003319605518767,1.2507583,2.3059442,3.6490536,-9.984519642181056e-07,0.0013479777561684614,-0.0010251819171731569
21.449,1.3379511738997942,2.209174170003008,3.6679394898868427,-0.03561166747008574,0.027452325904811507,-0.018152909849112935,1.2526898,2.3050618,3.6484127,-1.0243084918037937e-06,0.001405679964039841,-0.0010040446846186768
21.459,1.3376313004729778,2.209421672318102,3.6677751547251,-0.035484731039054224,0.027538200300770786,-0.01835408174009755,1.2529445,2.3043618,3.647353,-1.0828148155894723e-06,0.0014612156319175895,-0.0009617490742659385
21.468,1.3372419286893078,2.2097251988703093,3.6675714488518687,-0.035323658374548664,0.02763823184138498,-0.01866758511842117,1.248493,2.3046052,3.6484158,-1.1700614428455935e-06,0.001516047349832128,-0.0009026728937255868
21.479,1.3369246976597995,2.2099743263132967,3.6674019091521703,-0.03518650724588943,0.0277139237756843,-0.01897288192730028,1.2484426,2.3038733,3.6472623,-1.331096131984566e-06,0.0015904867069380657,-0.0008001409766063006
21.489,1.3365737003748535,2.2102518877999016,3.6672106765702726,-0.035027713427541386,0.02778910724592055,-0.019238139050647148,1.2475337,2.303861,3.6448765,-1.5289176702459883e-06,0.001656621519246837,-0.0006811340524617293
21.499,1.336224326737022,2.210530138395672,3.6670168114456505,-0.034862557007166804,0.02785254998739188,-0.01951763976327564,1.2459887,2.3051262,3.6438458,-1.7708962003482043e-06,0.0017131700281662887,-0.0005415086543170133
21.507,1.3358766347437068,2.2108089491869998,3.6668196847198957,-0.03469211699286023,0.027902231850791277,-0.01988578588648159,1.2446829,2.303807,3.643041,-1.98921018901288e-06,0.0017487170399368424,-0.00041877924780031606
21.52,1.3354961701261014,2.2111161141325564,3.6665981633158733,-0.03446396019657957,0.027945088904173344,-0.020416351609706097,1.2438031,2.3034942,3.6447244,-2.3539395699323507e-06,0.001783773248700271,-0.00021692562231301338
21.529,1.3351864638329018,2.211367662957115,3.6664125743827727,-0.034341012963535276,0.027956375195499424,-0.020836824748491863,1.2426705,2.3053253,3.6445334,-2.599985847062669e-06,0.0017903594347932206,-8.063201311792056e-05
21.539,1.334809883233739,2.2116752255507355,3.6661797278717208,-0.0341459497404602,0.027960769981450164,-0.021438605362148165,1.243907,2.302807,3.6426487,-2.864091991128248e-06,0.0017823379462296174,6.780011260243413e-05
21.548000000000002,1.334503364807591,2.2119268341667873,3.665984448011443,-0.03398711423221062,0.02795143997353685,-0.021902451947400686,1.2452352,2.303436,3.6439881,-3.07967430046574e-06,0.0017640550802413557,0.0001919304215269868
21.558,1.3341306604617618,2.2122341578019653,3.6657403036615968,-0.033756153627636655,0.027918534683245077,-0.022493779208136618,1.2443357,2.3032105,3.643117,-3.305666186559364e-06,0.0017382610701313084,0.000325858176826177
21.567,1.333827279064488,2.2124853279925136,3.665536559981875,-0.03364038512737223,0.027892156957631996,-0.022809555570082882,1.243918,2.304325,3.645057,-3.5118598398220513e-06,0.0017181420062426511,0.00045087928326292825
21.576999999999998,1.3334918119309542,2.2127639866620217,3.665305905126381,-0.03347032254626483,0.027842235832607587,-0.023277348388891388,1.2415867,2.3044083,3.6467361,-3.751107751970295e-06,0.0017037785009801354,0.0005977490839490507
21.587,1.3331580382562584,2.2130420671273003,3.6650706528261163,-0.03330140570199253,0.02777788160792144,-0.02371429109799091,1.2417719,2.3046467,3.6467395,-3.991865755281765e-06,0.0016975601441924226,0.0007463396688316415
21.599,1.3328259514301357,2.2133194242502006,3.6648315734413166,-0.0331328626710501,0.027699089372248107,-0.024057503688671537,1.2405078,2.3041139,3.6450448,-4.264827256239556e-06,0.0016923433059972126,0.0009153374256878344
21.609,1.3324625999299107,2.213623514483245,3.6645648387563825,-0.03294797878365576,0.02759676138985501,-0.02440776477654549,1.240689,2.3032427,3.6432133,-4.468385939926378e-06,0.0016841756708405597,0.0010424380079241402
21.617,1.3321668211929263,2.213871418362521,3.664343701519497,-0.03279751247672587,0.027501963873169836,-0.024704573525342517,1.2382218,2.3048408,3.6415894,-4.617332787670847e-06,0.0016727002335352736,0.0011365784975247983
21.628,1.3318397587712827,2.214145808427629,3.6640946948092235,-0.032631865547186424,0.02738581270338659,-0.02506704292861925,1.2377616,2.3044848,3.6417105,-4.814183004686612e-06,0.0016481470973284118,0.001263081024657886
21.637,1.3315143400146532,2.2144189757431936,3.6638417907666874,-0.03246869893861812,0.027258583855209826,-0.025483070455425482,1.23765,2.304804,3.6402302,-4.96397047200503e-06,0.0016183669154727909,0.0013620612005560417
21.647,1.3311905341942631,2.2146908125117726,3.6635843838410698,-0.03230910826452703,0.027120874353439992,-0.02595947971811325,1.2357842,2.3054814,3.6397803,-5.1124480333619715e-06,0.0015740158371819746,0.001464254606598825
21.657,1.3308682995029901,2.2149612183100866,3.663321991511747,-0.03215417168925233,0.02697351043753309,-0.026471927536223686,1.2355447,2.3047388,3.63964,-5.237453527318081e-06,0.0015194762097157088,0.0015555125385176005
21.667,1.3305155938734923,2.215256904333943,3.66302724070419,-0.031950694079093934,0.02675747494315326,-0.02715872110292343,1.2350858,2.3063223,3.6432362,-5.33413427161733e-06,0.0014559438456882567,0.0016320457443441683
21.678,1.3301964796497425,2.2155240262620968,3.6627536273809804,-0.03180955835248413,0.02659115886181927,-0.027677035732111416,1.2357099,2.3080893,3.640941,-5.41345406235294e-06,0.0013783405791389924,0.0017017213457037883
21.688,1.329878750995183,2.2157894779458873,3.6624753415672946,-0.03171250400499499,0.026468454499963365,-0.02801261481103073,1.2381358,2.3090093,3.6408436,-5.455884535265909e-06,0.0013047313671741279,0.001746389312829777
21.699,1.3295623375936878,2.2160532112886377,3.662193142636728,-0.031548833513844375,0.02624500882169139,-0.02846588574257489,1.2388419,2.310615,3.6409621,-5.453388268072956e-06,0.0012268022916166466,0.0017584499262097708
21.709,1.3292471702008908,2.2163152064217564,3.661907644606566,-0.03142862472634071,0.026071381015068944,-0.028766056807230964,1.2389036,2.3100867,3.6401112,-5.399880397050083e-06,0.001167380800620954,0.0017252728778642812
21.717,1.3289331876055603,2.216575482756832,3.6616191951146675,-0.031346411791437157,0.025951775598666828,-0.028980335132233175,1.2389822,2.309374,3.639937,-5.32089796179136e-06,0.0011319977910337897,0.001664672631994879
21.728,1.3286515773605914,2.2168083143147665,3.6613570621153055,-0.031245280076041198,0.025806112612048356,-0.029234202899251466,1.2387406,2.3081155,3.639029,-5.172077646609097e-06,0.0011021470992207405,0.0015413438914917421
21.737,1.3283086082166065,2.217091175163632,3.661034014235223,-0.03109194227848553,0.025597980367807454,-0.029537418831637165,1.2371182,2.3066158,3.6375265,-5.038919150823773e-06,0.0010913650851742673,0.0014282557377183203
21.748,1.3280289839600428,2.217321310480882,3.6607680956867736,-0.031025656919314155,0.025515912784971926,-0.02960682605016348,1.2385094,2.3085032,3.6375437,-4.900778201477607e-06,0.0010880600103866378,0.0013127893660582757
21.759,1.3277193275617694,2.2175757502236766,3.6604711425879044,-0.03091657146717163,0.02538619067310146,-0.029778792829563323,1.2372911,2.3095198,3.636366,-4.827894264813892e-06,0.001085412189833157,0.0012580334819647376
21.769,1.3274107602376535,2.217828921675296,3.6601720462470073,-0.03080784309210668,0.025260926219657264,-0.030022692952900738,1.2373458,2.3092422,3.6350472,-4.816668975671234e-06,0.0010793469505956388,0.0012593409065253525
21.777,1.3271032770403202,2.2180808424158167,3.659870469352107,-0.030699751744583222,0.02513547137783379,-0.030268989894914534,1.237355,2.308971,3.6345234,-4.827491617565016e-06,0.0010705298204811697,0.001279146330322778
21.789,1.3267662862702525,2.2183564908513254,3.6595356333930766,-0.03055004655064729,0.024954574462362992,-0.030660845992932985,1.2369329,2.309447,3.6337466,-4.846885089726527e-06,0.0010504827872557243,0.0013129681198678078
21.799,1.3264915192551703,2.218580856912738,3.6592586182977436,-0.030487811732053928,0.024877209885204747,-0.030934888918676375,1.2376301,2.310594,3.633666,-4.851264584715409e-06,0.0010296185786504708,0.0013310557492163255
21.807,1.3261872092073166,2.2188289038785767,3.658946891802414,-0.03038485877113684,0.024745244790709258,-0.03137522336984701,1.2369833,2.3124256,3.632798,-4.841361445517833e-06,0.001011668379785391,0.001332972936669563
21.817,1.325883916541642,2.219075630389173,3.6586306248971034,-0.03028410274623975,0.02461345386548721,-0.03182935290671007,1.237159,2.3124661,3.6328728,0.0,0.0,0.0
21.828,1.325551444352194,2.2193455252185488,3.6582774890194587,-0.03014424005033237,0.024431448071159104,-0.03240040507797189,1.2359629,2.311877,3.6310065,-4.717712811519448e-06,0.0009696389881650447,0.0012392501676741219
21.839,1.3252803003092144,2.2195652252617273,3.657984219962241,-0.03008848366266828,0.024363358542728822,-0.03277941478460421,1.2351699,2.310156,3.6316037,-4.585431538917106e-06,0.0009533583893852615,0.001118487522146605
21.847,1.3249799418705355,2.2198082410010627,3.6576538783066033,-0.029992962018803557,0.02425285454856702,-0.03323073099975107,1.2350075,2.3091185,3.6319122,-4.474928034348125e-06,0.0009427414869218609,0.0010142397481387455
21.857,1.3246805319777097,2.2200502201133894,3.6573196285969165,-0.02989865864714548,0.024154789502848988,-0.033569826936525805,1.2348037,2.3098679,3.6312068,-4.348981653023998e-06,0.0009281441383284239,0.0008949762918404325
21.868,1.3243820574010374,2.2202912801682895,3.656982346252268,-0.029805822654464863,0.024067406024892463,-0.03386559036512916,1.2348294,2.3090203,3.6305547,-4.259388673766296e-06,0.0009083089330008676,0.000814360245571244
21.879,1.3240845009532427,2.2205315046663103,3.6566416746058787,-0.02971490367582084,0.02398619181829413,-0.03424389058086585,1.2344143,2.3076098,3.6297295,-4.230553244610746e-06,0.0008842195544964682,0.0007998965267583813
21.889,1.3237582242064487,2.2207948235046864,3.656262140952976,-0.029587421207766897,0.023868847396834786,-0.03477104024364204,1.2324235,2.307085,3.628934,-4.2519752470049355e-06,0.0008599247646134955,0.0008421690599136333
21.898,1.323492056203822,2.2210095234966336,3.6559474880736484,-0.02953992063981534,0.023821072017720664,-0.03515120944929339,1.2330456,2.3075511,3.6268244,-4.3048181734839375e-06,0.000837099695981891,0.0009223493661494331
21.907,1.3231971199306543,2.2212472275542123,3.6555933822459528,-0.029456141365161094,0.023727268128598163,-0.03562090596096138,1.2317154,2.309025,3.6252096,-4.381615387849536e-06,0.0008120950840071472,0.0010356821875352473
21.917,1.3229030064984806,2.2214839254738,3.6552346952075845,-0.029375128423054103,0.023620646405774215,-0.036063449714737704,1.2293414,2.3100471,3.6242409,-4.478006193409101e-06,0.0007807650172075853,0.001182375736067165
21.928,1.3225803966093799,2.221742965413856,3.654835308283575,-0.02928967189555399,0.02348691276616847,-0.036509574786637675,1.2277457,2.3097053,3.6255183,-4.566413091655619e-06,0.0007399398471057417,0.0013309539902084389
21.937,1.3223171244433631,2.221953751282753,3.6545048074612785,-0.02922321615576608,0.02336640132091541,-0.0368997275675303,1.2295837,2.3109035,3.6243532,-4.606678186469537e-06,0.0006978283027221366,0.0014165059648205691
21.947,1.3220252773190577,2.2221866415796,3.654133157988715,-0.02915402807168256,0.023224856040906464,-0.037388638877205664,1.2285221,2.3116567,3.6254687,-4.614929119739486e-06,0.0006392002827428911,0.0014640140314496897
21.958,1.3217340900088614,2.2224180938857163,3.653756530086492,-0.029090816057318013,0.02307994867020171,-0.03788640260894163,1.2273269,2.3121114,3.6249282,-4.587301110081654e-06,0.0005646986493799133,0.001457800237857576
21.969,1.3214434984081975,2.2226481013650075,3.6533749791827437,-0.02903429275274932,0.022936505492247503,-0.03837203272408633,1.227258,2.3138938,3.6245008,-4.536149583955762e-06,0.0004861890527072532,0.001398437205589964
21.979,1.3211534338579056,2.222876702103402,3.652988677566857,-0.028984730629115194,0.022798621602345633,-0.03883905832673627,1.226903,2.3148146,3.6246006,-4.483124076859468e-06,0.0004142713591011038,0.0013122003560130935
21.99,1.3208638263214187,2.223103968900809,3.6525976543975838,-0.02894218300895284,0.022669288319966764,-0.039320043149961056,1.2254467,2.313598,3.6268826,-4.425228772753087e-06,0.000336657500010773,0.0011888593402882286
22.0,1.3205457029216652,2.2233525404156875,3.652161935894668,-0.028903316226683812,0.022539728710687268,-0.03984157975279341,1.2227898,2.3144195,3.62446,-4.37739068415155e-06,0.000268506978639671,0.0010561097959311816
22.007,1.320285706208243,2.2235549172443134,3.651801752686115,-0.028877475939703245,0.022445160789649424,-0.04014707216543677,1.2225866,2.3151166,3.6259773,-4.350031113986574e-06,0.0002212222933328789,0.0009618088462151064
22.017,1.3199682070400676,2.2238011919705754,3.6513583211070544,-0.02884695171397672,0.02230937451887008,-0.040466718627029385,1.2219559,2.314749,3.6269064,-4.321230531623144e-06,0.00014978271465704296,0.0008354706477176066
22.028,1.319708599457484,2.2240019185847686,3.650993173659987,-0.028839856620683123,0.022271667764938195,-0.04067378027196576,1.2210375,2.315381,3.6249883,-4.302584292847911e-06,6.134556157633142e-05,0.0007101485560396803
22.037,1.3194202473959598,2.2242242426309526,3.6505851379889447,-0.028832675259239184,0.022201803101033125,-0.04090765065816422,1.2210507,2.3155205,3.6228275,-4.296403437020757e-06,-1.923293829353412e-05,0.0006207808213982702
22.047,1.3191319187946802,2.224445921114302,3.6501747712413013,-0.028834409407848097,0.022141385071216185,-0.041143589986442256,1.2196879,2.3150682,3.623498,-4.297057837554519e-06,-0.00011633543655742429,0.0005337342175883997
22.058,1.3188435203455577,2.2246670418022,3.64976198751157,-0.028845777485650242,0.02208926160868249,-0.04138964294702574,1.2186757,2.3159258,3.623373,-4.3050498277352744e-06,-0.00022906039880243867,0.0004480662887877962
22.068,1.3185549530513034,2.2248876829034208,3.6493467463870317,-0.02886722529002077,0.022044580737988997,-0.0416307192582951,1.2187138,2.3162203,3.6241796,-4.316934633763481e-06,-0.00033446546531390453,0.0003794538681316517
22.078,1.3182661145994654,2.225107914137131,3.6489292153315254,-0.028899006696749805,0.022006512575346634,-0.04184832211719187,1.2180816,2.3148189,3.621906,-4.332698137599067e-06,-0.0004412163236890976,0.0003159831674417468
22.089,1.3179769008776572,2.2253277988273052,3.648509758734966,-0.028941236039117746,0.021974622503909493,-0.04201858760272001,1.2182989,2.3154466,3.6206546,-4.354963762498443e-06,-0.0005575855991164502,0.0002487820867589363
22.097,1.3176872078444821,2.225547397466101,3.6480887701911917,-0.028993799766141522,0.021948612877527574,-0.04216506638206882,1.2178288,2.3162286,3.6198032,-4.370265293651698e-06,-0.0006403486940755876,0.0002076420126617684
22.107,1.3173969336450038,2.225766763645845,3.6476661899027074,-0.029056407100014166,0.021927420973103056,-0.04233762017194587,1.2184334,2.3154597,3.6204047,-4.383442515631941e-06,-0.0007403196935236167,0.0001688243980075832
22.117,1.3170768435281517,2.2260078464584145,3.6471992497695376,-0.029136404643968404,0.02190817335968674,-0.04254120924491648,1.2173043,2.3149924,3.6189406,-4.390510370821943e-06,-0.0008353855376173058,0.00013953693668566913
22.128,1.3168142528397937,2.2262049517522207,3.6468155831044693,-0.029210067910224815,0.021894775296952957,-0.04270023207403255,1.2179865,2.3149772,3.61879,-4.388322497828057e-06,-0.0009323388700019919,0.0001189896120781242
22.138,1.3164923551547827,2.226445704895148,3.6463446737158884,-0.02930938367183161,0.021880025955717888,-0.04290341014288648,1.2174097,2.3147662,3.6175377,-4.370590724001033e-06,-0.0010140589587983584,0.0001155985958614103
22.147,1.3162281335377852,2.2266425654202995,3.6459576723101494,-0.029397724824934714,0.021867985802595944,-0.0430788195360045,1.214804,2.313935,3.6181746,-4.337532784504106e-06,-0.0010825307800184092,0.00012703380114054141
22.158,1.3159040703663918,2.2268830165694093,3.6454825249324347,-0.029563443990115613,0.02184467362120984,-0.04324709409285405,1.213985,2.3161309,3.6193552,-4.271499673080825e-06,-0.0011610654717832958,0.00016055863505659573
22.168,1.3156379446920552,2.22707959855864,3.6450925477892184,-0.029615002579858916,0.02183473203180381,-0.04336120475929517,1.2138261,2.3161209,3.618663,-4.18304218463561e-06,-0.0012336445735972035,0.00021094493013107396
22.179,1.3153411437664122,2.2272978218053714,3.6446588991297486,-0.029734477258081572,0.021811361022702435,-0.04335794058329629,1.213293,2.316049,3.618801,-4.074923267705088e-06,-0.001320269994950607,0.00026963971145210763
22.19,1.3150132306992883,2.2275375623169187,3.64418215759332,-0.029934759050875604,0.021766654788305695,-0.043290920784540894,1.2133881,2.3163543,3.6175492,-3.979917808649702e-06,-0.0014139991827186726,0.0003139365635558278
22.198,1.3147437492533398,2.227733435442751,3.6437923720945147,-0.029997373831355614,0.021750433606514914,-0.043294042462581846,1.2122728,2.3167496,3.6174808,-3.9256149602096e-06,-0.0014847633608292554,0.0003341146673139228
22.207,1.3144429891469978,2.227950749537186,3.6433596826851025,-0.030141652397538146,0.021715596801731137,-0.043248483460958644,1.2133584,2.316867,3.6175313,-3.8809110201043495e-06,-0.0015642926413406144,0.00034542076533883304
22.217,1.3141407388366286,2.2281677088612004,3.642927395514175,-0.030294532240306288,0.021679795326663538,-0.04320933152111043,1.2134769,2.315407,3.6173396,-3.851176913372001e-06,-0.0016503985678983923,0.0003457740754435612
22.227,1.3138369132861507,2.228384310414735,3.642495728947096,-0.03045579712291966,0.02164417622712972,-0.04312047155586883,1.2140924,2.3160927,3.6172135,-3.834568893967827e-06,-0.0017303896938458685,0.0003391632832157043
22.237,1.313531431881982,2.2286005588506255,3.6420653297085113,-0.030624769951340343,0.02160904474640868,-0.042970623454562595,1.2139585,2.316859,3.6153965,-3.8029003261996763e-06,-0.0018003914510522634,0.0003417535237724145
22.247,1.313224223729606,2.2288164536255852,3.6416364198003275,-0.03080028152646659,0.021573239578868267,-0.04283046372299869,1.212201,2.316995,3.6151118,-3.7394170218085776e-06,-0.0018578628789143181,0.0003614961744071721
22.257,1.3129152304800191,2.2290319790373685,3.641208775812252,-0.030981065639095504,0.021535169701607067,-0.04270795974033268,1.2119198,2.3156056,3.6135633,-3.6519730692852193e-06,-0.001902886437177287,0.0003930794862907483
22.269,1.3125732206607017,2.2292685959962273,3.640739914308527,-0.03126722050914293,0.02147133927011933,-0.042503674874487946,1.2110736,2.3176925,3.6129665,-3.532792615779101e-06,-0.0019473435201735612,0.00043717581245816817
22.278,1.3122917106303424,2.229461801098582,3.640357456986263,-0.03135459880229894,0.02144888674794131,-0.04244927579524714,1.2117443,2.3195047,3.6125846,-3.428591736298614e-06,-0.0019787215391562363,0.0004770443006347769
22.289,1.3119771117160546,2.2296760224095933,3.639933627542319,-0.03154656634228933,0.021399584430109597,-0.042326790476172174,1.2116934,2.3185024,3.6129875,-3.3082862813671454e-06,-0.0020190528413106534,0.0005212599668489304
22.301,1.3116605731174285,2.2298897288232937,3.639511215655571,-0.0317422013569563,0.021346549552502512,-0.042170724437502735,1.2116998,2.321125,3.6111565,-3.2474979123620074e-06,-0.002064728084946843,0.000534063927630779
22.31,1.3113420579605624,2.23010289582204,3.639090254816871,-0.03194150316633705,0.021292334226663528,-0.04203740137748664,1.2126287,2.321094,3.6117294,-3.2637241313970833e-06,-0.00209730820190579,0.0005140942668777626
22.319,1.3109893653814095,2.2303367635972142,3.638628631254357,-0.03216477779451622,0.02123503678409065,-0.04191240618660926,1.2123421,2.3227084,3.6107807,-3.344353443068826e-06,-0.002125847763935873,0.000464332848339577
22.329,1.3106989569620238,2.230527665046795,3.6382518817590506,-0.03235018055911672,0.021193160141149536,-0.04182118431683572,1.2128887,2.3207934,3.6105187,-3.5130096684987677e-06,-0.0021494691122430076,0.000373189777505889
22.338,1.310374312299653,2.23073938006845,3.637834096637471,-0.03255823667363004,0.021155422575273388,-0.04174206925938065,1.2118418,2.3221767,3.608743,-3.7304865143639176e-06,-0.0021615704841755345,0.00026151820939190884
22.348,1.310047578888875,2.2309507832849027,3.6374174537864756,-0.03276761820319837,0.021129955224493867,-0.04159649687158997,1.2132313,2.3218908,3.6089544,-4.000538593729175e-06,-0.0021640645909393186,0.0001244983480352957
22.358,1.3097187506082664,2.231162005560689,3.637002155142401,-0.03297701871829062,0.021117916213044322,-0.04148054203593987,1.2129594,2.3225174,3.6092649,-4.261910289571347e-06,-0.00215703284138824,-9.256476042551753e-06
22.369,1.3093878325358645,2.231373179414573,3.63658786748125,-0.03318552344626204,0.021118786948658454,-0.041391070146203954,1.2127854,2.3228683,3.608236,-4.5061412556890446e-06,-0.0021389854299584954,-0.0001378893152264027
22.378,1.3090214257686794,2.231605558189345,3.636132936456141,-0.033412782008330984,0.02113266189712389,-0.04133513273574155,1.2109053,2.323636,3.6072457,-4.6622104967752875e-06,-0.002116843582503858,-0.00022416592216156772
22.388,1.3087197908303605,2.2317958451574915,3.63576105665461,-0.03359642319885148,0.021152243042636635,-0.0413061362981322,1.2119102,2.3243377,3.6045814,-4.796154466912839e-06,-0.0020866722305372676,-0.00030287642897697253
22.397,1.3083827173590663,2.2320075207366625,3.6353482539066495,-0.033797634610710454,0.021181141227325857,-0.04126161044727561,1.20993,2.324214,3.6043358,-4.898278448184357e-06,-0.002058650214419089,-0.00036602288139064854
22.407,1.3080436490981326,2.2322195231620836,3.6349356548872054,-0.033995699901129564,0.021216898275158595,-0.04126668133442553,1.209803,2.3235738,3.604109,-5.011850248148875e-06,-0.0020289214136806066,-0.0004372935355085872
22.418,1.3077026167031212,2.232431921745972,3.6345227098119217,-0.034190812669334936,0.02125974889223151,-0.04132420787590164,1.2096179,2.3232296,3.6039636,-5.146169262282285e-06,-0.0020007891442763714,-0.0005214582958945613
22.429,1.3073596472381035,2.2326447899268884,3.6341090250849324,-0.034383456437143425,0.021310089783912786,-0.04140487890736147,1.2093827,2.3230796,3.6051471,-5.272774051157114e-06,-0.001978485400914387,-0.0006025476954185649
22.438,1.307014762431632,2.2328582012980966,3.6336945596247756,-0.03457414515605866,0.021367516668902922,-0.041478653002446436,1.2087306,2.3210983,3.603759,-5.349839663271183e-06,-0.0019629604653395027,-0.0006557073515196521
22.447,1.3066679799695358,2.2330722191409462,3.6332794869285334,-0.0347631831704604,0.021430488346838323,-0.041524212728579764,1.2099618,2.3219342,3.6026554,-5.386931170026088e-06,-0.001947708241980095,-0.0006884324473048764
22.458,1.3063193159153341,2.2332868851872796,3.632864209281741,-0.0349505955053361,0.02149629756911186,-0.04153088022892076,1.2106754,2.3209636,3.6025155,-5.3479411130652466e-06,-0.001927194945146482,-0.0006845645914559384
22.468,1.3059336336998817,2.2335237732777813,3.632407224312819,-0.035233799658925105,0.021593902588484815,-0.0414761449849773,1.2110219,2.3232377,3.6008823,-5.2281515179330995e-06,-0.001902863377629238,-0.0006361637103040607
22.479,1.3055810821590914,2.233739772576647,3.6319914922196994,-0.03541512401677687,0.021649164439429595,-0.0415008643925651,1.2138819,2.3225808,3.5987692,-5.022724715253446e-06,-0.0018644155519740302,-0.0005417665091256296
22.488,1.3052622393429307,2.2339346352143123,3.6316173703050136,-0.035498392432979975,0.02167088106058106,-0.0415594126238019,1.213223,2.3225622,3.5977325,-4.841564066992987e-06,-0.0018212868000220261,-0.0004546726014771352
22.497,1.3049062910778588,2.234151578916321,3.6312016933902016,-0.035672851003993214,0.021712216926282016,-0.041589843283468646,1.2123495,2.3215525,3.5982974,-4.67849858631908e-06,-0.0017645545007791696,-0.00037433907426631663
22.507,1.304548633801322,2.234368888117634,3.630785127489005,-0.03584058918767615,0.021745056102509878,-0.04171941574671374,1.2111539,2.3203907,3.598114,-4.527784350560893e-06,-0.0016847143731464342,-0.00029833124015077317
22.517,1.3041893431591676,2.2345864852291166,3.630367143998369,-0.03600013428312226,0.021770681564093355,-0.04185810116847176,1.210982,2.3213458,3.5987387,-4.395094598486082e-06,-0.0015922071707490382,-0.0002285618258470734
22.527,1.3038285069455664,2.2348043006046403,3.629947947570998,-0.03615051252973608,0.021789300874458652,-0.041967863486666375,1.2095132,2.3206642,3.5977783,-4.254457330876704e-06,-0.001495487870500689,-0.00014842325845698667
22.537,1.303466218944085,2.2350222581445305,3.6295276818668305,-0.0362914511325248,0.021799681229227107,-0.04207523356600565,1.206952,2.318916,3.5981486,-4.100252644079205e-06,-0.0014014837428026894,-5.2336463173929815e-05
22.547,1.3030661357663116,2.235262066539749,3.62906412881266,-0.03649200992987346,0.021797458276101023,-0.042143150983280024,1.2084014,2.3225245,3.5972934,-3.931720293337548e-06,-0.0013162666160360104,6.208808512342401e-05
22.557,1.3027376506756445,2.2354582181054417,3.628684026097321,-0.03654729225313948,0.02178896025181099,-0.0422625446863715,1.2070546,2.3240402,3.5960484,-3.74028505012447e-06,-0.0012460845468345028,0.00020259785526111074
22.569,1.3023348504693737,2.2356977404071983,3.628219043705654,-0.036726820081321165,0.021745994378964243,-0.04222814112887921,1.2075199,2.3241372,3.5947104,-3.518051643336406e-06,-0.0011799706139949961,0.00037427798602962525
22.579,1.3020042571273684,2.235893411483969,3.627838791286836,-0.036777094506096314,0.021724563074792497,-0.042244080674215284,1.2071246,2.3226392,3.5946531,-3.3823355400919297e-06,-0.0011348101792139076,0.0004789690244342282
22.587,1.3016358898766338,2.236110394043623,3.627416146026653,-0.03688487422255025,0.02167561919253007,-0.042292036810243204,1.2083126,2.3247633,3.5944095,-3.316269799658045e-06,-0.001101192812710039,0.0005250120842346107
22.597,1.3012664679328056,2.236326855953668,3.626992770354469,-0.03698845846765725,0.021621703594902182,-0.042379014901698854,1.2075013,2.3245997,3.5912933,-3.274182524659608e-06,-0.001057295366596378,0.0005434390397565103
22.607,1.3008589372966595,2.236564332382282,3.6265257563020037,-0.03714023928779393,0.02153883897222051,-0.042510356429423586,1.206285,2.3228605,3.5902572,-3.264772549194106e-06,-0.0010059403599593786,0.000527148100490038
22.618,1.3005246389734901,2.2367581482448964,3.6261419687088554,-0.03718125257643046,0.021514388324602084,-0.04272802390632121,1.206156,2.3229032,3.5897586,-3.272522890451768e-06,-0.0009390631012338169,0.0004852980021556874
22.63,1.300152339112108,2.236973020751861,3.625713532553848,-0.0372688975752057,0.021465585210486575,-0.04294334446157024,1.2068754,2.3214695,3.588502,-3.263374340978231e-06,-0.0008590876904048805,0.0004524807159294042
22.639,1.29977919877575,2.237187421175332,3.62528262397559,-0.03734995763858267,0.02141933675689294,-0.04322437326997931,1.2050793,2.3220592,3.587895,-3.2312059872197096e-06,-0.0007978035228157765,0.0004564958052633017
22.647,1.299367853364581,2.2374227273711202,3.624804900425906,-0.037464138453362265,0.02134657725141097,-0.043594980284648456,1.2067065,2.3223462,3.586704,-3.1820944523808237e-06,-0.0007430185083387997,0.0004889579342148842
22.657,1.2990306642425313,2.237614809299228,3.6244105391500763,-0.03749192777261201,0.021321324008978834,-0.04398846082528499,1.2062685,2.3230448,3.5857391,-3.0987259465042882e-06,-0.00067525691122583,0.0005689571278360006
22.668,1.298617845370708,2.237848956153835,3.6239237648999625,-0.03755866282879804,0.021254803606353498,-0.04447037402102921,1.2046509,2.3236558,3.5859234,-2.9960080349944462e-06,-0.0006006301481136234,0.0006913466121774015
22.677,1.2982795702712868,2.2380399341095023,3.623521603924496,-0.03760728481505134,0.02119035469190812,-0.044854706524302165,1.2058053,2.3237739,3.583469,-2.918207659519112e-06,-0.0005385559576751575,0.000797493421761164
22.688,1.2978655705920086,2.238272493236008,3.6230253962658083,-0.03765930948166909,0.021099315867713554,-0.04533206355898901,1.2062129,2.3229578,3.5830748,-2.84271697958971e-06,-0.0004633991789457781,0.0009087035386321496
22.697,1.2975264500743229,2.2384619781203012,3.6226151381485847,-0.03769585800197024,0.02101660515950263,-0.04579599772766616,1.2053711,2.3195472,3.58262,-2.798047158414363e-06,-0.0004022486268420167,0.0009732134278124249
22.707,1.2971492974764143,2.238671610044035,3.622154115340835,-0.03773012694765492,0.020918719990952527,-0.04634381402023377,1.2059371,2.319149,3.582817,-2.7597619975949783e-06,-0.0003325363348691823,0.0010216800075650845
22.719,1.2967340796048739,2.2389010420053626,3.6216413311721887,-0.037772523689137735,0.020755189952261943,-0.04684537633505052,1.2035359,2.3182273,3.5829573,-2.7130993331958564e-06,-0.00024552348106476884,0.001093519738474491
22.729,1.2963563665304791,2.2391084993510653,3.621170595223585,-0.03778869028315335,0.02064051380732561,-0.04729315278338182,1.2020614,2.3178391,3.582174,-2.671088450423298e-06,-0.00016975750537628898,0.0011996241484770742
22.738,1.2959784981194407,2.239314800903764,3.6206952772113064,-0.037791716293580614,0.02057455981314358,-0.04774218921491431,1.20135,2.3176336,3.5819983,-2.6373005206359323e-06,-0.00010208799636934884,0.0013424312588594667
22.749,1.2956005478601882,2.2395198059258004,3.6202152635420455,-0.03779898496347045,0.020364371460910892,-0.048243644157540996,1.2013973,2.3162303,3.5800538,-2.6107942820985386e-06,-2.7120199207253393e-05,0.0015726886277875884
22.759,1.2952225840632585,2.2397233226342284,3.6197305495755145,-0.03779523459178525,0.02027837694561165,-0.048684456740192346,1.2012603,2.3169887,3.5787272,-2.60439866561768e-06,2.9444252156451967e-05,0.0018178202145557876
22.768,1.2948446652233672,2.2399251218453533,3.6192409129622902,-0.03778841983236004,0.02009558096495581,-0.049193774991400686,1.2004318,2.3161716,3.5787978,-2.6113053150922383e-06,7.137802152268335e-05,0.0020544957530761465
22.777,1.2944668393428245,2.240124952440698,3.6187461709232114,-0.03777211660500334,0.01977440590826157,-0.049756604033640954,1.200181,2.3177533,3.5772812,-2.6267293931070412e-06,0.00010729079762139548,0.0022908511953483313
22.787,1.2941269087347338,2.24030290584874,3.6182963675482767,-0.03776392698106222,0.019678013215043564,-0.050194028114310396,1.2009501,2.3177955,3.5760572,-2.6494341898164464e-06,0.00014268231917347052,0.0025386821212989297
22.798000000000002,1.2937493655926005,2.2404983040729074,3.6177914766535104,-0.037745961242058604,0.01942349773916885,-0.050735634230360094,1.2011434,2.3181555,3.5762794,-2.6743889804947685e-06,0.00017940352771805834,0.002770958484315411
22.811,1.2933720199918308,2.2406910461206326,3.6172809057279363,-0.03772473202742362,0.019149475055018263,-0.05132718537833949,1.2005677,2.3188589,3.5744228,-2.6949357878613966e-06,0.00022670395350488093,0.0029697801620280906
22.82,1.2929949057690924,2.240880962656068,3.616764218312633,-0.037699964701155726,0.018860676878511184,-0.05195181327253391,1.1971836,2.3187551,3.5746608,-2.700261177324137e-06,0.0002653812664057398,0.003058552914669388
22.828,1.292580393322786,2.2410864642530917,3.6161884336776504,-0.03766794935851128,0.018531661671245314,-0.052674511995410345,1.1976424,2.3183331,3.5715785,-2.6973513889139156e-06,0.00030408871611342647,0.0031068467288073442
22.837,1.2922415310586357,2.241251879629339,3.6157116277233725,-0.037637516901151954,0.018257301443719648,-0.05321804320369158,1.1985624,2.3199944,3.5719614,-2.6851021530660546e-06,0.0003477034328658313,0.0031335566645842583
22.847,1.291865362254153,2.241432765295249,3.6151760241652173,-0.03759934894983094,0.017950354286012916,-0.05384928320920527,1.1973944,2.321384,3.5712273,-2.662409885889616e-06,0.00039046582787083395,0.003141917027671859
22.859,1.2914895974971645,2.2416105791028857,3.6146337894660396,-0.03755721591585233,0.017643218451897494,-0.0545322676719199,1.1964593,2.3219335,3.5710928,-2.622125201856562e-06,0.0004325886601015405,0.0031262122838859874
22.867,1.291114272803515,2.2417853290256353,3.6140846368555315,-0.037511774395220035,0.017337798786778436,-0.055231456070236606,1.1979663,2.3202572,3.5710495,-2.584101138847217e-06,0.00045549708152980983,0.0030942014855526168
22.878,1.2907019591108886,2.2419740536297805,3.613472430606005,-0.037458696018080516,0.017007015234009694,-0.05599900543835707,1.1978326,2.321223,3.5726645,-2.5147885680532056e-06,0.0004813354025809957,0.0030188794088177318
22.889,1.2903650568855851,2.242125789961246,3.612965619356554,-0.03741322483974473,0.01674259338135303,-0.05655317980526072,1.1962428,2.3208978,3.570562,-2.4336595694229857e-06,0.000506535569558153,0.002924917907722868
22.9,1.2899912125379713,2.242291635909427,3.612396999323065,-0.037360509697507295,0.01645659938955557,-0.05710810752870625,1.1967442,2.320892,3.5690656,-2.3480004429643486e-06,0.0005368632426603348,0.0028278423686347587
22.909,1.2895806103567424,2.242470820873439,3.611765252189302,-0.037299406513220175,0.016151873977358972,-0.05770208632613126,1.1943755,2.319161,3.5674083,-2.278284234158434e-06,0.0005649227274653335,0.0027533736227560723
22.917,1.2892451773741336,2.2426149730418037,3.611243403754425,-0.03724669272964281,0.015909846468461563,-0.05820878309957583,1.1922562,2.3209515,3.5678942,-2.2189286772444916e-06,0.0005911635498714318,0.002694410619147991
22.928,1.288873046610645,2.242772622991994,3.6106583363639846,-0.03718510458555415,0.015647351391019027,-0.05874043917378765,1.1918703,2.3223646,3.5653162,-2.1483490399987204e-06,0.0006237182969686117,0.0026336631178596193
22.938,1.288501547471542,2.2429276764845842,3.610068268444311,-0.037120787524340865,0.015389809644772283,-0.05922168058100553,1.1917975,2.3244593,3.5654042,-2.092453259994187e-06,0.0006417843886552532,0.0025910166270333157
22.947,1.2881307011752021,2.2430801776826845,3.6094734812542195,-0.03705491532766822,0.015136486882865202,-0.059681812368148617,1.1918308,2.3255296,3.5667086,-2.0377098071122646e-06,0.0006457020747046016,0.002544099175638248
22.957,1.2877235335167954,2.243245038797925,3.6088142651163366,-0.03694381128631552,0.014716075879566186,-0.060188374883729974,1.1921058,2.3270788,3.5637667,-1.954975020534988e-06,0.0006384472353540005,0.0024553947474070803
22.967,1.2873909868743707,2.2433777446558656,3.608271373441377,-0.03692367120447763,0.014651142395884142,-0.06047729405199174,1.192335,2.3262599,3.5666654,-1.837961649542308e-06,0.0006242648936281014,0.002308039746759416
22.977,1.2870221018616028,2.243523021393955,3.607664347455974,-0.036859949127678815,0.014429543749656177,-0.06088342898490482,1.1906481,2.3261976,3.565396,-1.6842126746574593e-06,0.000609478523043272,0.002094414523092336
22.988,1.2866538466215318,2.2436661989587576,3.6070536835091462,-0.03679751392045504,0.014229983001004982,-0.061199645308148976,1.1919209,2.3260732,3.5649676,-1.4859459178673262e-06,0.0005991913196305987,0.0018036530225211678
22.998,1.286286211164443,2.2438075225264575,3.606440383121243,-0.03673582441067824,0.0140565732340112,-0.06142616165365474,1.1910907,2.327225,3.5638976,-1.297460268556705e-06,0.0005958342197001087,0.001522375554269484
23.01,1.285882522745794,2.2439611597223186,3.6057634539167243,-0.03663137838169917,0.013816748055609068,-0.06167685146793482,1.1938181,2.3267202,3.5617814,-1.081838965966142e-06,0.0005996832184029799,0.0012040502326962077
23.018,1.2855527865873737,2.2440856854587974,3.6052076310580397,-0.03661259561617217,0.013790238549409459,-0.06186232419834231,1.1961399,2.3264794,3.5605772,-9.488386623068834e-07,0.0006066218229814346,0.0010132395435751285
23.027,1.2851870040907987,2.24422303629812,3.6045874240158318,-0.03654996523044517,0.013693203325011564,-0.06215244506326022,1.1959014,2.3272061,3.561478,-8.112429941142807e-07,0.0006208046369202691,0.0008232035405284499
23.037,1.284821856779957,2.244359529370508,3.603964266494647,-0.036485531813436854,0.013616135806380051,-0.06245322451601325,1.1974527,2.3275888,3.5596473,-6.729625918744375e-07,0.000650650776657713,0.0006445012752767099
23.047,1.2844573707150575,2.244495346303169,3.6033380123904712,-0.03641776358648965,0.013555812957382797,-0.0627672712842176,1.198329,2.3278558,3.5582497,-5.440425416836092e-07,0.0006984006273276222,0.0004931586787173536
23.057,1.2840935888980602,2.244630640469894,3.602708557035381,-0.03634489826050592,0.013509855141565866,-0.06309452040378336,1.1978095,2.3260956,3.5584085,-4.15019107968817e-07,0.0007644419501646738,0.0003566652641313617
23.067,1.2837305720070522,2.244765548182498,3.602075703386034,-0.036265179793107734,0.013477098915118174,-0.063440584729213,1.1958646,2.3258383,3.557479,0.0,0.0,0.0
23.08,1.2833683974721968,2.2449001982568113,3.601439534826763,-0.0361770483199896,0.013456923143673522,-0.06374980380726163,1.1953746,2.3260548,3.5576618,-9.631184560987549e-08,0.0009697434326998433,7.44119671849397e-05
23.089,1.2829710858080061,2.2450481569755785,3.6007367062581617,-0.0360693491202653,0.013447514136213527,-0.06400455854338806,1.1943997,2.325612,3.5590317,1.668120930276018e-08,0.0010541445640415148,-7.333663919695255e-06
23.097,1.282610976204231,2.245182629282827,3.6000955272827624,-0.035890267352589614,0.013451757195859287,-0.06424804296039914,1.1935722,2.3243043,3.5578456,1.0209053513676736e-07,0.0011231986166624353,-6.28437391849701e-05
23.11,1.2822519870448699,2.2453171434978554,3.59945242663042,-0.03576957592632966,0.01346167770098316,-0.06443253766301202,1.1937561,2.3248863,3.5559282,1.9968418474292093e-07,0.0012167341680209276,-0.00011682839804283418
23.118,1.2818941922065092,2.24545174689513,3.5988075073702195,-0.035643124794333715,0.01347309172554278,-0.06461835661102677,1.1928887,2.3266497,3.555121,2.2466601379278472e-07,0.0012613860019898837,-0.00012325476967500748
23.129,1.281537650754232,2.245586457077658,3.5981607624217036,-0.03559633522151352,0.013475696707644919,-0.06474555132745513,1.1926599,2.3266952,3.554173,2.2000025801105494e-07,0.0013094951650431952,-0.00010530123486240939
23.137,1.2811824090886865,2.245721264348491,3.597512685502686,-0.03537801327768371,0.01349043376757592,-0.06490120064264826,1.1927631,2.325465,3.5530796,2.09673579831815e-07,0.0013374518114073197,-8.92607855806915e-05
23.148,1.280863833017974,2.2458426582814486,3.5969284588395043,-0.03534319952979604,0.013491030775674201,-0.0649665680630529,1.1930475,2.3271275,3.551968,2.1164202479440064e-07,0.001370554202449803,-8.095300586230536e-05
23.157,1.280511155265246,2.2459776059372274,3.5962779410594177,-0.03520565029013171,0.013497845024800746,-0.06512517610438073,1.1942627,2.3255546,3.553309,2.2836206170495643e-07,0.0013964690203120966,-8.577537503384747e-05
23.169,1.2801598683519582,2.2461126250845567,3.5956257051518836,-0.03506527879483327,0.013505479024265127,-0.06530148653224872,1.1947008,2.3229544,3.5544307,2.7617052822392907e-07,0.0014349387674377212,-0.0001102652260822623
23.177,1.2798100027772796,2.246247731495855,3.5949719923030936,-0.03492158834390674,0.013515234068394836,-0.06541050439700088,1.1959022,2.3236775,3.5544002,3.115936291209209e-07,0.0014667870828661833,-0.0001286534664393102
23.187,1.2794615968252845,2.246382947045832,3.5943180561027157,-0.034773623933311376,0.013526836975505916,-0.06536714556996413,1.1955371,2.3237216,3.554402,3.1842925984904014e-07,0.0015164786107142447,-0.00012634036503378354
23.197,1.2790800933056798,2.24653181293862,3.59359938762165,-0.03460483198458296,0.013537946411049509,-0.06530843346229394,1.1950867,2.323916,3.552511,2.546917929890924e-07,0.0015788080383725145,-7.989298528343625e-05
23.208,1.2787693651105976,2.2466536786916946,3.593011893597079,-0.034460927157263795,0.01354184082917154,-0.06524803120782285,1.1942842,2.322735,3.5509107,9.903731346128097e-08,0.001659831669423184,1.8963957361339823e-05
23.218,1.278425667705827,2.246789080030988,3.5923599247446902,-0.03429397417295977,0.013537102720275453,-0.06515050359782756,1.1938205,2.3232565,3.5489874,-1.0368105085589718e-07,0.0017392030884333387,0.00013765901220397225
23.227,1.2780836825870385,2.246924370099429,3.5917090052434584,-0.0341192458135313,0.013520464208324517,-0.06504612516819418,1.1945713,2.3247788,3.5476594,-3.2252034554147713e-07,0.0018096087533661098,0.0002584430863756815
23.237,1.2777095680414519,2.2470729082560044,3.5909940606020725,-0.03379654853809545,0.013462015221543814,-0.06501949466227008,1.1940565,2.3261592,3.5476768,-5.817615704728496e-07,0.0018818899442414327,0.000394803317122161
23.249,1.2774051512245572,2.2471941010747645,3.5904099170956076,-0.03374786588537341,0.01344766583236275,-0.06486618636357756,1.193693,2.3244452,3.546095,-8.467649417198686e-07,0.001959057449475221,0.0005281668716414778
23.258,1.2770687420977824,2.2473282919852156,3.589761785189797,-0.033552540859032184,0.013394484337364917,-0.06477725639986551,1.1909921,2.3267221,3.5447783,-9.65938156571866e-07,0.0020107746017692385,0.0005860513171942472
23.267,1.2767343167638598,2.247461915123207,3.5891142726867753,-0.033351743846223254,0.013335437709457124,-0.06473366754153223,1.190623,2.3279552,3.5447564,-1.0153379954580544e-06,0.0020576695336771422,0.0006097781909475408
23.278,1.27636880140597,2.2476082032624927,3.5884022533435163,-0.03298943820142821,0.01322951793974589,-0.06481168930049569,1.1902658,2.327063,3.5453222,-9.83864079984187e-07,0.0021053031973132796,0.0005961054132979093
23.288,1.2760716154664016,2.24772735372931,3.5878194609636687,-0.03293653447588206,0.01321576423410993,-0.06476933181788043,1.1902251,2.3258443,3.5428889,-8.640748485611027e-07,0.0021365653065159584,0.0005426409286948264
23.297,1.2757434171751556,2.2478592129838013,3.5871718105326558,-0.032723972336568416,0.013162557816226312,-0.06475027490182873,1.1886224,2.3249102,3.5399706,-7.10092102895743e-07,0.002155079083958178,0.0004744482334446687
23.307,1.2754173559783295,2.2479905805228864,3.5865246735373364,-0.032509489477488725,0.013116757625835824,-0.06468338730310572,1.1871845,2.3251338,3.5384083,-5.462575574100015e-07,0.002167055511697047,0.00040287143787987034
23.319,1.2750611724705176,2.2481346008981955,3.5858133454975687,-0.032132180533528405,0.013050099905981525,-0.06474667681339753,1.1875012,2.3258212,3.536923,-4.3923380577126636e-07,0.0021699731959330393,0.0003582495216956083
23.328,1.2747716872060362,2.248252100221795,3.585230869104238,-0.03207902631378094,0.01304104676631745,-0.0647703392021724,1.1872042,2.325891,3.5357606,-4.437374832022556e-07,0.002163375245817001,0.00036344114131070526
23.338,1.2744520759758218,2.248382308439012,3.584582230923167,-0.03186485191656788,0.013003877946485796,-0.06494706999164668,1.186779,2.3265493,3.5351799,-5.162197527219803e-07,0.002149075467603012,0.0004002547971198034
23.351,1.2741345983008692,2.2485121255337663,3.5839316204400085,-0.03165223476866507,0.01296283960827884,-0.06515612046841089,1.1858811,2.326755,3.535285,-6.558476584039852e-07,0.002124307952092508,0.00046973971239783197
23.36,1.2738192366435068,2.2486415039481416,3.583278899609514,-0.03144150371319251,0.012916603359631832,-0.06536877246159453,1.1863083,2.325681,3.5325565,-7.385488425271092e-07,0.0021053580350596235,0.000511789116489858
23.367,1.2734747587038873,2.248783253832357,3.5825583265828347,-0.03121214623773877,0.012860457907138181,-0.06563006733105789,1.1829224,2.3277702,3.5348284,-7.796820895578094e-07,0.002089869758708396,0.0005337231756930017
23.377,1.2731637727105047,2.248911563401642,3.58190048587502,-0.030869608207277008,0.012770464441923729,-0.06597357001872638,1.1837338,2.3269677,3.5342586,-8.019236497069926e-07,0.0020663062902266383,0.0005476780388820046
23.387,1.2728856375059456,2.2490265768664943,3.581306307698951,-0.030822555610478797,0.012757513349158091,-0.06611345903646994,1.1850413,2.3275464,3.5350661,-7.734591354058296e-07,0.0020365421804857675,0.000536827691620001
23.397,1.2725785196911208,2.2491538588374893,3.580643942108701,-0.030621657311066558,0.012704599732794036,-0.06632898612824258,1.1855643,2.3255076,3.5334625,-7.063289535480521e-07,0.001999342759878786,0.0005061636012531068
23.407,1.2722733913100648,2.249280628646142,3.579979792195938,-0.03042436520155819,0.012654957118245266,-0.06647213348792104,1.1847103,2.3271573,3.53164,-6.23587725900876e-07,0.0019595659005524624,0.0004664523833888268
23.418,1.2719400035747415,2.2494195272619555,3.57924801451307,-0.030083359340895448,0.012575184127695324,-0.06663925461478362,1.1858183,2.3272676,3.5299222,-5.629301060849912e-07,0.0019196645085317599,0.0004371052442344592
23.428,1.2716689545133228,2.249532771047439,3.578648152054689,-0.030040869111665015,0.012565275331543613,-0.06671958808108507,1.184616,2.325776,3.5312989,-5.446341742043614e-07,0.0018892128423555477,0.00042927414747273573
23.439,1.2713695762789243,2.2496581867823378,3.5779798442907733,-0.02985390304985042,0.012522173339198613,-0.06692445985119791,1.1831114,2.3247979,3.5314736,-5.522818451453304e-07,0.0018634474462011497,0.00043556046194792586
23.448,1.2710720548619348,2.249783168733416,3.577309509642731,-0.02966917135784082,0.012478357141818943,-0.06711777133121459,1.1822348,2.3239148,3.528968,-5.862154042191037e-07,0.0018464573751728608,0.0004558332515189889
23.459,1.2707763709363704,2.2499077006531367,3.5766375639829264,-0.02948620124842355,0.012432062754508554,-0.0672505955434316,1.1830478,2.3238132,3.528881,-6.786882327247667e-07,0.0018243156411870132,0.0005088118248872675
23.468,1.2704825059728315,2.2500317444161,3.5759643618776367,-0.029305278208978804,0.012380741088089679,-0.06738229127412562,1.1815625,2.323914,3.5274255,-8.054271494195575e-07,0.00180027842127517,0.0005811354119882317
23.479,1.2701613261817846,2.250167547534277,3.5752221016947607,-0.028989585914789513,0.012269726431894648,-0.0676186787098276,1.1810418,2.322259,3.5263999,-1.0142822768344217e-06,0.0017626473810112842,0.0007020856400785647
23.49,1.2699001287315244,2.2502780681404952,3.574613367834099,-0.028952376011191456,0.012250856004577823,-0.06770037380111424,1.1798046,2.3226373,3.5258126,-1.2562045199615568e-06,0.0017156739039725366,0.0008462247149250146
23.499,1.2695827813355611,2.250412288870633,3.573867417012484,-0.028765104994394903,0.01215857859577527,-0.06791311888712427,1.1797235,2.323346,3.5257225,-1.4693958179101685e-06,0.0016705814242601313,0.0009775874270268048
23.509,1.2693246424566853,2.250521283260022,3.573255324984906,-0.02861631736426975,0.012070228661518639,-0.06808267108066157,1.1794899,2.3228319,3.5240846,-1.708116555310113e-06,0.00161401674744166,0.001130532727571687
23.517,1.269039364553134,2.2506413797180254,3.5725737032365963,-0.028456233179149845,0.01195786348051151,-0.0682227645152236,1.1793456,2.3217344,3.5243866,-1.8829297236955256e-06,0.001564682832787767,0.0012477301618698533
23.528,1.2687556542379193,2.2507602740006196,3.5718906505774486,-0.028302268788574066,0.011831439483960132,-0.06837478462823761,1.17926,2.321283,3.5247893,-2.0877785367190427e-06,0.0014932142846397767,0.0013927357415219888
23.537,1.268445308213338,2.250889511270718,3.571137547507676,-0.028140291972876694,0.01167780166470665,-0.06853315381193417,1.1804231,2.322561,3.5232363,-2.2334239249133248e-06,0.0014338644019185054,0.0015017995433384002
23.549,1.2681926832560286,2.250993936763197,3.570520225831538,-0.028013517042912096,0.011541455710787385,-0.06863448264926343,1.1833599,2.322716,3.5240083,-2.413167793591242e-06,0.0013573563925128873,0.00164350521160328
23.56,1.2679132956311798,2.2511084672594692,3.5698333728821376,-0.027878476654690027,0.011379025434224007,-0.0687180923479726,1.1827077,2.3214567,3.5241346,-2.556151319943467e-06,0.0012961743332189357,0.001762764124863203
23.568,1.2676352282916257,2.2512213133278816,3.5691461853277087,-0.027748746558981643,0.011205857423777322,-0.06871089857366214,1.1831024,2.3207304,3.5234203,-2.642562487498168e-06,0.001263027360385749,0.0018377926727359828
23.576999999999998,1.2673584352422975,2.25133237590641,3.568459271602918,-0.027622950992584064,0.011023481468981447,-0.06867088973331391,1.1842715,2.3189812,3.5222337,-2.7296764644191285e-06,0.0012391853117428298,0.0019143927135840677
23.587,1.2670828864201893,2.2514415684503577,3.5677729171663946,-0.027499407109939894,0.0108327190624718,-0.06860133702127438,1.1812749,2.3191595,3.5212715,-2.8302032610838523e-06,0.0012277436256367125,0.002001553844309445
23.597,1.2668085678448913,2.2515488050864247,3.5670875009123213,-0.027376598904218674,0.010632956704400107,-0.0684837432004575,1.1806372,2.318182,3.5184488,-2.9703717965290366e-06,0.0012293284983133645,0.0021193104642209804
23.607,1.266535478559462,2.2516539850190926,3.5664035766394653,-0.027253491123246966,0.01042208308797095,-0.06831700065977019,1.1798952,2.3175406,3.5195975,-3.117191625268134e-06,0.001233391581156873,0.002239733097741503
23.618,1.2662365045130652,2.251767158105012,3.565652982261472,-0.027033711108986374,0.010011900417340774,-0.068233599640907,1.1785275,2.3192937,3.519236,-3.333477935463236e-06,0.0012313812065816165,0.0024154266450926443
23.628,1.2659660034075957,2.25186758414011,3.564971782346513,-0.026994911354257654,0.009932182330389004,-0.06806886084273582,1.1790667,2.3186488,3.5212123,-3.5527524722134274e-06,0.0012168689172096236,0.002594992142191277
23.639,1.2657235963042488,2.2519558185576782,3.564359860374069,-0.02688578327336084,0.009699011689703016,-0.06792417873083201,1.1755582,2.320352,3.520292,-3.779490674649111e-06,0.0011833809339747425,0.0027865018003470077
23.648,1.2654553920812937,2.252051308645683,3.5636816552193618,-0.02676750717555841,0.009423885464293834,-0.06772911086059939,1.1773239,2.3188963,3.5215409,-3.930870570822975e-06,0.0011444786531269457,0.002921140790328902
23.66,1.2651617054291284,2.2521530702858534,3.562938236424747,-0.02656810844072363,0.00890140903351976,-0.0675111315566579,1.1771564,2.3174207,3.5214784,-4.062490919221062e-06,0.0010779223112553638,0.0030480617801149634
23.669,1.2648958796357075,2.252242471188549,3.562265318948503,-0.026534498223187743,0.008804160822909508,-0.06714865821482925,1.1787926,2.3198187,3.5208147,-4.115261009740578e-06,0.0010214892751210236,0.0031055352945443815
23.68,1.2646575325733198,2.2523203315149476,3.5616626677120675,-0.026442555947045407,0.00852812304240936,-0.06680230343870684,1.176995,2.3208134,3.5200849,-4.153022643560433e-06,0.0009530335985807881,0.003151719516294005
23.687,1.2643936420510762,2.252403906699282,3.560996972033824,-0.026346151913953852,0.008217450139463954,-0.06637840700828362,1.1762553,2.3194063,3.5181394,-4.16508361800183e-06,0.0009141374959611426,0.0031689035285924483
23.697,1.2641306851265606,2.252484361978546,3.5603353985076738,-0.02625514926011908,0.007904743817805227,-0.06598426057575726,1.1770709,2.3169754,3.5168703,-4.164654644700505e-06,0.0008665176806816888,0.0031730029473457932
23.707,1.2638424523152503,2.252569251009638,3.559611970542791,-0.02610590506325851,0.007353604309081737,-0.06562426313420039,1.1768782,2.3169034,3.517658,-4.1514658750685385e-06,0.0008251139365338389,0.0031601216870380533
23.717,1.263607382513195,2.2526358995174403,3.559023512726634,-0.026086194495543804,0.007280954978717585,-0.06522900534884364,1.1749735,2.3187246,3.5159116,-4.1458311477171605e-06,0.0007876266721416059,0.003154511509960045
23.728,1.263346957149701,2.2527069983133723,3.558373248120951,-0.026007346090201205,0.006969757686746768,-0.06486475429212565,1.1752167,2.3177364,3.5140042,-4.1597798658976615e-06,0.0007484143611264926,0.003173918065392023
23.738,1.2630873007844126,2.2527749757609685,3.557726508909033,-0.02593206493580808,0.006656625112080005,-0.06452585312640356,1.1752926,2.317855,3.5131323,-4.180284918220423e-06,0.0007097423875004338,0.0032039066912821212
23.748,1.2628283759493695,2.2528398073091136,3.5570827359559383,-0.02586072518777966,0.006340797086574774,-0.06426658300707369,1.1734182,2.3136897,3.5147157,-4.199449380237752e-06,0.0006661071630751358,0.0032347983387497337
23.758,1.2625443534055076,2.2529074552042134,3.5563772637683213,-0.025787318376239828,0.00599012248468489,-0.06400942112395587,1.172511,2.3128762,3.5133984,-4.214193833895763e-06,0.000618163414369377,0.003262024967114918
23.769,1.2622868239052851,2.2529655876021275,3.5557389375074053,-0.025688918649931673,0.005457955761338496,-0.06371574871616358,1.1736804,2.3129256,3.5119932,-4.2404425406594726e-06,0.0005591090048056024,0.0033133269960607947
23.78,1.26202988240471,2.2530204722958183,3.5551038392973093,-0.025636513599385485,0.005126911485928551,-0.0634090337053722,1.1731316,2.3115776,3.5123537,-4.285081633081944e-06,0.0004923411700228364,0.0034101717960401956
23.787,1.2617734711084991,2.2530720380482716,3.554471514008527,-0.025619020676332465,0.005004395824031698,-0.06311677727993652,1.1727053,2.3103528,3.5128393,-4.318888477072846e-06,0.0004477739222443766,0.003494708211015496
23.798000000000002,1.2615431031233357,2.2531155206307307,3.553904545933608,-0.025579132221306693,0.004691356192143886,-0.06290242827479615,1.1718013,2.3131914,3.5117023,-4.3728046583702e-06,0.00037817329865585947,0.0036570074990436297
23.808,1.2612875283147784,2.253160455729731,3.5532768475423766,-0.025540672047770125,0.00432913259879823,-0.06264563248154811,1.1708065,2.3141205,3.5109704,-4.416936528084392e-06,0.00031720531207835023,0.003828049871140937
23.819,1.2610323053870738,2.253201674073457,3.5526524795041454,-0.02550812999351832,0.003949677772414919,-0.0622486714022343,1.1703116,2.3144305,3.509356,-4.446879190656006e-06,0.0002520094525819694,0.004000144180902776
23.83,1.2607773758637426,2.2532390113104874,3.5520324829087393,-0.025481411983358706,0.003555142158947392,-0.06179973852870057,1.1714667,2.3144708,3.508759,-4.451831341789614e-06,0.00018586739893056148,0.004108058769857426
23.838,1.2605226809972572,2.2532723467626763,3.551416590121653,-0.025460636954491852,0.0031513813700873765,-0.0614347712264841,1.1719089,2.315328,3.509555,-4.443910202045487e-06,0.00013602561755732268,0.004132223395898027
23.849,1.2602427153708116,2.2533043316127124,3.550742675936601,-0.025444874126218087,0.002704934916849637,-0.061130775376263144,1.1704595,2.315311,3.5082448,-4.428492661912031e-06,6.736456819567138e-05,0.004090943745937992
23.858,1.259988315197614,2.2533291698689775,3.550132822158578,-0.02543535923930413,0.002059039454033112,-0.060874489635212095,1.1697512,2.3130298,3.507002,-4.420356071399567e-06,1.4586849660602752e-05,0.00400112047721457
23.869,1.259733962901466,2.2533500549785126,3.5495257180379456,-0.025434653812539624,0.0019140066100972952,-0.06057218569878848,1.1714596,2.3134286,3.5042186,-4.422535193615573e-06,-4.513767294378468e-05,0.003845609277117301
23.878,1.259505041728239,2.2533655759627713,3.5489822134905182,-0.025437133602823625,0.0015747611636411718,-0.06024124575465066,1.1721475,2.3115342,3.502698,-4.434278648712819e-06,-9.202733136515207e-05,0.003713033020692702
23.887,1.2592251870472657,2.253380491095246,3.5483215613077976,-0.025445738271203316,0.0011760727102302455,-0.059927686916441215,1.170968,2.312163,3.5015702,-4.451129111959773e-06,-0.00013619167199774296,0.003597303760704218
23.9,1.2589961218076078,2.25338949346199,3.547783107344201,-0.02545697745679477,0.0008608698585627244,-0.05976491356046261,1.1714262,2.3134289,3.5011783,-4.4729669061993604e-06,-0.0001905095309826521,0.0034857295788270903
23.909,1.2587159904820981,2.253396698964791,3.547126155953011,-0.025475072893074605,0.00048462015854848527,-0.05970252892435211,1.1716005,2.3143845,3.4997287,-4.480387801653052e-06,-0.0002215276660182397,0.0034488621046131485
23.917,1.2584611324793527,2.25339968489357,3.546529405053065,-0.02549503427107282,0.00014675648676689605,-0.059646859215820816,1.1723329,2.315352,3.4999864,-4.482425336238549e-06,-0.00024522629252521355,0.003430125688483443
23.928,1.2582060591391315,2.2533993049301726,3.5459334045813935,-0.02551777425265673,-0.00018874599570620874,-0.05955714786422133,1.1731613,2.3149405,3.4997387,-4.48627802862589e-06,-0.00027203719498691825,0.003392020743862023
23.939,1.2579762884782437,2.2533961113654426,3.5453977660276856,-0.025540141853352044,-0.0004869378361267424,-0.05949109225812919,1.1716886,2.3140066,3.5006635,-4.5030777817700596e-06,-0.0002909640171924188,0.003302805808538256
23.947,1.257720743218113,2.2533894572498,3.544802842024211,-0.025566477745198185,-0.0008097448599418571,-0.059502693518037685,1.1729598,2.3152547,3.498479,-4.526601617982351e-06,-0.00029893376703071795,0.0031984968060396746
23.958,1.25746492919476,2.2533796453441504,3.544207726367184,-0.02559369864704235,-0.0011191203301716712,-0.05952469424946041,1.1723241,2.3146696,3.496829,-4.5708895171081565e-06,-0.000303741549616543,0.003013274151248524
23.969,1.2571832168656552,2.2533653928725568,3.543552495405707,-0.025642045541222257,-0.0016097227982708915,-0.05959443436356119,1.1716374,2.3152294,3.494591,-4.6235304331787574e-06,-0.00030237104866515097,0.0027943971659079025
23.98,1.2569524777787076,2.253351205202061,3.5430156156727945,-0.025648588115697635,-0.0016835818479445487,-0.05969596073900775,1.1717597,2.315702,3.495278,-4.676819662208231e-06,-0.0002971302346956861,0.00256295049082933
23.988,1.2566958436126354,2.253332968392228,3.5424177717555336,-0.025675467881440595,-0.0019351805014743138,-0.059869041284756536,1.1702706,2.3165112,3.4962783,-4.717596138625879e-06,-0.000292568716452557,0.0023748079219161333
23.997,1.2564132390725016,2.253310141232232,3.541757669906929,-0.025721853093156763,-0.002322447057748785,-0.060118956542939535,1.1722424,2.3175902,3.495631,-4.751392109092478e-06,-0.0002893077766641383,0.0022109214419034906
24.007,1.2561817818771952,2.2532894908483723,3.541215456589117,-0.02572785621640761,-0.002377172215321915,-0.060333019614012114,1.1716998,2.316354,3.4948318,-4.792185658075709e-06,-0.0002878949887765714,0.002007200793419095
24.017,1.2559243606666577,2.2532646519391557,3.540611036959891,-0.025753788707261423,-0.002568138317145635,-0.0605306051571946,1.1712544,2.3156877,3.494997,-4.834734570913213e-06,-0.0002875329104363722,0.001795849399633287
24.028,1.2556408981923308,2.253235263400016,3.5399438978283038,-0.02579957149587387,-0.002851490342859238,-0.0607304435157621,1.1689855,2.3173397,3.4947503,-4.882130485217573e-06,-0.00028513199417279367,0.0015583706579991308
24.038,1.2554087427446612,2.253209797570841,3.5393965121399362,-0.025805260941222437,-0.0028874093900874208,-0.060877691960412615,1.1680188,2.3186953,3.492687,-4.921454753947785e-06,-0.0002807957103341252,0.0013501777670983373
24.048,1.2551505511820065,2.253180197960578,3.5387870739218577,-0.025830471899994687,-0.003016337232267212,-0.06099565080153167,1.1683367,2.3180299,3.4924014,-4.9578180196796495e-06,-0.0002785640051286009,0.0011473912658019891
24.058,1.254892108642614,2.25314941850863,3.5381764677201963,-0.025855553186412476,-0.003125320926755382,-0.061120056487409626,1.1687044,2.3163772,3.4923246,-4.996307948701428e-06,-0.0002829334571217146,0.0009378315448476116
24.07,1.2546075292368097,2.2531144410938424,3.537503068784157,-0.025901640209366725,-0.0032681676399284013,-0.06128560512251556,1.1674837,2.3166547,3.4913254,-5.049165173076631e-06,-0.00029732131475279644,0.0006763687815229957
24.08,1.2543744551296854,2.253085140389883,3.5369508895405186,-0.025907971408589144,-0.003280617326691037,-0.061395219052272604,1.1671702,2.3164659,3.4898417,-5.0947262191236575e-06,-0.0003130729870415294,0.0004695105972225555
24.088,1.2541152209148545,2.25305206127134,3.5363362802611755,-0.025936301253874135,-0.0033273403772239654,-0.06152106426398067,1.1672198,2.316005,3.487964,-5.129057723429753e-06,-0.0003266079911421471,0.0003201454545602722
24.098,1.2538297251189168,2.2530152589016788,3.5356583758076545,-0.02599036059949632,-0.0033695960061557867,-0.06172040326598325,1.1681197,2.3160415,3.4896593,-5.167033758635142e-06,-0.0003441046300620698,0.00015744455098687382
24.107,1.2535958591239114,2.252984974097908,3.5351017040648225,-0.025997918897293342,-0.0033689873372536737,-0.061950118860026555,1.1661925,2.3179321,3.488619,-5.194854227674739e-06,-0.00035941282758855664,3.5404133669203475e-05
24.117,1.253335698192976,2.252951272925969,3.53448103966455,-0.026031183744694212,-0.003369324202461386,-0.06214935900220156,1.1665905,2.3173966,3.4880586,-5.218564333109299e-06,-0.0003732822675166503,-7.71413332119053e-05
24.127,1.2530751971766987,2.252917628477116,3.5338587870234077,-0.026065753316388735,-0.0033588952973241737,-0.06228553578391583,1.1659245,2.3159604,3.489418,-5.240288686980676e-06,-0.00038463889402873264,-0.0001837881335990943
24.137,1.2528143444832933,2.252884146013751,3.533235099903982,-0.02610138544327276,-0.003337908582595177,-0.062435467463307005,1.1663873,2.3158119,3.4888468,-5.266550462845743e-06,-0.0003953367449920364,-0.0003070466037566888
24.147,1.2525531301887032,2.252850933741396,3.5326101296724275,-0.026137965268221562,-0.003305934161384674,-0.06254073574253836,1.1668825,2.3152473,3.4882162,-5.287333499914837e-06,-0.00040340401962213335,-0.00040567230960686373
24.158,1.2522915452557386,2.2528180997755984,3.531984281538932,-0.02617541046298469,-0.003263478624309912,-0.06261803433526716,1.1673684,2.3147132,3.4871294,-5.30637543683099e-06,-0.00041171511211590683,-0.0005099533686614421
24.167,1.2520295818871043,2.252785740777625,3.5313577291387777,-0.026213535597387483,-0.0032121799909132598,-0.06268639816411115,1.1660454,2.3148189,3.4865968,-5.3127667101193765e-06,-0.00041521518979692473,-0.0005733209825056207
24.177,1.2517672354022504,2.252753931730981,3.530730431458671,-0.026251919286368674,-0.0031545947433842983,-0.06276751859840862,1.1661204,2.3154602,3.4872785,-5.307248494013095e-06,-0.00041363415936945813,-0.0006148253358428946
24.187,1.2514782124251,2.252719631763866,3.53003944640586,-0.0262938021778965,-0.0030874968681116554,-0.06284960084131125,1.1664796,2.3176563,3.4854786,-5.289554193765866e-06,-0.00040750422024871114,-0.0006286179505892164
24.197,1.251241399347586,2.2526921227341945,3.5294737505570404,-0.02632747960387902,-0.003031790666292986,-0.06284475731055646,1.1652882,2.319698,3.4838097,-5.266107269807918e-06,-0.00039854831314389827,-0.000629587534294096
24.207,1.2509779226635196,2.2526621464889836,3.528845755350251,-0.02636403125712016,-0.0029695175596462504,-0.06275306449841092,1.1640038,2.318054,3.4836898,-5.248716802963571e-06,-0.0003873578021735824,-0.0006475521987976407
24.217,1.2507140864752528,2.252632805164148,3.5282188583159106,-0.02639947241506118,-0.0029044347868900874,-0.06264594008399581,1.1643443,2.3181362,3.482614,-5.247762344229301e-06,-0.0003763413081601108,-0.0007117519602477529
24.227,1.2504234644531018,2.252601327684197,3.527530146831448,-0.026460425678189563,-0.0027734982838532045,-0.06258007511468006,1.163081,2.3175488,3.4820497,-5.262510061498915e-06,-0.00036935804035787,-0.0008225530149665872
24.237,1.2501853763416004,2.252576285183386,3.5269670343536905,-0.026467755479933724,-0.002747658534342341,-0.06254933029946513,1.1620737,2.3190641,3.4820235,-5.286913268509608e-06,-0.000367905656362133,-0.0009622277841154769
24.247,1.2499205127384574,2.252549336642832,3.5263418542316383,-0.026501627896032172,-0.002649524741393653,-0.062498372064898645,1.1615337,2.3189516,3.4812474,-5.313462586808981e-06,-0.0003728859702150089,-0.0011062947065223483
24.258,1.2496553074758276,2.252523446327849,3.5257168579936575,-0.02653613619315698,-0.0025375073636664898,-0.06250966581353193,1.1620146,2.319714,3.479861,-5.341608674935827e-06,-0.0003865610476556647,-0.0012554603645327234
24.267,1.2493897503691942,2.2524987484974606,3.525091477996525,-0.02657197571227413,-0.0024125235691565767,-0.06256569225557031,1.1617173,2.3187687,3.4783916,-5.3626611009605085e-06,-0.00040344252842050565,-0.0013651405380343817
24.279,1.2491238247815113,2.2524753655673955,3.5244654056858025,-0.02660970966039415,-0.002275916729929558,-0.06264496587805567,1.1612843,2.3183973,3.4790177,-5.3876452392742635e-06,-0.000429380451618222,-0.0014939091021082263
24.29,1.2488308566880606,2.252451292222671,3.5237755931128167,-0.02668150292952973,-0.0020162891506329927,-0.0627603185172513,1.1615797,2.3174167,3.4785357,-5.403747891818966e-06,-0.00045193076444238756,-0.00158915504990631
24.298,1.2485640907517184,2.2524310050075136,3.5231472140218503,-0.0267247348686603,-0.0018556319987112924,-0.06288550446886185,1.1605006,2.3159094,3.4775288,-5.40814246496879e-06,-0.00046587791017937974,-0.0016401919162065681
24.307,1.2483236346753812,2.2524141077995243,3.5225806416056304,-0.026734869336157926,-0.0018125380925227248,-0.06299658060836286,1.160982,2.3165307,3.4762383,-5.402148151922859e-06,-0.00047795187613797196,-0.0016739050981708914
24.317,1.248056040783448,2.252396884853456,3.5219501512357163,-0.026779599705880185,-0.0016483280793448518,-0.06309652530636163,1.1593969,2.3167348,3.4751449,-5.376435185944217e-06,-0.0004873567018952585,-0.0016725613883945556
24.328,1.2477879948103043,2.2523813006364852,3.521318494042269,-0.026825149630065902,-0.0014853460383684805,-0.06322194401969852,1.1597779,2.314791,3.4745626,-5.324516158644599e-06,-0.0004941478963678136,-0.0016245512486676716
24.338,1.2475194900174322,2.2523673219803264,3.520685633631396,-0.026871286741793465,-0.0013272485714968143,-0.06333941225011445,1.1597911,2.315073,3.4744453,-5.2615100587516395e-06,-0.0005003101653224817,-0.00155080279550468
24.347,1.2472235978758683,2.2523537220192185,3.5199879302707404,-0.026954892891131736,-0.0010688055387060831,-0.06349382482430291,1.1591368,2.3159328,3.4736714,-5.193257522240202e-06,-0.0005071637924802808,-0.0014632301945294302
24.357,1.2469810796993672,2.252343898129882,3.5194157118280986,-0.026965540243687643,-0.0010362820216768159,-0.0636330222390675,1.1590657,2.3157854,3.4737406,-5.107000709436704e-06,-0.0005156587671586443,-0.001347993624534638
24.368,1.246711158964369,2.2523342551175283,3.5187788373242355,-0.0270139153448266,-0.0009071584187036507,-0.06372718466962371,1.1577362,2.3142712,3.4724257,-5.008737671730046e-06,-0.0005255767660954369,-0.0012181006993072785
24.379,1.246413681451348,2.2523250618664896,3.5180772974440666,-0.027102145162454672,-0.0007062057324270092,-0.06380504805710992,1.1557527,2.3150089,3.4712691,-4.914793796828576e-06,-0.000535616461916355,-0.0010996364749180643
24.389,1.24614272436266,2.2523178719616324,3.517438602639312,-0.027118402003211098,-0.0006720236206317965,-0.06391121024088284,1.1571362,2.3162475,3.4703944,-4.831228352486505e-06,-0.0005464944926454329,-0.0009977878713209876
24.4,1.2458984286359116,2.252312265100829,3.5168629887545686,-0.027164581943101652,-0.0005849293746777778,-0.06399499450869163,1.157592,2.3171487,3.4699616,-4.740490711530043e-06,-0.000564164909348186,-0.0008914218109552507
24.408,1.2455992710784953,2.252306417361797,3.516158389196581,-0.027259687121718248,-0.0004350737422452672,-0.06409007870450074,1.1565484,2.3165772,3.4689846,-4.678872406405077e-06,-0.0005799773389743024,-0.0008247159067575893
24.417,1.2453540205952502,2.2523023797154336,3.515580992818266,-0.027272111948351406,-0.0004173053025013914,-0.0641985376128041,1.1569884,2.3143158,3.4680514,-4.618953877155718e-06,-0.0005979198923720119,-0.0007681752564270283
24.428,1.245053655055804,2.25229828210264,3.514873993743688,-0.027334504554170178,-0.00033596645280566063,-0.06432403718448904,1.155733,2.313776,3.4680414,-4.55949583688664e-06,-0.0006177345315907523,-0.0007236138906012712
24.437,1.2448073824620443,2.252295576325558,3.514294818582899,-0.02738709697064286,-0.00027281807321709713,-0.06437012046762472,1.1535202,2.3143492,3.466999,-4.510806172142168e-06,-0.000630522769816011,-0.0006873971420180425
24.447,1.2445331841434615,2.252293215591253,3.5136509472964557,-0.027446789492140727,-0.0002068083695161329,-0.06440139542164328,1.1537802,2.3152385,3.466756,-4.443364418627027e-06,-0.000642214432967414,-0.0006262791555187164
24.458,1.2442308687867574,2.2522913383999636,3.5129422585065386,-0.027513798735570576,-0.00014202511024661945,-0.06445091551964838,1.1529917,2.312916,3.4653795,-4.348312840463109e-06,-0.00065781370371365,-0.000528036260639908
24.468,1.243955388480596,2.2522901969900464,3.5122974633623296,-0.02761973460777162,-6.436138296876304e-05,-0.06448943518874033,1.155633,2.313515,3.4656239,-4.248035740950229e-06,-0.0006778342763924528,-0.00042098841111570806
24.479,1.2436792721912728,2.2522894887200016,3.5116518243329606,-0.027640891540604194,-5.453915636273232e-05,-0.06460806782329534,1.1556983,2.315175,3.4643822,-4.12219977174999e-06,-0.0007061409784383521,-0.0002864815530969622
24.489,1.2434302040888898,2.2522891259476587,3.511070119361681,-0.027701218343183277,-3.0445154903433353e-05,-0.06464744576132309,1.1562593,2.314807,3.4622042,-3.997821064416485e-06,-0.0007302746456496756,-0.00015620571323005095
24.497,1.2431528127913818,2.252288912789795,3.510423571942432,-0.02777043897048895,-1.569836038922202e-05,-0.0646629322269132,1.1546509,2.3142133,3.461621,-3.902574071901199e-06,-0.000743365928918216,-6.048405200509421e-05
24.51,1.2428747208244015,2.2522887829215605,3.5097765621760906,-0.02784102207979604,-1.2297180341490948e-05,-0.06474550982212202,1.1523631,2.3125956,3.4599319,-3.7729278643539033e-06,-0.0007482950998065618,6.122306873335148e-05
24.518,1.2425959209875879,2.252288635958065,3.509128342044687,-0.02791181818933665,-1.7810795435751338e-05,-0.0648878358840047,1.1547732,2.313694,3.461052,-3.7089509321575065e-06,-0.000743305234993219,0.00011667061042786031
24.529,1.242288426999143,2.2522883634490456,3.5084136966853827,-0.028036909887756173,-4.267783772817132e-05,-0.06501617311178821,1.1538551,2.312973,3.4589117,-3.62796766628648e-06,-0.0007343550807403787,0.00018593132296373938
24.537,1.242036213450483,2.2522879970928296,3.5078276214745987,-0.02805140981189669,-4.86456404515475e-05,-0.06519097615972261,1.1529063,2.3152728,3.4584827,-3.5691384683289584e-06,-0.0007279121096321894,0.00023761991535709015
24.548000000000002,1.2417553215907833,2.252287379172685,3.5071745605974898,-0.028119979326994015,-7.354416174632842e-05,-0.06539966066466665,1.1526421,2.3139887,3.457739,-3.4866713365389046e-06,-0.0007199281029510729,0.00031236867493422693
24.558,1.2414737478286548,2.2522864759374364,3.506519505893413,-0.028187891341571337,-0.00010497915403824497,-0.06559408957733887,1.151752,2.316115,3.4575653,-3.419229363199605e-06,-0.0007156687926963556,0.00037060576342007323
24.569,1.2411632352451825,2.252285081343682,3.5057964702236135,-0.028309213339490755,-0.00017264512552345808,-0.06582258539120046,1.1535757,2.3148465,3.4565315,-3.3583787342195137e-06,-0.0007151442305581845,0.00041593739970080534
24.576999999999998,1.240880242411313,2.2522834001090337,3.505136896312065,-0.02837705239944049,-0.0002151605512703404,-0.0660287956054861,1.1554029,2.3143423,3.4570832,-3.327601416636128e-06,-0.0007174961551590364,0.000429689497138952
24.587,1.2406249701324312,2.252281530315123,3.5045416080205705,-0.02839074040465168,-0.0002245747754260628,-0.06621167777417908,1.1556568,2.3143895,3.4568598,-3.303451622027609e-06,-0.0007196870519154963,0.0004266122929883487
24.599,1.2403406890211182,2.2522790557026924,3.5038788277273114,-0.028458640008908413,-0.000266020485118345,-0.06632597023221189,1.1563121,2.3134797,3.4555385,-3.2819186235322206e-06,-0.0007101062209784459,0.0004123829125775025
24.608,1.240055733216821,2.252276172929034,3.5032149877972802,-0.028525545584481695,-0.00030633836358652067,-0.06643321492938527,1.1580209,2.3143022,3.4577014,0.0,0.0,0.0
24.617,1.239770120978663,2.252272890463731,3.5025500207678943,-0.02858990960525951,-0.0003462113931172846,-0.06654873403961603,1.1564099,2.3131616,3.4583228,-3.233512817946149e-06,-0.0006527639572118105,0.00041423508119420305
24.628,1.2394552311005405,2.252268812740383,3.5018174058241094,-0.02865577590277538,-0.00039150842198099316,-0.06662966387973482,1.1562722,2.3151193,3.4569416,-3.187713704999595e-06,-0.000589743209647775,0.0004432838378130022
24.638,1.2391970822095912,2.252265092494306,3.501217811999166,-0.02870436704923725,-0.000431326528333723,-0.06660284996986171,1.1556318,2.316652,3.4569676,-3.139437001919987e-06,-0.0005192765015520351,0.00048795051037231474
24.647,1.2388810160420582,2.252260031258842,3.5004858533518255,-0.02878655879880012,-0.0005198824410596146,-0.06645997601150412,1.1549132,2.3173661,3.455913,-3.1002496667653645e-06,-0.0004514337431560378,0.0005278215119992602
24.658,1.238622028843077,2.252255431576354,3.4998884322676904,-0.028791716208426677,-0.0005322782808818365,-0.06630242971858544,1.1542624,2.317555,3.4561894,-3.068691893481912e-06,-0.0003701905020099261,0.0005449603060125874
24.667,1.2383339253547248,2.252249815609908,3.499226401752703,-0.028824563688801624,-0.0005853363542484723,-0.06612825706797729,1.151903,2.3165488,3.45558,-3.0563294344254643e-06,-0.0003095755647350984,0.0005160737273626204
24.677,1.2380455295340154,2.2522436879168337,3.4985659477279487,-0.028850975929840532,-0.0006342146642075643,-0.06597306297261334,1.1501526,2.3155246,3.4534714,-3.0500814638401152e-06,-0.0002517526449006269,0.000437007472087636
24.688,1.2377568999987847,2.2522371158931764,3.497907340369646,-0.028872056601539967,-0.0006744719286545816,-0.06575890417526492,1.1499273,2.3170497,3.4543798,-3.0424855705923903e-06,-0.00020506858994284727,0.00031693070032057236
24.698,1.2374680820525432,2.2522302001555783,3.497251115447832,-0.028889317609397336,-0.0007039247404636571,-0.06551452449506981,1.1487504,2.316117,3.4536784,-3.0307370324500482e-06,-0.00018115563309883953,0.00020926490281425458
24.709,1.2371501985797304,2.252222323574269,3.4965318511107197,-0.028917246439034785,-0.0007332087679568522,-0.0652810777985386,1.1481254,2.3162544,3.4531236,-3.0143601787990804e-06,-0.00017285499180630381,0.00010866104177509328
24.72,1.2368899800150348,2.2522157548441997,3.495945133170933,-0.028918983110289804,-0.0007333195298511987,-0.06511553721447502,1.1481266,2.314443,3.4517522,-2.993633716474875e-06,-0.00017938497208458415,3.112701175789212e-05
24.727,1.2366007084373654,2.252208396163818,3.4952949668759667,-0.028933980596032836,-0.0007371677287416979,-0.06493491328121666,1.1453665,2.3145843,3.4491355,-2.982157925934814e-06,-0.00018643956643327186,5.5261306752818484e-06
24.737,1.2363112809613697,2.2522010232412426,3.4946465917863176,-0.028950118298238636,-0.0007369776100352221,-0.06476694440241758,1.1460559,2.3139594,3.4465978,-2.9602778157666876e-06,-0.0002007119008133884,-1.5406372098070165e-05
24.747,1.236021684307625,2.252193661874716,3.4939994412115327,-0.028967722841137352,-0.000735472705503584,-0.06468763389507788,1.1455134,2.315934,3.4480221,-2.933180413222658e-06,-0.00021866175840212776,-6.352482413873872e-06
24.757,1.2357029126200192,2.252185573385197,3.4932879586350154,-0.028989218095775808,-0.0007357474976841889,-0.06466573265778604,1.1469425,2.3145535,3.4484503,-2.9000367947062955e-06,-0.0002397707996815157,2.849249479197624e-05
24.767,1.2354129024735356,2.2521781964360637,3.4926417313549787,-0.029027755236875154,-0.0007441809835109852,-0.0645750330040971,1.1446211,2.313533,3.4483147,-2.8644475484895793e-06,-0.000261690169944373,6.90180988374145e-05
24.778,1.2351516978485817,2.252171504490193,3.492060915950924,-0.029032357264747777,-0.0007469115890165463,-0.06449820581982534,1.145148,2.3124697,3.447989,-2.8255955637490615e-06,-0.00028177930791573047,0.00010890531964991013
24.789,1.234861236108647,2.252163976965647,3.4914163890055496,-0.02905771086348324,-0.000758056337087515,-0.06441510923779294,1.1454422,2.3120484,3.4471242,-2.7858140954073463e-06,-0.0002980386508131261,0.00015044443724621104
24.799,1.234541425535218,2.2521555428901623,3.4907084812218176,-0.029106958326664396,-0.000786709117834511,-0.06429569318597549,1.1435237,2.3115468,3.4465246,-2.7452738056155113e-06,-0.00030994923431793,0.00020187874879740164
24.809,1.2342795150736603,2.2521484818363615,3.4901301459310896,-0.029112416888321082,-0.0007931438147027192,-0.0642242521474762,1.1439807,2.3135421,3.4458597,-2.697842076404555e-06,-0.00031869673286166744,0.00027459016057918006
24.817,1.2339590890995513,2.252139582999781,3.4894243291546627,-0.029164923215930883,-0.0008455677408775207,-0.06410055145699509,1.1437716,2.3142362,3.44521,-2.6544550868479178e-06,-0.0003252787511804911,0.00034900393486170245
24.826999999999998,1.233696658934023,2.252132008073574,3.4888480769673684,-0.029170839312866306,-0.000857163563096621,-0.06395256828839112,1.1449245,2.3128965,3.4451063,-2.5978485109767746e-06,-0.0003345450756988555,0.00044718051495706845
24.837,1.2334047831443151,2.2521231907626227,3.4882097330912814,-0.029201422379604398,-0.0009030985058992446,-0.06374028747977598,1.1452149,2.3139496,3.4443572,-2.5417459261767306e-06,-0.0003455422584579537,0.0005334619479708813
24.849,1.2331125962490908,2.2521138725627656,3.487573357240886,-0.029232944606802886,-0.0009562038151125068,-0.06355779445977393,1.1435375,2.3116286,3.4468322,-2.495987845740899e-06,-0.0003533369330903646,0.000588124562344472
24.857,1.2327908219569341,2.252102976069247,3.486875291527469,-0.02929079494952994,-0.0010582808649088394,-0.06335965346360029,1.142895,2.311273,3.447704,-2.4699654432858154e-06,-0.0003545826426591958,0.0006075043563487093
24.867,1.232497961165363,2.2520924483398486,3.4862431026181837,-0.02932279183481926,-0.0011192541454982043,-0.06306434841200823,1.1417377,2.3140035,3.447979,-2.440753541943508e-06,-0.0003518781394595827,0.0006235114182207013
24.878,1.2322341119182714,2.2520824513203332,3.48567709701887,-0.02932934105920542,-0.0011357161671617635,-0.06273309386977864,1.142065,2.3151915,3.447314,-2.404899891672585e-06,-0.00034763210742561057,0.0006536068655811356
24.889,1.2319406442057401,2.2520707408491916,3.485052151344212,-0.029361004277441156,-0.0012004348208402992,-0.06228971783357573,1.1430666,2.3169346,3.4457068,-2.368710728894996e-06,-0.00034724937729979644,0.0006859487749535376
24.899,1.2316468600625932,2.25205836707557,3.4844319843238227,-0.02939269401341637,-0.0012678956906870997,-0.061788435138751645,1.1426374,2.3169627,3.4484792,-2.3439432457195153e-06,-0.0003510324568392065,0.0006918642245952178
24.908,1.2313527571501577,2.252045313974721,3.483816981060553,-0.0294247556631359,-0.001335670754932007,-0.061266931803182344,1.1420606,2.315747,3.4475737,-2.33528865933863e-06,-0.0003548347534660934,0.0006581958106224306
24.918,1.2310583313897738,2.2520316021762894,3.483207161793965,-0.02945719805433644,-0.0013992004548477746,-0.06074471719501187,1.142205,2.3156617,3.4494665,-2.343506306790033e-06,-0.0003563335612151164,0.0005706256827404665
24.929,1.230734087307232,2.2520158437073983,3.482542825873818,-0.02949299961431331,-0.0014583327647401964,-0.060080584200189566,1.1413552,2.3169932,3.4483464,-2.3663455670508426e-06,-0.00035333164484674384,0.00043455825040261686
24.937,1.2304389796393136,2.252001025254246,3.4819458663099714,-0.029545914735828523,-0.0015195316984437071,-0.059366793448788,1.1415164,2.3160746,3.4489367,-2.38449031941812e-06,-0.0003478286021882937,0.0003292270634096539
24.947,1.2301435537235248,2.2519858699791135,3.4813558675472467,-0.029576571177806765,-0.0015396789100423909,-0.058679997117309,1.1411763,2.316742,3.446975,-2.404264131783407e-06,-0.00033815618253774105,0.00020200681632775996
24.957,1.2298774058787534,2.25197204625244,3.4808307802589282,-0.02958410022192869,-0.0015417417315354166,-0.05806959825873256,1.1399407,2.3162959,3.444014,-2.4175300570306035e-06,-0.0003266795066503292,8.961825092734799e-05
24.969,1.229581402401732,2.2519565861910937,3.4802536257190186,-0.02961345772202343,-0.0015480376065117934,-0.057435166281035545,1.1415346,2.3155582,3.4436429,-2.4240792146912327e-06,-0.0003122715253374153,-2.1063853381519948e-05
24.979,1.2292851119777377,2.251941113216815,3.4796824291415214,-0.02964162687444223,-0.0015454958308715667,-0.05687156434829094,1.1420602,2.3167088,3.4455307,-2.4230155131199638e-06,-0.0003022985586680349,-9.431211585031463e-05
24.987,1.2289588740395085,2.2519241717100043,3.4790602881051997,-0.029671466988378786,-0.001534544771975334,-0.05629997313074357,1.1419033,2.3168538,3.4452052,-2.4182202689182475e-06,-0.00029488536313149183,-0.00013982062758888247
24.997,1.228662014845485,2.2519089079220858,3.478500289193264,-0.029713421080782707,-0.0015089693347274387,-0.05573955426837859,1.1421007,2.3166556,3.4449818,-2.4090176240498806e-06,-0.00028282147074021324,-0.00018567824602122585
25.007,1.2283946239591097,2.2518953230654284,3.4780011494042364,-0.029719915571180904,-0.0015012459661982638,-0.055229857040586264,1.1432302,2.3166077,3.4450743,-2.399081609816278e-06,-0.0002645956265490135,-0.00023039991994266984
25.018,1.2280972968515522,2.2518804388512796,3.477451965354732,-0.029742826067670765,-0.001477217137409021,-0.05466330173062657,1.144056,2.3168902,3.4432228,-2.3883019872883438e-06,-0.00023548426656327948,-0.0002852299206272946
25.027,1.2277997552474007,2.251865822092913,3.4769084878656993,-0.029762945032586467,-0.0014481678702856868,-0.05409052101529938,1.1432995,2.319445,3.4439585,-2.378748669595865e-06,-0.0002029626085624514,-0.000334775150852451
25.038,1.2274722517088794,2.251850115932799,3.4763171803139508,-0.029789311496980126,-0.0013890855232587666,-0.05346277073162268,1.1425879,2.319086,3.4447155,-2.3649676870185488e-06,-0.00015141265344809085,-0.00040279137498355766
25.048,1.2271743800411479,2.2518362412114783,3.4757859528358352,-0.02979734526871124,-0.0013433866985704055,-0.05283240006936785,1.142051,2.3195271,3.4438193,-2.3502793724539117e-06,-9.565287747470563e-05,-0.000487094813866662
25.058,1.226876428726749,2.2518228316273468,3.475261266995166,-0.029799597600444403,-0.0012873386637028326,-0.05216421125960506,1.1421629,2.316922,3.4422705,-2.3302455351981166e-06,-3.6436091182867614e-05,-0.0005989445489031908
25.069,1.2266082521466977,2.251811246880973,3.4747948624423235,-0.029796956738359998,-0.00126163317427005,-0.05154154911764221,1.1418629,2.3167295,3.442094,-2.29816102814695e-06,2.6770586079472025e-05,-0.00074393076424073
25.078,1.2263103082235645,2.2517990278092066,3.474283585013205,-0.029791478374730413,-0.001187468000575687,-0.05078444247574801,1.1435122,2.3174865,3.4420996,-2.2650133999491118e-06,7.463477526226114e-05,-0.0008541712912926158
25.089,1.2260124480824652,2.251787617009367,3.4737798749161564,-0.029780800010955823,-0.0011015961734551567,-0.050040296945352614,1.1454432,2.3157027,3.4427218,-2.2230043077442474e-06,0.00012814537913730106,-0.0009510485021371196
25.099,1.2257147212502317,2.2517771135295352,3.473283374030301,-0.029765341416117478,-0.0010074743206430756,-0.04933135877167418,1.1435505,2.3160167,3.441162,-2.189843025579563e-06,0.00017646009358074366,-0.0009961136246605662
25.107,1.225417175206557,2.251767578015085,3.472794077887196,-0.02974505547877772,-0.0009091332939575933,-0.04860289668000608,1.1422993,2.3158493,3.4421093,-2.1707124817638146e-06,0.00022039790174144258,-0.0009995376759039942
25.117,1.2251198618016916,2.251759028056723,3.472311801529573,-0.02971921508552157,-0.0008110571340194146,-0.047924406068829715,1.1430871,2.3159175,3.4413946,-2.159707045201742e-06,0.0002834620782801167,-0.0009666520549345137
25.128,1.2248228412908886,2.2517514392594107,3.4718362723396616,-0.02968701680005349,-0.0007170173825078489,-0.047249529720800806,1.1408755,2.3160255,3.4408221,-2.16527951613088e-06,0.0003579188548896717,-0.0008985392407803161
25.138,1.2245261794859854,2.251744756848237,3.471367441837239,-0.02964811769431629,-0.000629396881328463,-0.04658418421869612,1.1403435,2.3129237,3.4424732,-2.1827897338511093e-06,0.00042627180523124863,-0.0008253743437052208
25.147,1.2242299436337307,2.251738911120265,3.470905234039937,-0.02960253543084834,-0.0005489607222980855,-0.04592236623747964,1.1397371,2.3131766,3.4417555,-2.203246241450074e-06,0.00048389177618712864,-0.0007620076723675595
25.159,1.2239046527709716,2.2517333628148406,3.470404678518373,-0.029521223305405044,-0.0004373098951694893,-0.04517395890041254,1.1395717,2.31505,3.4416618,-2.2414961153849333e-06,0.0005482923375579318,-0.0006683463705865478
25.168,1.2236389988789713,2.251729443553244,3.4700012413326347,-0.029493977299853556,-0.0004100584213556904,-0.04456416317174225,1.1396424,2.314782,3.4412115,-2.2832074271228464e-06,0.0005854548068864318,-0.0005817630741589142
25.179,1.223344390682447,2.251725658775267,3.4695592852477506,-0.02943317419462865,-0.00035414543958311594,-0.04389288188339247,1.1397834,2.313142,3.4420593,-2.3410512564048247e-06,0.0006200722618014964,-0.00047010821837378813
25.187,1.2230504078011217,2.251722378093361,3.4691239898689585,-0.029369342850538015,-0.00030818523880698503,-0.04323464176487088,1.140019,2.314312,3.4405668,-2.3810661118339738e-06,0.000640682316092267,-0.00039439465588131384
25.198,1.2227570772953933,2.2517195055289987,3.468695264854357,-0.029302997915311227,-0.0002714662459849226,-0.042578938273121016,1.1388116,2.3162103,3.4392095,-2.432764413029531e-06,0.0006677832523740435,-0.0002972499609237289
25.208,1.2224644235299793,2.251716952364571,3.4682729209885936,-0.029234212311969255,-0.00024333674810437725,-0.04195641738804549,1.137606,2.3165514,3.4408057,-2.4747943627723146e-06,0.0006951627897988644,-0.00021834330954106917
25.218,1.2221724723745335,2.251714637930478,3.467856718499305,-0.0291626941892696,-0.00022268768679340058,-0.04134810170299504,1.1365759,2.3182273,3.4384491,-2.501703433743785e-06,0.0007253171242869172,-0.00016277688874311025
25.227,1.2218812526124954,2.2517125000214215,3.4674465337878404,-0.029088215915586378,-0.00020700493806078974,-0.04075139978806572,1.1364456,2.3166924,3.4387927,-2.5034461899053895e-06,0.0007520169720596215,-0.00014369171960559868
25.237,1.221561790297941,2.2517103178805455,3.4670020068128906,-0.02897196599301592,-0.00018451100228174066,-0.040156921007296044,1.1365197,2.3178108,3.4382896,-2.4705869479113574e-06,0.0007769644325734681,-0.00016632854645948214
25.248,1.221301119968502,2.251708677051718,3.4666432968596985,-0.02893138725159431,-0.00017477281491925581,-0.0396381738093628,1.1368045,2.3182914,3.4372582,-2.3985436881091005e-06,0.0007959100017478349,-0.00023348521539379163
25.259,1.2209834088372142,2.251706908586668,3.466210685829523,-0.02881070110366935,-0.00013602107186907992,-0.03910054269776969,1.1353449,2.317591,3.4348674,-2.3029304103694415e-06,0.000807206471293398,-0.00032717252969582944
25.269,1.220724198179953,2.2517057233085276,3.4658611010147564,-0.028768321331000032,-0.00011781675749226645,-0.03866145737055659,1.1345053,2.3181622,3.4329226,-2.206431525042518e-06,0.0008140394447417876,-0.0004226814144860924
25.279,1.2204369688657335,2.251704768704306,3.46547673681948,-0.028685726188578703,-7.577189530943963e-05,-0.03826551263006758,1.1339949,2.3160467,3.4336336,-2.112523134645272e-06,0.000818094352307952,-0.0005143842435897383
25.29,1.2201219727558212,2.251704264914409,3.46505777785359,-0.028563475788838073,2.3633797995555543e-06,-0.03797567307784795,1.1330775,2.315086,3.431618,-2.0215167193526895e-06,0.0008181279957630849,-0.0006004688007656966
25.297,1.2198649946941174,2.251704352563732,3.464717424404454,-0.02851999775517673,3.3724539074386656e-05,-0.03771155995205517,1.1321589,2.316012,3.4324777,-1.9785017690843176e-06,0.0008152342152807357,-0.0006375953325878925
25.308,1.2195518187400889,2.2517051388863303,3.4643040540703924,-0.02839920616610999,0.00012787174292200793,-0.03750685206351312,1.1316469,2.3160808,3.4318385,-1.9465369902604834e-06,0.0008049621171832833,-0.0006531648821095359
25.319,1.2192679711096936,2.251706524074521,3.463930045144589,-0.028318812021098025,0.00019051514842307829,-0.037359389241668886,1.1307174,2.315316,3.4299667,-1.9544029159490606e-06,0.0007862080380447445,-0.0006193361626385396
25.327,1.2190131939400572,2.251708300511792,3.463594618096085,-0.02827697342925562,0.0002211327779844944,-0.037218384158650114,1.129284,2.3147192,3.4301124,-1.9753050697346453e-06,0.0007672026338019222,-0.0005742436277902385
25.337,1.218730849899266,2.251710817781767,3.463222862549771,-0.02819999874775723,0.00027576673934883063,-0.03715178497512279,1.1291457,2.3125412,3.4296522,-2.009581789863546e-06,0.0007372291392853114,-0.0005042159438151117
25.348,1.2184211396897677,2.2517141704084476,3.462814266912638,-0.028092884001972285,0.0003435294024519629,-0.037163827692849545,1.1295574,2.312688,3.4281409,-2.05272160558323e-06,0.0006952442943046755,-0.0004138975461067673
25.358,1.2181683845870608,2.251717297779081,3.462479880888056,-0.028056320344187632,0.0003623066250129299,-0.037168409967407265,1.126896,2.3138583,3.4259048,-2.1003952053177954e-06,0.0006498546463706845,-0.0003115990027895421
25.371,1.217888184648025,2.2517210881634697,3.462107820917808,-0.02799098400485711,0.0003910183475751907,-0.03724303527392766,1.1280799,2.313465,3.4261684,-2.1692021490160585e-06,0.0005848878308158945,-0.00015144240897058125
25.377,1.217580686486575,2.2517255089119828,3.4616974133156218,-0.02790397005130959,0.00041188536971314906,-0.037388722607448126,1.128106,2.3139837,3.4244213,-2.1975268884588672e-06,0.0005522343070794022,-7.55019007820934e-05
25.387,1.2173296129338873,2.2517292109457965,3.4613603464922864,-0.027875522381657167,0.0004120564716819749,-0.03752151597679434,1.1280131,2.313669,3.4234426,-2.2337957408247178e-06,0.0004954507119769858,4.285589387764688e-05
25.397,1.2170511343118122,2.2517333027562585,3.460983932034454,-0.02782607034692103,0.0004052965574511228,-0.03775248105091889,1.1272253,2.3139014,3.4221363,-2.253857589007424e-06,0.00043923480786922653,0.0001416298543897021
25.408,1.216745341921723,2.2517376627028893,3.4605665800269625,-0.027763054763572808,0.00037940919676755834,-0.038127064091049295,1.1276083,2.3127208,3.4223278,-2.259561182160752e-06,0.000381246022666204,0.0002228621052542401
25.418,1.2164677772947055,2.2517414149138033,3.4601831737406474,-0.02773958928228176,0.0003643782161341224,-0.03852889593003655,1.130408,2.3119593,3.4220362,-2.25447266188894e-06,0.0003326419619709142,0.00027353900185600466
25.427,1.2162182765063116,2.2517445728826098,3.4598345759531846,-0.02770901867354189,0.00033959982342053363,-0.03889309081375442,1.1283295,2.314746,3.4219933,-2.2469830542881652e-06,0.0002930346890108737,0.000310778621588792
25.438,1.2159136786583866,2.2517481041391445,3.4594042403438126,-0.027665870077670348,0.0002908138527854483,-0.039317268745271944,1.1280555,2.3143039,3.4223127,-2.239440489049116e-06,0.0002549161290437141,0.0003620516742737223
25.448,1.215664715477233,2.251750686245043,3.4590487433185295,-0.02765205454549988,0.00027209723121575,-0.03965390462259948,1.1303349,2.3165274,3.4221694,-2.231678652098168e-06,0.00023016214553273073,0.00040540343780115506
25.458,1.2153607065409255,2.251753417527759,3.4586099422612118,-0.027625131982966383,0.00022784187325899797,-0.040082133865890525,1.1290076,2.314675,3.4241304,-2.220847534761816e-06,0.00021228339235301874,0.00043420402818794557
25.469,1.215112184015037,2.2517552771783103,3.458247599172222,-0.02760454487193255,0.00018955384922347888,-0.04040097525484962,1.1265134,2.3168702,3.423588,-2.202286437213985e-06,0.00020176995823995014,0.0004309694873829706
25.477,1.2148362604493868,2.2517569405317395,3.457841834704265,-0.027582459430387736,0.00014763461130671974,-0.040708958757421705,1.125531,2.314886,3.4242766,-2.1851427360886078e-06,0.00019880776049285842,0.0004078493360961666
25.488,1.2145605556159464,2.251758200105966,3.45743342660451,-0.0275607372334499,0.00010887958046367958,-0.04093794290710287,1.1262667,2.315233,3.421515,-2.157348657938485e-06,0.00019295109456418658,0.000351758760121168
25.499,1.2142850649426733,2.2517590997131376,3.4570230242801747,-0.027539681966716946,7.5351680857806e-05,-0.04112738187752061,1.1250713,2.3149633,3.4203892,-2.129177636867041e-06,0.00017616722741831126,0.00028643518732884843
25.508,1.2139822584165771,2.2517597411037222,3.4565690077067477,-0.027511822310819375,3.47883723956032e-05,-0.041413615606779884,1.125806,2.3145223,3.4193933,-2.1088635491217644e-06,0.00015352821796943417,0.00023829268725794606
25.517,1.213734669877422,2.251760043721497,3.456194879960611,-0.027503339154377943,2.4956776550076293e-05,-0.04170538908039873,1.1241957,2.3151538,3.4188464,-2.0919724064150103e-06,0.00012404998256387856,0.00020115009989130073
25.529,1.213432225508154,2.2517601908880875,3.455733704448304,-0.027484807697830946,-3.3966909038403915e-06,-0.04211996394496822,1.1212497,2.3170776,3.420417,-2.0741292274806256e-06,7.837883073680274e-05,0.00017554383057571954
25.537,1.2131573944556817,2.251760138617138,3.4553102295003377,-0.027477077708631947,-2.0165747960404537e-05,-0.042533790527992145,1.1212813,2.3161678,3.4195836,-2.0635487780751305e-06,4.548654119140849e-05,0.00017078177650109438
25.549,1.2128826352099271,2.251759919236746,3.4548829921037854,-0.02747391012986608,-2.9289697424419902e-05,-0.04287760451629273,1.1204774,2.3162541,3.4200854,-2.0475112436635357e-06,-1.0833145374089526e-05,0.00015860599086314764
25.558,1.2126353765746205,2.251759585866763,3.454495451987401,-0.02747321242313458,-4.3002891173260674e-05,-0.043210106339030066,1.1213877,2.316161,3.418522,-2.036581277842231e-06,-6.042348868184888e-05,0.00013491566135659383
25.569,1.212360624903045,2.251759083704532,3.4540612281877996,-0.027477639806113046,-5.5581915120743223e-05,-0.043594631622446894,1.1212755,2.3141491,3.4177763,-2.0276387031614718e-06,-0.000128735327504792,8.7732734761925e-05
25.576999999999998,1.2120583062397243,2.2517584139155638,3.4535793064490603,-0.027489569573737167,-6.439356190434275e-05,-0.0439810713604768,1.1205889,2.313073,3.4161732,-2.025438400554691e-06,-0.0001807293424396228,4.4936113531957034e-05
25.588,1.2117833195646008,2.251757751279502,3.453137865236425,-0.027507046733184003,-6.708394546682771e-05,-0.04427264895237669,1.1184232,2.3146567,3.414381,-2.0244471299335487e-06,-0.00025012070789864893,-3.057772685721716e-06
25.597,1.2115081245406256,2.2517570829340063,3.4526934835134484,-0.027543838603064686,-6.579786038592258e-05,-0.044576698987693016,1.1206833,2.3148985,3.4163299,-2.017708204959945e-06,-0.0003034773029169102,-1.3460078387872443e-05
25.607,1.2112326627264614,2.2517564253817963,3.45224558476247,-0.0275757854611548,-6.561495319264948e-05,-0.04495094007970856,1.1224326,2.317144,3.41485,-1.999330622837192e-06,-0.000361255328424015,4.6856328550504145e-06
25.617,1.210984472350658,2.2517558316773805,3.4518393217764807,-0.027590890824629555,-6.674555329660821e-05,-0.04527402320294047,1.120964,2.315424,3.413674,-1.972013424555996e-06,-0.00041578859519031397,3.798766397622444e-05
25.628,1.210708350561096,2.251755142543153,3.4513849988277596,-0.027630295587281622,-7.106118330230286e-05,-0.045564118828780184,1.1216576,2.313951,3.4127083,-1.946249292839042e-06,-0.0004644346803415189,5.756157603498124e-05
25.637,1.210404133201531,2.25175432439594,3.4508814271317902,-0.027678274404431536,-7.709585581138429e-05,-0.04596887893809106,1.1218531,2.31448,3.4119577,-1.935811456466041e-06,-0.0004937424044895167,5.006856933631454e-05
25.649,1.2101270958206876,2.2517535286516446,3.4504195926207806,-0.02772492056788468,-8.131400815242137e-05,-0.046366282570313444,1.1220319,2.3145661,3.4100952,-1.9302717335634156e-06,-0.0005197703683590404,2.550059074302169e-05
25.657,1.209877354435566,2.251752785318958,3.4500003029987685,-0.027768515270954777,-8.337354968844087e-05,-0.04677286346475853,1.1220173,2.3155472,3.4093528,-1.92661649700554e-06,-0.0005301027603303865,1.0199730766657922e-05
25.668,1.2095715748416995,2.2517518628742486,3.449482397201186,-0.027848366281813457,-8.398924508888328e-05,-0.04733674674209373,1.1203457,2.3149445,3.4064262,-1.9180955810327305e-06,-0.0005371727031873164,-3.629435678220716e-06
25.677,1.2093209433232894,2.2517511086736577,3.449053667677306,-0.027867953688900382,-8.351798123887358e-05,-0.047869522368134285,1.1215055,2.3148966,3.4029634,-1.9096663108619794e-06,-0.0005388278392803869,-1.2104713954741442e-05
25.687,1.2090419883263692,2.251750280474824,3.4485715628117193,-0.027918046957685825,-8.212221144039525e-05,-0.04850644366869553,1.1203867,2.3156285,3.4029076,-1.8997946327203863e-06,-0.0005404120888368169,-2.0551996652073967e-05
25.699,1.2087345585644889,2.2517493910419586,3.4480330711408183,-0.028000080144949396,-7.834129717839779e-05,-0.0493277342604744,1.1203184,2.315334,3.4053164,-1.8880304804014258e-06,-0.0005442372441493148,-3.0732143976308635e-05
25.709,1.208454547956064,2.2517486109762084,3.4475351204948255,-0.028051347000138945,-7.455646840970841e-05,-0.05015495114551473,1.1209387,2.3148787,3.404304,-1.8810312187866884e-06,-0.0005502389467451074,-4.421230375584173e-05
25.717,1.2081740285985982,2.2517478698580073,3.447028870626726,-0.028103365976401597,-6.906941796715465e-05,-0.05097630724251684,1.1207849,2.3142889,3.4037452,-1.8776717212176663e-06,-0.0005566662115561449,-5.883260681827096e-05
25.727,1.2079211201090687,2.2517472497719164,3.446566393368384,-0.028121772395239653,-6.62588281020294e-05,-0.05169677569627207,1.1204822,2.3142612,3.403765,-1.8737721134698404e-06,-0.000564377596552923,-7.721951652150949e-05
25.741,1.2076396135632534,2.251746629146618,3.4460452644115445,-0.028174368249529583,-5.8443556192735744e-05,-0.05245074712175747,1.1189054,2.3146346,3.4035234,-1.8594026074403303e-06,-0.0005697062892346949,-8.660464404819379e-05
25.75,1.2073293461808818,2.251746041783996,3.445463386237083,-0.02823261259954331,-4.922740833246694e-05,-0.05326831579894614,1.1185862,2.315142,3.4046454,-1.841564887250513e-06,-0.0005687757764221146,-7.729246578058735e-05
25.757,1.2070750144762,2.2517456333741626,3.4449807937121824,-0.028280227870578694,-4.248853203552167e-05,-0.0538974794918259,1.1199559,2.31584,3.40483,-1.8240984211992384e-06,-0.0005669786633433205,-6.357261486833465e-05
25.768,1.2067919220962293,2.251745241334436,3.444438326030574,-0.028332947276097146,-3.6839082205626255e-05,-0.054516372783196584,1.1204227,2.3155801,3.4026713,-1.7958778602000791e-06,-0.0005644110843290306,-4.054815235043918e-05
25.78,1.206479912852179,2.2517448621759697,3.4438350645953806,-0.028421638317237666,-3.1011071687528735e-05,-0.05509247148399228,1.1202977,2.3159668,3.400742,-1.774428793677174e-06,-0.0005592070718991593,-3.208455223813189e-05
25.788,1.2062241619965928,2.2517445817140604,3.4433366767352243,-0.028437531584273194,-2.9867126726014455e-05,-0.05559270398406561,1.1203164,2.3159564,3.4017792,-1.7677288344231101e-06,-0.0005519898622408093,-4.0220296913418e-05
25.797,1.2059395044568237,2.2517443048876453,3.4427776256971994,-0.028488662725238173,-2.560728911166013e-05,-0.05616401173507083,1.1205243,2.31827,3.4009953,-1.7670415060067057e-06,-0.000539227537938558,-6.243659044358196e-05
25.807,1.2056543433730176,2.2517440842373313,3.442212919204877,-0.0285382964005377,-1.865242534022826e-05,-0.056711126810863814,1.1204346,2.3183415,3.399759,-1.7733801960240214e-06,-0.0005190047903154138,-0.00010208108420783901
25.817,1.2053686970020916,2.2517439556573713,3.4416430355762624,-0.028585822928407237,-7.281265357239933e-06,-0.057216290967198394,1.1204566,2.318521,3.3984883,-1.790446296112691e-06,-0.0004926167473584542,-0.00016638659277123935
25.828,1.2050539549305217,2.2517439901976637,3.441010210124885,-0.028661778149680288,2.7707160923290072e-05,-0.05778063012382124,1.119707,2.3149145,3.395983,-1.8210170291688144e-06,-0.0004576373105029674,-0.0002698745458946661
25.839,1.204767375589658,2.2517442748938366,3.440429460497394,-0.02867624274821959,4.245963237613624e-05,-0.05828484906316412,1.1198648,2.3137944,3.3952293,-1.8551437044322938e-06,-0.0004184714274089174,-0.0003945754626712983
25.85,1.2045091161773416,2.2517448284668564,3.4399031710766548,-0.028710464620043917,7.79894637264554e-05,-0.05862192178553888,1.1198808,2.3137994,3.39389,-1.8728246917731894e-06,-0.000378540599353272,-0.0004920123279905653
25.857,1.2042218179556985,2.2517458644489383,3.439315028153822,-0.02874512943323098,0.00012547655653925141,-0.058979569754531086,1.1196328,2.3139226,3.392858,-1.8699311152836628e-06,-0.0003535380576495939,-0.0005191370742023693
25.871,1.2039341924800087,2.2517473972705964,3.438722794169913,-0.028776276007236538,0.0001760088746643214,-0.05943927711908771,1.1195017,2.313145,3.3929436,-1.8350812447387455e-06,-0.0003044041009139242,-0.0004776732114315507
25.879,1.2036462745267125,2.2517494226298522,3.4381255812410365,-0.02880398319086498,0.0002233218132008329,-0.05995153596008385,1.1193782,2.311225,3.3932188,-1.8048755774380254e-06,-0.0002765865650973254,-0.0004059709125741051
25.889,1.2033580981680294,2.251751878398721,3.437523275177059,-0.02882829627621203,0.00026221121076832856,-0.06045897924669845,1.1199434,2.3132634,3.391334,-1.7641749621155611e-06,-0.0002415180667467709,-0.0002829115440965424
25.899,1.203069697497584,2.251754658920417,3.436915785176458,-0.028849179556898467,0.0002889532837994623,-0.06098283995595857,1.1206319,2.313427,3.3919554,-1.7242844436715643e-06,-0.00020540441596761383,-0.00013092694729621712
25.909,1.202781107231837,2.2517576269876125,3.4363034263777217,-0.02886653797081292,0.0003009149326853722,-0.06143173981630584,1.1188526,2.3131163,3.391596,-1.6915196288103118e-06,-0.00016634844478735644,2.4966010599758448e-05
25.919,1.2024923641149028,2.25176063096236,3.435686900285073,-0.028880060883628322,0.00029782687679612497,-0.06183116153062077,1.1185541,2.3123214,3.3924026,-1.6695072173611436e-06,-0.00012222648634008237,0.00015934472397338695
25.93,1.202174619225093,2.2517638101855106,3.43500406798535,-0.02888993280450493,0.00027961966231097787,-0.06228138534130051,1.1179603,2.3117115,3.391779,-1.6559431941232106e-06,-7.022828599501096e-05,0.0002701035123853224
25.938,1.2019145873877162,2.251766213352859,3.4344417655301593,-0.028893864725838478,0.0002559442905310275,-0.06262937934151638,1.118621,2.3098376,3.3917217,-1.649945419401888e-06,-3.258690313057144e-05,0.00033094770670238915
25.947,1.2016256448757605,2.251768595083508,3.4338136190023554,-0.028893898769626968,0.00022262301155110689,-0.0629532612617192,1.1191657,2.309173,3.390977,-1.644888037333203e-06,7.611619309955131e-06,0.0003919301399051278
25.957,1.201336725952748,2.2517706063713985,3.4331828049363113,-0.02888962480024379,0.0001824373683407746,-0.0631762727348222,1.1189753,2.306583,3.3923168,-1.6416784522910177e-06,4.987213824048098e-05,0.00047346379423274243
25.969,1.2010189923262369,2.251772298012391,3.432486587781371,-0.028874585589641098,9.12965947724781e-05,-0.0633797173446546,1.1192666,2.3064566,3.389876,-1.6469324406465091e-06,0.00010102524442912042,0.0006217152982133101
25.979,1.2007591259600126,2.251773177328245,3.4319156130028796,-0.02886862564734555,7.159716875876217e-05,-0.06349708370709736,1.1200211,2.3065746,3.3891633,-1.6676765821621586e-06,0.00014660842629865556,0.0008092612544219335
25.987,1.200441680222199,2.2517734503011333,3.4312160598486936,-0.028838048721803036,-8.031487561511063e-05,-0.06367985012854495,1.1207591,2.3058746,3.387749,-1.7003229491052707e-06,0.00018612701599751702,0.001000684790077866
25.997,1.2001533040774826,2.2517727011954953,3.4305786373010285,-0.02881202270654989,-0.00020479418099347707,-0.06380018343145408,1.1203101,2.3063788,3.3869727,-1.7639533189672818e-06,0.0002411911489841323,0.0012739100470837705
26.008,1.1998651838233725,2.251770731596195,3.429940154263622,-0.028798831935891403,-0.0002598270910142901,-0.06388751568771857,1.11931,2.3031092,3.385894,-1.8625567679286803e-06,0.0003111940118429857,0.0015895774071186253
26.018,1.1996061447222415,2.251767684688278,3.429364865396132,-0.028767940796813107,-0.0004047965377734046,-0.06394835529579228,1.1177349,2.304244,3.385061,-1.971838814895932e-06,0.00038211360930962,0.0018622746101217835
26.029,1.1993186847290704,2.2517626344827955,3.428724846086735,-0.028726975528745185,-0.0005908385805198273,-0.06405099470987867,1.1188927,2.3060462,3.383388,-2.1088859858409137e-06,0.0004624254481129242,0.002142383838960704
26.038,1.199031673582028,2.251755586675986,3.42808369345142,-0.02867891446613883,-0.000801584907147314,-0.06417007964837387,1.1173662,2.3049235,3.383037,-2.2281301625959316e-06,0.0005240885883832647,0.0023535041621753905
26.048,1.1987451800035238,2.2517463051078703,3.4274412661066234,-0.028624235441641634,-0.00103483834826239,-0.06431004797642251,1.1166979,2.30693,3.3849046,-2.352723725618233e-06,0.0005858535858811464,0.002553226526088803
26.058,1.1984592661890163,2.251734584612342,3.426797073678414,-0.028563675212182803,-0.0012868257156312102,-0.06451190606536493,1.1167617,2.3068323,3.3855727,-2.4570468131202006e-06,0.0006392043571015193,0.0027095150913525323
26.067,1.1981739867154606,2.251720260123604,3.426150992155243,-0.02849801875232542,-0.0015534185893901682,-0.06468232104225116,1.1172426,2.308171,3.386123,-2.5230404117060345e-06,0.0006793823034518809,0.0028060188687679677
26.079,1.197860966848357,2.25170135549278,3.4254386301430357,-0.028374664828731654,-0.002042785596578052,-0.06482425767250025,1.1158308,2.3064687,3.386933,-2.5599791797503713e-06,0.0007242436453753776,0.0028655795149559182
26.089,1.1975771612936688,2.251681238532573,3.4247903443158867,-0.028347001514445472,-0.002138042324659824,-0.06482658198652427,1.1163474,2.3071616,3.3866825,-2.5440144755251026e-06,0.0007590212779398087,0.0028574837547767906
26.097,1.197322383865225,2.251660735389228,3.424207412433953,-0.028277468465551677,-0.002389880581531984,-0.06470982470378067,1.1160402,2.3064818,3.3875434,-2.510266368549452e-06,0.0007864133114408034,0.002827929954167363
26.108,1.1970400491386715,2.251635313183169,3.423561368360155,-0.028196962965465897,-0.002666207471564172,-0.064507539125534,1.1167934,2.3052697,3.386603,-2.4503146853760427e-06,0.0008244245234667602,0.0027756623793879776
26.119,1.196730434061684,2.2516041871953294,3.422853553954484,-0.028049628993364932,-0.003141101714041673,-0.06421674570033746,1.1171781,2.3060458,3.3855588,-2.3937335611456945e-06,0.0008639984006624246,0.0027317257813961326
26.127,1.196477887100174,2.251576293830189,3.4222771550372593,-0.0280254304854921,-0.0032063266238982293,-0.06392028753322396,1.1177491,2.306217,3.3839715,-2.3665254733629126e-06,0.0008950737041892864,0.002717043080675108
26.137,1.1961702076468872,2.251539263576771,3.421575999361269,-0.02786523771233903,-0.0036725899699031057,-0.06360992579578226,1.1180747,2.3066423,3.383524,-2.3505557842362634e-06,0.0009383020558573207,0.0027182925271587166
26.147,1.195919315408125,2.2515065643407586,3.421005009515618,-0.027838174631393514,-0.00374019611037984,-0.0633197947903307,1.1167941,2.306221,3.383126,-2.3444332022393155e-06,0.0009879092196234396,0.0027285220349706485
26.157,1.1956414840767917,2.2514676885089786,3.420373580206918,-0.027737293920981333,-0.0040082539923904335,-0.06299789633169288,1.1145098,2.3065503,3.3826969,-2.3313891581722146e-06,0.0010439295415531902,0.0027305996138982103
26.169,1.1953646920187262,2.251426132002408,3.419745398731339,-0.02763080796854067,-0.004276099723452017,-0.06266274231612219,1.1136284,2.3075633,3.3812509,-2.288170659614508e-06,0.0011134146931848221,0.0027074944539959844
26.177,1.195088996352407,2.2513819068253684,3.419120857036492,-0.02751865278451598,-0.004541798129146686,-0.062282114128915295,1.1123857,2.3092,3.3799655,-2.2350729880216136e-06,0.0011545733555520243,0.00267192179321718
26.188,1.1948144497787265,2.2513350492543625,3.418500043022574,-0.027401662721433923,-0.004802570053243705,-0.061922243238568146,1.1107526,2.3093214,3.3792908,-2.1178591795845136e-06,0.0011975175472178634,0.0025882759758517615
26.198,1.1945410934559535,2.25128562696752,3.4178826149825583,-0.02728121289786362,-0.005054906855099279,-0.061604971984371926,1.1101924,2.3092754,3.3773737,-1.951953997547662e-06,0.0012188852610774958,0.002465773319768605
26.208,1.1942418059523063,2.2512284310510955,3.417206726583721,-0.02707177815829099,-0.005460572797253778,-0.061340222395077644,1.1093534,2.3092966,3.377485,-1.7290011298243257e-06,0.001221814221498363,0.0022972308741548986
26.219,1.1939980352983623,2.2511795670121546,3.416655908056507,-0.027036826311586982,-0.005516583582750829,-0.06110668777124171,1.1077199,2.3083162,3.3775935,-1.4396196026389418e-06,0.0012057606845927715,0.0020718804504356036
26.23,1.1937014281473257,2.2511175352427415,3.4159854310447773,-0.026832026855282264,-0.005854187915067731,-0.0608367563182626,1.1078709,2.3088636,3.377097,-1.1398032699894145e-06,0.001174490606766554,0.001828851251227448
26.239,1.193459821812153,2.251065077265774,3.415439511585559,-0.026798265271271042,-0.005898970440325255,-0.06052654171742635,1.1072628,2.3092146,3.3766654,-9.153713618204051e-07,0.0011402134490765548,0.0016387230916312667
26.247,1.193192470554726,2.2510051929276047,3.4148360091599343,-0.02668408695547472,-0.006058671587757579,-0.06021046364986625,1.1070744,2.3087494,3.3771935,-7.421787171502103e-07,0.0011054198760618306,0.001485571624952442
26.257,1.1929262373989442,2.2509438154559036,3.414235492723495,-0.026574273363135656,-0.006199844882944654,-0.05992419433264673,1.1071213,2.3086684,3.375247,-5.582690971728255e-07,0.0010591144318770063,0.001315040960595315
26.268,1.1926346184365793,2.2508747809843936,3.4135781761357893,-0.026398127365180445,-0.006406748656429727,-0.05963961143636515,1.10812,2.3081477,3.375316,-3.90871573330287e-07,0.0010080453692555835,0.0011511712012546305
26.277,1.1923705854978188,2.2508108048704574,3.412983365155249,-0.026358554509462916,-0.006445673257333929,-0.05936728326298999,1.1080469,2.3070967,3.3745217,-2.748353633563738e-07,0.0009685994076971127,0.0010321320321939886
26.287,1.1921337940546093,2.2507523489843093,3.4124502337023506,-0.026271913474826793,-0.0065332074648970775,-0.0591329973086584,1.1094722,2.3066769,3.3738792,-1.6387460544109445e-07,0.0009305149041534122,0.000914215263770668
26.297,1.1918454186132041,2.2506799035142304,3.4118014051466146,-0.02616988274995714,-0.0066280476155902365,-0.058862109131344216,1.1064938,2.3071709,3.3749528,-7.296811199708486e-08,0.0009008947002140388,0.0008154658241878998
26.307,1.1916102964825959,2.25061989924617,3.4112727556762583,-0.026088764982928076,-0.00669746539482685,-0.05863278895944923,1.1052471,2.3072472,3.3746884,-2.1001804739739782e-09,0.0008814582043159547,0.000738573520427277
26.318,1.1913239057535603,2.25054575703136,3.4106300093014976,-0.02594080322424306,-0.0068144932865570555,-0.05826406318238921,1.1055114,2.3070753,3.373924,6.043776501485354e-08,0.0008655912013684208,0.0006722290736105307
26.328,1.1910903760667158,2.2504844913795963,3.410107650304096,-0.025913012421063183,-0.006832732149896924,-0.05787426944356048,1.1043165,2.306299,3.3733928,1.1217379913830428e-07,0.0008471814516530785,0.0006179771985719285
26.337,1.1908317165462556,2.250415832939296,3.4095310565314345,-0.025827798948865596,-0.006892128301983709,-0.05748893801536461,1.1046106,2.3051524,3.3714898,1.5847128764789886e-07,0.0008237929296206481,0.0005685629431568806
26.348,1.1905738946515991,2.2503466103371763,3.4089581638237663,-0.025745357126526733,-0.006946101998811129,-0.05712842524293088,1.1021799,2.3049755,3.3716743,2.125575715439254e-07,0.0007847580553050904,0.0005099369604164572
26.357,1.1903168776188258,2.2502768766183476,3.4083887619979194,-0.025666603286028728,-0.006994993326177329,-0.056789325782038054,1.1022313,2.3061652,3.371008,2.48907479516447e-07,0.0007452263070808485,0.00047201096932303344
26.367,1.1900606240111695,2.2502066762840305,3.4078226424152285,-0.025592354135129575,-0.007040080318871754,-0.056468695055014693,1.1014345,2.3053648,3.3699956,2.768066948988235e-07,0.0006931909189802354,0.0004463710145565791
26.377,1.189805084271658,2.2501360383142677,3.407259728399351,-0.025523434438555818,-0.007082951061724633,-0.05615059271980438,1.1018612,2.3052304,3.3693304,2.973112467330452e-07,0.0006331295692341143,0.00043111975279463977
26.387,1.1895502007414973,2.2500649797495,3.4066998132793467,-0.02546061101439104,-0.007124420036684788,-0.05586338888061302,1.1013204,2.3050256,3.366521,3.1515574860918605e-07,0.0005668614487470691,0.0004197161742229838
26.397,1.1892959093906519,2.24999351266365,3.406142714562561,-0.025404399123658203,-0.007164781016679903,-0.05559235806939732,1.1001419,2.3032234,3.3649602,3.3230949902929297e-07,0.0004979417607495762,0.00040868518725156733
26.408,1.1890421426943472,2.249921648164691,3.4055879658311965,-0.025355002899501166,-0.00720400199796302,-0.055385117384339405,1.1005086,2.3040438,3.3657296,3.5021032829263277e-07,0.0004221035904503623,0.00039677419616568343
26.42,1.1887635241011352,2.2498421510588273,3.4049798510915505,-0.025308504652361584,-0.007246096721695431,-0.0552075276335021,1.0998904,2.3053114,3.3629873,3.636817655916502e-07,0.00033991764344243336,0.0003973138454940184
26.429,1.1885359114969651,2.2497767638615254,3.404483557949405,-0.025276516436332903,-0.00728064944344523,-0.055094364689444265,1.1008718,2.3059866,3.363002,3.7130015329012167e-07,0.000279673980102757,0.0004068788758244679
26.439,1.1882833128535504,2.2497037419298325,3.403933280755678,-0.025247211414669134,-0.007319972747708654,-0.054974259403054046,1.1013806,2.3067608,3.3649418,3.8179288175399506e-07,0.00021476746411819292,0.00041272273687287253
26.447,1.188030972111333,2.249630323237558,3.4033841939528333,-0.025224253286152947,-0.00735972356255141,-0.05485583603162242,1.1020514,2.3081934,3.3629549,3.929807261826568e-07,0.0001657691671796968,0.0004022163130015244
26.457,1.1877788279863652,2.2495565144552727,3.402836382399289,-0.025207198367582444,-0.007397679649133302,-0.05471731467153211,1.1011825,2.308055,3.3617074,4.091972423125867e-07,0.00011098363032457925,0.0003576189415279707
26.467,1.1875268253540372,2.24948235269381,3.402289917283535,-0.02519529016829037,-0.007430144100409376,-0.05459804049112161,1.1012139,2.3076372,3.360903,4.2511180353699274e-07,6.599023984943386e-05,0.0002662770056001129
26.477,1.187249731032003,2.249400464329744,3.4016898335139003,-0.02518516590236284,-0.007461810768493603,-0.0545151682118538,1.1009328,2.3068898,3.3591964,4.37275246234492e-07,3.0178488628518352e-05,0.00012901371202778122
26.487,1.1870230690128734,2.249333336589362,3.4011996146654466,-0.025183173391880607,-0.007460475586282929,-0.05442738926523655,1.1030462,2.3075542,3.360156,4.437828575731828e-07,7.817030889256671e-07,-3.6567501116024914e-05
26.499,1.1867712482392643,2.2492587642910187,3.40065596801591,-0.025181572100432616,-0.007452074744497051,-0.05431416054108139,1.1034673,2.306487,3.3603966,4.4451389413779907e-07,-2.97918609071246e-05,-0.00023612024636143758
26.507,1.1865194297450576,2.249184365604139,3.4001133570008197,-0.025182409860744215,-0.007427582019911917,-0.05422047939225133,1.1028291,2.3081737,3.360899,4.423295667521643e-07,-4.613523589869217e-05,-0.0003548441013441206
26.517,1.1862424064663224,2.2491029070161597,3.399517517927954,-0.025188625419411872,-0.007359330350089093,-0.05412629620846099,1.1019704,2.3087747,3.3598082,4.395620347708018e-07,-5.913252016309656e-05,-0.00047531520675025973
26.528,1.185990531101925,2.2490293326127353,3.3989768147738983,-0.02518931427945102,-0.00733388635246053,-0.05402166525874683,1.1040118,2.3089514,3.3603218,4.386752507912206e-07,-6.431240174986641e-05,-0.0005775365578042368
26.539,1.1857638086546218,2.248963587920347,3.3984911562011373,-0.025193050522050453,-0.007280833048685567,-0.053913069730063296,1.10284,2.3098562,3.3609629,4.3959328888121263e-07,-6.387861344459012e-05,-0.0006707017928082593
26.548000000000002,1.1855118555815745,2.2488911404383387,3.3979527014617417,-0.025197103680350413,-0.007213938076962645,-0.05379087078110537,1.1016229,2.3103738,3.3614244,4.410282912203911e-07,-5.872865068301536e-05,-0.0007533821366614291
26.559,1.1852346640379094,2.248812281761122,3.397361923049063,-0.025200844980730053,-0.007129644544990876,-0.05362997075174908,1.1010573,2.3098145,3.3623266,4.4357439588083025e-07,-4.8043371251083045e-05,-0.0008749424419907115
26.567,1.1849826415956457,2.248741461558376,3.3968266462642176,-0.02520545970829249,-0.006989466809872867,-0.053443488729733854,1.1019574,2.3107796,3.361427,4.460661608973737e-07,-4.05839205797065e-05,-0.0009814019295051324
26.578,1.1847558047676947,2.2486785381776815,3.3963467568080556,-0.02520469344639417,-0.006950019709836882,-0.05322515826316939,1.1003526,2.3096411,3.3599677,4.50121030226569e-07,-3.465999666918407e-05,-0.0011446703209214704
26.588,1.1845037510242358,2.248609659847974,3.3958158148290054,-0.025205894452984882,-0.006834662042225014,-0.052984094969295084,1.0993626,2.309455,3.358876,4.535695792284855e-07,-3.3355971813975316e-05,-0.0013012697378886884
26.597,1.1842264788066932,2.248535329499771,3.395234755282947,-0.02520715172326266,-0.006690078231382043,-0.05268854178389929,1.0995576,2.3089418,3.3591526,4.560260897790158e-07,-3.5866357603886456e-05,-0.0014360939657347416
26.607,1.1839996078802004,2.2484757663661914,3.394761724847127,-0.02520854943020963,-0.006558986850360774,-0.052456182492344225,1.0975475,2.3065648,3.3581364,4.5759239419851383e-07,-4.434080916615457e-05,-0.0015642190810547518
26.617,1.1837475096920427,2.248411030217814,3.394238541973015,-0.025211043751849654,-0.006402241935389727,-0.052202222345204725,1.0983981,2.3051414,3.3596914,4.581542594195298e-07,-5.833163507240613e-05,-0.0016567328324157415
26.627,1.1834953786638431,2.248347908916191,3.393718038369045,-0.025215062099502385,-0.006237599241517172,-0.05192247690020992,1.098096,2.3043368,3.3592088,4.598076586148636e-07,-7.848316975778147e-05,-0.0016953071611816029
26.638,1.1832179743581364,2.248280397020719,3.393148864342107,-0.025221929603867713,-0.006054288534039475,-0.05159615039774355,1.0984699,2.3029652,3.3568683,4.680768750375819e-07,-0.00010548118502162751,-0.001656745712784513
26.648,1.1829909393887734,2.248226640425147,3.3926857948968343,-0.025229751562555334,-0.005908951772250703,-0.05133824248615282,1.0987824,2.3012798,3.3584356,4.870400829304344e-07,-0.00013081577404605582,-0.0015463307640342094
26.659,1.182713341219152,2.2481626435092767,3.392122809795524,-0.025241996265092822,-0.005744837797474088,-0.0510493598752766,1.0969586,2.3005571,3.3557577,5.234866096159863e-07,-0.00015521626282311018,-0.0013516272742322144
26.669,1.1824861047851503,2.248111542366142,3.391664589537653,-0.025253907353760957,-0.0056268804833186584,-0.050802614399372455,1.0956975,2.30077,3.3561428,0.0,0.0,0.0
26.677,1.182233485972304,2.2480558935813515,3.3911580550925153,-0.0252686037844799,-0.005517936310682058,-0.05052970409543832,1.0972825,2.299687,3.3563006,6.152419533833609e-07,-0.00018126260362727464,-0.0009033752568097242
26.688,1.1819554270664938,2.2479957609588466,3.3906042113546735,-0.025295883652602085,-0.005396371471076975,-0.050196557850487704,1.0973014,2.301054,3.3581586,6.836024919465444e-07,-0.0001953553420475096,-0.0005904462093218044
26.699,1.1817024706705184,2.2479417781785447,3.390103923167818,-0.02530355620626718,-0.005377424333837745,-0.04987855026444605,1.0972179,2.3030865,3.357609,7.559699399806163e-07,-0.00020987642050851463,-0.00028039151847458754
26.708,1.1814493335936738,2.247888158716661,3.389607318460058,-0.02532219844441661,-0.005353197659585428,-0.04946814640192936,1.0983713,2.3007467,3.356896,8.126649015949283e-07,-0.00022041723048005224,-5.235911233025803e-05
26.717,1.1812213457192304,2.2478399991236095,3.38916422743733,-0.02533993328927974,-0.005351940244581669,-0.04904484697013778,1.1008066,2.299946,3.3550804,8.606109709319298e-07,-0.00022853144998524755,0.00012999304878391627
26.728,1.1809678344478522,2.2477864034665127,3.3886762398142465,-0.025360362544032122,-0.005368189261615936,-0.04859868188997547,1.0994661,2.2999363,3.3547966,9.050126870135955e-07,-0.00023120101406615134,0.00029247336452087325
26.738,1.1806887351589965,2.2477271643806853,3.3881445301184674,-0.025393546906547316,-0.005420418961302934,-0.04811687672966339,1.0988542,2.3002489,3.354016,9.350874599078907e-07,-0.00022011731297499892,0.00040753013995953324
26.749,1.1804348014429225,2.247672921955581,3.387665448252274,-0.025411356874604194,-0.005467582955785217,-0.047732268220006376,1.098638,2.301066,3.3536325,9.606704605147343e-07,-0.00019332869976018685,0.0005239178633571484
26.759,1.1801806919173188,2.2476182000752027,3.3871898803872367,-0.025426170561157858,-0.005525100105166345,-0.04740671508326735,1.0983415,2.3026094,3.3529162,9.784104975096852e-07,-0.0001607831068555221,0.0006312233123368927
26.767,1.1799518676949732,2.2475684540903926,3.3867644521446953,-0.025429988812903634,-0.005553073668389279,-0.047157596868444486,1.0954523,2.302196,3.3523622,9.883804921173578e-07,-0.00013272212944892559,0.0007154737679009315
26.777,1.1796975100026803,2.247512534149328,3.386294450986435,-0.025439992871753206,-0.005625253481781649,-0.046867494322225124,1.097365,2.3014693,3.3521817,9.950699144667396e-07,-9.970214103116604e-05,0.0008054790649789645
26.787,1.1794430696426523,2.247455845282283,3.385827366811832,-0.025446953456561762,-0.005705602050992597,-0.04658791001093764,1.0970068,2.3004918,3.3522854,9.972131600477496e-07,-7.616746648508865e-05,0.0008676299138281607
26.798000000000002,1.1791885718205406,2.247398321162949,3.385362731847113,-0.025451870039229565,-0.005791322344305824,-0.04636499300379911,1.0951817,2.3025494,3.3526344,9.978540767008326e-07,-6.213916521069507e-05,0.0009068411775015051
26.808,1.1789340315474017,2.247339920951377,3.3849003261900905,-0.025455677803895117,-0.005880244281471107,-0.046139341140236934,1.0948604,2.3000474,3.3526342,9.986000897299618e-07,-5.617585400852221e-05,0.0009300465585675433
26.817,1.1786539971530448,2.247274638649297,3.3843941959188917,-0.02545928793477343,-0.005980483078967472,-0.045903136840115495,1.0952961,2.300628,3.3512487,9.994113465694454e-07,-5.4906204606020026e-05,0.0009431396479095966
26.828,1.1784248490700842,2.2472203987471375,3.383982153907004,-0.025462207515227004,-0.006063748198145008,-0.04568932418650382,1.0934235,2.2985651,3.3518636,1.000866285849611e-06,-5.776609201202376e-05,0.0009597652330315398
26.839,1.1781702078669507,2.2471592456355545,3.3835263851454886,-0.02546574681704553,-0.0061578046989454885,-0.04548527963812634,1.0918115,2.2980957,3.3535292,1.0032869530718358e-06,-6.296657299165176e-05,0.000988768046576105
26.85,1.1778900585364525,2.247090873289856,3.383027554707479,-0.025473275928839103,-0.006310772634122986,-0.04522126639223945,1.092547,2.2998064,3.3527875,1.0078259462531491e-06,-7.14218323212279e-05,0.0010469234722165766
26.86,1.1776608055166378,2.247034035055364,3.3826216544847143,-0.025474561870608817,-0.006356797035269492,-0.044993236748941436,1.0920644,2.2989776,3.3517196,1.015213573651863e-06,-8.501572687391601e-05,0.0011319044040916104
26.87,1.17738054630816,2.2469633892620866,3.382128862831665,-0.02548136131652717,-0.00647867882866243,-0.04462719435096507,1.0908622,2.2998486,3.3491282,1.025729734038805e-06,-0.00010340553598719993,0.0012292969525704578
26.878,1.1771256899159939,2.2468979460677017,3.381684442802276,-0.025494572104630766,-0.006656373288417289,-0.04428276549094662,1.0907856,2.2991629,3.3478231,1.0355990900379197e-06,-0.00012018090510368395,0.0013038042176400921
26.888,1.1768962410670205,2.246837974659656,3.381287140598225,-0.025498486284229707,-0.00671568168492528,-0.04403639491044597,1.0907167,2.30085,3.3465092,1.0476998788533365e-06,-0.0001436169588755476,0.0013785086509976452
26.897,1.1766411907116505,2.246770077008852,3.3808478750097777,-0.025510763492327504,-0.006851200869345643,-0.04384807233454413,1.091378,2.3023345,3.3459158,1.0563745931335689e-06,-0.00016690432572641356,0.0014212079684208234
26.907,1.1763860036479714,2.246700800307828,3.3804101415727086,-0.025525600030333453,-0.0069905273256979355,-0.04371900105593265,1.0924901,2.3015847,3.3455687,1.0597480670782033e-06,-0.00019382643482046547,0.0014300799942379427
26.917,1.1761306538188578,2.2466301288101396,3.3799734627732065,-0.025543037526749687,-0.007129378186340647,-0.04363296316709924,1.0913174,2.299014,3.3450716,1.0510082351089522e-06,-0.00021857052244467212,0.0013855004891620837
26.928,1.1758495518029708,2.2465508204715063,3.3794939997262814,-0.025575074116918554,-0.007332157558946306,-0.04351834838629119,1.0908432,2.3001244,3.3454773,1.0262496701329837e-06,-0.0002380707794680248,0.001283590682806146
26.94,1.1755937865461916,2.246477382634656,3.3790595579839247,-0.02559696242252155,-0.007450197062660597,-0.04335595252553349,1.0925083,2.2985427,3.3447182,9.932293325576325e-07,-0.00024928187351136444,0.001160338206182665
26.947,1.1753634104435835,2.246410283647648,3.3786697737402154,-0.025606276050736874,-0.0075001110780409976,-0.04326660653375149,1.0910928,2.2977679,3.3435261,9.75621052390352e-07,-0.00025232990752588336,0.0010976754136993172
26.959,1.1751072236876374,2.2463346977334924,3.378237603095509,-0.025628834847077894,-0.007605356329619878,-0.04318352151132283,1.0905111,2.295735,3.3434863,9.542392316319592e-07,-0.00025140527655542755,0.0010257005689195964
26.967,1.1748251583915796,2.246250376952265,3.3777627617311485,-0.02565344894374068,-0.007715099890947453,-0.04316327940189709,1.0890039,2.2959824,3.3456209,9.48742081341436e-07,-0.00024767903127598245,0.0010122843148319127
26.977,1.1745941784955938,2.2461804964726952,3.3773742489073477,-0.025673157565052514,-0.0078042598130669775,-0.04317092613937348,1.0891616,2.2934282,3.3442783,9.535836422713828e-07,-0.00024271202092807087,0.0010441994083687511
26.987,1.1743373283640217,2.2461018905394425,3.3769426442880484,-0.025694679756990996,-0.007907737343633231,-0.0431502831580175,1.089059,2.2929642,3.3425632,9.704928496390153e-07,-0.00024191310111643105,0.001128069021859801
26.997,1.1740545446813164,2.246014169650605,3.3764679230145913,-0.02572910727759824,-0.008086286573999834,-0.04315568050648932,1.0906916,2.2924716,3.3426678,9.994535918878e-07,-0.0002474580047127084,0.0012604527536224097
27.007,1.1737972379561128,2.245933151029807,3.3760359946579253,-0.02575192226023129,-0.008222107912651303,-0.04318632210333987,1.089716,2.2926295,3.341916,1.0403139842907194e-06,-0.0002580255324335923,0.0014329882246575387
27.017,1.1735654659887294,2.245859058951378,3.3756471372523986,-0.02576186588998776,-0.008291851987741058,-0.04320415795665591,1.0887219,2.2916057,3.339583,1.0896130380189106e-06,-0.0002682334405310627,0.0016271559420339976
27.028,1.1733077145889792,2.245775256719403,3.375215165230779,-0.0257861074099257,-0.008455389509427811,-0.043199721077062665,1.0892212,2.2904925,3.338188,1.1456676727306103e-06,-0.0002751255258033325,0.0018395907179438176
27.037,1.1730239042466835,2.2456810596942725,3.3747395044602326,-0.02582539198424327,-0.008742432199055086,-0.0432711217305247,1.0891637,2.291171,3.3377857,1.188548887753882e-06,-0.00027791402178056757,0.0020008542769898163
27.049,1.1727914715651582,2.2456022605989294,3.374349056885602,-0.025835854059126327,-0.008836474470430733,-0.04346292057814351,1.0884721,2.2916505,3.3375545,1.2392055603882568e-06,-0.00027803249547186937,0.002194109049630466
27.06,1.1725071124844992,2.245503655785561,3.3738693827135364,-0.025863264163526856,-0.009073012993470748,-0.04373348890282578,1.088093,2.2916818,3.3390288,1.2765554036064941e-06,-0.00027462109976639226,0.00234249364310557
27.067,1.1722742321425357,2.2454209794768305,3.3734745721336425,-0.025885407900598695,-0.009278238810147997,-0.043977539135594844,1.0883118,2.2910974,3.3378603,1.2945004321807119e-06,-0.00027148663507592374,0.0024178374662895408
27.077,1.1720152446602705,2.245326897436356,3.3730333111622453,-0.025909595006379675,-0.009515818102273242,-0.044246748480420636,1.0884682,2.2914839,3.3372514,1.311912603441101e-06,-0.00026689883376196377,0.002496859060291623
27.087,1.1717560177648798,2.2452303988209747,3.3725893867157204,-0.02593333725533298,-0.009760350496404181,-0.0445128344431619,1.0863516,2.290384,3.3345833,1.3212262324202584e-06,-0.00026238532070710363,0.0025462619211915616
27.098,1.1714965559335564,2.2451314299296055,3.372142749437155,-0.02595661986360152,-0.010009047754637356,-0.04478692185444248,1.0851295,2.2889078,3.334486,1.3243445309285562e-06,-0.0002569054766041745,0.002573375475303674
27.107,1.1712368639144308,2.2450299613153946,3.371693359454681,-0.02597943999968676,-0.010259829999733048,-0.04506252071716373,1.0869423,2.2896788,3.332658,1.324252739465237e-06,-0.00025457114728011376,0.0025849796240722256
27.117,1.170976944850893,2.244925977431693,3.3712413240688623,-0.02600212970198219,-0.010511970123058397,-0.045323110455392675,1.0877385,2.2892346,3.3319373,1.325725945022782e-06,-0.0002579763468189,0.0026036206826711705
27.127,1.17071679683154,2.2448194621752293,3.3707864423112213,-0.026025277290188536,-0.010766102685036364,-0.04562745583918606,1.0868158,2.2884538,3.3290124,1.3305981063638228e-06,-0.00026592522536850183,0.0026343939548190143
27.138,1.1704303615203433,2.24469933976142,3.3702823528965076,-0.026051617101141483,-0.011049292325764907,-0.046009118164322946,1.0867183,2.2886086,3.327733,1.33927131162892e-06,-0.0002733145273152715,0.0026791177386504827
27.149,1.1701957869858963,2.2445987229079645,3.3698662918122286,-0.026073654995252816,-0.011284442511626153,-0.046416231751865517,1.0849391,2.2892387,3.3276775,1.3500993567561181e-06,-0.0002757524113032872,0.002731053459108068
27.16,1.1699088142801533,2.2444728454873397,3.369352325106099,-0.02610072048428154,-0.01157669201626466,-0.046985617464999595,1.0829401,2.2883983,3.3270125,1.3595239813923854e-06,-0.0002729242869570214,0.002778626638221482
27.171,1.1696737979854215,2.244367443328082,3.368927100210244,-0.026122640165463527,-0.011819485662459751,-0.04745642466046129,1.0846087,2.2863798,3.3275921,1.3626736246052928e-06,-0.000270123369864983,0.002803803551728823
27.178,1.169412438888515,2.2442477534103924,3.3684497063577323,-0.026146754561461497,-0.012091506808679875,-0.047972207057201524,1.0842615,2.285385,3.3260994,1.3609533375813498e-06,-0.0002720321427776007,0.002805732266711214
27.189,1.1691508377371205,2.244125339626309,3.367967276911407,-0.026171136848893294,-0.012363960830293735,-0.04845806938886823,1.0838335,2.2843697,3.3264399,1.3563101450841941e-06,-0.0002810315369945471,0.0028013979932883792
27.199,1.1688889885276443,2.2440002030775634,3.3674800841243,-0.026196353226824558,-0.012636131707524156,-0.048936330626440296,1.0829642,2.2838104,3.3267426,1.3558040787842174e-06,-0.00029271821232246253,0.0028107103679291257
27.207,1.168600655665338,2.243859404285775,3.3669385467784703,-0.02622540256949245,-0.012936774549916005,-0.04948208999159,1.0837245,2.2841249,3.3284967,1.3612876985646949e-06,-0.00030274899205195993,0.002837676737689865
27.217,1.1683645034774004,2.2437417296900164,3.3664908650993826,-0.026250263814747946,-0.01318616236398764,-0.0499476637209829,1.0838854,2.2849839,3.3253608,1.3774494380669466e-06,-0.0003152186603525564,0.0028997558030074977
27.228,1.1680755616301912,2.2435948155921657,3.3659384401164334,-0.02628195405558108,-0.013498705997543147,-0.05043166229244046,1.0850316,2.2858124,3.324168,1.4038901898771883e-06,-0.0003261614255389844,0.00299166770657866
27.239,1.1678388907998842,2.2434720159685617,3.3654828367951617,-0.02630867981955813,-0.01376194780882097,-0.0507702067684499,1.0859565,2.28721,3.32524,1.4284858842472659e-06,-0.00033076705091072967,0.003075598080606312
27.25,1.167575639001126,2.243332755334084,3.3649731832216307,-0.026338673645059162,-0.0140612017376157,-0.05112223805165358,1.0850298,2.2865705,3.3241959,1.4378946335824594e-06,-0.0003247316677734702,0.003114011876301781
27.257,1.1673120893718323,2.2431904793206847,3.36446015445903,-0.02636812532902095,-0.014363821278031578,-0.05145510132457858,1.0848995,2.2867334,3.324736,1.431448643174349e-06,-0.0003135232455186987,0.003100128101073185
27.267,1.1670482535674238,2.243045187089708,3.363943509490992,-0.02639589046674301,-0.014663663708042956,-0.05184081532394406,1.0845728,2.2868598,3.3232288,1.406962155670044e-06,-0.0002883689298216474,0.0030252083105963834
27.277,1.166784154060827,2.242896939943263,3.363422985780272,-0.026421000305893894,-0.014954766864310704,-0.0522221737105499,1.0845803,2.2864637,3.3223104,1.372023065826511e-06,-0.0002560286795665334,0.00289571883355233
27.287,1.1664933761105267,2.242730594144693,3.3628461264209446,-0.026456695705473727,-0.015403602825982762,-0.05257200879293999,1.0834316,2.2862437,3.3208447,1.3355543924120639e-06,-0.00022104895372443423,0.0027297822207912326
27.297,1.1662552879540475,2.2425920815377416,3.362370986770333,-0.02646132979968897,-0.015493106329427882,-0.052933719161014615,1.081569,2.2854269,3.3207152,1.3041138338110159e-06,-0.00018697990314286983,0.002549454311424615
27.308,1.1659641105141532,2.2424200388293842,3.361786268152044,-0.02648648734690883,-0.015887151751092426,-0.053301944155521974,1.0809919,2.2859557,3.3204057,1.2782238956177139e-06,-0.00015542479735319858,0.0023580027489567
27.317,1.1656992615235466,2.242261192143957,3.3612506557588238,-0.026497839573211023,-0.016104658829065355,-0.05370684620493792,1.0796317,2.2864826,3.3196476,1.2628371059975052e-06,-0.00013855875185964095,0.0022207114798376004
27.328,1.1654607990071686,2.2421163718863673,3.360764967987808,-0.0265001485187935,-0.016174783498734628,-0.05414174911656019,1.0799205,2.285362,3.3200061,1.2468939676324453e-06,-0.00013159725047762194,0.002077929169302717
27.339,1.1651692273625875,2.24193712287287,3.360166540074068,-0.026519350589539387,-0.016502012193895594,-0.05458102481971386,1.0811844,2.2835865,3.3197882,1.2294793423350825e-06,-0.00014013521391653683,0.0019500736918049988
27.349,1.1649305692682994,2.2417887276842783,3.3596731578258976,-0.026522282266178625,-0.016562775675618115,-0.05497423508648648,1.0813565,2.2829964,3.3198752,1.2107641520486823e-06,-0.00015665417184518304,0.001843074581156845
27.359,1.1646652758202327,2.241622112061174,3.359121609404497,-0.026535381642634998,-0.016740958281265,-0.05529261739196373,1.08361,2.2824185,3.318053,1.191353245388882e-06,-0.00017277873342225192,0.001754068188421165
27.368,1.1643732910451103,2.241436835880217,3.358511547779925,-0.026561536796842818,-0.01702208041326191,-0.0555615601643121,1.0831592,2.2837932,3.3190615,1.1760505849167657e-06,-0.00018062909760718782,0.0016958109518263598
27.378,1.1641342582155632,2.2412837526265283,3.3580100478606303,-0.02656533899734713,-0.017074302323302443,-0.05582112779161275,1.0843202,2.2836576,3.3186483,1.1630628069525528e-06,-0.00017523339787395287,0.0016545441217941104
27.388,1.163868523479881,2.2411121278459247,3.3574506242222206,-0.02657987916383924,-0.017234145165923725,-0.0560371990841301,1.0855854,2.2833703,3.3172846,1.1525173331250471e-06,-0.0001516810356356757,0.0016222164863464172
27.397,1.1636026560022157,2.2409389222367846,3.356889123176906,-0.02659184581309551,-0.01739073141475442,-0.05624520886837801,1.0837528,2.2837737,3.3191354,1.14365597081445e-06,-0.00011484884685941665,0.0015865198423496985
27.407,1.1633366913516576,2.2407641729542718,3.356325386330612,-0.02659946556966427,-0.01754308092299726,-0.056470781130991084,1.0839798,2.2838142,3.3172405,1.135598870050103e-06,-5.801237593283659e-05,0.0015306753272974483
27.419,1.1630706816553424,2.240587930772691,3.3557598528653063,-0.026601243539517032,-0.017689551126960947,-0.056612884504676296,1.084556,2.2852106,3.3169942,1.1331554095050933e-06,2.256535089983913e-05,0.0014338574661096892
27.43,1.1627780947330142,2.240392426117818,3.3551362685033306,-0.026591526081479123,-0.017918322676485753,-0.056732287190799514,1.0835769,2.2873707,3.31577,1.143279247273199e-06,9.862135273674966e-05,0.0013154688977667917
27.44,1.1625122012887223,2.240213309917749,3.3545679079015835,-0.02658327424546758,-0.017967528105375052,-0.05690526556057207,1.0830038,2.2865164,3.3151805,1.1672870749990238e-06,0.0001654901034680023,0.0011780662089875271
27.45,1.1622464666345882,2.2400330015179732,3.3539980969224295,-0.026552913367414794,-0.018141657119715302,-0.057030577337428404,1.0814592,2.2868333,3.3144493,1.2115549363755918e-06,0.00022747945699519434,0.0009993226415354606
27.461,1.1619809534187968,2.239851659226772,3.3534268137747842,-0.026524762546233014,-0.018225226525910954,-0.05718595011572983,1.0816165,2.286415,3.3149364,1.2872636201421983e-06,0.00028746632261000826,0.0007574976980433412
27.468,1.1617157182224573,2.2396694816544223,3.3528541023518392,-0.026491744930308137,-0.018285451608074973,-0.0573261985689109,1.0815526,2.2838163,3.3132243,1.3483843215311708e-06,0.0003198492177665102,0.0005872247108822393
27.477,1.1614772845994104,2.239504996500183,3.352337753853749,-0.02647859648934197,-0.018294915689594685,-0.05739272818009089,1.0815389,2.2836924,3.3147416,1.4357300770484471e-06,0.000354749464606563,0.00036351608628582
27.487,1.1612127042086484,2.2393218725704402,3.351763965083228,-0.0264407236199449,-0.018323250159104115,-0.05735670272633351,1.0806187,2.2847805,3.313315,1.529772758246395e-06,0.00038680459514317533,0.00013952820326190718
27.497,1.1609485196547196,2.2391385832425987,3.351190710488585,-0.026399814707207238,-0.018330848796171938,-0.057309333416372975,1.0807432,2.2843816,3.3141336,1.6058719314315795e-06,0.0004150970176963753,-3.216660068616761e-05
27.507,1.160684759186435,2.2389553075940727,3.350617619286118,-0.026356208187551727,-0.018322943318687255,-0.057310478725128795,1.0804436,2.2851884,3.3147938,1.6604792705265936e-06,0.0004415844913951972,-0.000152148702434296
27.519,1.1603951438241336,2.2387538715148967,3.349987344536489,-0.026278620951262002,-0.01828889248235349,-0.057286363805215665,1.0784369,2.2857573,3.3138657,1.703978199429912e-06,0.0004733110134571561,-0.00024896154832720896
27.531,1.1601323593248138,2.238570994708072,3.3494153007072476,-0.026228020141723415,-0.01825794780047872,-0.057159134038803835,1.0784776,2.284021,3.3170037,1.7412203003885907e-06,0.0005055347016411638,-0.0003335455301751722
27.539,1.1598962849635464,2.238406666877769,3.3489017656146323,-0.026209666213982907,-0.018244703942459712,-0.05699446644215622,1.0775068,2.2858453,3.3150346,1.7724672947139197e-06,0.0005245969951523932,-0.00040156845687633336
27.547,1.1596083324498976,2.2382062421533515,3.3482760955982966,-0.026119755169470234,-0.018171792316122183,-0.056796797448924644,1.0774179,2.2842026,3.3151534,1.8100557612754642e-06,0.0005403570760664778,-0.0004800925537100653
27.558,1.159373229787359,2.2380426827616775,3.347766079295783,-0.026100103182359745,-0.018151780087692013,-0.056579563322972065,1.0785823,2.2826562,3.3135688,1.8712685827537712e-06,0.0005553201066037516,-0.000603450765716218
27.569,1.1590865037169338,2.23784341739926,3.3471454316543516,-0.026005846262730427,-0.018043096182079357,-0.05630620591233474,1.0771722,2.2821796,3.313537,1.9336098775468713e-06,0.0005633674026315205,-0.0007281769059570564
27.578,1.1588264464343485,2.237662996236554,3.3465843976710166,-0.025979705827950877,-0.01800775271371029,-0.05595789692499397,1.0767912,2.2818859,3.310733,1.97299030624265e-06,0.0005686714823651684,-0.0008102217367591535
27.589,1.1585928909292067,2.237501293650442,3.346082182894897,-0.025927270046244896,-0.017933525161338434,-0.05568424164570799,1.0769757,2.281238,3.3100386,1.9968349906918093e-06,0.0005753682027975771,-0.0008688868828361507
27.598,1.158333941060817,2.2373224339063427,3.345526637757772,-0.025868491775124278,-0.017846657731783542,-0.055460347659150075,1.0761713,2.2801907,3.3100996,1.994638445523833e-06,0.0005807670533433118,-0.0008802591805929794
27.608,1.1580755819830926,2.237144450443738,3.3449729682205964,-0.025809163259421293,-0.01775897836950916,-0.055295440306848374,1.0771815,2.2793412,3.307257,1.9706117857509753e-06,0.0005868038153042932,-0.000857174138705119
27.617,1.1578178193185773,2.236967331208242,3.3444207975120497,-0.02574926901782656,-0.017674098214220023,-0.0551579756384138,1.0770648,2.2786338,3.3063548,1.931307275881977e-06,0.0005919244288543624,-0.0008076284629172648
27.628,1.1575606585111942,2.236791030058378,3.3438697464232194,-0.025688844951005672,-0.01759525522120179,-0.055069813486948685,1.0772247,2.2768435,3.3041072,1.8631205067620726e-06,0.0005989192658084619,-0.0007149952289751127
27.639,1.1572784836070276,2.2365979522657304,3.343264303992632,-0.02558834266180095,-0.017484109933623874,-0.05505045058142772,1.0771364,2.278936,3.305031,1.7756505164001624e-06,0.0006085912245410441,-0.0005929901206931376
27.647,1.157048166974392,2.236440553123449,3.3427690481763803,-0.025565883839822473,-0.01746629347422298,-0.05503125512781506,1.078191,2.2796283,3.305494,1.7001890384449325e-06,0.0006180134004019067,-0.00048734176907050397
27.658,1.1567928543286903,2.236266153859909,3.3422190599165744,-0.02550272418274443,-0.017420361081216335,-0.05495595494051295,1.0769386,2.2771924,3.3047497,1.5923435006115483e-06,0.0006347757919664687,-0.0003398531328588916
27.667,1.1565381819184049,2.2360921424070117,3.341670307919942,-0.02543793445015421,-0.017387192368188444,-0.05480806982149262,1.0775677,2.277697,3.3032517,1.5144534852851166e-06,0.0006530035395249101,-0.00023931746131733433
27.678,1.1562841683235994,2.2359184029408046,3.3411229337500683,-0.025371099888408292,-0.01736449734926213,-0.05468629852453547,1.0777608,2.2782335,3.3031185,1.4334932387782828e-06,0.0006793061790197896,-0.000142274601366843
27.688,1.1560055409039107,2.2357274941670497,3.340521811633176,-0.025256634136221447,-0.017344357349111154,-0.054645124718743464,1.0776289,2.2780755,3.3004096,1.370715793314048e-06,0.0007056419396311853,-7.285824148439701e-05
27.697,1.1557782089532533,2.2355713899414207,3.340030228337406,-0.02523017576698878,-0.017342276561234132,-0.054622956635428134,1.0774225,2.2771044,3.3009648,1.3233875888474245e-06,0.0007310718768032132,-2.4919348732943547e-05
27.707,1.1555011665400634,2.235380647365423,3.3394290928023764,-0.02514806157961293,-0.017339279255899884,-0.054669916339615605,1.076941,2.2743456,3.3010793,1.2803058568877645e-06,0.0007607024242317628,1.4421831355360126e-05
27.717,1.1552751813311886,2.2352245916946782,3.338936969086942,-0.025078229962691524,-0.017340118040176142,-0.054676052676841634,1.0784742,2.2749856,3.2993388,1.2389921444366792e-06,0.0007906748618831116,5.0661883327141055e-05
27.727,1.155024838991686,2.2350511685812195,3.338390637800658,-0.024997807383352194,-0.017344845664367767,-0.05459871296449041,1.0789115,2.275707,3.3000205,1.1790036804626425e-06,0.0008198811339252821,0.00010877215567806076
27.737,1.154775316452708,2.234877665061646,3.3378448717567952,-0.024914548883942053,-0.017356072943955362,-0.05456104762488491,1.0775995,2.275115,3.2993538,1.0899624918181416e-06,0.0008502854738887677,0.00019880375152014906
27.748,1.1545266431213266,2.2347039994690614,3.337299540266719,-0.024828209917518555,-0.0173767151448878,-0.05450777062030291,1.0758538,2.2727625,3.2978814,0.0,0.0,0.0
27.759,1.1542788519661074,2.234530067464251,3.3367547633056196,-0.024738401342478566,-0.017408400956936437,-0.054451831914068924,1.0740571,2.273825,3.296833,8.310119152810103e-07,0.0009296175605726376,0.000450665002435624
27.77,1.154007343552717,2.234338298345345,3.336156171872993,-0.024583543641542128,-0.01748594076757222,-0.054402828773893304,1.075099,2.2745514,3.2963219,6.81000560831535e-07,0.0009661027323062399,0.0005884678901724172
27.777,1.1537615202952416,2.23416342899705,3.3356125839912156,-0.024485208921997372,-0.017549563302011288,-0.05434964954900054,1.0733628,2.2735157,3.2964346,5.836006522486059e-07,0.0009826896155287201,0.0006759626309635891
27.787,1.153516678662735,2.233987925031396,3.335069406796479,-0.02438545846957343,-0.017624520597160402,-0.05432004070574628,1.0729208,2.2734327,3.2956135,4.5587316677142553e-07,0.0009960665391250956,0.0007887997007407499
27.797,1.153297172103719,2.2338293364456634,3.3345805365724477,-0.024349675924635515,-0.017653044256242905,-0.054332528347592564,1.0714781,2.2726212,3.296059,3.4910012480793284e-07,0.0009971911855801707,0.0008820965656779478
27.807,1.1530542235742678,2.2336523351373936,3.3340369077357623,-0.02425010858500084,-0.01773980232146154,-0.05438722483115635,1.0703497,2.2736537,3.2955363,2.6485040471868615e-07,0.0009870188048175521,0.0009555833555165982
27.817,1.1528122646993644,2.2334744274490843,3.333492802414821,-0.024151791174117275,-0.017833381616061007,-0.05442978633692798,1.0708303,2.2718244,3.293974,1.978429970961315e-07,0.0009664105578610638,0.0010145385561428633
27.828,1.152547230989124,2.2332776104908363,3.3328937839881343,-0.02404630329301385,-0.017942535556702662,-0.05447432549977217,1.0689529,2.2719092,3.2936115,1.4156376959562067e-07,0.0009326956606034997,0.0010642787311212487
27.837,1.1523072799567775,2.2330976179804094,3.332348901367307,-0.023953741409252015,-0.018046259718390644,-0.05450061710230741,1.068656,2.2724032,3.2937155,1.0053241794594214e-07,0.0008995664955939731,0.001101728453027917
27.848,1.152092099134086,2.232934719838051,3.3318581858879806,-0.023873648859288225,-0.01814313397091178,-0.05454513187184455,1.06906,2.2713826,3.292987,4.988340585043716e-08,0.0008538908443451732,0.0011508586331965276
27.858,1.1518538338818856,2.2327526771717214,3.3313124592319574,-0.023788624633096226,-0.01825494900919624,-0.054593566973454286,1.0686393,2.2712831,3.2936263,6.373555017091803e-09,0.0008081294635764458,0.001195651503954398
27.869,1.1515926939713255,2.2325511091854127,3.330711679268478,-0.0237003090695408,-0.018383004703336737,-0.05463254109958957,1.0686145,2.270895,3.2929587,-3.811654725183189e-08,0.000756279129140669,0.00124426124952981
27.877,1.1513797345203605,2.232385121368911,3.3302198974716903,-0.023632191075154733,-0.01849167313124242,-0.054648240276279285,1.0682185,2.2694888,3.292053,-6.804212082656136e-08,0.0007193404501553147,0.00127862809015733
27.887,1.151143809090216,2.2321995221273085,3.329673363930666,-0.023560758018701583,-0.018616378176041715,-0.054654167152435325,1.0667814,2.267992,3.2902005,-1.0267509997774482e-07,0.0006754287638806034,0.0013200708982692433
27.897,1.1509085745332948,2.2320126531911475,3.329126903789595,-0.023493550124321163,-0.018745243770860363,-0.05463603277393519,1.0679462,2.267025,3.2895133,-1.3948825294818334e-07,0.0006338830855918687,0.0013674353291448504
27.909,1.1506505653185921,2.2318055762423987,3.328526047763085,-0.023391771451811632,-0.01897076757158911,-0.054602871152767955,1.0677326,2.2668657,3.2899785,-1.9665035022597976e-07,0.0005836465407860203,0.0014506043060245055
27.917,1.1504400134221973,2.231634908893642,3.328034467599638,-0.023371412949728963,-0.019020191787657688,-0.05462738440902451,1.0672125,2.2661545,3.2895043,-2.443453865907941e-07,0.0005502159110695182,0.001528180712186078
27.927,1.1502066046777828,2.2314438862568164,3.327488108571564,-0.02331649031703838,-0.019171079693470247,-0.054640961019922614,1.0691066,2.2667081,3.2887506,-3.1067914951776743e-07,0.0005096187690174503,0.0016467087738987196
27.937,1.149973723382181,2.231251289856551,3.326941703777581,-0.023265502801203257,-0.019334040466367473,-0.05463289340983643,1.0695187,2.2671535,3.2880814,-3.78591173966214e-07,0.0004707682098663568,0.0017803892222882922
27.947,1.1497413313894123,2.2310569912640896,3.3263956958202674,-0.023218195669697076,-0.01951024219371253,-0.05456577493563699,1.0705162,2.2664976,3.2881403,-4.3977996000421626e-07,0.00043720768331123594,0.001911195322879422
27.957,1.1494862252579194,2.2308411427376185,3.3257961156318823,-0.023169668102827532,-0.01971824038372894,-0.05446101943736272,1.0701588,2.2654185,3.2892575,-4.875268211357309e-07,0.000413016819018619,0.0020178129426020597
27.968,1.1492778883565047,2.2306627897471407,3.3253062817830923,-0.02313181895635825,-0.019896944325040605,-0.05439798176236999,1.0705788,2.2663517,3.2896442,-5.243350016392867e-07,0.0004002877553324069,0.0020969685518639203
27.979,1.149046797276669,2.2304626988965266,3.324762814981074,-0.023090572750108698,-0.020101608347395883,-0.05430042593411442,1.0716034,2.2678924,3.290168,-5.500663462498778e-07,0.0004013470914645545,0.002143808084185128
27.987,1.1488161189136907,2.2302605375678817,3.3242204680934426,-0.023049132960898815,-0.02031026674262596,-0.0541742504747735,1.0714425,2.2669926,3.289591,0.0,0.0,0.0
27.998,1.14856285795666,2.230035737020619,3.3236257554580004,-0.023002275673316336,-0.020541517344537713,-0.05396842028294448,1.0705734,2.2656374,3.2891161,-5.670490668130412e-07,0.0004276147062958202,0.0021488295479659136
28.007,1.148333078296427,2.229829173163133,3.323087192634035,-0.02293378977421516,-0.02086362783448074,-0.05372219204363506,1.0716295,2.2641358,3.286821,-5.5805981657997e-07,0.00044825643607104837,0.0021120136751231477
28.018,1.1481266675438688,2.2296415025147804,3.322604624583757,-0.022915652884151733,-0.020933619028224885,-0.05350062625983157,1.0721626,2.2647946,3.286411,-5.383264420899536e-07,0.00047605204311995664,0.0020520865798090426
28.027,1.1478749178699887,2.2294099140328045,3.3220181679317733,-0.022835026529163725,-0.021259633320770466,-0.053134612615002595,1.0709808,2.2640057,3.2850177,-5.249186236788717e-07,0.0004995860149303866,0.002012014211984603
28.037,1.1476693966509144,2.2292186625927317,3.321540776576777,-0.022814778164600834,-0.021327920481363626,-0.05295473860342013,1.0708075,2.2642605,3.2844985,-5.188075489215294e-07,0.0005269510351899598,0.0019866371164765084
28.047,1.1474415457306884,2.229004321250271,3.3210122209203603,-0.02276039965847205,-0.02152087411147127,-0.052780657623379496,1.0712624,2.2639034,3.2843788,-5.230951267698458e-07,0.00055441768143627,0.0019809855459698156
28.058,1.1472142532284206,2.228788053078032,3.320485265153804,-0.022703380097748773,-0.02171355271930228,-0.05262782270098691,1.071832,2.2634854,3.2862587,-5.354764165410586e-07,0.0005826000985398316,0.001987538013762613
28.069,1.1469649068513212,2.228547928847146,3.31990733471653,-0.022606234714264265,-0.022030731385377963,-0.052431564636854985,1.0718528,2.2621667,3.2857912,-5.482873071116501e-07,0.0006092659333054584,0.001993945192412916
28.079,1.1467614442113605,2.2283497207044647,3.319435984351629,-0.022581991133027595,-0.022100681166982942,-0.05229652345289038,1.0736606,2.2623827,3.2844107,-5.554779409777666e-07,0.0006348097185799872,0.0019923461819244537
28.087,1.146513465530271,2.22810533443422,3.3188620856453763,-0.02247688324480771,-0.022417243301475723,-0.052035268407536646,1.0736444,2.2627733,3.2844596,-5.59170691083466e-07,0.0006577766251405492,0.001988056942891614
28.097,1.1463111687988337,2.227903641301095,3.318394528277042,-0.02245018631296422,-0.02248754979274085,-0.051859491052493226,1.0720807,2.2617073,3.2851274,-5.613741036469833e-07,0.000692908878606513,0.001979545331017629
28.107,1.1460646824489547,2.2276550090747502,3.31782560003084,-0.02233403633197324,-0.02280019377255845,-0.051569485610091004,1.0722854,2.2610393,3.2860768,-5.573371661959925e-07,0.0007369152730065665,0.001963190203867704
28.117,1.1458636744021262,2.2274498618263867,3.317362493864106,-0.022303589229669626,-0.022870144104493343,-0.05133646716943204,1.0707467,2.2611036,3.284947,-5.476594964193282e-07,0.0007861767255672447,0.0019410924321801026
28.127,1.1456410769805,2.22722012276695,3.316850936526322,-0.022223120007546705,-0.02305848680313337,-0.05100031808912937,1.0735414,2.259843,3.2845755,-5.36809309004127e-07,0.0008361291218048628,0.0019194451048774042
28.139,1.145397182211855,2.226965248146031,3.3162924001945875,-0.022084632965968756,-0.02335953239186247,-0.05056120003738708,1.0751473,2.2604516,3.2831452,-5.255919228730477e-07,0.0008909365759466326,0.0018974200512298367
28.148,1.145176384643493,2.2267315989748564,3.3157886603633844,-0.021992559824202226,-0.02354264579319876,-0.050173854165849435,1.0744007,2.261068,3.2846737,-5.226616259790262e-07,0.0009306739043140055,0.0018876016872351187
28.157,1.144978457442001,2.2265197420678295,3.3153386797797695,-0.02195384259955257,-0.02361301428724753,-0.04983558971442736,1.0727676,2.2614462,3.2854009,-5.207618007929682e-07,0.0009741605065025638,0.0018790120184877246
28.169,1.144759459705684,2.2262826069532755,3.3148426718376895,-0.02185474390513227,-0.023795506821788572,-0.049402297635683656,1.0723252,2.2616923,3.284298,-5.012299122419961e-07,0.0010403998581933749,0.0018515170439785678
28.179,1.144541482988214,2.2260436590809882,3.3143512137050894,-0.021750122305724515,-0.02397545531933729,-0.04893276637927969,1.0734524,2.262014,3.282898,-4.515398832616313e-07,0.0010983378516535858,0.001799815805182181
28.189,1.144324583779096,2.2258029381750277,3.313864487211284,-0.021639828291146142,-0.024150118203171873,-0.04846442717096428,1.0734315,2.2610474,3.282132,-3.5948618393177867e-07,0.001154039242078575,0.001714955296205467
28.197,1.1441088174619936,2.225560515322451,3.313382162617009,-0.02152413746535496,-0.024316152399268244,-0.04804847371224386,1.0743542,2.2603505,3.281017,-2.525743796333302e-07,0.001196374952971091,0.0016230977860249851
28.207,1.1438942366025795,2.225316494120037,3.312903944238804,-0.02140328416802264,-0.024470525895683277,-0.04763409017772239,1.073284,2.2609282,3.2812316,-8.72423173703396e-08,0.0012474663250294782,0.0014884181147376552
28.218,1.1436596273584287,2.2250463777079394,3.312382713697157,-0.0212035393693305,-0.024689043936085314,-0.04717652144867871,1.07231,2.2620986,3.2811909,1.1056139115339647e-07,0.0013041585071125184,0.0013353598819039192
28.23,1.143468833460874,2.2248241772615813,3.311959750731859,-0.021146526945070677,-0.02473867079482855,-0.046849795208819794,1.0717117,2.261884,3.2811487,3.2895564938684174e-07,0.0013661463772480786,0.001174600073054588
28.238,1.143237115005414,2.2245512891486365,3.311446798899634,-0.020996732407921822,-0.024863383306792053,-0.04645173124002497,1.0732592,2.2618616,3.2807698,4.812911544860299e-07,0.0014051959924938906,0.0010665287276401259
28.248,1.1430487757908896,2.2243270605059933,3.3110303314210734,-0.020869921517046638,-0.024953376521342104,-0.04613346698112976,1.0725353,2.264699,3.2802846,6.866620951839764e-07,0.0014492654803843763,0.0009247100775913175
28.257,1.1428408703438298,2.2240770385917625,3.31057092925965,-0.020724984179928966,-0.02503995063392445,-0.045776491454737236,1.0719949,2.2647016,3.2782326,8.898781036492664e-07,0.0014856681382404702,0.0007877069018373817
28.268,1.1426344365142653,2.223826233980319,3.3101154180406764,-0.020576049760116975,-0.02511110446347534,-0.045368003182593104,1.0710062,2.2651095,3.277187,1.191052646731805e-06,0.001527564843396334,0.0005895083905977927
28.278,1.1424295120405403,2.223574816655095,3.3096636917095315,-0.020423531100030857,-0.02516372173352223,-0.045025289436135985,1.0699722,2.2651045,3.277143,1.5370158301664105e-06,0.001562798464903814,0.0003674713486692127
28.289,1.1422261310886566,2.2233229934060654,3.309214996302054,-0.020267722012968843,-0.02519388361725567,-0.04474768735115203,1.069382,2.2662382,3.2773283,1.997328697989076e-06,0.0015962389378425534,7.865966078179909e-05
28.299,1.1420042315520875,2.223045812587469,3.308724539464774,-0.02009302600192563,-0.025196820386258197,-0.044452619571517166,1.0681874,2.2655308,3.2768092,2.4680673087473792e-06,0.0016184754115746713,-0.00021197161052022295
28.307,1.1418241173282633,2.2228191404676254,3.3083256166096984,-0.01994823013246367,-0.025173418050979564,-0.04422233174919171,1.0683681,2.2655127,3.2755165,2.8653346113571843e-06,0.0016293105708777844,-0.0004556457991169438
28.317,1.1416057553493226,2.2225425692940464,3.307840969395575,-0.019770033993367735,-0.02511182369666292,-0.04392316294844084,1.0696218,2.264879,3.275138,3.3625246551594046e-06,0.001633071800855479,-0.0007610500439660939
28.327,1.1414089464527684,2.222291906252768,3.307403156628177,-0.019608027382220054,-0.025024729885692584,-0.043665396803934504,1.0701288,2.2628195,3.275378,3.830124564174753e-06,0.0016271396143077155,-0.0010513598098480514
28.338,1.1412332005166366,2.222067178103797,3.3070113269944503,-0.019462877447651326,-0.024922697743109835,-0.04342969953228723,1.06864,2.2611136,3.2761478,4.275269399833803e-06,0.0016161391248612489,-0.00133289740050202
28.349,1.1410201681524719,2.2217939108307876,3.3065354950244266,-0.01921711245262783,-0.024707053223072196,-0.04317724190633186,1.0692877,2.2615361,3.275035,4.606051767552799e-06,0.0016079939020015033,-0.0015471423640569526
28.359,1.140847308654693,2.2215716562855348,3.3061488405166797,-0.019142787979423537,-0.024631812203935326,-0.042850266743925364,1.0681145,2.262155,3.2743268,4.781225387162635e-06,0.0016040530866998637,-0.0016650241824063272
28.37,1.140637789272292,2.221301794908306,3.305679203534665,-0.01889940148315909,-0.02437624818645496,-0.04263242182689879,1.0671003,2.2625587,3.2743635,4.852783574094133e-06,0.0016031195644652385,-0.0017194071807331568
28.38,1.1404677973382995,2.2210825218748154,3.30529753748453,-0.0188242926736752,-0.024295095874127644,-0.04227762817111338,1.0646181,2.2617104,3.2735145,4.857124343615737e-06,0.001602348396549047,-0.0017308709968126834
28.387,1.1402617810437696,2.2208164124453162,3.3048348162681687,-0.01858219489641982,-0.02403276857828681,-0.0419588966352701,1.0645734,2.2619538,3.2739081,4.854714736879373e-06,0.0015992228686885213,-0.00173540171211517
28.397,1.1400946525478874,2.220600240644388,3.3044593310033132,-0.018506490747617666,-0.02394977953101254,-0.04159542064808425,1.063461,2.260963,3.2719295,4.8674916852675665e-06,0.0015861614710246386,-0.0017519335856270857
28.407,1.1399104522337105,2.2203617026875317,3.3040447993317805,-0.018349661089643185,-0.023774845052705332,-0.04135002445218028,1.0645858,2.261679,3.269997,4.908609509080009e-06,0.0015588381670648133,-0.0017866818949858754
28.417,1.1397278037742398,2.220124932767222,3.303632250340762,-0.0181960504384599,-0.023596272580438712,-0.04118875888783614,1.0668095,2.2599745,3.2697704,4.969911418406525e-06,0.0015156951844845779,-0.0018357382051750193
28.427,1.1395466668639593,2.219889974904772,3.3032210041588077,-0.018047079657368213,-0.023412740208805467,-0.04106756704214379,1.0675265,2.259422,3.2689664,5.038691851311228e-06,0.0014610348782095883,-0.001892215496661187
28.438,1.1393491008299585,2.219633678194653,3.3027702557842766,-0.01788944548549494,-0.023204590303433532,-0.04090271524527486,1.0674505,2.2611752,3.2674468,5.093500698549747e-06,0.0014014262776909092,-0.0019430408870242388
28.449,1.1391709686220646,2.219402693056105,3.3023618492439484,-0.01769586089071219,-0.022931181228081025,-0.04087197291632705,1.0671977,2.261703,3.2678626,5.105872864064054e-06,0.0013550700283300188,-0.001964938547600603
28.458,1.1390118098928113,2.219196466238422,3.3019947462389774,-0.01763089345129669,-0.022836209078252265,-0.04078633164378478,1.06738,2.2618477,3.2690024,5.097148594757073e-06,0.0013307639575588226,-0.0019687527773006863
28.469,1.13881874053297,2.2189465541695133,3.3015459974433523,-0.0174861447289142,-0.022621788076291463,-0.04080786943177352,1.0671927,2.2620664,3.2679248,5.090023524445542e-06,0.0013157266814554092,-0.0019755805546903815
28.479,1.1386445963971363,2.2187214116638097,3.301137720354325,-0.01730226875581352,-0.02234467889803493,-0.04091366881283799,1.0667549,2.2626913,3.2676175,5.104542001532764e-06,0.001311598620910015,-0.0019974566543474737
28.488,1.1384889788199974,2.218520466055541,3.300769861324851,-0.017238870522346364,-0.022247887727275567,-0.040896456885973605,1.0670153,2.2622128,3.267271,5.141677835496239e-06,0.001311282180542328,-0.0020353009289131307
28.497,1.1383173045193575,2.218299094318902,3.300360521632389,-0.017108991692877606,-0.02204577386684506,-0.04096850562720735,1.0665721,2.2620022,3.2664974,5.203914728468817e-06,0.0013102902007195993,-0.0020921239719777773
28.508,1.1381299616367715,2.218057961885878,3.2999092468395386,-0.016912783473190043,-0.021726884578743774,-0.04114417777252483,1.0672257,2.262305,3.2659914,5.304205644485194e-06,0.0013046745095919299,-0.0021802069006939817
28.519,1.1379610075710824,2.217840991721208,3.2994978935384665,-0.016784112803573805,-0.02150578752549239,-0.04125892742280649,1.0659522,2.2622807,3.2655313,5.409445334336738e-06,0.0012925118526254664,-0.0022729935952590097
28.529,1.1378100461776368,2.2176476129883937,3.2991265685188584,-0.016722470826890698,-0.021395980492250572,-0.04131800201147265,1.0689445,2.2615726,3.2665584,5.495111135900288e-06,0.0012772954793121016,-0.0023509131113694792
28.537,1.1376269338119662,2.217413783768577,3.298670939715313,-0.01653119464409479,-0.021040570384140405,-0.04157351769214211,1.0681329,2.2627397,3.2664905,5.551466145448103e-06,0.0012628591084675733,-0.002404678410973915
28.547,1.137461783290839,2.2172036917465205,3.2982553289033256,-0.01640728378304424,-0.020799023711359242,-0.04167748332000004,1.069322,2.263693,3.267261,5.600440637465454e-06,0.0012468486100214449,-0.0024558129121921013
28.558,1.1373142055384313,2.2170166741591233,3.2978804541454663,-0.016348332811716184,-0.020682101778309932,-0.041684090676039176,1.0687369,2.2635314,3.2666416,5.63591513369488e-06,0.001237039923444705,-0.0024977836116768515
28.569,1.1371513965226496,2.216811208557935,3.297463343197321,-0.016225763704545388,-0.020435109284423388,-0.04173174985061006,1.0675905,2.2622232,3.265981,5.674428251722929e-06,0.0012389113115185424,-0.0025420593582854423
28.579,1.1369898137623924,2.216608234299769,3.297045746339131,-0.016102952874068707,-0.020184105269547604,-0.041780586546574426,1.0671147,2.2603672,3.2659285,5.720874218795302e-06,0.0012490253675476737,-0.002590901401552159
28.587,1.136829464287462,2.2164077961778426,3.296627815706795,-0.015979120993377782,-0.01992828118932502,-0.041797212513455466,1.0663341,2.2608273,3.2652912,5.757602060896261e-06,0.0012590057303221158,-0.002629046331129814
28.597,1.1366703600860117,2.216209942183134,3.2962100664581397,-0.015854044958899402,-0.019667968058652514,-0.04175246518951234,1.0647552,2.2605834,3.2647405,5.778879325291086e-06,0.0012687164546094643,-0.002656784745866503
28.607,1.1364967957714867,2.215995324495502,3.2957510076060155,-0.01571561829051243,-0.019379655581101014,-0.04171937829100855,1.0668105,2.2606235,3.2642214,5.755371579319046e-06,0.0012705025821890814,-0.002649299339836375
28.617,1.1363403310566706,2.2158029613728054,3.295333849914801,-0.01553743829893343,-0.01901048209213493,-0.04178600150067579,1.0653601,2.2619834,3.2625148,5.678182780854968e-06,0.001258218020693036,-0.0026004792915186314
28.627,1.136200581031483,2.2156320369792226,3.294958383650257,-0.015478203467060282,-0.018889962983310703,-0.041718027139690333,1.0650824,2.2608836,3.2628021,5.5872132476153524e-06,0.0012392871547692863,-0.0025373528587806504
28.637,1.1360311289321012,2.2154258927597725,3.294499545551539,-0.015293339737082346,-0.018513967436853004,-0.04177925967946038,1.0647376,2.2605789,3.2620285,5.482343050644545e-06,0.001212129123016048,-0.0024620731973552523
28.649,1.1358935709686013,2.215259425908199,3.294123899825704,-0.015236773829173919,-0.01840052364858183,-0.04176551786836895,1.0649945,2.2616873,3.2616704,5.371730752656845e-06,0.001173803524456396,-0.0023811172398922054
28.659,1.1357418441837592,2.2150767148567807,3.29370565969406,-0.015120741152868388,-0.01816613572577884,-0.04187712152581912,1.0650659,2.259765,3.2632213,5.295032510233e-06,0.001139289168768265,-0.0023244840811234013
28.669,1.1355912590559742,2.214896316276404,3.293286183220696,-0.015008109398449966,-0.017937260887186637,-0.04200508776200301,1.065503,2.2610312,3.2616396,5.236070499847756e-06,0.0011050962436671696,-0.0022819887737934863
28.677,1.1354268940623273,2.214700493066409,3.2928236193586846,-0.01484246748655512,-0.01759510456032577,-0.04213967925071876,1.0655804,2.259283,3.261995,5.193904934586158e-06,0.001079651784436475,-0.002251941567156024
28.687,1.1352933814877457,2.2145422780199144,3.2924445118570205,-0.014792457166011666,-0.017491324551520453,-0.042150515785591036,1.0653764,2.2582753,3.2613075,5.139989962543723e-06,0.0010518287093015388,-0.0022127526650077556
28.698,1.1351460293273834,2.2143685624918903,3.2920227672730005,-0.014688729327352414,-0.017274254963872616,-0.04218935406122968,1.065186,2.2560704,3.2609427,5.063637367186402e-06,0.0010272843561867084,-0.0021526496743682344
28.708,1.1349997025788932,2.214196987496533,3.2916007125392492,-0.014587092242509894,-0.01706305883668883,-0.042217612387054536,1.0643448,2.2572136,3.260299,4.96258150661788e-06,0.0010095097723530344,-0.0020660998347636905
28.718,1.134839905423174,2.214010636251294,3.291136265553669,-0.01447723944720007,-0.01684144358684171,-0.04222883281086478,1.0627338,2.2586691,3.2589087,4.817458176376022e-06,0.0009938739271628805,-0.0019341662080138988
28.727,1.1347100536464276,2.213859917637145,3.2907561733655992,-0.014388747002633848,-0.01667246379466222,-0.04222789961791334,1.0630518,2.2586296,3.2595367,4.655436651290756e-06,0.0009785240812316687,-0.0017814605621158108
28.739,1.1345666995141124,2.2136941518109396,3.290334208616598,-0.014292085660980579,-0.016500778086861227,-0.042163721566287365,1.0638142,2.2572913,3.2601802,4.434905370942488e-06,0.000949278593257219,-0.001567230792415053
28.748,1.1344242989194355,2.2135300068489983,3.2899130087155473,-0.014197939104228842,-0.016346400104758487,-0.04208819191208471,1.0622808,2.257029,3.25732,4.291896319230659e-06,0.0009194081804899668,-0.0014237920153963302
28.757,1.134268723652702,2.2133511244140767,3.2894503096087635,-0.014060939514928083,-0.01613900549547838,-0.0420901847732739,1.0642133,2.2562063,3.258756,4.172816248093625e-06,0.0008848011268347555,-0.0013008869425075176
28.767,1.1341422315495968,2.2132059462557745,3.2890715868123817,-0.01402029583750737,-0.016081588638278323,-0.0421032959863907,1.0629425,2.2543504,3.2559414,4.063352258221187e-06,0.0008422134075813936,-0.0011842946158910905
28.778,1.1339885570739439,2.213029814370045,3.288608239355961,-0.013895793175313266,-0.015910073753558216,-0.04216065134636977,1.0657516,2.25386,3.2563539,3.9554418265197455e-06,0.0007952570580798124,-0.0010644043109131474
28.789,1.1338496939978566,2.212870829697959,3.2881868115611677,-0.013819344032194232,-0.01581242690953369,-0.042178258566426395,1.0663431,2.25422,3.2561147,3.836992712891174e-06,0.0007526114224241098,-0.0009243608518634261
28.797,1.1337253684608612,2.212728566209831,3.287807302545337,-0.013784322640383926,-0.01577186797436297,-0.04218439673182567,1.0657598,2.2540545,3.256423,3.7360971312239144e-06,0.0007284850118143282,-0.0007984339077706792
28.808,1.1335879230641341,2.212571275360155,3.2873851195417085,-0.01371231036411503,-0.015696686338861638,-0.04224879027641637,1.0663332,2.2537773,3.2558146,3.5788090677613127e-06,0.0007093135168867448,-0.0005957107766061398
28.817,1.133451188714204,2.2124146365767166,3.2869622781664867,-0.013641746495235143,-0.015639929001885038,-0.042310872309183144,1.0672294,2.2521372,3.2565389,3.4400323691841095e-06,0.0007051940904760912,-0.0004159593029147146
28.826999999999998,1.1333015933896102,2.2122428577578424,3.2864964503090683,-0.013564376275290642,-0.015600143540589865,-0.04238181734887278,1.0661663,2.2515163,3.2558646,3.282056134423783e-06,0.0007103289212739838,-0.00021517729221454118
28.837,1.1331798330955798,2.212102542689283,3.2861146650999755,-0.013500416783486275,-0.01558524162093928,-0.04244933129129882,1.0641159,2.2514763,3.2551332,3.119853046129606e-06,0.0007234782953449148,-1.5681581515991638e-05
28.847,1.1330452259631398,2.2119466952988023,3.285689902525155,-0.013427984315397467,-0.015587273990916879,-0.04248848742657551,1.0639796,2.2495677,3.2554557,2.9509352010848033e-06,0.0007394980566894915,0.0001850716037576916
28.857,1.132911351731229,2.211790719401704,3.285265047239597,-0.013354050001261749,-0.01560897750082233,-0.042480829942645765,1.0653553,2.2496636,3.2550807,2.77801475867534e-06,0.0007499239629780163,0.0003856737092640117
28.867,1.1327782218312312,2.211634418157928,3.284840248863001,-0.013279363041575504,-0.015650417831634636,-0.04248350570560724,1.0651225,2.251137,3.2531025,2.600923274087563e-06,0.0007497252883661432,0.0005912272466033208
28.879,1.1326458380962063,2.2114775914031948,3.284415349954391,-0.013204940744353166,-0.01571216194551785,-0.042492728316469726,1.0653163,2.248891,3.2529182,2.388873640235545e-06,0.0007384920330180123,0.000842715594710608
28.889,1.1325141935878709,2.211320034360408,3.283990434552166,-0.01313150836094834,-0.015794313548058256,-0.04249132019054367,1.0651166,2.249412,3.2513177,2.228403630510911e-06,0.0007249915873930313,0.0010369064075339551
28.9,1.1323702238580167,2.2111456438266663,3.2835228684029927,-0.01302189738462873,-0.015955815324523875,-0.042520403270530346,1.0648946,2.2497175,3.2514024,2.071148371918241e-06,0.0007106135656296253,0.0012299113686200513
28.907,1.1322530721206645,2.21100196032201,3.283139651949606,-0.012988664042221461,-0.016013496109657903,-0.04262728975602939,1.065411,2.2502537,3.2504137,1.980472934981492e-06,0.0007029574167924935,0.0013417271320079749
28.917,1.1321235694737952,2.2108411030583763,3.2827125837216253,-0.012918984739003337,-0.01614697884444054,-0.04277556314031959,1.0649662,2.2485275,3.2518468,1.8649989987906679e-06,0.0006946352832439828,0.0014829311958566294
28.927,1.131994759235494,2.2106788366752,3.2822839347062858,-0.012850045678617132,-0.016293585497742177,-0.042934844110395984,1.062643,2.2470653,3.251096,1.7690126572489362e-06,0.0006899668857958119,0.0015964846198111005
28.937,1.1318538616046923,2.2104985769336976,3.2818109252034056,-0.012745034925543634,-0.016539387032771233,-0.04302179920193012,1.0629871,2.246087,3.2499354,1.685931136918839e-06,0.0006876433334381815,0.0016907994380597202
28.948,1.1317264916611987,2.210332993302254,3.2813802798435603,-0.0126769270020527,-0.01671094682313634,-0.043060381658503746,1.0633868,2.2479954,3.2515295,1.5926417988865182e-06,0.0006809525367321712,0.0017972561767476414
28.958,1.131599800900788,2.2101656823698397,3.28094920549105,-0.01260989937390569,-0.016893147902573652,-0.043102594187374964,1.062624,2.2488763,3.2525048,1.4971284265641316e-06,0.0006677767276825897,0.001911742197055144
28.967,1.1314737779288748,2.209996535524233,3.28051797160253,-0.012544590847300049,-0.017087179947585088,-0.043080445499961845,1.0633987,2.2473795,3.2509918,1.4102952476946484e-06,0.0006508276010395164,0.0020195784406262796
28.978,1.1313609142378844,2.2098426364964205,3.2801304407593554,-0.012514849046774447,-0.01718053721667477,-0.0430215534107805,1.0636032,2.2462413,3.2500834,1.3203460849098292e-06,0.0006253855648941098,0.002131910274036475
28.987,1.1312361089792564,2.2096696898505814,3.2797006149205505,-0.01245280669300825,-0.01738926651828889,-0.04295460206051552,1.0631992,2.2475245,3.2497756,1.2634310699866091e-06,0.0006034045434675228,0.0022008710547556376
28.999,1.1310995236504904,2.209476988539983,3.2792284030934273,-0.012387301051928208,-0.017626909387837144,-0.04291396095719748,1.063178,2.2458448,3.2485628,1.2045170221242074e-06,0.0005770027214326845,0.0022672652069797294
29.01,1.1309882975318497,2.209317354252476,3.278842185807846,-0.012335614515867739,-0.01782580107668738,-0.04291470384050219,1.0626332,2.2458496,3.2479794,1.1656848659669095e-06,0.0005573364815187887,0.002302489142809616
29.02,1.1308652494184803,2.2091378666744768,3.2784130095148725,-0.012279847362287473,-0.018049711268081917,-0.042921776567319915,1.0636389,2.245565,3.2482872,1.1369860715149116e-06,0.0005427838101645932,0.0023222402534694986
29.027,1.1307305305455857,2.208937830600284,3.2779406829307454,-0.012197252789265221,-0.01839832548382844,-0.04292168729927311,1.0629504,2.2446973,3.2480335,1.1181127756998421e-06,0.0005335764524110331,0.0023335238767181465
29.037,1.130620787880562,2.2087721241268237,3.2775538451008357,-0.012172526318550259,-0.018502906399835636,-0.043000946780332755,1.0642257,2.2450402,3.2469938,1.0910340675351904e-06,0.0005217602448017722,0.0023495884506572473
29.048,1.1304993488940271,2.2085858370119626,3.2771235848395075,-0.012120636378586215,-0.018731920063919823,-0.04304770940617852,1.0634791,2.2449093,3.2466042,1.0585441270194451e-06,0.0005104287457213807,0.0023724210927769107
29.057,1.130378423288033,2.208397248706647,3.2766928166968827,-0.01206971538128699,-0.01896299892531198,-0.04310146854281402,1.064045,2.2445753,3.2468176,1.0310728786322443e-06,0.0005036613718027994,0.0023930029150895926
29.068,1.130258002883078,2.2082063376029217,3.2762615034446236,-0.012019479087403502,-0.019196225531824537,-0.043155414554143824,1.0657946,2.2444987,3.245969,1.0001997257091944e-06,0.000498419578498499,0.00241295224904281
29.078,1.1301380823343872,2.208013084786358,3.2758296730182996,-0.01196965738202299,-0.019431052517593726,-0.04320168230697419,1.0678506,2.2447808,3.2447383,9.773798863577099e-07,0.0004969873930367186,0.002420609963047049
29.088,1.130018659348335,2.207817479386389,3.275397531943098,-0.011919878401122052,-0.01966647362581963,-0.04322066303234226,1.0670104,2.2443552,3.2424273,9.617281513385478e-07,0.000502360645988631,0.002413853060863058
29.098,1.1298997371810282,2.207619523319389,3.2749653243635453,-0.011869401739126442,-0.019900970008592356,-0.043225836981943475,1.0685477,2.244651,3.2422695,9.560958780241435e-07,0.0005196783481098421,0.0023878824227998585
29.109,1.1297813289149152,2.2074192371914005,3.2745327318671666,-0.011817072352844661,-0.020132449212410745,-0.04329477047943794,1.0681967,2.245358,3.2403731,9.637948306107091e-07,0.0005533936034520792,0.002336138537249788
29.119,1.1296634599270283,2.207216661876164,3.2740991537476645,-0.011761663032982057,-0.020358992505881107,-0.043415819849217885,1.0689483,2.2441838,3.2395747,9.85955505683478e-07,0.0005958322329058241,0.0022682381285057396
29.128,1.129534471266203,2.2069912569654075,3.2736205919185886,-0.011695869830445368,-0.020600183773666614,-0.043584317132240154,1.067398,2.243574,3.2387571,1.0222160522488366e-06,0.0006410686573476987,0.002187800623334457
29.138,1.1294178659544412,2.2067840933953144,3.2731837978383203,-0.011630825873529713,-0.020809911257818094,-0.04375734358689471,1.0678511,2.242569,3.238331,1.078821052047374e-06,0.0006957924471020505,0.0020834358492041183
29.148,1.1293019405278724,2.2065748889372303,3.272745314122715,-0.01156041657870989,-0.02100930825636578,-0.04392159173422849,1.0644399,2.2412183,3.237268,1.1436957780830426e-06,0.0007497161967942034,0.0019776356264316064
29.157,1.1291982327659709,2.206384945464895,3.2723492753990624,-0.011492623567471716,-0.021180109563500152,-0.044067858026439644,1.0649716,2.2421377,3.2368875,1.1973278386534503e-06,0.0007934221843663991,0.0018950667196886428
29.167,1.129083741047638,2.206172138292377,3.271907778720497,-0.011413037577383912,-0.021361962004595524,-0.04422291158580815,1.0662876,2.2419477,3.2377224,1.2373109452568087e-06,0.0008296515131269722,0.0018307960139005708
29.177,1.1289700635517792,2.2059575462064767,3.271464483779385,-0.011330344570625409,-0.021538132384392977,-0.04441699039287924,1.0649469,2.2423646,3.2365313,1.255254874266143e-06,0.0008499494644107486,0.00179251296565619
29.19,1.1288572232881153,2.2057412120705076,3.271019353753879,-0.01124596504183395,-0.02171098256572396,-0.04458787781927094,1.0616683,2.2416856,3.237086,1.2621523985956173e-06,0.0008599280802288334,0.00175956877710437
29.199,1.1287452311870483,2.205523163122873,3.27057257052427,-0.011160910452987362,-0.021881340430054602,-0.044752347715064505,1.0614082,2.2418113,3.2367682,1.2712632662115197e-06,0.0008598063157299052,0.0017304147583896423
29.207,1.1286340900493073,2.205303427185012,3.270124165956749,-0.01107589245836347,-0.022048478439872076,-0.04491514574475791,1.0622361,2.240613,3.235356,1.2882762572274942e-06,0.0008534723041018211,0.0016933885216614541
29.217,1.1285128110561962,2.205059818563146,3.2696288480764286,-0.010945792656309157,-0.022300479519807154,-0.045101147520938974,1.0632643,2.240783,3.2348614,1.3222888792796539e-06,0.0008355008942206865,0.0016304828443187702
29.227,1.1284034275097765,2.204836693657378,3.269176464691498,-0.010901758483190228,-0.022381669997629,-0.04532483511918783,1.0635699,2.238919,3.2343903,1.3630550750320936e-06,0.0008088666493719643,0.001556267113782983
29.238,1.1282948471445726,2.20461205855557,3.268722275681117,-0.010787130742174982,-0.022596982508677352,-0.045465811490397585,1.0628123,2.2373679,3.2353802,1.4052766399430539e-06,0.0007773215952848744,0.001473337832404109
29.248,1.1281977886647876,2.2044086563073697,3.268312169153224,-0.010753847380626298,-0.022656201164613355,-0.04562398072832011,1.0640612,2.2378106,3.2354484,1.4280753761752862e-06,0.000753163329014761,0.0014149602652162585
29.26,1.128090660819371,2.2041813427653274,3.267855269726956,-0.010679487639538751,-0.022792290011677416,-0.04574617497325974,1.0627898,2.2373435,3.234661,1.4204759484215401e-06,0.0007322718026925301,0.0013906200580970918
29.268,1.1279842667833955,2.203952681424417,3.267397096200685,-0.010606806539032815,-0.022926549475778095,-0.04587367374602344,1.0639528,2.2386277,3.2332816,1.395986277685779e-06,0.0007240936153474209,0.0014015647791500996
29.28,1.1278785936449587,2.2037226719227885,3.266937738269166,-0.010535098203069448,-0.023062229834714086,-0.04597913931774186,1.0629952,2.237302,3.2327309,1.344248277135307e-06,0.0007183822686260832,0.0014400877111886423
29.29,1.1277736349628835,2.203491288568549,3.266477640094685,-0.01046380387078047,-0.02320108503709663,-0.046031829791766045,1.0638605,2.2381089,3.2319317,1.3067941626587753e-06,0.000717926179931716,0.0014650859770948266
29.297,1.1276590029883273,2.2032351454202166,3.265970750987334,-0.010352406505137485,-0.02342437459662954,-0.046104354381035294,1.0621729,2.2373097,3.2327855,1.2889571756602436e-06,0.0007183992106964965,0.0014711579557653565
29.307,1.1275555397399737,2.2030007997137155,3.265508729394447,-0.010314273410075259,-0.02349827120737437,-0.04626111970587349,1.0627446,2.2365236,3.2334461,1.278983972952119e-06,0.0007186522480626678,0.0014585852595381255
29.32,1.127463031651768,2.202788684284597,3.2650918190411153,-0.010250222460256878,-0.02362409085000727,-0.04636990949881575,1.0604591,2.2372725,3.2337482,1.2906882798091601e-06,0.0007137044788994018,0.0014082729516728953
29.329,1.127360919214694,2.2025516913626,3.2646276256834517,-0.01017944711652942,-0.023760129550973393,-0.046454877486460475,1.0591185,2.2386646,3.2328131,1.3065758341923583e-06,0.0007054954156320292,0.0013622072507084582
29.337,1.1272595101241536,2.2023133647295237,3.2641628117414054,-0.010109556929222926,-0.023891217117077125,-0.046497974225288174,1.0603119,2.2392006,3.2332902,1.3234072744339187e-06,0.0006931942279830849,0.001316678746213995
29.347,1.1271487570123333,2.202049729251929,3.263651267334341,-0.010034630850267295,-0.02402870393789524,-0.04650177951819821,1.0588663,2.2379746,3.2332978,1.3528643147964203e-06,0.0006678786933300707,0.0012453108660741563
29.357,1.1270587413829467,2.2018329376707975,3.2632328434598943,-0.009975816435274797,-0.024134259063905934,-0.04648187103139715,1.0602136,2.2373602,3.2309113,1.3968113581341868e-06,0.0006323981676135126,0.0011466542964497783
29.368,1.1269593266032116,2.2015909947289365,3.262768231730342,-0.009914001205674651,-0.024241695637773727,-0.046441298666689404,1.0611832,2.237287,3.2299662,1.4539438382143999e-06,0.0005838335556207497,0.0010127105000008463
29.379,1.1268605060760133,2.201348043279486,3.262304088189178,-0.009856608572226845,-0.02433698170821793,-0.04639131338220002,1.0599515,2.2374334,3.230918,1.5062791280939791e-06,0.0005318824069258099,0.0008707729045349666
29.389,1.1267622340380832,2.20110420847947,3.2618404444746343,-0.009803816688734203,-0.024419654882256493,-0.04634673597024265,1.0624511,2.2373602,3.2286413,1.5435702591659606e-06,0.0004890735873255281,0.0007476912093373755
29.398,1.126664466402079,2.2008596139274172,3.2613770337220758,-0.009755209690766322,-0.024490283263119212,-0.04634014683282536,1.0627805,2.2360868,3.22902,1.569227451980737e-06,0.0004563393804235538,0.0006452394798497352
29.407,1.1265671650398696,2.2006143748345917,3.2609135944117216,-0.00971007386933821,-0.024549827857949166,-0.04635039813819102,1.0607797,2.2358224,3.2277832,0.0,0.0,0.0
29.419,1.1264606375798683,2.2003439929828663,3.2604035837959837,-0.009643831893275655,-0.024625363397859878,-0.0463683882346263,1.0603933,2.233871,3.2269185,1.608369490924133e-06,0.00041494343791814714,0.0004420541445746551
29.428,1.1263642342589284,2.200097728744795,3.2599398003105176,-0.009602776316383153,-0.024662000297393686,-0.04637118957434607,1.0599067,2.232616,3.227158,1.6160167497503153e-06,0.0004092466261118588,0.00037924989570381484
29.437,1.126268241486324,2.199851099928193,3.259476062073518,-0.00956224283030728,-0.024693612291645756,-0.046366852670257176,1.0591255,2.2321925,3.2267544,1.6149188333258735e-06,0.00040388019608617043,0.0003405363428887753
29.448,1.1261821940052636,2.199628861200628,3.2590587208382784,-0.009544835678705066,-0.024705417926272653,-0.04637322246284317,1.0615183,2.2306993,3.2274532,1.5971509128576145e-06,0.00039180530273785763,0.000337100983772487
29.459,1.1260774590619307,2.19935689629726,3.2585485256978552,-0.009484676905874715,-0.02475707868088152,-0.04637942405792891,1.0611836,2.2309356,3.2291305,1.5621580224944864e-06,0.00036969277085585617,0.0003827517745031983
29.468,1.1259826418006607,2.199109299723743,3.2580848600413153,-0.009449106901804583,-0.024796792363093848,-0.04633543069988604,1.0603204,2.2310653,3.2294757,1.5238314823307064e-06,0.0003476069735715015,0.0004531332005335287
29.479,1.1258976095820816,2.1988861166504687,3.2576682509491626,-0.009434402669261618,-0.02481643630987777,-0.04623602623795455,1.0599339,2.2305264,3.229541,1.4724081234263053e-06,0.0003216988389955766,0.000563626834620301
29.489,1.1257940460167868,2.198612789269296,3.257160911694122,-0.009384914025337553,-0.024905344073166923,-0.04600331683503054,1.0587456,2.2303348,3.2274888,1.428289078120315e-06,0.0003005476821171804,0.0006661347842431553
29.497,1.1257095919497058,2.198388621340472,3.2567477836215666,-0.009371861196577414,-0.024933850961898478,-0.04581197599515902,1.0589434,2.2291856,3.2289774,1.3974357804258375e-06,0.0002847435393276143,0.0007391598051347259
29.507,1.125616030505323,2.1981388912892226,3.256290842939479,-0.009343581529041297,-0.025006196631703895,-0.04559886594651088,1.0604249,2.2300577,3.2270558,1.3653933894630654e-06,0.0002641652595958277,0.0008129516330197539
29.517,1.1255227405773827,2.1978883988663678,3.2558360295496898,-0.009317389740898404,-0.02508536180693949,-0.045386366739436634,1.062314,2.2268639,3.2256947,1.339069404693305e-06,0.0002410766598615055,0.0008703170109978231
29.527,1.1254297000398614,2.1976370847878623,3.2553832999466645,-0.00929348729630413,-0.025169745740783723,-0.04517476734280776,1.0613787,2.228241,3.223373,1.317426509217512e-06,0.00021830354360607984,0.0009121535443066264
29.538,1.1253368865740143,2.1973849042521993,3.2549328875281165,-0.009271687121537624,-0.02525816409072077,-0.04494210936229791,1.0621951,2.2272315,3.2229953,1.293827205373077e-06,0.0002008684109875425,0.0009591488681310878
29.548000000000002,1.1252442826721258,2.197131816763273,3.254484279959401,-0.009251293380514444,-0.0253508290135993,-0.0448080533013109,1.0605505,2.2269442,3.2227511,1.2706850709420792e-06,0.0001942539536674559,0.00100978988886391
29.557,1.12515187904257,2.1968777757537716,3.2540365738832597,-0.009231433306258691,-0.0254485017612774,-0.044745385326878814,1.0609,2.2260566,3.2218208,1.2480165558770295e-06,0.00019567737570502786,0.0010622221053178116
29.567,1.125059674945912,2.196622726483156,3.253589473907553,-0.009211310629425713,-0.025552022918759697,-0.04468220329705395,1.0622609,2.2256134,3.2217367,1.2176934554020136e-06,0.00020243307306655467,0.0011342801381593048
29.58,1.1249676753591968,2.196366606671772,3.253142882049253,-0.00919057301700597,-0.025662065773731244,-0.044646197757768714,1.0618756,2.2261617,3.221012,1.1815560840844341e-06,0.00021039956560819917,0.0012220485213467747
29.59,1.124866719670358,2.196083556223767,3.252651817746391,-0.009167017196350699,-0.025791380879442077,-0.04464044615481458,1.0621272,2.225118,3.2226267,1.1500497709704405e-06,0.00021747054211029848,0.001298171361503453
29.597,1.1247751706865545,2.1958249590211993,3.2522054937061706,-0.009135002117456154,-0.025976489337151337,-0.04459139167211445,1.060708,2.2251687,3.2220268,1.1284882077688962e-06,0.0002228188952422272,0.0013469713943297101
29.607,1.1246929692503942,2.1955911200376796,3.251803971066001,-0.00912429231187901,-0.026035151143994767,-0.04460199129954796,1.0604364,2.2245045,3.2221675,1.098469563309834e-06,0.0002309650556986398,0.0014053549424981604
29.618,1.1246018555900101,2.1953300205511894,3.2513582255351365,-0.00910068190884116,-0.026171855178356462,-0.04454838676669512,1.0600624,2.2228963,3.2225778,1.0677822750437826e-06,0.00023800241962312896,0.0014537500973514916
29.628,1.1245109813855938,2.195067530508928,3.2509131247429353,-0.009076515127782046,-0.02631265873400473,-0.044474899841387944,1.0612402,2.2214587,3.2241068,1.042249928140393e-06,0.00024003681253947917,0.0014871091392079094
29.638,1.1244203500142405,2.194803613730001,3.2504691361301106,-0.009052205690061382,-0.02645683613408442,-0.04431889550881425,1.061234,2.2212467,3.223563,1.0163465269386052e-06,0.0002373386215523965,0.0015235289572124167
29.647,1.124329960479029,2.1945382343299644,3.2500273200515157,-0.009028172917867713,-0.026605025427717175,-0.04406313675727397,1.0626963,2.221377,3.2225454,9.891719567889368e-07,0.00023338797945271494,0.0015746237193963175
29.657,1.1242398089897572,2.1942713414158894,3.24958818889565,-0.00900454526031855,-0.026759361919515372,-0.04378685776168275,1.0621818,2.2208483,3.2234352,9.535503275870383e-07,0.00023065292724400166,0.0016569231105520998
29.669,1.1241498926214535,2.19400285940054,3.2491519781180984,-0.008981054218425153,-0.026922322330320908,-0.043481289226580906,1.0634885,2.2238348,3.2222018,9.055704150995325e-07,0.00023552490977163387,0.0017776359130370345
29.679,1.124060213397093,2.1937326932327466,3.2487190089994513,-0.008957041336767002,-0.027095324519350917,-0.043135593031918947,1.0631474,2.223557,3.220054,8.639452744318987e-07,0.0002482439682980342,0.0018787014185650541
29.689,1.1239707809109512,2.193460741149612,3.248290155656654,-0.008931704423944966,-0.027278240032546,-0.04267016077751522,1.062497,2.221344,3.2212305,8.289073605283193e-07,0.00026951227239813136,0.0019454104482297119
29.7,1.1238816128002012,2.1931869217183007,3.2478658979066743,-0.008904251906367828,-0.027467296654642252,-0.04223664102113648,1.0628905,2.2205002,3.2216582,8.076393163136686e-07,0.0003006781546082138,0.0019524898432115023
29.708,1.12379273402552,2.1929112039231264,3.2474457836665342,-0.008874034287655522,-0.02765697248168628,-0.04182490784571618,1.0600858,2.22022,3.2199106,8.041693977389741e-07,0.00032533223046815607,0.001921821020450576
29.717,1.12370417404562,2.192633607147416,3.2470300087536574,-0.008840784764276433,-0.02784293184802851,-0.04137049740850938,1.0621967,2.218808,3.2217205,8.082027651568069e-07,0.00035254406930151916,0.0018703175074334943
29.727,1.1236071617629722,2.1923261406727526,3.2465779358254814,-0.008785648175823542,-0.02811517541747888,-0.040820280890224,1.0618447,2.217603,3.220843,8.152089279178654e-07,0.0003768715250100918,0.0018135927528439844
29.737,1.1235281252289964,2.1920729830186048,3.2462122183086444,-0.008766352716083574,-0.02819832243941897,-0.040450813856987296,1.0627854,2.2190602,3.22227,8.148482866232598e-07,0.0003938927002797854,0.0017798395693335856
29.747,1.1234406797761045,2.1917900497378926,3.2458100977527153,-0.008726515075115383,-0.028370970592776174,-0.04002277177416128,1.0624719,2.2187743,3.2226217,7.991377390936805e-07,0.000405855061610616,0.0017846927098181808
29.757,1.1233536390853582,2.191505385438456,3.2454123405466735,-0.008685544811542413,-0.028544986484359658,-0.03956401748677347,1.062425,2.2179036,3.2213876,7.705376114941487e-07,0.00041657983965137646,0.0018193619913144943
29.768,1.123267014106041,2.191218961193099,3.245019462910547,-0.008643464118421252,-0.028722773758442743,-0.03906169246221117,1.0624053,2.2176251,3.2213,7.345473473918673e-07,0.00043075844553097653,0.0018657897282294833
29.779,1.123172221267243,2.1909018139072396,3.2445929025596922,-0.008595649277071044,-0.028922894617920053,-0.03855032793073507,1.0646572,2.2167091,3.2192972,7.018671297487344e-07,0.00044871618969066773,0.0019022227039324768
29.789,1.123095062267379,2.190640677184794,3.2442478690767977,-0.008555067258556993,-0.029089292327700442,-0.03817050340563771,1.0652349,2.2166626,3.2188854,6.794095508411147e-07,0.0004683390911637275,0.001918134181776665
29.797,1.1230012647230354,2.1903194667529977,3.243830579176371,-0.008503297284120767,-0.029294076026923858,-0.0377482375505553,1.0655708,2.2185376,3.218437,0.0,0.0,0.0
29.807,1.1229165030742942,2.190025503133099,3.2434549661023024,-0.008434208986474338,-0.029551201951313312,-0.037359547770060175,1.0659122,2.2175772,3.2169785,6.590910590631438e-07,0.0005208226039279396,0.0019055912492795812
29.817,1.1228406581922823,2.1897593546252927,3.2431197620381034,-0.0084056948123098,-0.02964540054446427,-0.037117923134534686,1.0663068,2.217359,3.2156098,6.658466720210754e-07,0.0005634434703196689,0.001867600378716805
29.828,1.1227569124778187,2.189461908832729,3.242750047057303,-0.00834838169334203,-0.029824808751654414,-0.03686304603139164,1.0665585,2.216071,3.2147467,6.976933004665398e-07,0.0006208876169679911,0.00179153784925834
29.837,1.1226654888128238,2.1891326942229274,3.242345892527392,-0.008279256132683202,-0.03001349218161306,-0.036643345863009893,1.0672712,2.2162852,3.2140992,7.437200615356687e-07,0.0006741720012781727,0.001707329883763542
29.848,1.1225912811855028,2.1888618376278,3.242016965922029,-0.008217388679955692,-0.03015930655763575,-0.03647558992150959,1.0696455,2.216243,3.2126315,8.166721157110146e-07,0.0007437050976006887,0.0015937934958563105
29.859,1.1225013777286168,2.1885290723211144,3.241616660755908,-0.00813492229434841,-0.03032626257698033,-0.03633128585424031,1.0690958,2.2140334,3.2099142,8.979195396108253e-07,0.0008166389000718866,0.0014826822921052418
29.869,1.1224285260490017,2.1882554918634933,3.2412900380986054,-0.008061589546030338,-0.030453927874460867,-0.03626714027301421,1.0678229,2.2135863,3.2100797,9.731702110826745e-07,0.0008883229880316534,0.0013895755573489765
29.878,1.1223483889549528,2.187950212923148,3.240927498503664,-0.00797344426465951,-0.03058715075538714,-0.03625244038907839,1.0683134,2.2138617,3.2098136,1.03235207049579e-06,0.0009571808051109798,0.0013213976048547238
29.889,1.1222691740683175,2.1876436434471125,3.2405648409006966,-0.007877846886729985,-0.030713168052595254,-0.036283606616778596,1.0675555,2.2146385,3.2090888,1.0797640062065739e-06,0.001042199724883286,0.0012679335573393402
29.899,1.1221831924584182,2.187304994567166,3.2401652677751263,-0.007724309139021638,-0.030891929353412624,-0.03633124497551938,1.0676191,2.216916,3.2065744,1.1006820068715228e-06,0.0011162525122219158,0.0012413139409495066
29.907,1.1221138099334653,2.187026839958237,3.2398377398394667,-0.007664441905974347,-0.0309533965746298,-0.036411731726063185,1.0668892,2.217312,3.2059045,1.1161055812891618e-06,0.0011707946311183548,0.0012210743957110637
29.919,1.1220378033621543,2.186716665144252,3.2394734885868877,-0.00754755006705536,-0.03106928764292898,-0.036438793455520486,1.0681803,2.2147322,3.2066655,1.1892299953686347e-06,0.0012425033484682046,0.0011506025299095057
29.927,1.1219629974441834,2.1864053636268665,3.2391086422812254,-0.007425037486113083,-0.03117855086447872,-0.036535735284955635,1.0694964,2.2152853,3.205792,1.2979942276558631e-06,0.0012829891287848838,0.0010588241289846145
29.937,1.1218894436565228,2.186093031122219,3.238742600711025,-0.007297709930928554,-0.031275846988453926,-0.0366616898827541,1.0689235,2.2135375,3.2056873,1.4945974431412878e-06,0.0013283664634884396,0.0009028598669158505
29.947,1.1218171873539058,2.185779811227126,3.2383752083593773,-0.007165992550042315,-0.03135715235402457,-0.03679825594456029,1.0691577,2.2125628,3.204416,1.7315460505429314e-06,0.001373901890535656,0.0007236317419998528
29.958,1.1217392572359093,2.1854344480847434,3.23796967125019,-0.006963548578530967,-0.03144736878066219,-0.0369197379459094,1.0693334,2.2123692,3.2062778,1.9893343043975165e-06,0.0014282502742428704,0.0005366004103009026
29.97,1.1216698736291146,2.1851199177312197,3.237599510208117,-0.006819723486192949,-0.03148850894241711,-0.0370961159457106,1.0685806,2.2115788,3.2045796,2.2100123544532835e-06,0.001493332883919507,0.0003823042172093061
29.98,1.121601934713564,2.184804993718773,3.2372272543601106,-0.0066703924549953286,-0.03151937610649663,-0.037337824898629246,1.0675435,2.20974,3.203882,2.3225813494676117e-06,0.0015510436009242845,0.00030463536784441914
29.987,1.1215420697234766,2.1845213045206973,3.236889953126549,-0.006590437710034352,-0.031531540580371074,-0.03759316112197684,1.0676475,2.2092512,3.2025478,2.360792081823604e-06,0.001591494907322577,0.00027673279338724655
29.997,1.1214770265759533,2.184205855845859,3.2365123795417765,-0.006433051540425914,-0.031555570706689656,-0.037898269690244915,1.0687534,2.2080326,3.202829,2.3538716558135775e-06,0.0016452665689561385,0.000274053822933773
30.007,1.1214135852058815,2.183890166185529,3.236131465669242,-0.0062707002556737805,-0.03158033377407465,-0.0382562088805067,1.0694917,2.206746,3.2021835,2.276875361140185e-06,0.0016910592624443943,0.00031117057824125993
30.017,1.121345703872848,2.183542594401409,3.2357081112452817,-0.006020580003038901,-0.03162722422234078,-0.038679006853435005,1.0699222,2.2053616,3.2025948,2.1391908253676206e-06,0.001729722375890308,0.0003809031215205039
30.027,1.1212916831944533,2.183257917312013,3.2353582329752233,-0.005933904083433638,-0.03164623424497433,-0.03903017281957582,1.0690893,2.2038,3.2030916,1.9482495723366355e-06,0.0017653632383454188,0.0004781365435619911
30.037,1.121227554031208,2.1829095084974273,3.2349263649959563,-0.005671756626072361,-0.03172154017667576,-0.03944479495555108,1.0691853,2.204285,3.202697,1.7061075281432636e-06,0.0018021039893896251,0.000600850680281706
30.048,1.12117110204489,2.182592201945893,3.2345297149345797,-0.005491829450756146,-0.031788316175949766,-0.039819165675164366,1.0696824,2.203974,3.2027256,1.3820405175835049e-06,0.0018446036068819893,0.0007631976803477158
30.059,1.1211218318123748,2.1823060416187876,3.234169736270842,-0.005401645439118564,-0.031826581462602095,-0.04012299375140884,1.069647,2.2041507,3.200739,1.0273202377675261e-06,0.001887782534724991,0.0009371594074263356
30.069,1.121063632461774,2.181955369919356,3.2337264900228964,-0.005120449769285878,-0.03196807249430597,-0.04041129770027586,1.0667967,2.2039335,3.2004282,7.152691940959244e-07,0.001926957552800701,0.0010859858456768734
30.077,1.121017700856303,2.1816675739407665,3.2333612972528782,-0.00502761725351909,-0.032020060717377986,-0.0406899175225944,1.0660236,2.203427,3.199896,4.954394743350576e-07,0.001957334524534282,0.0011876233590144558
30.087,1.120968480950419,2.1813467446377377,3.2329529433867634,-0.004835071266736655,-0.03213591946715305,-0.040953208201963825,1.0671419,2.203851,3.199638,2.771330169792918e-07,0.001988669642977392,0.0012847262440973672
30.097,1.120921202407043,2.181024706526495,3.232541884710948,-0.004639835456689232,-0.032260398288901766,-0.041239776042477014,1.0653844,2.204158,3.2001002,1.2572814434008706e-07,0.002006541454301569,0.0013484837095205648
30.109,1.1208714607020953,2.180668988114596,3.232086051850766,-0.004340080522691855,-0.03246074905259826,-0.041575708361091986,1.0672185,2.2042406,3.2012548,3.1306539582942605e-08,0.0020092337356443224,0.001383065765550917
30.118,1.1208283050207144,2.1803442271067563,3.2316679844489586,-0.004143320511003648,-0.032593652515693725,-0.04192017876094213,1.065432,2.2032483,3.19961,2.0612826112653693e-08,0.001998955429951099,0.0013801190934885632
30.127,1.1207911401654065,2.1800508125318205,3.23128919482536,-0.004051368031822402,-0.03265414209357493,-0.04218511895961059,1.0655774,2.2007468,3.201034,5.305308370395778e-08,0.001982761205508332,0.0013559423660689518
30.138,1.1207516934798882,2.179723559591735,3.230866126058006,-0.0038576437259282364,-0.03278297000044596,-0.04238822116773776,1.0652895,2.2025592,3.201851,1.1737635752240294e-07,0.001958556236886899,0.0013137571563435202
30.149,1.120714173319419,2.179395037787037,3.230441673216949,-0.003665939002727306,-0.032908366961985715,-0.04248883227522283,1.0653294,2.2022586,3.2014794,1.4432131134611836e-07,0.0019317017393039038,0.001290339121654771
30.16,1.120675099218814,2.1790322299237554,3.229973644268343,-0.003376407981354101,-0.03309898996301167,-0.04255918906215277,1.0653864,2.2036226,3.2003922,1.30927956476512e-07,0.001903604603211928,0.001287854715789738
30.169,1.1206415488394805,2.178701110234621,3.2295472371723535,-0.003271289042287638,-0.03316747377869548,-0.04267209127987256,1.0654154,2.2044046,3.1999533,1.115952841246326e-07,0.0018801709959275215,0.0012904149455992275
30.178,1.1206098506342281,2.178368756173213,3.2291204037189436,-0.0030871707970413992,-0.0332909359499922,-0.04268305632490546,1.065625,2.2048402,3.2014673,1.1718323555953702e-07,0.0018564947039640955,0.001279731168953635
30.189,1.1205828853611266,2.178068587502036,3.228736353345983,-0.0029236278303032036,-0.0334005697741734,-0.04266163882125854,1.0656939,2.2035081,3.1990156,2.0501944408835016e-07,0.0018272942050172603,0.001222208059303842
30.198,1.1205546369954176,2.177733935440338,3.2283098684867966,-0.0027444086667064473,-0.03351685544258034,-0.04264250605909191,1.0656241,2.2006094,3.198491,3.604368226106658e-07,0.0018034616229649636,0.0011278824235296803
30.208,1.1205256160952417,2.177364543259049,3.227840909315743,-0.0024743890253427995,-0.03367546668733695,-0.04257929010856705,1.064914,2.200537,3.198342,5.981820594413989e-07,0.0017770890252197802,0.0009844410101256251
30.217,1.1205034486912036,2.177061435821998,3.2274580279286087,-0.0023935747892581956,-0.03371392500570136,-0.04248169683823154,1.0661436,2.1996882,3.1966908,8.130078814616581e-07,0.0017530379836534493,0.0008524033091359406
30.228,1.1204782537337146,2.176690060582635,3.226991664521446,-0.002205044250139045,-0.033798656730451536,-0.04233877374354092,1.0657488,2.1989923,3.196796,1.0116955060368582e-06,0.001721593667848964,0.0007249527842865255
30.239,1.120459167839487,2.1763855680788304,3.226610817259703,-0.0020535169480952733,-0.033858605361916455,-0.04231171377303367,1.0669467,2.2011175,3.19568,1.109545221034125e-06,0.001688699187559095,0.0006545898579677356
30.25,1.1204395450191937,2.1760466425519227,3.226187465315876,-0.0018880895496699822,-0.03391982882377109,-0.042358822958383086,1.0659273,2.200324,3.1958153,1.112637452393983e-06,0.0016554582034151721,0.0006405469850445655
30.257,1.1204198511251426,2.1756731291934632,3.225721568190247,-0.0017094195416365115,-0.033985746698700255,-0.04233782130850233,1.0664238,2.1983225,3.1942828,1.0943676187480378e-06,0.0016353643800508522,0.0006443714618207252
30.269,1.1204051863316615,2.175366986174077,3.2253406456763383,-0.0015657663738753134,-0.034040033174129194,-0.0423255251262191,1.0647129,2.1985373,3.1951632,1.0747877006167528e-06,0.001602853735002796,0.0006446535804340847
30.278,1.1203903941257392,2.1750262546749455,3.2249170101923976,-0.001408813673562168,-0.034100158201067494,-0.04240378135987365,1.0667812,2.1998036,3.1954305,1.0741207301379063e-06,0.0015791940967071483,0.000636521154722125
30.287,1.1203759177639399,2.174650761577339,3.2244499909101747,-0.0011731296338355198,-0.034191523835231864,-0.042477205930317674,1.0655509,2.1983085,3.1950638,1.087793393139691e-06,0.0015536034828524947,0.0006192861891807233
30.299,1.120364359763572,2.1743087967214634,3.2240246343493664,-0.0010880034968814931,-0.03422164744816265,-0.04256941816492853,1.0668566,2.196403,3.196786,1.1434454183500975e-06,0.0015168601184987196,0.0005713294046869599
30.308,1.1203552369697112,2.1740005628482915,3.2236411667760674,-0.0009545240322165363,-0.03426884067429704,-0.04263019746741625,1.0693564,2.1951828,3.195822,1.2052372682092027e-06,0.0014872578226743371,0.0005209191752384434
30.319,1.1203464939918562,2.173657609754548,3.223215015994119,-0.000809125062286237,-0.034316162127314094,-0.04258697897284707,1.0675817,2.1938143,3.197448,1.2659389376779018e-06,0.001452129958334325,0.00046770219603109453
30.329,1.1203385356844127,2.173279846426606,3.2227472345794057,-0.0005917522154668549,-0.03438238880370645,-0.042455033046490065,1.0678301,2.1940858,3.1981192,1.2736019865400294e-06,0.001428231293683524,0.0004514499671959271
30.337,1.1203332935514612,2.1729703912198413,3.2223656247650823,-0.000526560133247958,-0.03440060001280765,-0.04234425515065218,1.0671872,2.1943183,3.1976397,1.23455476419565e-06,0.0014150265325785227,0.00047046400499528573
30.347,1.1203287915045743,2.1726261445098682,3.221943110314295,-0.00038790686909332826,-0.03444513455215754,-0.042164278185777906,1.0669068,2.1940167,3.1961854,1.13509311638893e-06,0.0014030348691345118,0.0005310056526974805
30.357,1.1203256701301472,2.1722814181883017,3.2215228313538917,-0.000250297921855304,-0.0344963041486271,-0.04190850313464617,1.0666388,2.1929603,3.1968281,1.0067722850948257e-06,0.0013915888477926686,0.0006132682060782102
30.369,1.1203238183085868,2.1719015734740674,3.2210636514541497,-0.00010031718043301018,-0.03456204341113377,-0.041609420810333024,1.066261,2.1908195,3.1954544,8.559427104870565e-07,0.0013725738055088144,0.0007114910043575229
30.378,1.1203235567338485,2.1715555852119506,3.220648933874611,3.4211296842976105e-05,-0.034630014401036496,-0.04136046955983525,1.0667201,2.1942434,3.1934617,7.581598762129715e-07,0.0013520426422926057,0.0007755450847226619
30.39,1.1203244614504189,2.171243583739893,3.220277785158518,0.00015324738535120355,-0.03469707463279489,-0.041139066054089665,1.0671659,2.1955214,3.1937075,6.45630487738913e-07,0.0013151085405995744,0.0008500785822662671
30.399,1.1203270035177268,2.170861390724549,3.2198270126431368,0.0003481157967765596,-0.03482115942473158,-0.040813257248809263,1.0663191,2.195279,3.1954026,5.981758555151373e-07,0.0012820665223713945,0.0008792936082011593
30.407,1.1203302290614712,2.1705479467200597,3.2194606810630475,0.00040837338786620325,-0.03486046682968478,-0.04059408038764154,1.0652832,2.1933022,3.1941757,6.013584616937351e-07,0.0012511342834513606,0.0008696776523007266
30.419,1.1203355287973071,2.1701639424541126,3.2190158081401323,0.0005912187152483388,-0.034982120484140636,-0.040283776172716584,1.0658865,2.1921537,3.19236,6.882507177508046e-07,0.0012033835585554264,0.0007856610096497185
30.427,1.12034094194275,2.169849063314184,3.2186543754338337,0.0006483303415497571,-0.035015174039911244,-0.04002809175157133,1.0656337,2.1904957,3.192355,7.774623842493611e-07,0.0011694856529267383,0.0006996274250270496
30.437,1.1203488284861949,2.1694634720724517,3.218216423516389,0.0007733560084212301,-0.03508386796431347,-0.039627028203965395,1.0643624,2.1900702,3.1925144,8.85895390823066e-07,0.0011246074993036537,0.0005892899611446012
30.448,1.120356282812424,2.169147476839291,3.2178615016722434,0.0008716216919343712,-0.035130894469708566,-0.03928796477238353,1.065064,2.1866295,3.1922207,9.59523992705158e-07,0.0010723542594819335,0.0005032113804741556
30.458,1.1203655784206266,2.1687959116360336,3.217470405006231,0.0009762210209096182,-0.03517683300487358,-0.0389674408310776,1.0648818,2.1874964,3.1897676,9.658438031578953e-07,0.0010207303330922457,0.00048000388569757746
30.467,1.120375891985387,2.16844389928346,3.217082427062419,0.001075653903703829,-0.035221519571288516,-0.03867355626732313,1.0646768,2.186878,3.1892416,9.123775521757693e-07,0.0009712155749914686,0.0005200300866712304
30.479,1.1203871696004375,2.1680914145317756,3.2166969451720653,0.0011695519270542814,-0.03527188586611734,-0.03845005695625216,1.0636526,2.187448,3.188429,7.755223512262432e-07,0.0009021272369569289,0.0006533565414987841
30.487,1.1203993550182283,2.167738366321241,3.21631366018626,0.0012577616894035599,-0.03533382939013437,-0.03822459490630373,1.0641056,2.1870809,3.1878328,6.668400311937717e-07,0.0008546817047845323,0.0007724393838355326
30.499,1.1204123905784094,2.1673846190846007,3.2159328103531735,0.0013401262923833433,-0.0354104425822217,-0.037971788805773454,1.0631804,2.1885216,3.1874638,5.194751340198422e-07,0.0007805938582059468,0.0009507086457811731
30.509,1.1204276398768038,2.16699451478425,3.2155165772408463,0.0014236281804899476,-0.03551103731553813,-0.037735658252498215,1.0622764,2.1882236,3.1869478,4.343146233765083e-07,0.0007160914926229722,0.0010652129523718301
30.519,1.1204407692846858,2.166674460605471,3.215177784851223,0.0014861898356263387,-0.035602961495928065,-0.03757992188420056,1.0610101,2.1890094,3.1866393,3.9538342200273746e-07,0.0006481481831679403,0.0011213408865953234
30.529,1.1204559838180388,2.166317845480367,3.2148024677918206,0.0015492565841214697,-0.03570968073057015,-0.03750767474335163,1.0608306,2.1898022,3.1847556,3.9777382276895423e-07,0.0005749600412014999,0.0011100407804067736
30.541,1.1204717895418421,2.165960166124506,3.2144274285776584,0.0016050551080534657,-0.03581488221541348,-0.03751138709437113,1.0594931,2.188485,3.1817737,4.3592735465836085e-07,0.00047698766952031235,0.0010108311262357894
30.547,1.1204897670758733,2.165565551699998,3.2140143396200855,0.0016733924071320435,-0.0359567971377062,-0.03756043074906563,1.0591569,2.1870558,3.1810484,4.6129149033902195e-07,0.00042337991136287556,0.0009298618104920386
30.557,1.1205048605472792,2.1652418758042473,3.2136756380868015,0.0016918535975951753,-0.035996267834070075,-0.037657626619875345,1.0589479,2.18864,3.1796556,4.975046650201875e-07,0.0003267870072556356,0.0007661295697865
30.567,1.1205219486799873,2.164881526599987,3.2132987819427075,0.0017211616697214423,-0.036064055336751874,-0.037721456063081873,1.058849,2.187258,3.1791744,5.109426064464628e-07,0.00022083376043369185,0.0005998105758902028
30.576999999999998,1.1205392722192908,2.164520588755539,3.212920595538237,0.0017398636867121979,-0.03611581152030129,-0.03791461043404958,1.0580695,2.1875978,3.1801786,4.992048188157128e-07,0.00010714863752969706,0.0004488234594903773
30.588,1.120556721287294,2.164159213523702,3.2125399564294916,0.001747310610472371,-0.03615333378986128,-0.03819826691835149,1.058343,2.187726,3.1798768,4.6342050730174833e-07,-2.3075099368163876e-05,0.0003117166823005668
30.599,1.1205759232252368,2.1637613482506954,3.212117577003328,0.0017374657360509768,-0.036190143071479344,-0.03855982390743183,1.0576639,2.1862676,3.1786065,4.1436905284797376e-07,-0.00015534146942819405,0.0002043867667387289
30.609,1.1205915347929487,2.163435640053372,3.2117689349420515,0.001727246360277863,-0.03619564579085484,-0.038874784695199206,1.0588377,2.1857347,3.1784332,3.6408363079942774e-07,-0.0002740551399087465,0.00012169193236388764
30.617,1.1206103620699408,2.1630374265270778,3.2113388164657906,0.001682435410015969,-0.03620725146004668,-0.03929594950095604,1.060556,2.1884646,3.1786773,3.2177289277512955e-07,-0.0003669219703654747,6.28142648464447e-05
30.628,1.120625459699022,2.16271157727211,3.2109833921485365,0.0016610699112746222,-0.03620546722412966,-0.03963477875935831,1.0593358,2.188311,3.1783729,2.617491192680177e-07,-0.0004884834950202865,-1.0346151427143013e-05
30.637,1.1206418073285636,2.162349545598786,3.2105854029938317,0.001611723906343064,-0.036200212008666015,-0.03992776166878574,1.0603849,2.1880538,3.177905,2.017741751458857e-07,-0.0005780482502171225,-8.256243292059651e-05
30.647,1.120657608361291,2.161987610587015,3.210184492525867,0.001552899940749747,-0.03618653094847949,-0.04023142368364218,1.0592921,2.1878974,3.177643,1.1022635248991719e-07,-0.0006665498569060624,-0.0001920153306489425
30.658,1.1206742529366032,2.1615897148686223,3.2097396876683972,0.0014785778807103241,-0.03615807761413013,-0.040607921811470965,1.060102,2.1861145,3.1768544,-2.8214557801220508e-08,-0.0007524232226865379,-0.00034952123812637126
30.668,1.1206872267548027,2.161264464670993,3.2093727547816413,0.0014110389770564324,-0.03612168023149027,-0.04089165820104357,1.0601373,2.186939,3.1755276,-1.8339160678948474e-07,-0.0008242182750168858,-0.0005145075768648866
30.677,1.1207008934772722,2.160903541444552,3.2089624112189887,0.0013293565040496142,-0.03606588136592661,-0.04115284201706896,1.0581201,2.1862926,3.1771915,-3.3077495142919133e-07,-0.0008859609396862922,-0.0006602668741191309
30.687,1.120714938705438,2.16050727581853,3.208507690291805,0.001192608786152695,-0.03595376574372969,-0.04152354576515407,1.0581597,2.1858895,3.1776245,-4.896006227106398e-07,-0.0009528248830976693,-0.0008066212117654459
30.698,1.1207256012172124,2.160183773810831,3.2081329394724207,0.0011461996446917493,-0.03590955662221035,-0.04175359358058159,1.0610439,2.1860802,3.177055,-6.460792816298522e-07,-0.0010291633714332171,-0.0009400074541048298
30.709,1.1207365095221873,2.1598251999644087,3.2077138252539505,0.0010444560045488735,-0.03581319782470679,-0.04203575984170814,1.0626934,2.1873257,3.1763904,-7.755863800085194e-07,-0.0011109525394012998,-0.0010411179256291092
30.717,1.1207463601995555,2.1594676402208792,3.2072922831851813,0.000935371583898484,-0.035707992109168515,-0.04223962470485448,1.0618486,2.1848328,3.1752155,-8.558317214912847e-07,-0.0011693972101354255,-0.001099565335922037
30.728,1.1207550806069806,2.159111172674071,3.206869068305604,0.0008192436239922623,-0.03559563679229368,-0.04238977651291435,1.0611367,2.1850886,3.1758246,-9.633241111473012e-07,-0.00123883365509192,-0.0011753636549620694
30.738,1.1207632912969043,2.1587204009502514,3.2064015288425938,0.0006848138787982256,-0.0354644119857319,-0.042606229648166634,1.063121,2.1861448,3.1773756,-1.0573279052294993e-06,-0.001287264750964301,-0.0012400432244454862
30.747,1.1207694447426841,2.158366443806892,3.205974330285642,0.0005015209468787727,-0.035283435766558895,-0.042853426309785496,1.0621712,2.1860116,3.1755579,-1.1371664054848907e-06,-0.0013204285336869681,-0.0012941987089387652
30.758,1.120774310146066,2.1580137774122043,3.2055453677686288,0.00036993264156858776,-0.03514877944890675,-0.04301524827013029,1.0615709,2.185727,3.1742845,-1.2399228697113074e-06,-0.0013487916346117679,-0.0013641729091835586
30.768,1.1207778604166176,2.157662463680187,3.2051148438966637,0.0002364752459688558,-0.0350071563245378,-0.04317080100323309,1.0617316,2.1857939,3.1731534,-1.34896532211215e-06,-0.0013660990736821255,-0.001439337433342125
30.779,1.1207800770769856,2.1573125737870997,3.2046828090394666,0.00016123611138601742,-0.03492265640045941,-0.04327545630586377,1.064176,2.1868174,3.1735883,-1.4869434412645433e-06,-0.0013819275351245608,-0.0015350222501018251
30.789,1.1207809200941283,2.156998957788868,3.2042924989067263,3.944664194727219e-05,-0.0347839890001119,-0.043442908315786746,1.0640819,2.1881485,3.1723397,-1.6260487396557721e-06,-0.0013965499858414887,-0.0016313464399315691
30.799,1.1207805639646604,2.156652006858525,3.203857130266606,-9.722822364111713e-05,-0.03462085646153571,-0.04361078816414253,1.0639983,2.1862097,3.1728227,-1.7842898811792907e-06,-0.0014082509991721892,-0.0017405394836025323
30.809,1.120778834610954,2.1563067452355518,3.203420110295476,-0.00023500115502083757,-0.03444692212732088,-0.043776885167992455,1.0637671,2.1836126,3.1740441,-1.9720011659174475e-06,-0.0014137861824812248,-0.0018701410791894801
30.817,1.1207757239894207,2.1559632917415534,3.2029816200711756,-0.0003733401474017341,-0.034260201300107596,-0.043891481962430895,1.065319,2.183503,3.174435,-2.130860257132383e-06,-0.0014132130306694357,-0.0019801243070087793
30.828,1.1207707036725292,2.155587740664709,3.2024989815842995,-0.0005255346781005449,-0.03403942763485172,-0.043845346129723343,1.0674809,2.1844537,3.1753714,-2.310727419629899e-06,-0.0014057785617405116,-0.002105043262323747
30.837,1.1207653540770388,2.1552823300318504,3.2021047184093034,-0.0006493464217133285,-0.03384966119566835,-0.04377495876024411,1.0667638,2.1859426,3.175065,-2.39559047088278e-06,-0.0013925121644344784,-0.002163961626218125
30.847,1.1207581109075337,2.1549450184935335,3.201667539229992,-0.0007853355806344588,-0.03363369588027644,-0.04365901395415337,1.067167,2.184445,3.1750789,-2.4303079118048743e-06,-0.0013664398820738555,-0.002187274934837724
30.858,1.1207485903666485,2.154576484750261,3.201188530681223,-0.0009316610110053574,-0.033394112476369385,-0.04345185936414369,1.0678635,2.1839643,3.1753447,-2.438529057346983e-06,-0.0013238038786176354,-0.0021909898579597353
30.869,1.1207396224165813,2.154276918538964,3.2007982319429216,-0.001047710042717372,-0.03319796675282789,-0.04330190273837753,1.0683858,2.1820295,3.1762497,-2.441591157253953e-06,-0.0012696802776681615,-0.002190398168788299
30.879,1.1207272736181408,2.153913178716304,3.2003229144386744,-0.0012371540409246626,-0.03286379822827164,-0.04319780664293272,1.0687932,2.181052,3.1768618,-2.4436926762128053e-06,-0.0012129480517693025,-0.0021889522241345105
30.889,1.1207160805296943,2.1536175339352246,3.1999357435535467,-0.0012906566219994338,-0.032762367894103375,-0.042925524474163826,1.0692077,2.1811204,3.1763325,-2.430720832613531e-06,-0.0011509362553061564,-0.0021741983172001156
30.897,1.120702549126969,2.153291101846442,3.199508001322827,-0.0014033166081059876,-0.03254613214239021,-0.0426474950031869,1.068786,2.1812,3.1754496,-2.39993281114792e-06,-0.0010983843042229324,-0.0021428650967543206
30.907,1.1206879266886212,2.1529668107375612,3.1990830203424125,-0.0015094528810917,-0.03233424613001254,-0.04237626021510255,1.0677501,2.1805847,3.1743605,-2.336625937626735e-06,-0.0010296707838959307,-0.002076201806400668
30.917,1.1206722801060784,2.152644601162232,3.1986608238268093,-0.00160879487133322,-0.03212951773904114,-0.04208808094972788,1.0697789,2.1788318,3.1736753,-2.257661249061016e-06,-0.0009595891216847008,-0.0019864900425101695
30.927,1.1206556778838703,2.1523243896063167,3.198241561165735,-0.0017012821996296465,-0.03193398748440236,-0.041796079889973366,1.0709596,2.1792424,3.1727498,-2.173917470482678e-06,-0.0008914532916812767,-0.0018824652753739457
30.937,1.1206381876806177,2.152006076022399,3.1978251057830094,-0.0017870880950558842,-0.031749089438752945,-0.04152358823821215,1.0687512,2.1779091,3.173136,-2.086469299111826e-06,-0.0008242060569951803,-0.0017639247997998098
30.948,1.1206198759571615,2.151689546651626,3.19741136368048,-0.0018662199544877559,-0.03157613512004128,-0.041251957355538285,1.0686171,2.177232,3.1730683,-1.992535719086419e-06,-0.0007468890978534759,-0.001622129778684922
30.957,1.120600810979916,2.1513746769085693,3.197000363955287,-0.0019383921105543928,-0.03141600815281961,-0.04097461321694095,1.0672431,2.1764486,3.1716304,-1.9198455243341073e-06,-0.0006821438778428224,-0.001498641252952737
30.968,1.1205810630977557,2.15106133395101,3.1965921629856417,-0.002003521568190221,-0.03126956300195885,-0.04069234530537089,1.06655,2.1754491,3.1703148,-1.8356705822064612e-06,-0.000605478578856733,-0.0013367733085702938
30.979,1.1205607014333814,2.1507493755704554,3.1961868044928528,-0.0020619072174619885,-0.03113780559205173,-0.04041116290266467,1.0660337,2.1738906,3.1704907,-1.755584567053603e-06,-0.0005373244008004541,-0.0011611972536273996
30.988,1.120539789751628,2.150438648501016,3.1957840577460233,-0.002114282375379025,-0.031021918533336173,-0.0401684643504145,1.067587,2.172673,3.1716375,-1.68390097154969e-06,-0.00048662071331406764,-0.0009871886669765573
30.997,1.1205183824134637,2.150128986842981,3.1953836094610293,-0.00216172402001544,-0.030923256908020065,-0.03994304746833359,1.0682795,2.173548,3.1705458,-1.624585446169391e-06,-0.00045430250655087434,-0.0008344464978833344
31.007,1.1204943130246847,2.1497893718004617,3.1949460618244663,-0.002226235493567661,-0.030811319733478053,-0.039645869444416684,1.0691682,2.1712313,3.1696758,-1.5456938742275383e-06,-0.0004199861195344212,-0.0006223552639834651
31.018,1.1204742450310783,2.149512110873739,3.1945908954576736,-0.002245599574475424,-0.030785350115213602,-0.039329286471758956,1.0680517,2.1711981,3.167566,-1.4586888794632102e-06,-0.0003815488621321528,-0.0003716854086306398
31.027,1.120449298151706,2.149173725409221,3.1941603857493543,-0.0022857588593693024,-0.03074739062378532,-0.03898968702457926,1.0672944,2.1705554,3.1681418,-1.3916086420984186e-06,-0.0003439504436748564,-0.00015632172547164203
31.038,1.1204285786179835,2.148897061989288,3.1938106044341645,-0.0023147377725404304,-0.030737647600097062,-0.03876841693240923,1.0663353,2.1688616,3.167247,-1.3216515757363823e-06,-0.0002901231006653404,0.00011198857968786058
31.049,1.1204052756476908,2.148589639699559,3.1934241989743235,-0.0023422630484739894,-0.030749543496380392,-0.038535863782312385,1.0666455,2.1679673,3.1667829,-1.2696162015046752e-06,-0.00023287136144878318,0.0003761978395906418
31.057,1.1203817254939137,2.148281968558077,3.1930401058454385,-0.0023646983003362456,-0.030784999016621593,-0.03830936348635344,1.066318,2.1674793,3.165598,-1.24182057348321e-06,-0.00019346388638030731,0.0005663337506192079
31.067,1.1203579775795003,2.1479738145485645,3.1926580435973166,-0.002382379360820511,-0.030843765807390833,-0.038131915862749936,1.0651497,2.1688685,3.1644661,-1.2160538198635606e-06,-0.00014980608729420197,0.0008040736199474985
31.079,1.1203340760963207,2.1476649447443203,3.1922774121029205,-0.002395941795617368,-0.030925842164915774,-0.03800846955187496,1.0664561,2.1688557,3.163914,-1.194800616666214e-06,-0.00010742343188807624,0.001087251393095734
31.089,1.1203100580384957,2.1473551268979034,3.1918980923545597,-0.0024061691537667212,-0.031030897630882376,-0.03786806882032636,1.0655622,2.1691506,3.1644595,-1.1832522317511973e-06,-8.17999323627916e-05,0.001302075361675037
31.097,1.1202859520436657,2.147044141333486,3.1915201430794977,-0.002413902021538585,-0.031156791264579074,-0.037738272143101,1.0658547,2.1692364,3.1642363,-1.1765050795808918e-06,-6.564381515605788e-05,0.0014471988216837595
31.107,1.1202593595051433,2.1467004846949242,3.1911057243423127,-0.0024220319865869058,-0.03137396630295131,-0.03757843440130153,1.0639148,2.168502,3.16358,-1.1699377933105382e-06,-4.846990517215488e-05,0.0015856201452479901
31.117,1.1202375585508964,2.146417956738107,3.190767405285483,-0.0024238547444977165,-0.03145491449566773,-0.03756286831330671,1.0632962,2.1665664,3.1635537,-1.1642873363193473e-06,-3.290095790919878e-05,0.0016731756859100777
31.127,1.1202133041232207,2.1461025173234143,3.1903922082656706,-0.0024265427836608093,-0.03161759621006736,-0.03747405120697342,1.0635437,2.1660376,3.1619787,-1.1582454817471444e-06,-2.0491897761765188e-05,0.0017194721980096084
31.137,1.1201866009137027,2.145753625229993,3.189981062123612,-0.0024287745996079287,-0.03186637756903066,-0.03723599525576571,1.0644443,2.165908,3.1615334,-1.1508012396355127e-06,-1.4025031663145171e-05,0.0017506838994933993
31.149,1.1201647413115037,2.1454666504773883,3.18964609591538,-0.002429283014726111,-0.031954360360393,-0.03716789824956631,1.0652553,2.1664941,3.1600053,-1.1398968471354465e-06,-1.4076646847271945e-05,0.0018005627288020243
31.158,1.1201380115143729,2.145114006955067,3.1892378139141244,-0.0024311688994415057,-0.032214459904054464,-0.03702355698119613,1.0637016,2.16776,3.1594696,-1.1304832070457849e-06,-1.6651031205849876e-05,0.0018540006511020835
31.169,1.1201161295898123,2.1448238833950053,3.188904275608199,-0.002431919920574405,-0.03230849623356539,-0.037040424155797544,1.0638759,2.166607,3.1590464,-1.1182199735060294e-06,-1.7647294449307793e-05,0.0019245088140213973
31.179,1.120091802040248,2.144499779372943,3.1885342018025784,-0.002433430103695394,-0.03249458660421988,-0.03698516977253048,1.0651639,2.167171,3.1578956,-1.10729709756896e-06,-1.636285121797698e-05,0.0019681353885894204
31.189,1.1200674599921419,2.144173790422906,3.188164285291253,-0.0024348087671426386,-0.03268460823869248,-0.03700980327232204,1.0666413,2.1666615,3.1573298,-1.0969144632611005e-06,-1.368441535287701e-05,0.001980344884751961
31.197,1.120040669549401,2.1438129993510353,3.1877566003702205,-0.002436333711769349,-0.03296744243041008,-0.03705090588912633,1.0662249,2.1658237,3.1587133,-1.088942463312037e-06,-9.491268386785379e-06,0.001964006105922067
31.207,1.120016306640468,2.1434830175855875,3.187384772229644,-0.002436354870909484,-0.0331537382619784,-0.03717184897041922,1.067137,2.1659176,3.1608832,-1.0788616648937932e-06,1.4864014579174523e-06,0.0019129541540161554
31.217,1.1199943819651423,2.1431844516806824,3.187049251562076,-0.002435614856159241,-0.033246509859646084,-0.0373084049923611,1.0675793,2.1632178,3.1610074,-1.0673361794388825e-06,2.090115669561854e-05,0.0018406529658010484
31.227,1.1199700397064982,2.142851014861111,3.186676028953304,-0.0024327013482276696,-0.03342206288479351,-0.03731301823262071,1.0684375,2.1644819,3.1627617,-1.0529895373423415e-06,4.959534364346041e-05,0.0017630684206828562
31.238,1.11994574256532,2.1425158623100824,3.1863034323629402,-0.002426748451065529,-0.033590552536809204,-0.03721198020033599,1.0657816,2.165272,3.1625082,-1.035127207060782e-06,9.135913121260941e-05,0.0017005535380274495
31.247,1.1199215256605555,2.1421790546855615,3.185931966611708,-0.002416908892800074,-0.03375401803752951,-0.03708092397999204,1.0676134,2.163954,3.1626248,-1.0208047442894497e-06,0.00013217042425850423,0.00167077758411871
31.257,1.1198974316211325,2.141840629511958,3.1855623020615584,-0.0024025788950238023,-0.0339145400457455,-0.03686950706124382,1.0678108,2.1635864,3.163059,-1.0049003940082457e-06,0.00017812606324429936,0.001644533258073455
31.268,1.119871123847294,2.141466525514946,3.1851580622539983,-0.002381690493848757,-0.03408804073713709,-0.0366512771970955,1.0671502,2.1628373,3.1624408,-9.858303617882314e-07,0.0002256876894612958,0.0016125887108748849
31.279,1.1198474321707164,2.141124792308908,3.1847926115868797,-0.0023583135313019533,-0.034242595962204796,-0.03645789993233445,1.0658153,2.1632676,3.1620524,-9.63652167396134e-07,0.0002703065100719826,0.001573228134239546
31.287,1.119826327086491,2.140815926621836,3.184465352088211,-0.0023339101189786353,-0.034378593661166676,-0.03628441003017165,1.0640848,2.1621847,3.164521,-9.452023768119489e-07,0.0003002996244596545,0.0015401027398471712
31.297,1.1198008529430987,2.140436787409051,3.1840677012076557,-0.002288290665044221,-0.03459411158142116,-0.03596905286841435,1.0641752,2.1611538,3.164863,-9.186850240539002e-07,0.0003318216811392105,0.0014919918084017603
31.307,1.1197780343740704,2.1400906003825617,3.183709267060467,-0.0022665546457826444,-0.03468216534320381,-0.03568881695534057,1.0641758,2.1607418,3.16654,-8.899276235929676e-07,0.0003517863238169383,0.001440696864113189
31.317,1.1197577927623643,2.1397778401645597,3.1833897667316493,-0.0022349631406929416,-0.03480576145493405,-0.0353419932021329,1.0655082,2.161061,3.1662347,-8.63156770947171e-07,0.00035904210904735834,0.0013955325405081709
31.327,1.1197334426020416,2.139394092948119,3.1830039757430573,-0.0021834487456780364,-0.03499997638608018,-0.034781786472987714,1.0664289,2.159265,3.1673496,-8.414225565189781e-07,0.0003566861624859641,0.0013625919710626988
31.34,1.1197138381236913,2.1390789321010195,3.1826930298626905,-0.002164233783673931,-0.03506992532821137,-0.03431211920347556,1.0671161,2.159849,3.1672993,-8.196524214909573e-07,0.0003508875530124911,0.0013343541541832593
31.347,1.1196923875206861,2.1387275237504526,3.182353452319902,-0.0021293964700537385,-0.035198638137741774,-0.033662505048653674,1.0671353,2.158995,3.1672904,-8.112907634583166e-07,0.0003519982423667578,0.0013273315082669157
31.357,1.1196712860672948,2.1383748341169944,3.1820205006634525,-0.002094278277594869,-0.03532641684639707,-0.032996492787874816,1.0673925,2.1584167,3.1681495,-8.017577628471884e-07,0.00036287860231620783,0.0013228640842952721
31.367,1.1196505423028558,2.138020869179908,3.1816941183830347,-0.002057800509983356,-0.03545378708188655,-0.03234529195567911,1.0680908,2.1573553,3.1661367,-7.933619743383247e-07,0.0003855273010975324,0.0013202651469521598
31.378,1.1196301761825467,2.137665631940944,3.181374318449587,-0.0020188254436296384,-0.03558090199549581,-0.0316801611734387,1.0687344,2.1571634,3.1668427,-7.843431704124271e-07,0.00042191849909301027,0.0013169726121851077
31.389,1.1196102179186886,2.1373091253030014,3.181061099207968,-0.00197643978936111,-0.03570770068109313,-0.031031317125887744,1.0696427,2.15851,3.1669278,-7.762516029963251e-07,0.00046712801846204854,0.0013151553550079242
31.397,1.1195907055774186,2.1369513517578502,3.180754318973384,-0.0019299532539549154,-0.035834336742052525,-0.030385769675771553,1.0673356,2.158154,3.1665456,-7.707851468197191e-07,0.0005039234952493032,0.0013143375510300537
31.407,1.119569809691738,2.1365563390819045,3.180424681845333,-0.0018572354176891227,-0.0360119824721362,-0.02956018418057624,1.0682659,2.1588776,3.1666043,-7.585134200738253e-07,0.0005530977942331816,0.0013030642562839034
31.418,1.1195531986151448,2.1362320157629098,3.1801615908576295,-0.0018228676774736682,-0.03608561719937429,-0.02893295652522726,1.0693918,2.1588025,3.1663578,-7.272594664264886e-07,0.0006053851544347566,0.0012625590667116882
31.427,1.1195352994400496,2.1358704917873244,3.1798762827349143,-0.001762308396286706,-0.0362061419493619,-0.028207705045486944,1.0693574,2.157985,3.167583,-6.799978455873656e-07,0.0006437539748569421,0.0011989699615604366
31.439,1.1195163378147708,2.1354714725359627,3.1795706387243152,-0.0016909635989700938,-0.03632965528680126,-0.02742991708512185,1.0697799,2.1568894,3.168066,-5.820136608214455e-07,0.0006902780257003194,0.001070277696302746
31.447,1.1195014259541651,2.1351440426255506,3.1793271336335596,-0.0016291516602601592,-0.03642077779814222,-0.026750258693897324,1.0699914,2.157225,3.1675575,-4.994578777228753e-07,0.0007202604457701156,0.0009661771347584391
31.457,1.1194839792360967,2.134742816452444,3.179038261157623,-0.0015299701691595384,-0.03653983923934576,-0.025820111814882123,1.0715708,2.1572735,3.1653523,-3.8929180146141107e-07,0.0007586067752045622,0.000833741855464698
31.468,1.1194689018276445,2.134377214834831,3.178784147333586,-0.0014730067843107151,-0.03659283299438628,-0.0250619182646342,1.0721966,2.1560702,3.1650732,-2.7060094964781456e-07,0.0008041093013426703,0.0006995611778708444
31.477,1.119456003957057,2.1340475860662207,3.1785618775983218,-0.0014006387312559346,-0.036650147750311564,-0.024411850979107065,1.0725944,2.1558616,3.1644304,-1.6831793514526794e-07,0.0008515108310311881,0.0005911274341596773
31.489,1.1194411535198159,2.133644072229285,3.178297764732171,-0.0013069327981874831,-0.03670874711765114,-0.023688561777546142,1.0726312,2.1544673,3.164544,-6.624422788092943e-08,0.0009125823195210714,0.0004906022166761836
31.497,1.1194297957361026,2.1333134887304417,3.1780872774070867,-0.0012252980532501834,-0.03674874760623777,-0.023150623863230278,1.0723873,2.1571717,3.1661456,-2.6354918247761816e-10,0.0009627607337234778,0.0004302661814872266
31.507,1.1194169504134233,2.1329089988733902,3.17783652217876,-0.0011185861765584718,-0.036789894678409,-0.022485878544626213,1.0714055,2.1587596,3.1652796,7.031965054693501e-08,0.0010302754561752892,0.0003703801925252215
31.517,1.1194073462919034,2.1325777439230382,3.1776373164020084,-0.0010251225224947775,-0.03681838131023779,-0.02183807874162494,1.0711756,2.158499,3.1658154,1.4771586176465235e-07,0.0010990583546419685,0.00030724705077522785
31.528,1.1193976961514933,2.1322094156889357,3.177423185610517,-0.000914862665141217,-0.03684334345157405,-0.0210689393455569,1.073123,2.1580658,3.165474,2.861919812247038e-07,0.0011692891389247784,0.0001956660222734996
31.537,1.1193891826644056,2.1318408944045366,3.1772164591900083,-0.0007985364269799739,-0.036857294523749196,-0.02035854987000656,1.0734676,2.1583767,3.1662333,4.604602441560246e-07,0.0012191714089615502,5.920566011630157e-05
31.547,1.1193818620203453,2.1314723171228156,3.1770165961949464,-0.0006769347599040076,-0.036855357764362835,-0.0196826702878656,1.0723438,2.1591897,3.1645308,7.160565616004533e-07,0.0012684879211253275,-0.00013458534176891135
31.558,1.11937578395734,2.131103866121821,3.176823482744447,-0.0005505543774504627,-0.036833483805718645,-0.019014209988240473,1.0730124,2.1599493,3.164983,1.0547068995947484e-06,0.0013203587899148772,-0.00038226102311256227
31.57,1.1193705884716882,2.130698973177285,3.1766183812525894,-0.0003814168553071311,-0.03677265423443931,-0.018370426532683583,1.0742431,2.159962,3.1632066,1.4745547911587664e-06,0.001375259417256025,-0.0006776979078804146
31.576999999999998,1.1193675391838724,2.130368223961466,3.1764557573510555,-0.00028429199765297596,-0.03672024676052487,-0.017850674756732684,1.0724128,2.1586108,3.162002,1.738023168940117e-06,0.0014068416732326838,-0.0008576260800197133
31.588,1.119365330788789,2.1299649024242298,3.1762627984092267,-0.00010531952099987745,-0.03659645254675194,-0.01733034858121067,1.072132,2.157273,3.1612973,2.168609735342386e-06,0.00145741796680543,-0.0011434670516745626
31.598,1.1193648050028626,2.1296358926166428,3.1761093710015396,-3.4973912737308537e-07,-0.03650669410696127,-0.016856126626780807,1.072172,2.155955,3.160672,2.5520850286397945e-06,0.0015023850186102194,-0.0013895041540452624
31.607,1.1193656150271913,2.129271594902654,3.175943369160746,0.0001481797748679296,-0.036363512449269796,-0.016396161120397584,1.070265,2.155221,3.160713,2.8591738319150295e-06,0.0015391120890395626,-0.0015807747584384302
31.617,1.11936824766076,2.12887265850445,3.1757657217237094,0.0003409670540033804,-0.03615574666253704,-0.016020358818687883,1.071277,2.155923,3.1612222,3.124467587767299e-06,0.001573690434612196,-0.0017415651345302763
31.628,1.1193722607508527,2.1285117960936013,3.17560798336142,0.00047155374201954037,-0.03600518838758079,-0.01562882852324207,1.0715289,2.1538148,3.1604471,3.3037630737808854e-06,0.0016003974721638947,-0.0018472118822492334
31.638,1.1193772130769057,2.1281885820963726,3.175468789383556,0.000613415540999711,-0.035837979199190365,-0.015335874018346678,1.0710667,2.1545944,3.1619983,3.3818955067488332e-06,0.0016142762548390088,-0.0018920245199272046
31.647,1.1193842194199015,2.1278312414733,3.175316997673341,0.000772116712447858,-0.03564874826985827,-0.01505498639317152,1.0698555,2.1555743,3.162425,3.400201700642924e-06,0.0016205460844815889,-0.001901712225176766
31.657,1.1193928164741545,2.127475798591964,3.1751680870243093,0.0009314326735429955,-0.035458887935885836,-0.014746747245650933,1.0682095,2.1553545,3.1627285,3.3878481229265844e-06,0.001622664223473791,-0.0018936196699836927
31.668,1.1194030079736765,2.1271222505320666,3.175022570306215,0.0010908892137821682,-0.03526975062746993,-0.014391039382966177,1.0668136,2.1555765,3.1631186,3.3829945014218765e-06,0.0016180871232713834,-0.001891058409059454
31.679,1.1194147913083845,2.126770592923359,3.1748805150521915,0.0012497166020959541,-0.035080515140322066,-0.014058852946445466,1.066099,2.1560223,3.1623933,3.421131157921309e-06,0.00160180258226994,-0.0019157733198085225
31.687,1.1194281548036593,2.1264208386906014,3.174741589755849,0.0014068845347591872,-0.034888875840974005,-0.013765206814066011,1.065489,2.156225,3.1608102,3.48278963446802e-06,0.0015799662696860395,-0.001955661684840848
31.697,1.1194430745593564,2.1260730270297516,3.174605248861371,0.0015610344915291934,-0.03469204577739101,-0.013537886326023254,1.0658389,2.1542785,3.1591961,3.5983072699252716e-06,0.0015394987032220087,-0.002032022258211086
31.708,1.1194595125136146,2.1257272255430433,3.1744708090271425,0.0017107482827878218,-0.034487178954799,-0.013368214675362866,1.0642679,2.1547656,3.1584857,3.7605947440511045e-06,0.001478624828976649,-0.002144106564252013
31.719,1.1194792862808602,2.12534927781147,3.1743249370090663,0.0018876135533935435,-0.03422061526323693,-0.013251945928108012,1.0633905,2.1547992,3.1583364,3.915772913032356e-06,0.001405062394068679,-0.0022588259863187687
31.729,1.1194987318282201,2.125008011914873,3.174193728862578,0.0020230869443560525,-0.03399371533054652,-0.013164298938807672,1.0650845,2.1537266,3.1571705,4.025787482930809e-06,0.0013297052136866938,-0.0023474591236656295
31.737,1.1195173672764185,2.1247028412780202,3.174076003210625,0.002121810886247023,-0.03381388776289219,-0.013083406198175182,1.0648623,2.1537297,3.1581907,4.089141199870028e-06,0.0012641861533824184,-0.0024035320063706678
31.748,1.1195392609783301,2.1243660163007783,3.1739450226970414,0.002243395689088936,-0.03357421829256643,-0.01311296522860464,1.0644614,2.1533957,3.15682,4.137863765407701e-06,0.0011706377596758522,-0.002453330415892019
31.758,1.1195646920088482,2.1239983049125755,3.1738004340605723,0.0023674796702760634,-0.03330630423151544,-0.013180276665258093,1.0640073,2.1535866,3.1553013,4.148072604515107e-06,0.0010870312976130059,-0.0024700391259235843
31.769,1.1195864748306006,2.123699648894763,3.1736812773630714,0.002461617537166318,-0.033086181507437286,-0.013294794912928556,1.0635221,2.1520953,3.1558032,4.134357951102174e-06,0.0009990613050434582,-0.0024627976797919615
31.777,1.1196141996713769,2.123337310122198,3.173533879713989,0.0025807407396400486,-0.032785142667361926,-0.013573877288814451,1.0635381,2.1515076,3.155995,4.1169754307901485e-06,0.0009371441162890903,-0.002447412520277581
31.788,1.1196403746326744,2.1230104560012943,3.1733976760530656,0.002656819889414911,-0.032577113745084235,-0.013727954989379334,1.0630838,2.1511867,3.155647,4.086074314457733e-06,0.0008525750006231902,-0.002414150646105284
31.797,1.1196673956676593,2.122685995623778,3.1732589330390675,0.002738009569359567,-0.032339422581902456,-0.01399970454457156,1.0627863,2.1512,3.1552653,4.0539471894973644e-06,0.0007823600230141281,-0.0023738254926541913
31.808,1.1196951862875275,2.1223638862926504,3.17311728589858,0.002821552782779848,-0.03207336909770543,-0.014376280271892505,1.0640686,2.1541069,3.1568377,4.009032399387991e-06,0.0006935431141634751,-0.0023084951889575933
31.817,1.1197236677837825,2.1220440715748494,3.1729725376777376,0.0028859969624601776,-0.03184703859198278,-0.01466943210934148,1.0637614,2.1529477,3.1591113,3.973338442264662e-06,0.0006175371326571089,-0.0022473240679197204
31.826999999999998,1.1197527588291887,2.121726489235083,3.1728255799150777,0.0029420632325104375,-0.03162688191600286,-0.014832824804550188,1.0640796,2.151988,3.1589289,3.948634422101804e-06,0.000532011616942718,-0.002194726198404773
31.838,1.119779393297379,2.1214425310135696,3.1726920582963785,0.002978569142828879,-0.03146444805203304,-0.014889870858763306,1.0628027,2.151866,3.160255,3.941510396288095e-06,0.0004402919619859169,-0.0021711765070664413
31.849,1.119809414686695,2.121129070671053,3.1725425421291074,0.003020242667200682,-0.031249199345340612,-0.014995201992152736,1.063915,2.1522171,3.1575735,3.943251114968405e-06,0.0003535277558004424,-0.0021734293929593917
31.859,1.119839810299781,2.1208177638992285,3.172392256996597,0.0030542371959838047,-0.031033585670703877,-0.015054182114821155,1.0643473,2.1520433,3.159183,3.9441188945943395e-06,0.0002774954743332003,-0.0021829809526607846
31.868,1.1198735877600017,2.1204778221884846,3.172226025660711,0.0030863505799722697,-0.030762191720918895,-0.015235211849322017,1.0633426,2.1530204,3.1597178,3.9424797222409325e-06,0.00021103284264212263,-0.0021916944655906434
31.878,1.1199014247412618,2.120201640448255,3.1720889847100735,0.0031001255611528434,-0.030599879489276286,-0.015271351647423208,1.062127,2.1522417,3.1607628,3.938067214548369e-06,0.00014017779501607208,-0.0021985213365152134
31.889,1.1199325000344333,2.1198968400421525,3.171935765710844,0.0031125682880261533,-0.030381876348656214,-0.015355389828502335,1.0619534,2.151314,3.1599662,3.931574401150328e-06,6.383503555706938e-05,-0.002206667653018357
31.899,1.1199636623634495,2.1195942242121713,3.171782029879308,0.003118196057363197,-0.030163040033093138,-0.015383144815170374,1.0613384,2.1520848,3.1619532,3.924369583074849e-06,-8.402708199461983e-06,-0.0022128617447858545
31.907,1.1199948422393473,2.119293800348177,3.171628138955072,0.003116715472897441,-0.02994363877258624,-0.015393568609641873,1.0606837,2.1532607,3.1628115,3.918274019909518e-06,-6.991707732595387e-05,-0.002211746840959705
31.918,1.1200290720870882,2.1189658673787277,3.171458911902576,0.0031039173929761315,-0.029668653517691344,-0.015426887822647539,1.0599146,2.1536286,3.162835,3.911045790339074e-06,-0.0001609620450291338,-0.0022023785808400476
31.927,1.1200600414888853,2.118670043896082,3.171305921137938,0.0030843554890708376,-0.02945047454601635,-0.015303948932218628,1.0591208,2.1528604,3.1614022,3.904744145799555e-06,-0.00024139839023940013,-0.0021995904933493904
31.939,1.1200907798012294,2.1183764057604413,3.1711543766105517,0.0030608270122503708,-0.029265289349299898,-0.01508929846612245,1.0601587,2.1513422,3.161584,3.888297223753057e-06,-0.00035693585889218227,-0.002218732391989775
31.949,1.1201211938881102,2.1180849644195425,3.171004175573277,0.0030174811393382157,-0.02901096970617112,-0.015027049389081351,1.0612062,2.1501713,3.1625729,3.866088085224817e-06,-0.0004493527912963202,-0.00224881498339613
31.957,1.1201511844615035,2.1177957487426218,3.1708555548370128,0.0029770748813950578,-0.02882039394172628,-0.014770541689862915,1.0612726,2.1515877,3.1602683,3.8393278858350754e-06,-0.0005436748177105599,-0.0022786209836747062
31.969,1.120180648922475,2.117508791796503,3.170709191520761,0.002910504304241667,-0.028560076644883022,-0.014599224973273582,1.0615057,2.1493797,3.1597755,3.815355098524265e-06,-0.0006641457347225099,-0.0022906792832699807
31.979,1.1202066348065007,2.117252473925469,3.1705792667671275,0.002860159623092851,-0.028388933576342083,-0.014365333591171299,1.0616289,2.1501603,3.1590457,3.815600683410025e-06,-0.0007546398991582492,-0.002272387750005933
31.99,1.1202348325146356,2.1169698258167347,3.1704364060427803,0.0027854907557266343,-0.028163793548899144,-0.01423225516937349,1.0595694,2.1507607,3.1595068,3.848198808498182e-06,-0.00084151887923678,-0.002217134983586888
31.997,1.1202622403144364,2.1166894036755877,3.1702945435336627,0.0027031180467224918,-0.027943694692347934,-0.014150536322491152,1.060906,2.150019,3.1575098,3.886474623016056e-06,-0.0008904083124043893,-0.0021659004500031998
32.007,1.120288786264935,2.116411144156276,3.1701535808953074,0.0026139235519626915,-0.027730810859572748,-0.01405687313292924,1.0600591,2.1502318,3.1585312,3.954066317035654e-06,-0.0009560300148221401,-0.002084696048732404
32.017,1.1203144053057514,2.1161349689377973,3.170013241640475,0.0025184049349468323,-0.02752603585171383,-0.014021018016100532,1.0612592,2.151137,3.1592274,4.025745147018256e-06,-0.0010202608328366836,-0.002005360396867495
32.029,1.1203414407259666,2.1158334893171284,3.1698590976694994,0.002390775724896356,-0.02728224850583077,-0.014061375998852162,1.0613278,2.1509192,3.1591923,4.100391285177807e-06,-0.0010990958734220513,-0.0019268869805930677
32.038,1.1203626105229478,2.115588565267609,3.169733145672584,0.0023083346370398926,-0.02713778936883423,-0.013987238300226862,1.0607423,2.1491878,3.1595712,4.133711723142142e-06,-0.0011583932680356845,-0.0018906069767572475
32.048,1.1203850683884582,2.115318219802148,3.1695933334305675,0.002193652357587924,-0.026950418250687606,-0.013970383329669996,1.0581958,2.1487806,3.1589546,4.1424507166709645e-06,-0.0012223432088926955,-0.001874108843141542
32.058,1.1204084048120142,2.1150229935657943,3.169440169980535,0.0020602307523642036,-0.026745832956249525,-0.01387585421704588,1.0579448,2.1461194,3.1612406,4.140335409630325e-06,-0.0012844321230955913,-0.0018650058832800909
32.069,1.1204263771400707,2.1147831142926723,3.1693157871029927,0.001945524259902401,-0.026579361101741122,-0.013768293378220785,1.0577052,2.1471505,3.1606326,4.1590528212509525e-06,-0.001356364915094943,-0.0018381760093015842
32.079,1.1204451024680255,2.114518327604506,3.169179225095757,0.0018117923743194105,-0.02639695512561678,-0.01356190431061306,1.058419,2.1473043,3.160171,4.237602420076314e-06,-0.001428670575710278,-0.0017711269147691056
32.087,1.1204624520999271,2.114255330928852,3.1690445651244423,0.0016709882400473964,-0.026221449477854483,-0.013391188132965493,1.0586764,2.1460235,3.1601007,4.35403434373427e-06,-0.001491387022027446,-0.0016845119526607277
32.097,1.1204783515229801,2.113994031163312,3.1689116102105963,0.0015224357874254856,-0.026057061479069117,-0.013215689945170077,1.0590507,2.144899,3.1593976,4.5554677328141224e-06,-0.0015730052790337012,-0.001547124840865166
32.108,1.1204940713296805,2.113708407269248,3.1687673366097875,0.0013281832382947966,-0.025874200409973062,-0.013075476693840498,1.0602437,2.1445415,3.1586075,4.830929883681279e-06,-0.0016611624621578613,-0.0013730322247713644
32.117,1.12050666830363,2.1134502259053827,3.168637699848412,0.0011624590283757486,-0.02574377527527359,-0.012941785810327623,1.0579742,2.1428971,3.1597717,5.08862365666829e-06,-0.0017276712816198803,-0.001219015765402176
32.127,1.1205165639501176,2.1132189233410443,3.1685219909732765,0.0010304747472778461,-0.02565479414112322,-0.012818549410319114,1.0575686,2.1446414,3.1600041,5.396892385434171e-06,-0.0017913609836925914,-0.0010417315520481196
32.137,1.1205267339837737,2.1129373939460403,3.1683816678269596,0.0008117037029608645,-0.025534692893221793,-0.012722504867969385,1.0588069,2.1434977,3.1608806,5.723513684330328e-06,-0.0018457844636761145,-0.0008590815945836994
32.148,1.1205334321520812,2.1127078574218436,3.168268011668423,0.0006708253367700989,-0.02547274824936973,-0.012573169022416323,1.0587146,2.143468,3.162031,6.0778233192948505e-06,-0.00190124133462799,-0.000665134601765871
32.158,1.1205395786709493,2.1124280991202338,3.168130493314721,0.00044020129631945826,-0.025395425306716624,-0.01245919170587961,1.0613259,2.1415584,3.1620421,6.377330256768232e-06,-0.0019492380383461239,-0.0005038027099759645
32.169,1.120543169345071,2.11217435428634,3.168006733810485,0.0002720848511225961,-0.02535409685662073,-0.012307780960271896,1.0607148,2.1409068,3.1625986,6.679006229859397e-06,-0.0019977373901909345,-0.00034304618050207125
32.179,1.1205447359033156,2.111946330966144,3.167896877506071,9.517636369720417e-05,-0.025323066732838132,-0.012119040203929695,1.0607995,2.142444,3.1637604,6.952230543255666e-06,-0.002032092526180307,-0.0001987742632234557
32.188,1.1205444667972224,2.1116679266795955,3.1677651474427875,-0.0001246660694734094,-0.025300849684960564,-0.011850127412307884,1.060181,2.139274,3.1637979,7.214166329205796e-06,-0.0020530806287464287,-6.139004033123285e-05
32.197,1.120542436310063,2.111440251463418,3.1676598348886067,-0.000306571291885566,-0.025296186849798858,-0.011573620075713211,1.0611998,2.138706,3.1636696,7.4789168245104065e-06,-0.0020654736100760296,7.763999784593523e-05
