time,q1,q2,q3,q4,q5,q6,q7,ee_pos_x,ee_pos_y,ee_pos_z,ee_vel_0,ee_vel_1,ee_vel_2,ee_rpy_roll,ee_rpy_pitch,ee_rpy_yaw,ee_target_pos_x,ee_target_pos_y,ee_target_pos_z,ee_target_quat_x,ee_target_quat_y,ee_target_quat_z,ee_target_quat_w,stage_cost,terminal_cost,joint_limit_cost
2.985,1.569160687124545,1.7804691024926615,-5.885463134092106e-05,4.468929346193078,-0.002569533236977506,4.684264059217658,0.003260139666024564,0.11200516020202358,0.5629235237616463,2.026041586654989,0.10078896513340263,0.026765500554384293,-0.05720415997497984,-1.5372482771126328,-0.005691845616672797,1.1201469276774332,0.10289999842643738,0.40549999475479126,1.6497999429702759,-0.5,-0.5,0.5,-0.5,1007.231201171875,27.453510284423828,0.0
2.989,1.5691983841278132,1.7870179558537203,-0.0002271459402880538,4.473261490886276,-0.0026994826726234322,4.681532736704969,0.0033802840090659814,0.11828841379448762,0.5588788308727624,2.0224237786984567,-0.07203288521448092,0.026366721439827545,-0.05674527202502226,-1.537418945952234,-0.005315396224856439,1.1468709389967553,0.10289999842643738,0.40549999475479126,1.6497999429702759,-0.5,-0.5,0.5,-0.5,732.6834106445312,12.942326545715332,0.0
2.999,1.5692205683995244,1.7926084588820679,-0.000494515558807862,4.474204676199273,-0.0029898501353606832,4.6774349693943025,0.0032164607002949097,0.1191225182377761,0.5588831712435054,2.0197397230184326,-0.4050044841242207,0.026507928475846355,-0.05669427057129712,-1.538138663223721,-0.00532057499877725,1.145779874638887,0.10289999842643738,0.40549999475479126,1.6497999429702759,-0.5,-0.5,0.5,-0.5,967.3942260742188,26.213329315185547,0.0
3.009,1.569129954677308,1.7920619629077557,-0.00048122888227908334,4.472115190072614,-0.003164754193831776,4.674884626300249,0.002932518194692868,0.1199568539090027,0.5587424313876657,2.018962184914757,-0.41792283052237406,0.02985667157040036,-0.057702901784175024,-1.5389906710517267,-0.005566450616098173,1.1426500521125902,0.10289999842643738,0.40549999475479126,1.6497999429702759,-0.5,-0.5,0.5,-0.5,1007.5957641601562,27.938127517700195,0.0
3.019,1.5689602561976006,1.7919539076022986,-0.00024291501086626255,4.471269938644286,-0.0032826506449739057,4.674547696927921,0.002570230284899999,0.12074538619396619,0.5583074677658256,2.01875243121226,-0.2808669899395284,0.03502094583632873,-0.05890437282490999,-1.5398283296806456,-0.0061405490914507865,1.1390288794866437,0.10289999842643738,0.40549999475479126,1.6497999429702759,-0.5,-0.5,0.5,-0.5,1023.8009033203125,28.961294174194336,0.0
3.029,1.5687510390968953,1.7931988528800815,4.854415277311119e-05,4.472048904154696,-0.0036297894590342494,4.676067577870212,0.0024069365570715817,0.12149244557048688,0.5576745771164872,2.018595525632141,-0.137404418810608,0.04000012518780795,-0.059693408719018806,-1.54049361457667,-0.0066271887573869925,1.13500509281244,0.10289999842643738,0.40549999475479126,1.6497999429702759,-0.5,-0.5,0.5,-0.5,1033.2017822265625,29.687278747558594,0.0
3.039,1.5685383495098257,1.7948414790633969,0.0004079690348630649,4.473363059521938,-0.003952790594133226,4.678407567524746,0.002205218951469412,0.12219286713068897,0.5569809878950233,2.0186867810222324,-0.03279805387547145,0.0438352549667788,-0.06089823792857056,-1.5410838750902085,-0.007020438075772351,1.131235830524346,0.10289999842643738,0.40549999475479126,1.6497999429702759,-0.5,-0.5,0.5,-0.5,1039.3114013671875,29.995506286621094,0.0
3.048,1.5683988207068875,1.7960089873162808,0.0007314414148114068,4.474463363263089,-0.004292921754060153,4.680627874613503,0.001987796182448598,0.12283265073365383,0.5563137610935125,2.019210082955014,0.023374778134788263,0.04612567495665409,-0.06278037640077677,-1.5417260234433479,-0.007407142081673257,1.1282675497309054,0.10289999842643738,0.40549999475479126,1.6497999429702759,-0.5,-0.5,0.5,-0.5,1043.310302734375,30.076610565185547,0.0
3.059,1.5683042374045648,1.7966492426877991,0.0011661875944550815,4.475432968763331,-0.004650569981488495,4.682987098880159,0.0017755481060666156,0.12338841122612011,0.5556738533710912,2.020193585138637,0.051921505425416466,0.04812346028290505,-0.0633502465664823,-1.5423331348545763,-0.007624124536905086,1.1263510114911077,0.10289999842643738,0.40549999475479126,1.6497999429702759,-0.5,-0.5,0.5,-0.5,1043.9443359375,29.877655029296875,0.0
3.069,1.5682544733083859,1.7964658678418317,0.0015777854534606561,4.475852366737654,-0.004932744709438275,4.6845545346609585,0.001565485735913974,0.12387960044989856,0.5550714084688242,2.021547605237972,0.05884148717321713,0.04949418569244894,-0.0629460573371434,-1.5428601796058639,-0.00787855453323516,1.1255187519576908,0.10289999842643738,0.40549999475479126,1.6497999429702759,-0.5,-0.5,0.5,-0.5,1042.47216796875,29.557279586791992,0.0
3.079,1.5682300176112047,1.795776613297912,0.0019726806432194266,4.476010717530959,-0.0052512547118981345,4.6856697490787536,0.0013503199505988661,0.12432261091443504,0.5545017219142432,2.0231023385972473,0.05527771260878122,0.0505462531491913,-0.0629284819793505,-1.5434382423661757,-0.008046540875252806,1.1255048046887128,0.10289999842643738,0.40549999475479126,1.6497999429702759,-0.5,-0.5,0.5,-0.5,1040.13134765625,29.21413803100586,0.0
3.089,1.56823259905254,1.7947708136650355,0.002353791590773646,4.47603564954393,-0.005578028497487786,4.686399063064718,0.0012472284822431234,0.12472108443438214,0.5539363666516295,2.024732266364665,0.04868988367150165,0.051598908537810684,-0.06255389548884492,-1.543927988732776,-0.008163362849465283,1.1261036897328403,0.10289999842643738,0.40549999475479126,1.6497999429702759,-0.5,-0.5,0.5,-0.5,1036.9820556640625,28.874834060668945,0.0
3.099,1.5682522038028992,1.7935935502531528,0.0027388165624868677,4.4759760891343054,-0.005872701264814317,4.686835821663901,0.0010836657613291223,0.1250846322492755,0.5533826077127567,2.0263246506626382,0.040606709408267175,0.05264720815986256,-0.06239908249770744,-1.5443916890191571,-0.008250768632664496,1.127096648514391,0.10289999842643738,0.40549999475479126,1.6497999429702759,-0.5,-0.5,0.5,-0.5,1033.81005859375,28.569814682006836,0.0
3.109,1.5682869242581994,1.7923047019596474,0.0031312798448137613,4.475936398766147,-0.00620313936701411,4.687085728033637,0.0008959514290785009,0.12541378567484995,0.5528290843450643,2.027826888080145,0.032314773445462845,0.053819470389444214,-0.06244408817706836,-1.5449368331268647,-0.00833421616056551,1.128335746994101,0.10289999842643738,0.40549999475479126,1.6497999429702759,-0.5,-0.5,0.5,-0.5,1030.7672119140625,28.281810760498047,0.0
3.1189999999999998,1.5683409422905301,1.7909675076590723,0.0035294054182486434,4.475969075771021,-0.006608787348008072,4.68718383144574,0.0007835273087613004,0.12570307178053977,0.5522596426494942,2.029228355118626,0.02765919371090641,0.05497593036018592,-0.06260563031982966,-1.545408114213595,-0.00829888462466144,1.1298130302895717,0.10289999842643738,0.40549999475479126,1.6497999429702759,-0.5,-0.5,0.5,-0.5,1027.14453125,27.98675537109375,0.0
3.129,1.568431040147054,1.7896461514533382,0.0039388262337514135,4.476080597551041,-0.006997891861989736,4.687235185518471,0.0006157172723417759,0.12595174959170471,0.5516806701704033,2.0304999141449263,0.0278105741407977,0.056052604378356324,-0.06280036717319724,-1.5458593447191054,-0.008228365118001513,1.1314327673660682,0.10289999842643738,0.40549999475479126,1.6497999429702759,-0.5,-0.5,0.5,-0.5,1025.0733642578125,27.832183837890625,0.0
3.138,1.568545173302061,1.7885538559145733,0.0042858293577374695,4.476315002139532,-0.007353017476675383,4.687250636031769,0.00046545809537601457,0.12616002066467683,0.5510926380746581,2.031621051794962,0.028964685076832405,0.0571021617511621,-0.0622943372522097,-1.5463692476337607,-0.0081224876004935,1.133122037365808,0.10289999842643738,0.40549999475479126,1.6497999429702759,-0.5,-0.5,0.5,-0.5,1021.4866943359375,27.588886260986328,0.0
3.148,1.5686826998898793,1.7874162591250204,0.004653031886107328,4.476696861627669,-0.007747829274971529,4.687189087683,0.00036104252774737944,0.12633772911147978,0.5504954949101608,2.0326056385205202,0.02894559455965451,0.05828391983433938,-0.06148869208057809,-1.5468295558057594,-0.007966181290902874,1.1349340110695718,0.10289999842643738,0.40549999475479126,1.6497999429702759,-0.5,-0.5,0.5,-0.5,1017.96484375,27.360605239868164,0.0
3.158,1.5688360487317619,1.7863048221223803,0.005017461853292993,4.477148889759038,-0.008115164482625836,4.687054704823402,0.00020121210570156478,0.1264907881007784,0.5498942250098948,2.0334749654697943,0.028943928503456614,0.05927813080779632,-0.06145858622101573,-1.5473086806633607,-0.00781363765737364,1.1368770201841834,0.10289999842643738,0.40549999475479126,1.6497999429702759,-0.5,-0.5,0.5,-0.5,1014.3575439453125,27.14246940612793,0.0
3.168,1.5690110902191696,1.7852260688721522,0.005385174692944084,4.4776898168697885,-0.008469020608523614,4.68686324483381,3.276163671905863e-06,0.12661052118747987,0.5492889007903625,2.0342351752252603,0.029240470233201584,0.06027057303271219,-0.061013589911060734,-1.5478560954383203,-0.007647551756889914,1.1389241678883737,0.10289999842643738,0.40549999475479126,1.6497999429702759,-0.5,-0.5,0.5,-0.5,1010.587646484375,26.918685913085938,0.0
3.178,1.56920803538347,1.7841756871199266,0.00575786070199058,4.478324385097659,-0.008815985529904147,4.686592073032387,-0.00012038285549120786,0.1266994848702636,0.5486741466897038,2.0348938635527287,0.029304208685366668,0.06109660435727783,-0.06096787424879928,-1.5483513968774456,-0.007475601162370005,1.1411118210423,0.10289999842643738,0.40549999475479126,1.6497999429702759,-0.5,-0.5,0.5,-0.5,1006.6714477539062,26.693492889404297,0.0
3.188,1.5693983440338029,1.7831464042152234,0.006146572604860623,4.4790176275000935,-0.009177081142563104,4.686242305194198,-0.0002515418627053734,0.12675564374825105,0.548055659979906,2.0354541505709016,0.02976134023601085,0.06211972328604599,-0.059635921790652614,-1.5487880876018159,-0.0072759828289878925,1.1434341007191844,0.10289999842643738,0.40549999475479126,1.6497999429702759,-0.5,-0.5,0.5,-0.5,1002.57763671875,26.46354866027832,0.0
3.198,1.569578726380751,1.7821580936298176,0.006538371075309968,4.479792959699812,-0.009568282077261792,4.685810156412971,-0.0004147249686505816,0.12679498763158267,0.5474356973173391,2.0359153788832685,0.02946257966666001,0.0628576287615878,-0.059598340935533914,-1.5492869921431538,-0.00706171953098611,1.145864039362232,0.10289999842643738,0.40549999475479126,1.6497999429702759,-0.5,-0.5,0.5,-0.5,997.6061401367188,26.176382064819336,0.0
3.208,1.569755443333559,1.7812207870299144,0.006933769886505736,4.480643244618593,-0.009983668517000943,4.685258369894769,-0.000489991520995936,0.12680784022172042,0.5467487965856028,2.03631824840564,0.03053052264092678,0.06379140203675134,-0.05834211050213438,-1.5497723280793843,-0.0067784829645427536,1.1487114506766014,0.10289999842643738,0.40549999475479126,1.6497999429702759,-0.5,-0.5,0.5,-0.5,991.9006958007812,25.8753662109375,0.0
3.218,1.5698831493720817,1.7803707174280063,0.007345035487788643,4.481546937309246,-0.010441518656436166,4.684582818537751,-0.0005508923438233282,0.12680905289225763,0.5461338802850477,2.036574521864119,0.0313143664616857,0.06472537282546621,-0.05711047744322578,-1.5501570597687169,-0.006513244680304453,1.151421701406748,0.10289999842643738,0.40549999475479126,1.6497999429702759,-0.5,-0.5,0.5,-0.5,986.1993408203125,25.556127548217773,0.0
3.228,1.5699941064169698,1.779525666538687,0.007746474377293033,4.482467937321355,-0.010890733543976516,4.683806054584999,-0.0006869875020862892,0.1268050477847603,0.5455866814966924,2.03672190718375,0.027895900137467365,0.06544218164125826,-0.056646533073369934,-1.5505788094666328,-0.006262905690916476,1.1539333087975128,0.10289999842643738,0.40549999475479126,1.6497999429702759,-0.5,-0.5,0.5,-0.5,980.9788818359375,25.272180557250977,0.0
3.238,1.5701067514713056,1.778633662088831,0.008137295682042023,4.483402329396798,-0.011298816935659595,4.682908890447826,-0.0008290264826884552,0.12678892777154654,0.5449766934113832,2.0368266642617927,0.025485209407609382,0.06482665225260582,-0.05635156031355769,-1.5510928047370613,-0.006032413982675955,1.156859097149102,0.10289999842643738,0.40549999475479126,1.6497999429702759,-0.5,-0.5,0.5,-0.5,975.2623291015625,24.96128273010254,0.0
3.248,1.5702432885619988,1.7777713470843786,0.00850695894871123,4.484377696717639,-0.01173506467284735,4.681907742219443,-0.0009894888635306742,0.1267539417607424,0.5443648654546205,2.036858753009008,0.026792080944004516,0.06648588310423574,-0.05683080985277781,-1.5516177530980069,-0.005776527808123877,1.1599188291696756,0.10289999842643738,0.40549999475479126,1.6497999429702759,-0.5,-0.5,0.5,-0.5,969.70703125,24.69965362548828,0.0
3.258,1.5704239778772182,1.7770031232598242,0.00886872663692273,4.485419686807212,-0.012162653085424857,4.680811262497429,-0.0012432766585908084,0.12668437191407655,0.5437598216182328,2.0367919815947695,0.02725988035637877,0.06678233362007965,-0.05666746689289982,-1.5522226013840843,-0.005461370399477694,1.1630611051671353,0.10289999842643738,0.40549999475479126,1.6497999429702759,-0.5,-0.5,0.5,-0.5,963.046630859375,24.371313095092773,0.0
3.271,1.5707129931945616,1.7760734621472594,0.009310605706534858,4.486902078876036,-0.012677500085389148,4.679245072481408,-0.0015497765354881565,0.126572932968168,0.5430941060957523,2.036623295126218,0.025712109482810996,0.06572407626795079,-0.05598578595540888,-1.552930882614301,-0.005117416347697468,1.1666327160285381,0.10289999842643738,0.40549999475479126,1.6497999429702759,-0.5,-0.5,0.5,-0.5,955.971923828125,24.012157440185547,0.0
3.279,1.5709105926605975,1.775533451878312,0.009564971645689369,4.487887499808745,-0.012997073457554187,4.678221360605053,-0.0017040296008863365,0.12645625964904358,0.5425388748661377,2.0364272315578753,0.026071531528735984,0.06700447114037,-0.05515406421221354,-1.5534678962142903,-0.004791034887019485,1.1696900219613335,0.10289999842643738,0.40549999475479126,1.6497999429702759,-0.5,-0.5,0.5,-0.5,949.550537109375,23.717241287231445,0.0
3.289,1.5711772987125592,1.7749236664243622,0.009890370051882869,4.489187092544133,-0.013332683893396258,4.676915316903467,-0.0019421503802581341,0.12630410218907126,0.5419182559009106,2.036132181821336,0.02650291257363244,0.06692202118523223,-0.054498768118479764,-1.554065588855335,-0.0044379426740972505,1.173146724734752,0.10289999842643738,0.40549999475479126,1.6497999429702759,-0.5,-0.5,0.5,-0.5,944.1779174804688,23.48271369934082,0.0
3.299,1.5714650766232818,1.7743786984013425,0.010224945551381204,4.4905648525083715,-0.013600213621118407,4.675560831897644,-0.002167641055984326,0.12612642862090886,0.5412937266276446,2.0357554800954434,0.02668637436347508,0.06687020080512984,-0.05356248895001163,-1.554675503438655,-0.004135796644820999,1.1766516891842072,0.10289999842643738,0.40549999475479126,1.6497999429702759,-0.5,-0.5,0.5,-0.5,937.2210693359375,23.181013107299805,0.0
3.309,1.571760772566634,1.7738596087716658,0.0105518206329549,4.491984819655844,-0.013839416017847661,4.674128981055802,-0.0023293706493090482,0.12592698768069133,0.540666528071846,2.035303956716698,0.0249222996251326,0.06689329598657748,-0.05216334543340748,-1.555211283000892,-0.003858126935564421,1.180237192479999,0.10289999842643738,0.40549999475479126,1.6497999429702759,-0.5,-0.5,0.5,-0.5,930.6744384765625,22.895029067993164,0.0
3.319,1.572051240408613,1.773340785235625,0.010872637694411047,4.4934318103315105,-0.01404987234182098,4.672625969293253,-0.002528621054096014,0.1257141609493187,0.5400377400067163,2.034793137271123,0.023062149681386382,0.06687412585259503,-0.05101556417802524,-1.5557323456219452,-0.0035912749554638523,1.1839090658424747,0.10289999842643738,0.40549999475479126,1.6497999429702759,-0.5,-0.5,0.5,-0.5,924.3145141601562,22.610633850097656,0.0
3.329,1.5723386071367003,1.772807369771499,0.011191947475648334,4.4949179410526,-0.014218027782782805,4.671063023338868,-0.002737438721955421,0.12549001324795236,0.539403257325224,2.034229624251204,0.020470068872424446,0.06684058580195175,-0.04999951127320966,-1.556306872483502,-0.0033594821444262735,1.187658171386421,0.10289999842643738,0.40549999475479126,1.6497999429702759,-0.5,-0.5,0.5,-0.5,917.1275024414062,22.2696533203125,0.0
3.339,1.5726229656996695,1.772233257816147,0.011504061048944081,4.496429780858868,-0.014376853720528437,4.669414413923312,-0.002879088323639145,0.1252539819782103,0.5387582507139739,2.0336300101101097,0.018159158769422642,0.06563010398554152,-0.048898146619469646,-1.5568274674491713,-0.0031493171351217875,1.1915200310690393,0.10289999842643738,0.40549999475479126,1.6497999429702759,-0.5,-0.5,0.5,-0.5,909.8607788085938,21.93169403076172,0.0
3.349,1.5728805239871795,1.7716265171085404,0.01182460611749292,4.497983925802218,-0.014547558091501323,4.667694779069479,-0.0030605231504514663,0.1250080285422648,0.5381048425576344,2.033002762725046,0.017024651722402136,0.06682656629839431,-0.047506284751118,-1.5573273256837479,-0.0029332573156830577,1.195513209537049,0.10289999842643738,0.40549999475479126,1.6497999429702759,-0.5,-0.5,0.5,-0.5,902.24169921875,21.55794906616211,0.0
3.3609999999999998,1.5731641179416203,1.7708474563287986,0.012206543727297792,4.499981194640865,-0.014722502067514576,4.665571924143994,-0.003335389284347734,0.12475883252341652,0.537432267897234,2.0323542727164345,0.014453240060645366,0.06669072687954798,-0.0462831649856911,-1.557897691913364,-0.0027374639732196115,1.1996425681382719,0.10289999842643738,0.40549999475479126,1.6497999429702759,-0.5,-0.5,0.5,-0.5,893.9903564453125,21.1676025390625,0.0
3.368,1.5733287067764854,1.7703547400207764,0.012426454431790468,4.50122605425521,-0.014812502414831563,4.664293076156933,-0.003453032903634856,0.12450512648530847,0.5367273791072251,2.0317115108906525,0.013901078303421006,0.06648330032935788,-0.04611354054122473,-1.5584637841586069,-0.002571914148139065,1.2039699122879983,0.10289999842643738,0.40549999475479126,1.6497999429702759,-0.5,-0.5,0.5,-0.5,884.7357788085938,20.704931259155273,0.0
3.378,1.5735501636775187,1.7696326690313242,0.012753856701941402,4.503152658500151,-0.014922214821596391,4.662384906457237,-0.003611548691579536,0.12423761287948219,0.5359864468631608,2.031083411640584,0.013308602326240848,0.06637401694833797,-0.04443410585913473,-1.5589537974896237,-0.002412966979577824,1.2085471500041303,0.10289999842643738,0.40549999475479126,1.6497999429702759,-0.5,-0.5,0.5,-0.5,875.060302734375,20.246179580688477,0.0
3.39,1.5737975659003327,1.768810563963008,0.013160044762812184,4.505740957675738,-0.015004873992045198,4.660003085846957,-0.0038870282909675424,0.12396890609839473,0.5352030128890082,2.0304768558385398,0.016700276338486864,0.06590836135619588,-0.04385836462485896,-1.5594810183781396,-0.002309590786810034,1.2134132626190293,0.10289999842643738,0.40549999475479126,1.6497999429702759,-0.5,-0.5,0.5,-0.5,864.5224609375,19.763671875,0.0
3.398,1.5739712901117269,1.768330863419493,0.013428296758180025,4.507626305203055,-0.015041801937530686,4.6583611376047385,-0.004044260516381293,0.12368620928313226,0.5343846996243289,2.0298714751005162,0.019313557294078326,0.06558725323411908,-0.04305261607763922,-1.5600198459084635,-0.0022209286905634507,1.2185019227443161,0.10289999842643738,0.40549999475479126,1.6497999429702759,-0.5,-0.5,0.5,-0.5,854.4750366210938,19.32041358947754,0.0
3.408,1.5741673385193264,1.7677757123434201,0.013775051572146424,4.51008816977185,-0.015070029324070866,4.656199266307413,-0.00419829158220697,0.1233946806719125,0.5335448947115621,2.0292651168727054,0.020864638961940914,0.06524599274282057,-0.04138598516113355,-1.5604804779097061,-0.0021464474534278466,1.223803511100469,0.10289999842643738,0.40549999475479126,1.6497999429702759,-0.5,-0.5,0.5,-0.5,845.5323486328125,18.9538516998291,0.0
3.418,1.5743309391715279,1.7672308729826796,0.014140886858424295,4.512639998652103,-0.01509548810679373,4.653921786583443,-0.004408230087810772,0.1231038708265714,0.5326902031447053,2.0286662405122433,0.020720049400277614,0.06470382430453514,-0.04043144849030584,-1.5609408893879915,-0.002109710482617544,1.2293132074406021,0.10289999842643738,0.40549999475479126,1.6497999429702759,-0.5,-0.5,0.5,-0.5,834.7240600585938,18.520963668823242,0.0
3.429,1.5745111059028192,1.7666213547273735,0.014549080060541009,4.515537015761617,-0.015077916134544012,4.651277110405817,-0.004637541520694732,0.12280713722091859,0.5318157364356474,2.028082264668125,0.019852899428481712,0.06391697174001908,-0.03957917439061488,-1.5614285499674594,-0.0020992962583319397,1.2350219066185195,0.10289999842643738,0.40549999475479126,1.6497999429702759,-0.5,-0.5,0.5,-0.5,825.4409790039062,18.41160774230957,0.0
3.439,1.5746817552334926,1.7660725666620927,0.014905428360515671,4.518248983582128,-0.015056292097651358,4.6487393677646525,-0.004794623930687969,0.12250176855691518,0.5309250489024965,2.0275126310346265,0.019727068509063566,0.06317620984816325,-0.03856190300068174,-1.5618517796698115,-0.002111927769863353,1.2409317889227671,0.10289999842643738,0.40549999475479126,1.6497999429702759,-0.5,-0.5,0.5,-0.5,815.5453491210938,18.74458122253418,0.0
3.449,1.5748704162326765,1.7655747497429921,0.015244855458787399,4.521047737958598,-0.01504285838262387,4.646113452004557,-0.005009367613763693,0.12218663713412703,0.5300188189299717,2.026946694713423,0.020823327796548517,0.062184393411476135,-0.038081999763758125,-1.5622828896810264,-0.0020877634026836844,1.2470100596080054,0.10289999842643738,0.40549999475479126,1.6497999429702759,-0.5,-0.5,0.5,-0.5,805.8809814453125,19.014265060424805,0.0
3.459,1.575075302914816,1.7651487552226683,0.015583702122937915,4.523935747014673,-0.0149820357030519,4.643411413219185,-0.005260201396505515,0.12185485750463995,0.5291026452679017,2.0263687136836457,0.021010061665580327,0.06126232944811365,-0.036642667305081505,-1.5627745207237607,-0.0020651133073590344,1.2531882615114118,0.10289999842643738,0.40549999475479126,1.6497999429702759,-0.5,-0.5,0.5,-0.5,797.7177124023438,19.234954833984375,0.0
3.469,1.575274102382835,1.7647593717422616,0.015903366109081496,4.526905756094905,-0.014925083852535437,4.6406289645591015,-0.005471211287333411,0.12151673734840435,0.5281734016804933,2.0257860843291278,0.01932670345298215,0.06031128467127841,-0.03507693094248967,-1.5632353244069577,-0.002063640613113371,1.2594798701975944,0.10289999842643738,0.40549999475479126,1.6497999429702759,-0.5,-0.5,0.5,-0.5,789.9126586914062,19.484392166137695,0.0
3.479,1.5754398747148715,1.764384752491214,0.016200700295651238,4.529937166511866,-0.014881593187916486,4.637783530380633,-0.005729525310358419,0.12117918626832237,0.5272275902710275,2.0252111814689524,0.018021222898479777,0.05955921055154522,-0.03266829916558945,-1.563708253507952,-0.0020324219050316117,1.2658800306351103,0.10289999842643738,0.40549999475479126,1.6497999429702759,-0.5,-0.5,0.5,-0.5,782.8823852539062,19.686662673950195,0.0
3.489,1.5755623118312139,1.7640670969913277,0.016490688820152144,4.533050806877459,-0.014798762887989092,4.6348752736397225,-0.006034682170523276,0.12085924520544433,0.5262683122804519,2.0246382403718486,0.01742358273443111,0.05874218032523343,-0.031225795772662254,-1.564265713008011,-0.0020528245523738775,1.2723654775406945,0.10289999842643738,0.40549999475479126,1.6497999429702759,-0.5,-0.5,0.5,-0.5,775.9273071289062,19.85544204711914,0.0
3.499,1.5756686153429502,1.7638176390185851,0.016748365955407962,4.536241781734125,-0.014723662649169356,4.631911375657368,-0.006282109363495714,0.12055104101527882,0.5252960309744603,2.0240633305589366,0.017143724229309695,0.0589091919656444,-0.030210188099880644,-1.5648115613353224,-0.0021072864893225685,1.278923784944404,0.10289999842643738,0.40549999475479126,1.6497999429702759,-0.5,-0.5,0.5,-0.5,768.8905029296875,19.991823196411133,0.0
3.509,1.5758142333265859,1.7636186735206998,0.016941980130962264,4.5394740518975585,-0.014631154705743832,4.628906774103421,-0.006550800408846591,0.12024726633794647,0.5243166722449604,2.023483068939097,0.016140714368301605,0.05665906110920685,-0.030204008541536192,-1.565367616454478,-0.0021460604871643696,1.2855217929124039,0.10289999842643738,0.40549999475479126,1.6497999429702759,-0.5,-0.5,0.5,-0.5,762.5842895507812,20.084978103637695,0.0
3.518,1.5759941750687352,1.7634891114310136,0.017076489220098523,4.542428500966901,-0.014527902451432873,4.626159362050042,-0.0068135701855309705,0.1199302428919224,0.5233299960831347,2.0229022430719157,0.014951490890796896,0.05558651287260381,-0.029658201763240966,-1.5659974851884202,-0.0021502134804096684,1.2921480331764623,0.10289999842643738,0.40549999475479126,1.6497999429702759,-0.5,-0.5,0.5,-0.5,756.3232421875,20.129417419433594,0.0
3.529,1.576252671956869,1.7634117733974133,0.01722254693904368,4.546113799232299,-0.01439139349089924,4.622753309471027,-0.007072146921699662,0.11959699128110429,0.5223351993654654,2.0223233034066395,0.01454648350389751,0.05413630858202787,-0.028712665946882876,-1.5665994751601082,-0.0021295667921990002,1.2988112346936724,0.10289999842643738,0.40549999475479126,1.6497999429702759,-0.5,-0.5,0.5,-0.5,749.632568359375,20.123018264770508,0.0
3.5380000000000003,1.5764869298078237,1.763415680010361,0.01732998140547526,4.549173132330319,-0.014273740866352469,4.619948041712727,-0.007280904046761627,0.11924798089787039,0.5213321620811515,2.021738905124614,0.013584111711412257,0.05393923339170845,-0.027442407692069275,-1.5671485053835192,-0.0020789027859065,1.3054850041898884,0.10289999842643738,0.40549999475479126,1.6497999429702759,-0.5,-0.5,0.5,-0.5,743.6815185546875,20.115102767944336,0.0
3.549,1.576784516304241,1.7634602414645038,0.017456058793235307,4.55291544255733,-0.014110869988303243,4.616496055092511,-0.007612068725523891,0.11888939518055659,0.5203288857068439,2.021151450117369,0.011892601211293406,0.05125387569700047,-0.0258825411027121,-1.5677428749664821,-0.002020712222194909,1.3121274640508753,0.10289999842643738,0.40549999475479126,1.6497999429702759,-0.5,-0.5,0.5,-0.5,737.9883422851562,20.088531494140625,0.0
3.558,1.5770260468794302,1.7635363043412848,0.01755716526167106,4.55598298275689,-0.01397686990696112,4.613650941107633,-0.007854725136614782,0.11852455970334438,0.5193233019249996,2.0205652518758677,0.011482575050185908,0.04994609296859063,-0.024321663264558663,-1.5683490320655107,-0.001963992994501673,1.3187570479139732,0.10289999842643738,0.40549999475479126,1.6497999429702759,-0.5,-0.5,0.5,-0.5,732.0026245117188,20.010807037353516,0.0
3.568,1.577279148109307,1.7637087163965521,0.017662959680544432,4.559394438565188,-0.01382893603609947,4.610468578146947,-0.0080927003524911,0.11816019202507232,0.518323883930922,2.019967794255278,0.01206116724996279,0.04955506177958343,-0.02242202926249518,-1.5688801920374407,-0.0019016305006358536,1.3253322286660387,0.10289999842643738,0.40549999475479126,1.6497999429702759,-0.5,-0.5,0.5,-0.5,725.6029663085938,19.873165130615234,0.0
3.578,1.577525248937433,1.7640032889183708,0.01774711763439374,4.5628098832537445,-0.013660084654478766,4.60725947367533,-0.008364159838527563,0.11780370790569164,0.5173369715824049,2.0193462050653546,0.012493587025638832,0.04706815204662088,-0.02112361652898745,-1.5694407311254417,-0.0018520400125403569,1.3318338691825031,0.10289999842643738,0.40549999475479126,1.6497999429702759,-0.5,-0.5,0.5,-0.5,719.0151977539062,19.668535232543945,0.0
3.589,1.577791048889778,1.7644372078813078,0.01780747952773787,4.566558825586758,-0.013447836985815975,4.603719563626497,-0.00860630852792621,0.11745337830521477,0.5163659704301371,2.018698383027267,0.011122042214008487,0.04556380522233857,-0.019285872640288134,-1.5700024832903932,-0.0018240526809010227,1.3382371835302467,0.10289999842643738,0.40549999475479126,1.6497999429702759,-0.5,-0.5,0.5,-0.5,712.4909057617188,19.446699142456055,0.0
3.599,1.5780376691891078,1.7649118649094753,0.017836330878973072,4.56995658466158,-0.013240420809590425,4.600513862779201,-0.00878741322722032,0.11707897103742486,0.5153068203454861,2.017966413323097,0.00940616180393343,0.044023824879197676,-0.018753457521679673,-1.5705562723523987,-0.001806088571303377,1.345165520225882,0.10289999842643738,0.40549999475479126,1.6497999429702759,-0.5,-0.5,0.5,-0.5,706.6554565429688,19.31792640686035,0.0
3.609,1.5783213085396248,1.7654565561487807,0.017828658583602497,4.573315502001175,-0.013008392945086378,4.5973247936855275,-0.008996325652357307,0.11676891305762122,0.5144519036276173,2.0173487376415586,0.006679778537073165,0.04250056398810191,-0.017810569486011205,-1.5710313378086807,-0.0017843641448953562,1.350711410675016,0.10289999842643738,0.40549999475479126,1.6497999429702759,-0.5,-0.5,0.5,-0.5,700.9749755859375,19.158979415893555,0.0
3.6189999999999998,1.5786250505584105,1.7660666160701126,0.01778649332466653,4.576650758260752,-0.012791068467751465,4.5941493865895895,-0.00916562461151127,0.11642190963432429,0.5135153111079027,2.016646797830568,0.004388674989453596,0.040979032266775246,-0.01667034845663978,-1.571577688238733,-0.0017419187898282118,1.3567348619066615,0.10289999842643738,0.40549999475479126,1.6497999429702759,-0.5,-0.5,0.5,-0.5,695.076171875,18.966686248779297,0.0
3.629,1.5789319638274995,1.7667541231848354,0.017722668849684986,4.579987496176604,-0.01259543036942734,4.590986210705734,-0.009302762030164224,0.11607324629470767,0.512585416385824,2.0159289251905816,0.0023200824950407634,0.03953302345914766,-0.015036265116368578,-1.5720771129369164,-0.0016509152430472795,1.3626487276514574,0.10289999842643738,0.40549999475479126,1.6497999429702759,-0.5,-0.5,0.5,-0.5,689.099365234375,18.7925968170166,0.0
3.638,1.5791772196957563,1.767428825672642,0.017667656620818484,4.582988560209062,-0.012428762508753799,4.5881432223083545,-0.00946465712032829,0.1157318520780575,0.511663340738085,2.0151963874371526,5.199983991250939e-05,0.03924853571299171,-0.013212306731383855,-1.57259575789062,-0.0015546223438542839,1.3684495945307875,0.10289999842643738,0.40549999475479126,1.6497999429702759,-0.5,-0.5,0.5,-0.5,683.6278076171875,18.66488265991211,0.0
3.648,1.5794206899238281,1.7682715290121553,0.017597603096283443,4.58636009499532,-0.012256540903931246,4.584973979367876,-0.009642664555999936,0.11540715275298821,0.510744287074017,2.0144572290281753,-0.0006067266578729928,0.0377900985731298,-0.011852674656013343,-1.5731391968735515,-0.0014755717408361235,1.3741830280656666,0.10289999842643738,0.40549999475479126,1.6497999429702759,-0.5,-0.5,0.5,-0.5,677.4910278320312,18.489788055419922,0.0
3.658,1.579648868173094,1.769219985277081,0.017545385474698527,4.589760338445229,-0.012095971461429933,4.581815215203355,-0.009796520010602272,0.11509127981555699,0.5098288531417169,2.013703109755276,-0.0016785449885994303,0.03624463457031268,-0.011172120922641034,-1.5736484381425746,-0.0013901267893969838,1.3798348104417364,0.10289999842643738,0.40549999475479126,1.6497999429702759,-0.5,-0.5,0.5,-0.5,671.0270385742188,18.27123260498047,0.0
3.669,1.5798963074855275,1.7703801749127894,0.017512226387052188,4.593462634521588,-0.011926880255141548,4.578351896423569,-0.009971019231538314,0.11477336811003973,0.5089264175481849,2.0129356330644974,-0.0011181051414428155,0.03452854877008278,-0.010049339431376923,-1.5741114972707724,-0.0013113129607806862,1.3853640296524607,0.10289999842643738,0.40549999475479126,1.6497999429702759,-0.5,-0.5,0.5,-0.5,664.7402954101562,17.97848129272461,0.0
3.6790000000000003,1.5801202344728829,1.771515085863875,0.017473258649107315,4.59676772479819,-0.01182844166823216,4.575214036230432,-0.010077592412813807,0.11445639385301706,0.508051090110663,2.012143103460771,-0.0034972437393948398,0.032888766025494315,-0.009066761425178737,-1.5745512175714045,-0.0011990093132512314,1.3907269577338321,0.10289999842643738,0.40549999475479126,1.6497999429702759,-0.5,-0.5,0.5,-0.5,658.6354370117188,17.695554733276367,0.0
3.689,1.5803295511594877,1.7726709924168134,0.017428026125771545,4.60002515369623,-0.01177807908728834,4.572096498030301,-0.010138791394854074,0.114140184592089,0.5071893210527045,2.0113520232898816,-0.005801853668331428,0.03128602005572643,-0.007462698354352516,-1.5749215960941487,-0.0010257867727938574,1.395963585219611,0.10289999842643738,0.40549999475479126,1.6497999429702759,-0.5,-0.5,0.5,-0.5,653.55859375,17.534440994262695,0.0
3.699,1.5805325506436914,1.7738896353803337,0.017374962180771725,4.603262335434425,-0.011756599703661053,4.568995335993978,-0.010223862068410305,0.11383373710336016,0.5063367581507008,2.010562983734664,-0.006529684076723503,0.02864176548430402,-0.006751680670997274,-1.5752981020700207,-0.0008300885066292452,1.401086285887065,0.10289999842643738,0.40549999475479126,1.6497999429702759,-0.5,-0.5,0.5,-0.5,648.572509765625,17.353246688842773,0.0
3.709,1.5807281264277524,1.775201661911737,0.017325528212183805,4.6064975283496254,-0.011758970191505291,4.565889287547457,-0.010287355863083825,0.11352736539742003,0.5054966188297922,2.009765426002675,-0.007325162102984847,0.027928870874928534,-0.005231381926475695,-1.5756729386166308,-0.0005980585156657447,1.4060988690440674,0.10289999842643738,0.40549999475479126,1.6497999429702759,-0.5,-0.5,0.5,-0.5,643.5177001953125,17.113079071044922,0.0
3.719,1.5808795978415624,1.7765796432272207,0.01727063479314328,4.6097181402175975,-0.011775938749521764,4.562775583197873,-0.010313823933700839,0.11323294206187318,0.5046678919973172,2.0089647234322245,-0.009125245505031996,0.026431919108017815,-0.003020522085998787,-1.5759924907715146,-0.00036696451409845565,1.411025627989756,0.10289999842643738,0.40549999475479126,1.6497999429702759,-0.5,-0.5,0.5,-0.5,638.0225830078125,16.979557037353516,0.0
3.729,1.5809869085130446,1.7779972052817374,0.01720688408278459,4.612894398137381,-0.011773387722830542,4.559663812333665,-0.010368249795676299,0.1129670016397353,0.5038503520565648,2.0081717052975816,-0.010987286848448763,0.024899312027132938,-0.0017518883583156968,-1.576319282518103,-0.00016760202549903624,1.4158563355560692,0.10289999842643738,0.40549999475479126,1.6497999429702759,-0.5,-0.5,0.5,-0.5,632.7742919921875,16.75183868408203,0.0
3.739,1.5810814593784004,1.7794566106707776,0.017134714201284318,4.616027570378284,-0.011746386239670947,4.556571430649078,-0.010428785526955586,0.1127224903823299,0.5030477609853629,2.0073886651785733,-0.01204431014798374,0.023319501254270757,-0.001083632053350452,-1.5766637291023524,-2.2776171862304295e-05,1.4205749698471015,0.10289999842643738,0.40549999475479126,1.6497999429702759,-0.5,-0.5,0.5,-0.5,627.6395263671875,16.53998565673828,0.0
3.749,1.5811681815657943,1.780947978846278,0.017043444222369253,4.619141692588327,-0.011723973988521763,4.553522075265161,-0.010432698557756304,0.11249092497110677,0.5022547429983594,2.0066153821736146,-0.01354619825637136,0.021863920711751004,5.613676450936711e-05,-1.5769816479198515,0.00011536700463832261,1.4251734498744297,0.10289999842643738,0.40549999475479126,1.6497999429702759,-0.5,-0.5,0.5,-0.5,622.4180908203125,16.30876350402832,0.0
3.759,1.5812554015798295,1.7824621495268254,0.016918706016501694,4.622261527366689,-0.011690231372552873,4.550532393699675,-0.010415512566695817,0.1122758621626969,0.5014628104272708,2.0058619485826052,-0.014241523557940467,0.02026935353049687,0.0006920617870344433,-1.5772525800073134,0.0002458889228762473,1.4296818950061412,0.10289999842643738,0.40549999475479126,1.6497999429702759,-0.5,-0.5,0.5,-0.5,617.8536376953125,16.148508071899414,0.0
3.769,1.5813756609768523,1.7840014138122129,0.016748284693814064,4.625415806571364,-0.011617395372279127,4.547618299006017,-0.010393693301075757,0.1120725140388026,0.5006643731558397,2.0051297495203197,-0.0150840743248102,0.018643096587553712,0.0011412566623224458,-1.5775590309343452,0.00036909203266555224,1.4341026295090094,0.10289999842643738,0.40549999475479126,1.6497999429702759,-0.5,-0.5,0.5,-0.5,613.7511596679688,16.00420570373535,0.0
3.779,1.5815102378530872,1.7855872431737154,0.01655908478511936,4.628603725660559,-0.011532028871440225,4.5447592069852165,-0.010308912738759446,0.1118732643789432,0.4998555485955506,2.0044255460033127,-0.013744196106784148,0.0171272123523505,0.002231701515518745,-1.5778287317101551,0.00048513286405693634,1.4384657735420527,0.10289999842643738,0.40549999475479126,1.6497999429702759,-0.5,-0.5,0.5,-0.5,608.9330444335938,15.875410079956055,0.0
3.789,1.581633828533132,1.787264246614832,0.016369409858550732,4.631789881414197,-0.011457214261042736,4.5419443583764965,-0.010190260539417295,0.11166371026391575,0.49897155232866525,2.003662239819402,-0.011136199470972698,0.015620661315328865,0.00337291072775548,-1.5780579638989962,0.0006258416528144295,1.4431597412099473,0.10289999842643738,0.40549999475479126,1.6497999429702759,-0.5,-0.5,0.5,-0.5,603.4465942382812,15.586685180664062,0.0
3.799,1.5817538914480265,1.7890082180112046,0.016206390164763995,4.634943675965133,-0.011351729934965249,4.539154120357067,-0.010074485254217613,0.11149928599136379,0.49826511864164147,2.003035244414853,-0.010908377811717402,0.013924902849945584,0.003920097771674714,-1.5782164365371403,0.000728180697809222,1.446883048734271,0.10289999842643738,0.40549999475479126,1.6497999429702759,-0.5,-0.5,0.5,-0.5,598.039306640625,15.329977989196777,0.0
3.809,1.5818807130876422,1.7908066541471452,0.016058045919975505,4.638080451350727,-0.011245673695079894,4.536363974284442,-0.009896887101846552,0.11131559990333616,0.49749116124647946,2.002350932689915,-0.010285767481409368,0.013072973224690521,0.00488866175136356,-1.578323352161752,0.0008226164871230068,1.45095029407255,0.10289999842643738,0.40549999475479126,1.6497999429702759,-0.5,-0.5,0.5,-0.5,593.1740112304688,15.158270835876465,0.0
3.819,1.582020455526096,1.7926761148906074,0.015905317311379896,4.641196961967752,-0.011163342109875352,4.533580497503617,-0.009639164205365702,0.11113304090107759,0.49672932933751196,2.0016700860643843,-0.010035174111253401,0.011234040302013413,0.005459973879821886,-1.5783302616373833,0.0009561947562186646,1.454935889738666,0.10289999842643738,0.40549999475479126,1.6497999429702759,-0.5,-0.5,0.5,-0.5,588.0867309570312,14.902758598327637,0.0
3.828,1.5821641952341947,1.7944147680238416,0.015774724649920024,4.643978866061425,-0.011055686821994648,4.531088110303684,-0.009416462359459032,0.11094743111377471,0.49598377554332984,2.000987570574879,-0.01043779128936445,0.009612771043953725,0.006323398206900103,-1.5782769499223683,0.0011056054587186281,1.458819261255649,0.10289999842643738,0.40549999475479126,1.6497999429702759,-0.5,-0.5,0.5,-0.5,583.3969116210938,14.70880126953125,0.0
3.838,1.5823534657359257,1.7964025057162942,0.01563293143213418,4.647058095347243,-0.010921290507818426,4.5283370403286325,-0.009173443499665979,0.11075963038667255,0.4952501864727471,2.0003039276036767,-0.011226653602695726,0.007628511136147512,0.006586867661110951,-1.5782215679239568,0.0012402053452129636,1.4625944703342084,0.10289999842643738,0.40549999475479126,1.6497999429702759,-0.5,-0.5,0.5,-0.5,578.9338989257812,14.505131721496582,0.0
3.849,1.5826028002798713,1.7986447449475378,0.015475749769067626,4.650415442088506,-0.010788239362285346,4.525323053463727,-0.008850286647701822,0.11053810118225015,0.4944546387373112,1.9995536790338568,-0.012976369707020615,0.0048223997179749675,0.007710832171609157,-1.5780905828886556,0.0014553668254180252,1.4666467033267578,0.10289999842643738,0.40549999475479126,1.6497999429702759,-0.5,-0.5,0.5,-0.5,574.1071166992188,14.241621017456055,0.0
3.86,1.582835165309957,1.8009100555814577,0.01533077941701766,4.653710438762631,-0.010599559795063662,4.522357965553742,-0.008530835419170657,0.11035511100093091,0.49381632615466725,1.9989445500798178,-0.014810519275703383,0.003873843064345023,0.010185823469284278,-1.5779417083196228,0.0016335417611168523,1.46985196740277,0.10289999842643738,0.40549999475479126,1.6497999429702759,-0.5,-0.5,0.5,-0.5,569.8494873046875,14.011555671691895,0.0
3.8689999999999998,1.5829941132581036,1.8028006685996765,0.015204438133252118,4.656375340262989,-0.010430038814819298,4.519964246623016,-0.008221237933915049,0.11017534548245854,0.49311790129056243,1.998275497227125,-0.015775651830261403,0.0024735222710895585,0.01131372884085723,-1.5777525701058066,0.0017638245455229296,1.4732941497281096,0.10289999842643738,0.40549999475479126,1.6497999429702759,-0.5,-0.5,0.5,-0.5,565.4786376953125,13.767653465270996,0.0
3.878,1.5831407577197725,1.8047464335125252,0.015058863447804605,4.65900008132829,-0.010267918306024804,4.517593960664732,-0.007861829609589144,0.11001411170716151,0.4924364104767468,1.9976116783100792,-0.014813236654822858,0.0011565753631375855,0.012548501766003412,-1.577483552024187,0.0018934712018463529,1.4766026271999986,0.10289999842643738,0.40549999475479126,1.6497999429702759,-0.5,-0.5,0.5,-0.5,560.9310913085938,13.447233200073242,0.0
3.8890000000000002,1.5832404016258463,1.8072787332958953,0.014880848295393712,4.662172701047526,-0.010024856349669875,4.5147538581146245,-0.007455028420552345,0.10988077336699464,0.4917823024683274,1.99693283801991,-0.011120420166013152,0.00018571900047095491,0.01528484743086542,-1.5772210085731582,0.001978462138386483,1.4797431151275506,0.10289999842643738,0.40549999475479126,1.6497999429702759,-0.5,-0.5,0.5,-0.5,556.331787109375,13.094244956970215,0.0
3.899,1.5832194833737416,1.8097539648041163,0.014722506442793382,4.66504249617327,-0.00984641733056435,4.512222429292934,-0.007041383279080549,0.10980352377720719,0.4911623592308086,1.9962160186268556,-0.01078869012789114,-0.0016141692119565564,0.01605630193070342,-1.5769408981595605,0.00196042200086044,1.482656219792277,0.10289999842643738,0.40549999475479126,1.6497999429702759,-0.5,-0.5,0.5,-0.5,551.8464965820312,12.761405944824219,0.0
3.909,1.583192660245678,1.81230407430969,0.01454723316152684,4.667862663517803,-0.00967158398188328,4.509714409578273,-0.00661800355720743,0.10976160493622425,0.490569140058231,1.995484449537472,-0.012412236135891635,-0.0022730484452753528,0.015219591910436666,-1.5766330570094862,0.001942970199104721,1.4853990234599728,0.10289999842643738,0.40549999475479126,1.6497999429702759,-0.5,-0.5,0.5,-0.5,548.1244506835938,12.491043090820312,0.0
3.919,1.5832205272208189,1.8148843068636822,0.014366378626612608,4.6706300706480635,-0.00946390763921201,4.507222624975317,-0.00623741793790078,0.10972044206171866,0.48993965541658674,1.994678737103123,-0.01608151807927569,-0.0038379913774528084,0.014232583351684277,-1.576316213652605,0.001903494039547926,1.4882479570501583,0.10289999842643738,0.40549999475479126,1.6497999429702759,-0.5,-0.5,0.5,-0.5,544.2162475585938,12.258061408996582,0.0
3.9290000000000003,1.5832971830769758,1.8174684025061367,0.014183917940502333,4.673355629899892,-0.009286802550768414,4.50474171643794,-0.005876058795205807,0.10966923860991018,0.48937817004164497,1.9939625702115555,-0.019711566065688135,-0.00543533327809134,0.014220656853191446,-1.5760443169234608,0.001926494360708908,1.490729438089295,0.10289999842643738,0.40549999475479126,1.6497999429702759,-0.5,-0.5,0.5,-0.5,540.832275390625,12.120514869689941,0.0
3.939,1.583408900844855,1.8200369003079881,0.014000577022073024,4.676039795054015,-0.009110943071365618,4.502295590094332,-0.005561299265635533,0.10961499287324801,0.48887818600054567,1.993336438845031,-0.022361338987843087,-0.007144608220411483,0.014613527263981442,-1.5758125509134844,0.0019967580583046818,1.4928827963782032,0.10289999842643738,0.40549999475479126,1.6497999429702759,-0.5,-0.5,0.5,-0.5,538.0065307617188,12.054425239562988,0.0
3.949,1.58355165544208,1.8225975858457488,0.013812517748170272,4.678711280636825,-0.008921684048693201,4.499906318152161,-0.0053131476496526275,0.10954995436554936,0.4883245135250418,1.9926631271363655,-0.022847044212782042,-0.008877965197035176,0.015176599338937048,-1.5756002938939355,0.0020918358327302045,1.49519360362593,0.10289999842643738,0.40549999475479126,1.6497999429702759,-0.5,-0.5,0.5,-0.5,535.3815307617188,11.972023963928223,0.0
3.959,1.5837120957927215,1.8251701388934052,0.013619838025989317,4.681402330795144,-0.008742139465378607,4.497577653196891,-0.005091430464527313,0.10948180367341201,0.4877665806982815,1.9920079770767245,-0.022100125722700904,-0.010549812568304994,0.016080921994906325,-1.5754250598572215,0.0022147311948099713,1.4974404481220691,0.10289999842643738,0.40549999475479126,1.6497999429702759,-0.5,-0.5,0.5,-0.5,532.431640625,11.877154350280762,0.0
3.969,1.583876650988982,1.827770053520581,0.013443401227537954,4.684131166294803,-0.00856932653857534,4.4953107701584125,-0.004878788538268175,0.10941444697431114,0.4872031811610846,1.991371852516152,-0.019510525770035172,-0.012149435722454286,0.01673919764830603,-1.5752429711170144,0.0023645588026615094,1.4996473565313246,0.10289999842643738,0.40549999475479126,1.6497999429702759,-0.5,-0.5,0.5,-0.5,529.4174194335938,11.796191215515137,0.0
3.9779999999999998,1.584021896216755,1.8301444781613725,0.013318180114741729,4.6866275493748795,-0.008408308147240362,4.4933206125449,-0.004707862416560182,0.10934506533876676,0.48663227095985356,1.9907499721053996,-0.017040260654767284,-0.01346782876896034,0.01742150459351261,-1.5750312520119316,0.002525054281091066,1.501823587832835,0.10289999842643738,0.40549999475479126,1.6497999429702759,-0.5,-0.5,0.5,-0.5,526.120849609375,11.714795112609863,0.0
3.989,1.58418759540037,1.83309598039488,0.013208333110724446,4.689727843470918,-0.008222061618995191,4.490920334960383,-0.00450197815634823,0.10927511704140733,0.4860569284551437,1.9901422107942237,-0.013685572919923178,-0.014281832968826772,0.018177933143923092,-1.5747824635478325,0.002688833663643031,1.5039875721719294,0.10289999842643738,0.40549999475479126,1.6497999429702759,-0.5,-0.5,0.5,-0.5,523.0776977539062,11.672242164611816,0.0
3.998,1.584308223710429,1.8355552379110431,0.013144453228721709,4.692308082137132,-0.008077443464901357,4.488971320983597,-0.004318614226386686,0.10919978566596708,0.48541833097331527,1.9894852896486646,-0.011502303611161677,-0.015306780911903793,0.01922209696572729,-1.5744464336571966,0.00288852446638721,1.5063772003637403,0.10289999842643738,0.40549999475479126,1.6497999429702759,-0.5,-0.5,0.5,-0.5,519.7528686523438,11.590360641479492,0.0
4.009,1.584411665327556,1.8386050616497016,0.013090545088075167,4.6955067989620485,-0.007894078537827198,4.486572993042295,-0.004113682796490714,0.10914548993858698,0.48483402625052097,1.9888987489067764,-0.01048159575659232,-0.016980874691144395,0.020652882233301133,-1.5741042649526489,0.0030506416752729137,1.5085689326610905,0.10289999842643738,0.40549999475479126,1.6497999429702759,-0.5,-0.5,0.5,-0.5,516.1295776367188,11.48852252960205,0.0
4.019,1.5844572255219624,1.841407928189298,0.01305740623017737,4.698452513788845,-0.007738838571161644,4.484352768676314,-0.003948539915903382,0.10911572761701964,0.4843037639412911,1.9883845940519664,-0.010302995198242888,-0.01719772834303191,0.021518700714312618,-1.5738037959811335,0.003170145352130227,1.5105816462811281,0.10289999842643738,0.40549999475479126,1.6497999429702759,-0.5,-0.5,0.5,-0.5,513.0260620117188,11.466242790222168,0.0
4.029,1.5844818386303858,1.8442418911351552,0.013029433812241642,4.701418785934502,-0.007603714021342967,4.482102321712776,-0.0037703652713938496,0.1091016968101728,0.48371156210545135,1.9878274635560584,-0.009639553911606813,-0.01869367941272204,0.02159476035094537,-1.5734567639166228,0.0032986911994301593,1.5128587737972183,0.10289999842643738,0.40549999475479126,1.6497999429702759,-0.5,-0.5,0.5,-0.5,510.1540832519531,11.382185935974121,0.0
4.039,1.5845386980558516,1.8471101182259169,0.013009616724079187,4.704386732708967,-0.0074836445297119525,4.479831795794115,-0.003607891604622715,0.10909229973528663,0.48306345798930317,1.987221062798915,-0.009106897881613748,-0.019260820992408955,0.020405212405382806,-1.57305865938772,0.0034632773290024232,1.5153640565141107,0.10289999842643738,0.40549999475479126,1.6497999429702759,-0.5,-0.5,0.5,-0.5,507.1994934082031,11.249788284301758,0.0
4.049,1.5846445530787099,1.8500406698484078,0.013001325296442268,4.707357345757052,-0.007353440348669693,4.477542850404677,-0.003494297942799207,0.10906867530752339,0.4825387591952623,1.9867267701061049,-0.0076572551324435275,-0.020319362780909452,0.020560069875925294,-1.5727506276922012,0.003648415821140283,1.5174043335584195,0.10289999842643738,0.40549999475479126,1.6497999429702759,-0.5,-0.5,0.5,-0.5,503.81390380859375,11.115558624267578,0.0
4.059,1.5847545465232704,1.8530132145976648,0.013000823302846243,4.710304631562003,-0.007207379582530038,4.475254131985641,-0.003395278510077482,0.10903849110922018,0.4819675149810748,1.9861695306350446,-0.007866725894716105,-0.02124165136113475,0.021613741056945013,-1.5724211619404835,0.0038637823189455744,1.5196159617219698,0.10289999842643738,0.40549999475479126,1.6497999429702759,-0.5,-0.5,0.5,-0.5,500.41046142578125,10.9569091796875,0.0
4.069,1.5848383247434166,1.8560086385245214,0.01301877997959977,4.713232352888358,-0.007041555236300567,4.472948237053953,-0.0032954298421925543,0.10901865996134036,0.4814073391717486,1.9856143945865277,-0.007652026505109252,-0.022170049925937123,0.02249010954485324,-1.5720646878129998,0.004062894683005691,1.521782542351871,0.10289999842643738,0.40549999475479126,1.6497999429702759,-0.5,-0.5,0.5,-0.5,497.3835144042969,10.881946563720703,0.0
4.079,1.5849096011683423,1.859050795406823,0.013042927746448107,4.716173053382484,-0.0068119298942361795,4.470620434446091,-0.00322875598471839,0.10901408449261664,0.4808527777859022,1.9850574400289505,-0.007364662872846504,-0.02313239552332453,0.023044921132224967,-1.57168968207976,0.004214286726822003,1.5239368040746901,0.10289999842643738,0.40549999475479126,1.6497999429702759,-0.5,-0.5,0.5,-0.5,494.3170166015625,10.750547409057617,0.0
4.089,1.5849810968349658,1.8621320992182877,0.013055260167238458,4.719116105990288,-0.006539088397558679,4.468293426363954,-0.003183551351858327,0.10902505891034284,0.4803018491297823,1.9844959878309085,-0.006692991908865003,-0.024057959012568828,0.023328387615932495,-1.5713346941090616,0.004301949066270794,1.5260748228404843,0.10289999842643738,0.40549999475479126,1.6497999429702759,-0.5,-0.5,0.5,-0.5,490.9474182128906,10.605862617492676,0.0
4.098,1.5850583000351817,1.8649389353823764,0.013048686716862434,4.721749417811494,-0.006282658200219338,4.466200457308882,-0.0031366750003360977,0.10904739538518636,0.4797591851918644,1.98392438128387,-0.0059215249495373065,-0.024926589177692957,0.023264051805656768,-1.570984033750906,0.004379830573231658,1.5281639466651114,0.10289999842643738,0.40549999475479126,1.6497999429702759,-0.5,-0.5,0.5,-0.5,487.91632080078125,10.473651885986328,0.0
4.108,1.585157794081126,1.8681021811801397,0.01303962495205191,4.724660379184155,-0.005964459221280194,4.463863567522144,-0.0031147302510374786,0.10907498440860314,0.47922877062131564,1.9833382333677274,-0.004648352462935496,-0.025777429117174778,0.023403033409165785,-1.5706408379270154,0.004447187412996989,1.5302085488546586,0.10289999842643738,0.40549999475479126,1.6497999429702759,-0.5,-0.5,0.5,-0.5,485.0857238769531,10.384927749633789,0.0
4.119,1.5852840631220246,1.8716397634786546,0.013041213145710273,4.7278786226532565,-0.005616646502817346,4.461275778905237,-0.003121570873857671,0.10910626922018439,0.47870631772858385,1.9827340765399177,-0.004187270745101805,-0.026240719041642355,0.022959115820654474,-1.5703154058894466,0.004505479320877193,1.5322250221104792,0.10289999842643738,0.40549999475479126,1.6497999429702759,-0.5,-0.5,0.5,-0.5,482.3828125,10.306180953979492,0.0
4.129,1.5854463574485882,1.8748789888829567,0.013043193309060896,4.730828035423853,-0.005336032452349926,4.458916759989829,-0.003123473253784148,0.10912789629757572,0.4781828394834555,1.982119946816099,-0.005101270953163781,-0.02777922616309023,0.022267514974958283,-1.5699849686636917,0.004622857193917973,1.534245632182414,0.10289999842643738,0.40549999475479126,1.6497999429702759,-0.5,-0.5,0.5,-0.5,480.4908447265625,10.264474868774414,0.0
4.139,1.5856397088597483,1.8781316924126337,0.013047790638843537,4.733791530078197,-0.005061579310408071,4.456567954462748,-0.003156016327245048,0.10913291305033058,0.47765451283062826,1.981505051716892,-0.0053466019339748075,-0.028492205173791415,0.022938296062536258,-1.5696583018249999,0.004809455174322519,1.5362608312024641,0.10289999842643738,0.40549999475479126,1.6497999429702759,-0.5,-0.5,0.5,-0.5,478.0215148925781,10.176249504089355,0.0
4.148,1.5857732680256973,1.8810882233161852,0.013056633040844368,4.736467591681285,-0.0048339185668329065,4.454457289080353,-0.003215401413251051,0.1091427240408881,0.4771263637072833,1.980883906258217,-0.0050442177439559786,-0.02872052900361286,0.024833996340954363,-1.5693651815558494,0.005001774409763016,1.5382504804868808,0.10289999842643738,0.40549999475479126,1.6497999429702759,-0.5,-0.5,0.5,-0.5,475.09027099609375,10.073097229003906,0.0
4.159,1.585835419890115,1.8847742110515053,0.01305676863739258,4.739766013344319,-0.004624861571770111,4.451862024832843,-0.0032713081766049257,0.10918827604747525,0.47660195587011034,1.980253831974751,-0.004166433661335212,-0.028880537638525394,0.026345391052498435,-1.569089573803472,0.0051872638640242386,1.5402181333198466,0.10289999842643738,0.40549999475479126,1.6497999429702759,-0.5,-0.5,0.5,-0.5,472.11968994140625,9.985342025756836,0.0
4.169,1.5858369598091562,1.8881984680701365,0.013057678797938621,4.7427822601377425,-0.004437051175131934,4.449496660772655,-0.0033530920222952787,0.10927264987457858,0.4760827205740751,1.979613555025559,-0.003383249962366607,-0.0292020735060718,0.026027309007257655,-1.5688357096522094,0.005335801051549183,1.5421576660797405,0.10289999842643738,0.40549999475479126,1.6497999429702759,-0.5,-0.5,0.5,-0.5,469.08111572265625,9.895270347595215,0.0
4.179,1.5858511989467479,1.8916535015429297,0.013063068177961767,4.745791637345205,-0.004228946726960281,4.447146299442124,-0.0034528809892195866,0.10937367348981591,0.4755713188525794,1.978963032458853,-0.0035471075172794804,-0.029755268038523443,0.02479901878036037,-1.5686067742990613,0.005450793829819389,1.5440470206884296,0.10289999842643738,0.40549999475479126,1.6497999429702759,-0.5,-0.5,0.5,-0.5,465.892578125,9.817072868347168,0.0
4.189,1.5858854967497376,1.895140418304841,0.013060457190763763,4.748790629056306,-0.004016656116193396,4.444795961154262,-0.0035270044792747868,0.10947303200422803,0.4750641711767202,1.9783088927222132,-0.0025410074680276206,-0.030081047503380733,0.024858335059053046,-1.5683605043603301,0.005574934481669569,1.5458936716876968,0.10289999842643738,0.40549999475479126,1.6497999429702759,-0.5,-0.5,0.5,-0.5,463.2842102050781,9.736759185791016,0.0
4.199,1.5859182083772412,1.8986712900344536,0.013055591149760737,4.751770159609166,-0.0037965166165552233,4.442431020798282,-0.0036039503195040012,0.10958170838944425,0.4745680004735995,1.9776401505976713,-0.001849347618579199,-0.030080456374811788,0.024535780147734585,-1.5680990635350451,0.005692398920879249,1.547702255290162,0.10289999842643738,0.40549999475479126,1.6497999429702759,-0.5,-0.5,0.5,-0.5,460.8249816894531,9.671662330627441,0.0
4.209,1.5859603597656102,1.902215865486614,0.013039662693176801,4.754719956927977,-0.003571562937136896,4.440074859226562,-0.003702773644278956,0.10969543489351044,0.4740822657863699,1.9769573248490044,-0.0015363538787591582,-0.030493627394672065,0.02455196530546372,-1.5678533574306461,0.005807703962309674,1.549468599560703,0.10289999842643738,0.40549999475479126,1.6497999429702759,-0.5,-0.5,0.5,-0.5,458.50726318359375,9.627163887023926,0.0
4.219,1.586001871076503,1.9057912992096355,0.013008862766711538,4.757643691109184,-0.0033618205180481198,4.437741310988128,-0.0038161463410117946,0.10981790280426922,0.4736057181816451,1.9762592215766077,0.0003816470719129492,-0.03084131869150145,0.024520530567006454,-1.5676378268302404,0.005926903773373571,1.551179042114642,0.10289999842643738,0.40549999475479126,1.6497999429702759,-0.5,-0.5,0.5,-0.5,456.4084167480469,9.583402633666992,0.0
4.229,1.5860362427079364,1.9094056305132874,0.012970870577423632,4.7605335538646,-0.0031590144541988607,4.435430224307422,-0.00395521207345606,0.10994897358297519,0.4731433304158341,1.9755296409168612,0.0010536290386750939,-0.031487206872012626,0.02466494268503413,-1.5674508668322453,0.006056016947136644,1.552809073388806,0.10289999842643738,0.40549999475479126,1.6497999429702759,-0.5,-0.5,0.5,-0.5,453.9181213378906,9.508506774902344,0.0
4.239,1.5860498840894,1.9130412571949087,0.012937125715906994,4.763386531533239,-0.0029527864551255334,4.433113569204909,-0.004129577938184248,0.11009242901705665,0.47269497993831877,1.9747735133147473,0.0015009240535368326,-0.031179246549459284,0.024777770643670125,-1.567296653181058,0.006169144434778673,1.5543684582338504,0.10289999842643738,0.40549999475479126,1.6497999429702759,-0.5,-0.5,0.5,-0.5,451.751708984375,9.453912734985352,0.0
4.248,1.5860406276917693,1.9163433831935404,0.012911369464853273,4.765938872118513,-0.002777557872571279,4.431001143363365,-0.004297324507109401,0.1102495567075082,0.47225748395376893,1.9739899570831176,0.0015432689181497535,-0.031183905009230944,0.024799795831373768,-1.5671636119970955,0.006266150567494577,1.5559030085391625,0.10289999842643738,0.40549999475479126,1.6497999429702759,-0.5,-0.5,0.5,-0.5,449.397216796875,9.354514122009277,0.0
4.258,1.5860248715900873,1.9200625771490003,0.012880253659901975,4.7687693653525285,-0.0025884969602509855,4.428625844274026,-0.004473945737255569,0.11041898079881855,0.47182870669984933,1.9731768588221577,0.002545240923218575,-0.03163065630965758,0.024268764925314223,-1.5670306415169273,0.006357831145926696,1.5574148745478635,0.10289999842643738,0.40549999475479126,1.6497999429702759,-0.5,-0.5,0.5,-0.5,446.8816223144531,9.264230728149414,0.0
4.268,1.5860214323933723,1.9238553411214063,0.012855036138225806,4.771603140352816,-0.002389235144270252,4.426219242444337,-0.004646575891713134,0.1105914193007868,0.47140919758251737,1.9723239431905164,0.0031784546510923765,-0.031324723607320006,0.02361309785639409,-1.5668865749753522,0.006448008863507049,1.558901054834662,0.10289999842643738,0.40549999475479126,1.6497999429702759,-0.5,-0.5,0.5,-0.5,444.593505859375,9.18044376373291,0.0
4.2780000000000005,1.5860270466064517,1.9277115049381521,0.012842433391882402,4.774426850990859,-0.0021890064589067393,4.42379192172361,-0.004812541235401646,0.11076109489400565,0.4709993056359184,1.9714306546764242,0.003526289498260936,-0.031706718267118815,0.023277451735815493,-1.566726536396305,0.0065428488384595695,1.560347132960941,0.10289999842643738,0.40549999475479126,1.6497999429702759,-0.5,-0.5,0.5,-0.5,441.7210388183594,9.093520164489746,0.0
4.288,1.5860332575646545,1.9316092707161268,0.012844789766503162,4.777235778558832,-0.0020017865247208277,4.421355696974227,-0.00496426779869541,0.11092972369755538,0.470600492370954,1.970497452874185,0.0029866467636887784,-0.03171050663310425,0.022968539198292743,-1.5665430568128145,0.006651900743348094,1.5617386725708844,0.10289999842643738,0.40549999475479126,1.6497999429702759,-0.5,-0.5,0.5,-0.5,439.7408447265625,9.037657737731934,0.0
4.3,1.5860201374621088,1.9363248498784458,0.012892776818143048,4.780609131820831,-0.001770955313379119,4.418444732656011,-0.00515813781461727,0.11111410501526672,0.47016565429410256,1.9694332974690998,0.00272315833447057,-0.03158994916132325,0.022948092628732597,-1.5663126767610054,0.006778390888611874,1.5632249243449001,0.10289999842643738,0.40549999475479126,1.6497999429702759,-0.5,-0.5,0.5,-0.5,437.2901611328125,8.955169677734375,0.0
4.308,1.585992979421981,1.9394962583824302,0.012950597888497839,4.782864175359876,-0.0016080667881528399,4.416514698903698,-0.0052954486729879235,0.11126842152917157,0.46981082292765197,1.968531618764718,0.0024839723169709713,-0.03150477517961253,0.02289868414159094,-1.5661037997763978,0.006862211755372272,1.5643990438066189,0.10289999842643738,0.40549999475479126,1.6497999429702759,-0.5,-0.5,0.5,-0.5,434.9075622558594,8.887344360351562,0.0
4.318,1.5859616450843248,1.9435148920294676,0.013020517606098458,4.785699273668766,-0.0013969303420520163,4.414107870812454,-0.005466836392616692,0.11144467283023872,0.4694181445446128,1.9674969995514493,0.003950523306698891,-0.031458642492869955,0.022510716472802072,-1.5658587738764893,0.0069432829122533235,1.565668579693992,0.10289999842643738,0.40549999475479126,1.6497999429702759,-0.5,-0.5,0.5,-0.5,432.1063232421875,8.78090763092041,0.0
4.329,1.5859412287322137,1.9480238847211435,0.013077938185141136,4.788841615165345,-0.001138350190112547,4.4114616599695085,-0.005682289673633711,0.11162397907968445,0.4690287183975752,1.9664161514705387,0.004800447015888613,-0.03131515232851718,0.022318862920491907,-1.5656322792775546,0.007016234031736346,1.5668893826059465,0.10289999842643738,0.40549999475479126,1.6497999429702759,-0.5,-0.5,0.5,-0.5,429.38787841796875,8.712982177734375,0.0
4.338,1.5859341941377156,1.9517486021146286,0.013103606124545308,4.791400448635087,-0.0009028726615820659,4.4092908203698835,-0.0058850764171660686,0.1118104294507405,0.4686446899157893,1.9652956867426183,0.00453637078391073,-0.03116793786085311,0.022075762744284185,-1.5654504823116622,0.007061526285469633,1.568071813537762,0.10289999842643738,0.40549999475479126,1.6497999429702759,-0.5,-0.5,0.5,-0.5,426.40283203125,8.647344589233398,0.0
4.348,1.5859283653105223,1.955946553004555,0.013107425981843335,4.7942414701067975,-0.0006426683058062821,4.406880867461068,-0.006109286412766757,0.1120041449119407,0.46826911396858895,1.964138648707877,0.006325379331287881,-0.030824814283572775,0.022059057357590863,-1.5653046427956465,0.007095412685242053,1.569199195860061,0.10289999842643738,0.40549999475479126,1.6497999429702759,-0.5,-0.5,0.5,-0.5,423.4778747558594,8.55562686920166,0.0
4.358,1.5859298206642976,1.9602470450938512,0.013090055902864606,4.797115289087023,-0.00038098629717975285,4.404468770621446,-0.0063166650836601335,0.1122073847000483,0.46789860991629595,1.9629293010293625,0.007079313401776708,-0.030614243381881658,0.021351252334999758,-1.565171344353723,0.0071232316629332715,1.5702687635257346,0.10289999842643738,0.40549999475479126,1.6497999429702759,-0.5,-0.5,0.5,-0.5,420.6499938964844,8.47615909576416,0.0
4.368,1.585950198532136,1.9646217482379313,0.013057389989119983,4.800000910779836,-0.00010591482753419257,4.402044672324927,-0.006512912813431804,0.11241113339661318,0.46753133395714147,1.9616746402745648,0.007025286515478985,-0.030339135699399156,0.02094305664115099,-1.5650372776185641,0.0071477227392846565,1.57129105643192,0.10289999842643738,0.40549999475479126,1.6497999429702759,-0.5,-0.5,0.5,-0.5,417.4615173339844,8.342291831970215,0.0
4.378,1.5859756207998723,1.9690469581472438,0.013012862845870998,4.802877173599811,0.00016393012605320223,4.399600446684942,-0.006693560916233743,0.11261705952946113,0.46717002827427445,1.9603785408939407,0.00617366167407974,-0.030041253016815633,0.020660018936891438,-1.5649037482057684,0.007169039979471048,1.5722652811736595,0.10289999842643738,0.40549999475479126,1.6497999429702759,-0.5,-0.5,0.5,-0.5,414.7687072753906,8.230390548706055,0.0
4.389,1.586008343697812,1.973947569148475,0.012957787051256275,4.80601665746458,0.00044553468244679095,4.396879095243919,-0.006884767483952281,0.11282572911610966,0.4668139042672081,1.9590477989802402,0.005038935958651632,-0.029767300398358162,0.02005755303356416,-1.5647715609620345,0.007201081980398705,1.5732037643250112,0.10289999842643738,0.40549999475479126,1.6497999429702759,-0.5,-0.5,0.5,-0.5,411.968505859375,8.151373863220215,0.0
4.399,1.5860321956412902,1.9784590738786036,0.012915260776203752,4.80884518708269,0.0007055634841055536,4.39436843811342,-0.007081116918398855,0.11303282093848863,0.46646478550322146,1.9576826720545404,0.005792527753986493,-0.029328535772362486,0.02010872219203621,-1.564650437874454,0.00723655098182352,1.5741096347989445,0.10289999842643738,0.40549999475479126,1.6497999429702759,-0.5,-0.5,0.5,-0.5,408.98638916015625,8.070019721984863,0.0
4.409,1.586039921892639,1.9830565689807997,0.012869627507509307,4.8116601610436796,0.0009467371577116523,4.391824648385135,-0.007275707334220449,0.11324724926083192,0.46612865887594795,1.9562695798720589,0.006302580601602636,-0.028929658497690674,0.019795291898897747,-1.5645455967677142,0.00725705690348466,1.5749564966180527,0.10289999842643738,0.40549999475479126,1.6497999429702759,-0.5,-0.5,0.5,-0.5,405.49896240234375,7.960235595703125,0.0
4.42,1.5860179105002556,1.9881929294873757,0.012817549601356504,4.814749404155574,0.0011902944363688661,4.389005619679581,-0.007472059464162406,0.11346800215714928,0.4658015679285593,1.9548127211019326,0.006471037329340762,-0.02825400502831624,0.02002761777351615,-1.5644437795835504,0.007290302627944278,1.5757493381755032,0.10289999842643738,0.40549999475479126,1.6497999429702759,-0.5,-0.5,0.5,-0.5,402.33642578125,7.857173442840576,0.0
4.429,1.5859602625048526,1.9924360703664465,0.012784436133122412,4.817268422871976,0.001403447585796691,4.3866894872446816,-0.007643549768753921,0.11370549403077264,0.4654804876401099,1.9533168681047948,0.005291114981937151,-0.027698874978405483,0.019909778451715484,-1.5643366565497798,0.007283101616187615,1.5764878976994172,0.10289999842643738,0.40549999475479126,1.6497999429702759,-0.5,-0.5,0.5,-0.5,399.2766418457031,7.751357078552246,0.0
4.439,1.5858546055670066,1.9971928600513245,0.012744414264904691,4.820069603590411,0.001628056707251524,4.384121483231003,-0.007834044841541932,0.11396094310255166,0.46516166447942014,1.9517936065465922,0.005689847155860159,-0.026931150355785444,0.01993024481470673,-1.564239253412303,0.0072281234466125,1.5771817115185878,0.10289999842643738,0.40549999475479126,1.6497999429702759,-0.5,-0.5,0.5,-0.5,395.9481506347656,7.650796890258789,0.0
4.449,1.5856986820275063,2.002057393508066,0.012688153665971313,4.822914339120437,0.0018186652605747256,4.381575848834392,-0.00800523883403681,0.11426894978104869,0.4648110264927602,1.9500716956133413,0.007576082577544503,-0.026081876638593293,0.019830443244863237,-1.564147088061933,0.0071399133114420366,1.5778684592153895,0.10289999842643738,0.40549999475479126,1.6497999429702759,-0.5,-0.5,0.5,-0.5,392.0841369628906,7.55304479598999,0.0
4.459,1.5854944299028348,2.007037465229496,0.012617008761820259,4.825808453395557,0.0020062280649586484,4.379062495789587,-0.008193688679718925,0.11454457779659809,0.46452238425766434,1.948617089072516,0.008586133115743919,-0.025219835658735618,0.01959789372761784,-1.5640903899112581,0.007032536369035114,1.5783590515638855,0.10289999842643738,0.40549999475479126,1.6497999429702759,-0.5,-0.5,0.5,-0.5,388.07958984375,7.46624231338501,0.0
4.469,1.5852625156966633,2.0121007987271273,0.01253983870685893,4.828725297400797,0.002197494760079799,4.376565577756399,-0.008411345591311736,0.11487452637882252,0.4642006736695367,1.9469576013091483,0.008823631658580824,-0.02457306550733453,0.01845889922964632,-1.5640777752433985,0.006857809010385907,1.5788265408316042,0.10289999842643738,0.40549999475479126,1.6497999429702759,-0.5,-0.5,0.5,-0.5,384.40289306640625,7.345279216766357,0.0
4.479,1.5850452982885388,2.0172004742667333,0.012463968866835984,4.831637573059968,0.0023821566205830536,4.374034907878081,-0.008637979495886405,0.11521043602989708,0.46387899611178846,1.9452597009908241,0.006338559149297868,-0.02422453283360672,0.01683264087546845,-1.5640828174239054,0.006666237795831975,1.5792443668062677,0.10289999842643738,0.40549999475479126,1.6497999429702759,-0.5,-0.5,0.5,-0.5,381.05072021484375,7.207330226898193,0.0
4.489,1.5848488948493449,2.0223205947779377,0.0123958589411437,4.8345417922827965,0.00257362859929966,4.3714494904006775,-0.008900260766400159,0.11553648801441554,0.4635545916554287,1.9435460719011364,0.005369707547825735,-0.02375163869421955,0.016043953825154555,-1.5641116667163475,0.006492887531908131,1.5796691450278493,0.10289999842643738,0.40549999475479126,1.6497999429702759,-0.5,-0.5,0.5,-0.5,377.86944580078125,7.06863260269165,0.0
4.499,1.584643171368989,2.0274887004976136,0.012344975604550612,4.837464097086739,0.0027720547891849634,4.368840894328437,-0.009188130860878552,0.1158580125713196,0.46322652537341147,1.9418090912145491,0.005124646604032151,-0.023190930609788087,0.01570625358822209,-1.5641673700085807,0.006309174707892495,1.5800888451592363,0.10289999842643738,0.40549999475479126,1.6497999429702759,-0.5,-0.5,0.5,-0.5,374.4222717285156,6.96038818359375,0.0
4.508,1.5844491767978388,2.032192796066342,0.012306608909900874,4.8401135582793895,0.0029284199933101718,4.366506239721857,-0.009428101393402777,0.11618029542145457,0.4628915612567876,1.9400461025237288,0.006762427177705411,-0.022758432925616502,0.01511076437408989,-1.5642161448886605,0.006122974156972383,1.580487651452574,0.10289999842643738,0.40549999475479126,1.6497999429702759,-0.5,-0.5,0.5,-0.5,370.7582092285156,6.891665458679199,0.0
4.518,1.5842359539346047,2.037523674697704,0.012279241367952665,4.843078968632711,0.0030966869017357013,4.363949539513793,-0.009697890273767662,0.11649790239669046,0.4625570720136746,1.9382385854551827,0.009901103335834972,-0.022295927837356542,0.014380830419387952,-1.5642501964981548,0.0059528357027685,1.5808038692893327,0.10289999842643738,0.40549999475479126,1.6497999429702759,-0.5,-0.5,0.5,-0.5,366.6422119140625,6.850035190582275,0.0
4.53,1.5839647140912918,2.0440767760945526,0.012264787349231199,4.846652624706135,0.003308833628950403,4.360920347807638,-0.010062681251977956,0.11681006355027644,0.4622261558714863,1.9363738272292257,0.012521910087568812,-0.021519276695691824,0.014323122718010579,-1.5642942398343957,0.005774719877084333,1.5810132082881825,0.10289999842643738,0.40549999475479126,1.6497999429702759,-0.5,-0.5,0.5,-0.5,362.66717529296875,6.785436153411865,0.0
4.538,1.583766968873145,2.048505461450473,0.012248760672791903,4.849012416707826,0.003439689498233811,4.358907956460281,-0.01030295464829134,0.11712848932531333,0.4619038951274349,1.934452835146742,0.012057213351949802,-0.021002832078170813,0.014189940697622033,-1.5643607423448074,0.005579657679589012,1.5811153513414946,0.10289999842643738,0.40549999475479126,1.6497999429702759,-0.5,-0.5,0.5,-0.5,359.1123352050781,6.708909034729004,0.0
4.549,1.5834831757338899,2.0546363249861272,0.012217779764668535,4.852213469128068,0.0036298603693580844,4.356130299863218,-0.010637534567970341,0.11745502020963816,0.4615909015402836,1.932488462308184,0.011505074056555643,-0.020282176449738887,0.01366929548798157,-1.564435782388799,0.00536154847605852,1.5811260931277846,0.10289999842643738,0.40549999475479126,1.6497999429702759,-0.5,-0.5,0.5,-0.5,355.54718017578125,6.602517604827881,0.0
4.558,1.583239405190569,2.05969120231142,0.012188701608222274,4.854812136053756,0.00378832076004354,4.353834551579651,-0.01091618789797355,0.11778652555050724,0.461282458301134,1.9304789704034717,0.010360411869002665,-0.019607032757520317,0.01334975714189165,-1.5645284939601165,0.005118484257454092,1.581073125586296,0.10289999842643738,0.40549999475479126,1.6497999429702759,-0.5,-0.5,0.5,-0.5,351.7733154296875,6.479176998138428,0.0
4.569,1.582941155958168,2.0658868366877563,0.012157422484964542,4.857971961866243,0.003970313808827619,4.350984891282244,-0.011229064425992696,0.11812176135047849,0.46097220991767174,1.928432493710373,0.00828735685162168,-0.018964934413395022,0.012110039893259109,-1.5646200963453762,0.004863550587170806,1.5809967550408568,0.10289999842643738,0.40549999475479126,1.6497999429702759,-0.5,-0.5,0.5,-0.5,347.9740295410156,6.329760551452637,0.0
4.579,1.582675347367851,2.071546556019719,0.012140157914194205,4.860848043707356,0.004135377954296082,4.34834719003988,-0.011501217580970113,0.1184471893984892,0.46065578253522715,1.9263569239611296,0.007497094364988718,-0.018202290321657707,0.011683880292169189,-1.564683684154333,0.004620335104540629,1.5809231224962907,0.10289999842643738,0.40549999475479126,1.6497999429702759,-0.5,-0.5,0.5,-0.5,343.57391357421875,6.143529415130615,0.0
4.588,1.5824303553051982,2.0766866494868523,0.012134903285097032,4.863452023077675,0.004282776881191275,4.345933324282462,-0.011754769791614272,0.11877032703487433,0.4603296867569877,1.9242492675920855,0.007882963693843868,-0.017551909134624014,0.011044756315667323,-1.5647517422154928,0.004369318927313515,1.5808610345728962,0.10289999842643738,0.40549999475479126,1.6497999429702759,-0.5,-0.5,0.5,-0.5,339.3578186035156,5.970317363739014,0.0
4.598,1.5821565702636429,2.082462073252934,0.01214107578608381,4.866369564756788,0.004434686400618837,4.343199370616378,-0.012037388485969025,0.11908626101906922,0.4599972165308456,1.9221038672035002,0.008646663739259444,-0.016819169894231788,0.010573480680681558,-1.5648211929015434,0.0041270938424138315,1.5808094980649154,0.10289999842643738,0.40549999475479126,1.6497999429702759,-0.5,-0.5,0.5,-0.5,334.6570129394531,5.795412063598633,0.0
4.608,1.5818746337329612,2.088304620515661,0.012146849901500723,4.869330516118661,0.004599492526080162,4.340422789410458,-0.012346602229617254,0.11939901684499213,0.459652656260249,1.9199241719109272,0.009745260663663803,-0.015992454435891985,0.010467885417280708,-1.5649046077280755,0.0038810274935388023,1.5807875556410746,0.10289999842643738,0.40549999475479126,1.6497999429702759,-0.5,-0.5,0.5,-0.5,330.255859375,5.628262996673584,0.0
4.618,1.5815849413373249,2.0942359907255224,0.012149911738302599,4.872342071313095,0.004783524462184552,4.337612196476113,-0.012707176422410704,0.11971581872636636,0.4592953193875315,1.9177078638169236,0.01176628902869326,-0.015242666231380292,0.009883765553920332,-1.565039385869286,0.0035962901730250962,1.580786028559228,0.10289999842643738,0.40549999475479126,1.6497999429702759,-0.5,-0.5,0.5,-0.5,325.7528381347656,5.4961676597595215,0.0
4.628,1.5813076109139184,2.100257492675155,0.012150946202916124,4.875397191208252,0.004944189825476286,4.334770578851889,-0.01308413030610911,0.12002800525202842,0.45892618750949776,1.9154475282802954,0.012779209549864591,-0.014660248518655076,0.008888708431714467,-1.5652177631376352,0.0033155691964532608,1.5807865384473594,0.10289999842643738,0.40549999475479126,1.6497999429702759,-0.5,-0.5,0.5,-0.5,321.56878662109375,5.402216911315918,0.0
4.638,1.581037845545219,2.106346776953526,0.012157848047407604,4.878462877773875,0.0050736179535402215,4.331892708472506,-0.01347684399738025,0.12032670645695129,0.45854801665335315,1.9131473951019038,0.01326024035114586,-0.013908073086760234,0.008534390267403828,-1.5654208806135452,0.003076217123316738,1.580782400028806,0.10289999842643738,0.40549999475479126,1.6497999429702759,-0.5,-0.5,0.5,-0.5,316.9947509765625,5.253577709197998,0.0
4.65,1.5807162616630128,2.113680272073605,0.012185481724316105,4.882110169886667,0.00524546515770119,4.3283915029579125,-0.013980695983625502,0.12061809622607146,0.45816719816159907,1.910808235778973,0.011228202728449502,-0.013199084035591068,0.007784149506682038,-1.5656548077126637,0.0028447272393030687,1.580753966754317,0.10289999842643738,0.40549999475479126,1.6497999429702759,-0.5,-0.5,0.5,-0.5,312.83636474609375,5.1068115234375,0.0
4.661,1.5804347428899854,2.120342221627311,0.012224597409925764,4.885400519969655,0.005423959393494826,4.325153488329165,-0.014410633154477104,0.12089804637544617,0.4577810855861987,1.9084472862567086,0.007849966879604032,-0.012480962851860759,0.007306791768917714,-1.5658757212374321,0.00260037630626897,1.5807256637877614,0.10289999842643738,0.40549999475479126,1.6497999429702759,-0.5,-0.5,0.5,-0.5,308.9708251953125,4.984843730926514,0.0
4.6690000000000005,1.5802319064369668,2.1251563268376366,0.012265413487606125,4.887769242170243,0.005564790816017684,4.322798811053734,-0.014699488928976656,0.12116749777193793,0.45738718891386193,1.9060781355837537,0.007894335402822457,-0.01192640609524224,0.006927473681401394,-1.5660502128051685,0.0023567863013336243,1.5807002152408705,0.10289999842643738,0.40549999475479126,1.6497999429702759,-0.5,-0.5,0.5,-0.5,305.5074768066406,4.874636650085449,0.0
4.679,1.5799736137312914,2.1312720190359595,0.012334611910838511,4.890764757991441,0.005775472784796953,4.319840893164231,-0.01506451910786577,0.12142745403554367,0.4569854232643754,1.9036796474508404,0.012126640791094262,-0.011042971927683711,0.006764652834982458,-1.5661912550818753,0.0020960594652508213,1.5806544451403468,0.10289999842643738,0.40549999475479126,1.6497999429702759,-0.5,-0.5,0.5,-0.5,300.4143371582031,4.748607158660889,0.0
4.689,1.5797160921125881,2.137549365057996,0.012419843396394903,4.893810288951418,0.006011068907853634,4.316827263809238,-0.015420634861551541,0.12168262619254534,0.45657506058117897,1.901219063068681,0.015267011417664416,-0.01034234894606046,0.006011464407574829,-1.5663146227663771,0.0018034776447555245,1.5805845686606954,0.10289999842643738,0.40549999475479126,1.6497999429702759,-0.5,-0.5,0.5,-0.5,295.07672119140625,4.619235038757324,0.0
4.699,1.5794890165355229,2.143929188307272,0.012511713948605951,4.8968584069457055,0.006266365141063268,4.313733770224043,-0.015760080476415972,0.12192349738941136,0.45616119019000023,1.8987014742843003,0.0157737016105588,-0.009823515004971453,0.005088292721968354,-1.5664077623411081,0.00151335495073468,1.5805073783558359,0.10289999842643738,0.40549999475479126,1.6497999429702759,-0.5,-0.5,0.5,-0.5,289.7386169433594,4.468514442443848,0.0
4.708,1.5793020857253355,2.1496934547486415,0.012600356835324789,4.899592178884617,0.00652016314556203,4.3108831771330225,-0.016092893610504255,0.12214494937283478,0.45574303302118035,1.8961449110460986,0.01361907637868747,-0.009131030929952103,0.005045822322669502,-1.5664966083540384,0.001228877317266619,1.5804390358696683,0.10289999842643738,0.40549999475479126,1.6497999429702759,-0.5,-0.5,0.5,-0.5,285.32257080078125,4.302066802978516,0.0
4.719,1.5790643140511937,2.1567563709831585,0.012720353187710032,4.902945178389053,0.00682427772471339,4.307320892584888,-0.016551700492819954,0.12235856444768192,0.4553102638095644,1.8935705686532045,0.012455257833953558,-0.008314634229968589,0.004692351875731119,-1.5666293308965884,0.0009367148212890974,1.580420423418337,0.10289999842643738,0.40549999475479126,1.6497999429702759,-0.5,-0.5,0.5,-0.5,281.0457763671875,4.195324897766113,0.0
4.729,1.5788594540403258,2.163229186822612,0.012827959151105794,4.906003359057753,0.007074965488502727,4.304035158654936,-0.016992377059437125,0.12256201609227517,0.45486218224572006,1.8909649984673031,0.011892140723501048,-0.007694648528326383,0.004118111098226933,-1.56680481717036,0.0006673654938778029,1.5804260589745602,0.10289999842643738,0.40549999475479126,1.6497999429702759,-0.5,-0.5,0.5,-0.5,276.9754943847656,4.098809719085693,0.0
4.739,1.578667255467006,2.1697539242538664,0.012934884911008915,4.909054047668163,0.0073304828848792525,4.300727996817021,-0.017465552924119443,0.12275202583587969,0.45440529832921683,1.888322712105497,0.012418451493342387,-0.006961097333980052,0.0038866153326986056,-1.5670201844629907,0.00042172550467123315,1.5804029838327252,0.10289999842643738,0.40549999475479126,1.6497999429702759,-0.5,-0.5,0.5,-0.5,271.831787109375,3.989915609359741,0.0
4.749,1.578476464415778,2.176360459774374,0.013046830901052964,4.91210413399957,0.007605423047333026,4.297400824612018,-0.017951981389448868,0.12293353424652823,0.45394126013730984,1.8856368521124571,0.013816042411267286,-0.0062105507926319345,0.0036236556810245878,-1.567263217252044,0.00016502698277776062,1.5803395417028965,0.10289999842643738,0.40549999475479126,1.6497999429702759,-0.5,-0.5,0.5,-0.5,266.9760437011719,3.865151882171631,0.0
4.759,1.5782795208204439,2.183031943620339,0.013161860145946669,4.915139525095663,0.007881939766059887,4.294058745737632,-0.018408008442585277,0.12310789213921616,0.45347215314127864,1.8829012094720021,0.013610163397753713,-0.005362174028608363,0.0035549609003764087,-1.5674930421115718,-0.00010099359922044471,1.5802140619140428,0.10289999842643738,0.40549999475479126,1.6497999429702759,-0.5,-0.5,0.5,-0.5,262.02117919921875,3.7472598552703857,0.0
4.769,1.5780839531249304,2.1897012509673317,0.013293094090070845,4.918129185675119,0.008169947776324626,4.290703107544492,-0.018848771892144178,0.12329326354653083,0.4529510148469367,1.8798508575810162,0.011373300856792196,-0.004798547174635262,0.0026562778458618947,-1.567712696234517,-0.00040206934998199273,1.5800211629388552,0.10289999842643738,0.40549999475479126,1.6497999429702759,-0.5,-0.5,0.5,-0.5,257.4530944824219,3.644153356552124,0.0
4.7780000000000005,1.5779510614098546,2.195685437732285,0.013417281220776012,4.920798205816389,0.008451932633970038,4.287662518358833,-0.019243687624771688,0.12342658113509954,0.4525190457748399,1.87733840739758,0.009637172392874278,-0.004597046101789661,0.001452524841531551,-1.5678735364164385,-0.0006408162127877759,1.5798349423612679,0.10289999842643738,0.40549999475479126,1.6497999429702759,-0.5,-0.5,0.5,-0.5,253.0912628173828,3.5601298809051514,0.0
4.788,1.5778630223128376,2.2023931289575938,0.013547242852212094,4.923807674223157,0.008773496742766618,4.284230196103869,-0.019665078335530772,0.12354470874774112,0.4520184514571933,1.8745336692040158,0.010673829919301875,-0.0041486279170539105,0.0008527238580182151,-1.5680423017477514,-0.0008704561608441352,1.5796632476361494,0.10289999842643738,0.40549999475479126,1.6497999429702759,-0.5,-0.5,0.5,-0.5,247.94561767578125,3.456435203552246,0.0
4.802,1.5777964949417678,2.211966935170249,0.013730432744718968,4.928120486655532,0.009205309224693536,4.279352502450176,-0.02027791175911897,0.12363676822854752,0.451495165802369,1.8716962161877233,0.012792912987786901,-0.003427315528377325,0.000381325797609578,-1.5682079947844059,-0.0010548715495088956,1.5795112225706314,0.10289999842643738,0.40549999475479126,1.6497999429702759,-0.5,-0.5,0.5,-0.5,242.54315185546875,3.3398375511169434,0.0
4.8100000000000005,1.577759940211032,2.2174890293726275,0.013840636043955357,4.930597963408668,0.009446982387418146,4.2765474032970365,-0.02065981556176144,0.12370670108812487,0.450950962884075,1.868824405249102,0.012112631024281064,-0.0026165895702714736,0.0010584523189745916,-1.5684206924912298,-0.0011993370390248614,1.5793579795878265,0.10289999842643738,0.40549999475479126,1.6497999429702759,-0.5,-0.5,0.5,-0.5,237.66429138183594,3.2290830612182617,0.0
4.818,1.5777000584395582,2.223025959294466,0.013958992248977786,4.933061811095721,0.009679545376727106,4.273724933255262,-0.021031391273766964,0.12377270798847087,0.45039672081496684,1.865930167021157,0.01209403021405867,-0.0019759639886764704,0.0010268611838692085,-1.5686547273492684,-0.001350083809962932,1.5791796902838358,0.10289999842643738,0.40549999475479126,1.6497999429702759,-0.5,-0.5,0.5,-0.5,233.0711212158203,3.103780508041382,0.0
4.828,1.5776166047674787,2.2299843997273356,0.014109387770160353,4.9361503131283895,0.009964656555322193,4.270168414342344,-0.021465163437109247,0.12383484257332625,0.44982865308538833,1.863015853002115,0.01145264648417319,-0.0011760430177080196,0.0009866904025793977,-1.568867066743256,-0.0014971819918230267,1.5789883976767851,0.10289999842643738,0.40549999475479126,1.6497999429702759,-0.5,-0.5,0.5,-0.5,228.2639923095703,3.0078747272491455,0.0
4.838,1.5775260931178083,2.2369754698742312,0.014280828288846692,4.939249977241397,0.010273160186824448,4.266593527630866,-0.021914746300631727,0.12389149915891205,0.44924420725065717,1.8600851980436142,0.01143214812573751,-0.0005437290283593136,0.00039969918677440106,-1.5690643351711917,-0.001661532562264867,1.5787959087390224,0.10289999842643738,0.40549999475479126,1.6497999429702759,-0.5,-0.5,0.5,-0.5,223.73988342285156,2.9340288639068604,0.0
4.848,1.5774355652830883,2.2439973714357606,0.014481842166632397,4.942370587033945,0.01058165649758891,4.263007747043603,-0.022384973105476824,0.12393321513977218,0.44863982631247457,1.8571364171600282,0.010665134766792986,7.085703119717344e-05,-6.216259913217796e-05,-1.5692684004082877,-0.001823233800284818,1.5785928789516757,0.10289999842643738,0.40549999475479126,1.6497999429702759,-0.5,-0.5,0.5,-0.5,219.11871337890625,2.871964693069458,0.0
4.859,1.57732918495645,2.2517352286997454,0.014725239729783013,4.945817543552725,0.010896368946095691,4.2590384902316165,-0.022904091003453253,0.12395997715267044,0.4480149613259431,1.854177792003923,0.010058286014580338,0.0008110584359439624,-0.00027978674380509485,-1.5694703453193501,-0.0019563719103237176,1.5784020395511742,0.10289999842643738,0.40549999475479126,1.6497999429702759,-0.5,-0.5,0.5,-0.5,214.5264434814453,2.8247177600860596,0.0
4.868,1.5772346548244434,2.2580910710509094,0.014935394048859685,4.948634079974341,0.011163572057593996,4.2557712510474905,-0.023350382770376932,0.12397678321827736,0.4473723967171782,1.8512076965731414,0.010723278293751652,0.0014550094172374969,-0.0003478964499646494,-1.5696867484730082,-0.0020803471943295904,1.5782182126285882,0.10289999842643738,0.40549999475479126,1.6497999429702759,-0.5,-0.5,0.5,-0.5,210.5496063232422,2.7456207275390625,0.0
4.881,1.5770952679548058,2.267381455489513,0.015239781167895039,4.952704780779066,0.011563272105012956,4.251006038852396,-0.024011306763457974,0.12398840239951425,0.4466535922566336,1.847910619793402,0.012987727471103347,0.002341586894389243,-0.0007008715433463182,-1.5699426442042599,-0.0022388392708556637,1.5779843954073776,0.10289999842643738,0.40549999475479126,1.6497999429702759,-0.5,-0.5,0.5,-0.5,205.75531005859375,2.6484575271606445,0.0
4.888,1.577018883012408,2.272420488721453,0.015405969987519086,4.954888738848591,0.01176869735201258,4.248418552702712,-0.0243692042722623,0.1239905470624291,0.44605334923877604,1.8451844469172496,0.012215603203000793,0.002811131263311342,-0.0009091058303439217,-1.5701639365434406,-0.0023613482935047614,1.5777706683413297,0.10289999842643738,0.40549999475479126,1.6497999429702759,-0.5,-0.5,0.5,-0.5,200.90869140625,2.6090633869171143,0.0
4.899,1.5768917241413218,2.280348445853976,0.01568977368700697,4.958282254940461,0.012102707830803361,4.244310373784837,-0.024970740624902454,0.1239832184105692,0.4453793805149019,1.8421397018189176,0.012014883291239967,0.00352669805931697,-0.0012784757846044032,-1.5704277625817167,-0.0024898628167662196,1.5775133200747506,0.10289999842643738,0.40549999475479126,1.6497999429702759,-0.5,-0.5,0.5,-0.5,196.75331115722656,2.5384795665740967,0.0
4.909,1.5767797014380802,2.2875654442797835,0.015964886613201834,4.961342452486723,0.01242880729547835,4.240527679441036,-0.025546241138859394,0.12396178060396655,0.4446252536890035,1.838768659334816,0.009993334711661373,0.004053123335734412,-0.0017147272120509075,-1.5707430787992926,-0.002640287501816996,1.5772239963679076,0.10289999842643738,0.40549999475479126,1.6497999429702759,-0.5,-0.5,0.5,-0.5,192.00022888183594,2.4959933757781982,0.0
4.9190000000000005,1.5766746127435836,2.294790147998384,0.016245493467053507,4.964401828562072,0.012759646721809403,4.2367003509412156,-0.026106356278259746,0.1239319248429363,0.4439940924111583,1.8360062150867331,0.009723771598450911,0.004677660755330441,-0.0018999019723764808,-1.5709961961832344,-0.0027586892979423183,1.5770016988286997,0.10289999842643738,0.40549999475479126,1.6497999429702759,-0.5,-0.5,0.5,-0.5,187.51852416992188,2.523362159729004,0.0
4.929,1.5765826011231825,2.3020813118580747,0.016537474497384075,4.967486798463153,0.013105073744478446,4.232817435856137,-0.026662008447833507,0.12388740958828487,0.44327141434693235,1.8329232724297546,0.010426378802077658,0.005072929942995984,-0.002554496015264485,-1.571261240419405,-0.002884669546737051,1.5767784782609937,0.10289999842643738,0.40549999475479126,1.6497999429702759,-0.5,-0.5,0.5,-0.5,182.8456268310547,2.5051777362823486,0.0
4.939,1.5765152492760093,2.3094555931950733,0.016844051627935563,4.97057956320568,0.01347065858906582,4.228867404678922,-0.02722814302200849,0.12382210182149794,0.4425292130278248,1.8298183594526256,0.011183310560613913,0.005519216231589673,-0.0028985492337116523,-1.5715182506165355,-0.0029970011441156075,1.5765637728671194,0.10289999842643738,0.40549999475479126,1.6497999429702759,-0.5,-0.5,0.5,-0.5,178.18136596679688,2.497013568878174,0.0
4.949,1.5764605088756882,2.316887798390418,0.017160574142383922,4.97365560981295,0.013825304690247009,4.224854358552318,-0.02778279118987559,0.12372762692280866,0.4416962103598538,1.8263761986334344,0.010631320891772213,0.006000063090185517,-0.003039790168811062,-1.5717948394185284,-0.0030932767758882207,1.576319220076842,0.10289999842643738,0.40549999475479126,1.6497999429702759,-0.5,-0.5,0.5,-0.5,173.65223693847656,2.491387367248535,0.0
4.959,1.576419261539713,2.3243504349791344,0.0174815119306464,4.976713650035091,0.014174733084996838,4.220788133550262,-0.028334907649537833,0.12363528283124925,0.44100302232751276,1.8235471062813764,0.010072816695647366,0.006407780211073439,-0.003259828206615635,-1.5720157255126375,-0.003141420201980605,1.5761114743754958,0.10289999842643738,0.40549999475479126,1.6497999429702759,-0.5,-0.5,0.5,-0.5,169.3728485107422,2.493757963180542,0.0
4.969,1.5764012340051634,2.3318487046364353,0.017808731177185066,4.979766579335635,0.014557014150822667,4.216675539855882,-0.02891566642756427,0.12351627355195136,0.4402159506196279,1.8203921601202766,0.009465177957166915,0.0067552015441493035,-0.003530398865562339,-1.5722736074372372,-0.003186796174195816,1.5758834521600955,0.10289999842643738,0.40549999475479126,1.6497999429702759,-0.5,-0.5,0.5,-0.5,165.11407470703125,2.5141003131866455,0.0
4.978,1.576403901513764,2.338631528436647,0.01810694480857844,4.982506040435646,0.01492266292083766,4.212935460028489,-0.02943474631429499,0.12337885556784942,0.4394108638745679,1.8172254746857897,0.009360104200228182,0.007126912976672039,-0.0036137239903629454,-1.572534741589474,-0.0032304337682651507,1.5756512119296457,0.10289999842643738,0.40549999475479126,1.6497999429702759,-0.5,-0.5,0.5,-0.5,161.3431854248047,2.540753126144409,0.0
4.989,1.5764168375022871,2.3469727810712158,0.01848633408462952,4.985831598826358,0.015380135450451249,4.208308981478129,-0.030031157761640337,0.12322492016763449,0.43859018045645237,1.8140432444188124,0.009179081845405335,0.007633407885758043,-0.003713112347006577,-1.5727610360515907,-0.003262647185423795,1.5754066293320086,0.10289999842643738,0.40549999475479126,1.6497999429702759,-0.5,-0.5,0.5,-0.5,156.88824462890625,2.5785491466522217,0.0
4.999,1.5764130234505789,2.3545732005588693,0.01886648474029684,4.9888159580802185,0.015814489211682492,4.204065522410935,-0.03057460120067379,0.1230553015229349,0.43775681516635107,1.8108461319263682,0.007732304254775176,0.00827364260463347,-0.0034465158923521364,-1.5729476333906276,-0.0032838465779967407,1.575138267840582,0.10289999842643738,0.40549999475479126,1.6497999429702759,-0.5,-0.5,0.5,-0.5,153.4445343017578,2.6129891872406006,0.0
5.009,1.5763792989899237,2.3622003986640454,0.019277270057573404,4.991772133813086,0.016250117428362465,4.199780551716947,-0.031121695892308843,0.1228778544084498,0.43691138949011626,1.8076438068503555,0.008033203428954902,0.008913724461754289,-0.00332768936272581,-1.5731249275974106,-0.0033141414709141337,1.5748463895167082,0.10289999842643738,0.40549999475479126,1.6497999429702759,-0.5,-0.5,0.5,-0.5,149.33168029785156,2.6444685459136963,0.0
5.019,1.576328064384093,2.3698826326373617,0.019701722532020405,4.994717995280213,0.01666894068682634,4.195439086002936,-0.03164570996284244,0.12269389526566055,0.4360498454403479,1.8044281173154486,0.007574525422418373,0.009424863159046108,-0.0033872905425621942,-1.5732838976558117,-0.0033337681519567397,1.5745398420174577,0.10289999842643738,0.40549999475479126,1.6497999429702759,-0.5,-0.5,0.5,-0.5,145.55018615722656,2.6908867359161377,0.0
5.029,1.5762813526307298,2.3775656994389998,0.020120634736971788,4.997631777657224,0.017091885448056843,4.191066472781007,-0.03218051767104857,0.12248290262400822,0.4350831012037844,1.800885778317374,0.0058265607940965955,0.009593968408507509,-0.0035424912103415133,-1.5734559074176504,-0.003347345143906111,1.5741945232770644,0.10289999842643738,0.40549999475479126,1.6497999429702759,-0.5,-0.5,0.5,-0.5,142.1562042236328,2.724186897277832,0.0
5.039,1.576255250029872,2.38526203888577,0.02053045817763799,5.000527131397695,0.017510301776493264,4.186672586007943,-0.032729573191986994,0.12230171061972579,0.43427976381581296,1.797990735676058,0.006334446664888367,0.00983845064528762,-0.004095776005422513,-1.573625941608325,-0.003353425206951144,1.5738928852899186,0.10289999842643738,0.40549999475479126,1.6497999429702759,-0.5,-0.5,0.5,-0.5,138.87802124023438,2.7907164096832275,0.0
5.049,1.5762671382098281,2.393011246921933,0.020929784781543503,5.003434939743785,0.017905566228380465,4.182235662707822,-0.033260625886307515,0.12208205353538758,0.4333656790845961,1.7947682742120499,0.005964333164743294,0.010006292167748175,-0.004594078614407092,-1.5738263527253724,-0.003321027055400272,1.5735518234781602,0.10289999842643738,0.40549999475479126,1.6497999429702759,-0.5,-0.5,0.5,-0.5,135.68402099609375,2.90938401222229,0.0
5.059,1.5763010822804162,2.4007643254408677,0.02133134828087968,5.006324960007574,0.018303493724888042,4.177760397839086,-0.03379868405208608,0.12184049751225227,0.4324296536412664,1.7915504236338538,0.0044845228344814175,0.010403635643125563,-0.004514350455045149,-1.5740318228451378,-0.003241136693006297,1.5732215637215403,0.10289999842643738,0.40549999475479126,1.6497999429702759,-0.5,-0.5,0.5,-0.5,132.58851623535156,2.972276449203491,0.0
5.069,1.5763222921148188,2.408494919276542,0.021741353549875164,5.0091785287372765,0.018715388806874955,4.173261260123687,-0.03435327915243658,0.1215610537229292,0.43138224158273597,1.7880258265034943,0.0032055585641575747,0.011033391485321991,-0.004028480365447146,-1.5742709791089973,-0.003153138669877986,1.5728565893475794,0.10289999842643738,0.40549999475479126,1.6497999429702759,-0.5,-0.5,0.5,-0.5,129.5963592529297,3.003474712371826,0.0
5.08,1.5763343459782693,2.4169953577875827,0.02218360403148356,5.012291463190728,0.019158459345419487,4.168275974202735,-0.03492798099044503,0.12133091977369534,0.4305113749445452,1.7851554901337825,0.0027045958926693843,0.011497517016501065,-0.004065986366679327,-1.5744690488440216,-0.0030871772693639166,1.572556243773689,0.10289999842643738,0.40549999475479126,1.6497999429702759,-0.5,-0.5,0.5,-0.5,126.73624420166016,3.0782310962677,0.0
5.091,1.5763516004236182,2.4255118449800097,0.0226280394812699,5.015386485563741,0.019633103233658744,4.163254939693078,-0.0354964014416046,0.12104176437610482,0.4294276240430305,1.7816616623628976,0.0030800250526090887,0.011898371362400635,-0.004174655911970402,-1.5746842979917728,-0.003006222972697703,1.5721961182766864,0.10289999842643738,0.40549999475479126,1.6497999429702759,-0.5,-0.5,0.5,-0.5,124.04661560058594,3.1366076469421387,0.0
5.098,1.5763629409700428,2.430944961812351,0.022915011692005827,5.017346715871068,0.019956302584881236,4.16005019129634,-0.03586365794897706,0.120797534298984,0.4285258395100447,1.778810847330909,0.0036368316381627875,0.012160818302052488,-0.0041603047125554895,-1.5748570009759504,-0.002958648947622322,1.5718984100146516,0.10289999842643738,0.40549999475479126,1.6497999429702759,-0.5,-0.5,0.5,-0.5,121.56361389160156,3.175461769104004,0.0
5.109,1.576375854411368,2.4395190117274446,0.023355452754005412,5.020416906331579,0.02044038958575456,4.154998835084448,-0.03638019693210115,0.12052045662850551,0.4275083753057692,1.775647254879954,0.004747328248109157,0.012613174472310657,-0.004048017504549527,-1.5750261844105482,-0.0029084344234342474,1.571545754900062,0.10289999842643738,0.40549999475479126,1.6497999429702759,-0.5,-0.5,0.5,-0.5,119.64470672607422,3.2679030895233154,0.0
5.119,1.5763784757508743,2.4472983093451113,0.023751810940758844,5.023169721397824,0.020861037258962156,4.150385400128589,-0.03681062138936131,0.12023956728445159,0.4264753249594622,1.7724869588687358,0.002476214078295661,0.012917556247056093,-0.004081031088363333,-1.5751631670664734,-0.0028398566863550023,1.5711780315334216,0.10289999842643738,0.40549999475479126,1.6497999429702759,-0.5,-0.5,0.5,-0.5,117.16730499267578,3.3512511253356934,0.0
5.129,1.5763929743355591,2.4550333814220284,0.024145927227154473,5.025879901308514,0.021304095739504092,4.145751895383486,-0.03724984370156914,0.11995246589565076,0.42543205169110615,1.769350047920299,0.002263023103239349,0.013005457298365925,-0.004435271497514161,-1.5752969836361335,-0.002775125578161841,1.5708115477972961,0.10289999842643738,0.40549999475479126,1.6497999429702759,-0.5,-0.5,0.5,-0.5,114.80885314941406,3.4185402393341064,0.0
5.139,1.5764204021093189,2.4628004142457165,0.024529047201316878,5.028580704893012,0.021747048449249462,4.141069183787358,-0.03767383065394814,0.11965360372877931,0.42437169148846,1.7662249167915844,0.0028525629093726105,0.013349679772654435,-0.004259880981715425,-1.5754279264713087,-0.0027072175056619407,1.5704572637361003,0.10289999842643738,0.40549999475479126,1.6497999429702759,-0.5,-0.5,0.5,-0.5,112.71743774414062,3.517836570739746,0.0
5.149,1.5764503507835315,2.470555033440073,0.024910053505606378,5.031249168406242,0.02217840839223051,4.1363483548480735,-0.03808783863128706,0.11934863513443707,0.4232940766688512,1.7631070686072814,0.0006304374748969635,0.01345776680267985,-0.004516713969624061,-1.5755570165618917,-0.00262646498064667,1.5701114608724904,0.10289999842643738,0.40549999475479126,1.6497999429702759,-0.5,-0.5,0.5,-0.5,110.91287994384766,3.5985543727874756,0.0
5.161,1.576509313452565,2.479780342714591,0.0253662990765795,5.034391918377013,0.0227216952722058,4.130668968754228,-0.03861847229867532,0.1189984096019695,0.4220948438238276,1.7597083180309419,-0.0010481632440246943,0.013643692822853652,-0.004565325672087609,-1.5757095933320873,-0.0025214880145796315,1.5697444902742843,0.10289999842643738,0.40549999475479126,1.6497999429702759,-0.5,-0.5,0.5,-0.5,109.15194702148438,3.6746339797973633,0.0
5.168,1.576553194923478,2.4851553595354723,0.025627381701071705,5.0362165143268545,0.023041326146359786,4.1273495010896335,-0.03893190624485765,0.11870223079304447,0.4211004932009616,1.7569498597317361,-0.00017713203627409742,0.01377411975404282,-0.004589002866504803,-1.5758530241894542,-0.002436238802447477,1.5694465087049942,0.10289999842643738,0.40549999475479126,1.6497999429702759,-0.5,-0.5,0.5,-0.5,107.69306182861328,3.7510313987731934,0.0
5.179,1.5766189800476171,2.4936508429635005,0.026033553947892862,5.039101482060935,0.02353389221207003,4.122092558722463,-0.03940674182843029,0.11836422771123115,0.4199747504424956,1.7538954433844522,0.0009056721673149544,0.014181204634221307,-0.004254104514026176,-1.5760111875228229,-0.002323521958679464,1.5691274225180183,0.10289999842643738,0.40549999475479126,1.6497999429702759,-0.5,-0.5,0.5,-0.5,106.51654052734375,3.8667149543762207,0.0
5.188,1.576662969133598,2.500591347673277,0.026369725301846003,5.041446538648049,0.02395671002406452,4.117765558341678,-0.039810030655583084,0.11802345494366465,0.41882925043321295,1.7508548732545344,-0.0004603929750800165,0.01441449172083667,-0.004169950439067971,-1.576170967505335,-0.0022189891358186387,1.5688312034297454,0.10289999842643738,0.40549999475479126,1.6497999429702759,-0.5,-0.5,0.5,-0.5,105.28286743164062,3.956481456756592,0.0
5.198,1.5767020686888182,2.508258787535393,0.026753032844738733,5.044023841715292,0.02445135217361738,4.112944592855269,-0.040268195675579044,0.1176785235296076,0.41767082257721994,1.7478437937415916,-0.0006083548080643333,0.014728806369626753,-0.0040236423779633134,-1.5763355739756648,-0.0021339129772179888,1.5685557863720703,0.10289999842643738,0.40549999475479126,1.6497999429702759,-0.5,-0.5,0.5,-0.5,103.93675231933594,4.049908638000488,0.0
5.209,1.576726501089138,2.516691168770354,0.02719179721425924,5.046850355426605,0.025002709774430976,4.107607448202269,-0.04074443298245978,0.11732999335012553,0.4164950353814608,1.7448536202994307,-0.0006778027027788718,0.01497276382790174,-0.004010287610062286,-1.5764741258847181,-0.00205809750644681,1.568303924150919,0.10289999842643738,0.40549999475479126,1.6497999429702759,-0.5,-0.5,0.5,-0.5,102.9218521118164,4.143688201904297,0.0
5.219,1.5767534613162075,2.524318505977341,0.027596273602845223,5.0493905844453995,0.025523902172285062,4.10274299961251,-0.041173815402248515,0.11693932113616783,0.41518362857722413,1.7415898212530128,-0.0019132501763794222,0.01497316150520711,-0.004205597794092432,-1.5765967851098666,-0.001974067323448736,1.568051971249474,0.10289999842643738,0.40549999475479126,1.6497999429702759,-0.5,-0.5,0.5,-0.5,101.99088287353516,4.213414192199707,0.0
5.228,1.576785046694126,2.53115274830658,0.027960102439706702,5.051650143109009,0.026010577503406296,4.098363116856569,-0.04156601977728247,0.11661107158188977,0.4141004422446046,1.7389437515837962,-0.001695149091018853,0.015135228791107798,-0.004066766073824833,-1.5766941028554426,-0.0019096688941466766,1.5678504059562521,0.10289999842643738,0.40549999475479126,1.6497999429702759,-0.5,-0.5,0.5,-0.5,101.1771011352539,4.278304576873779,0.0
5.239,1.576831361923837,2.539530382329655,0.028400455921976153,5.054402871096199,0.026598831508469978,4.0929847997197895,-0.04200900219562609,0.11624065957209517,0.4128823112879091,1.7360193215264068,-0.00048674826285046905,0.015135725039771276,-0.0042093632184750035,-1.5767891917872061,-0.001832219396313839,1.56762649594421,0.10289999842643738,0.40549999475479126,1.6497999429702759,-0.5,-0.5,0.5,-0.5,100.89077758789062,4.393993854522705,0.0
5.248,1.5768934324177746,2.546369524594425,0.028755558420805016,5.056628420501554,0.027096116896040634,4.088568450295081,-0.042359114933998576,0.11585846095070157,0.41164839045957563,1.7331076701145396,-0.0021703956686208183,0.015040216888275728,-0.004339223409601052,-1.576854614270108,-0.001736161268687475,1.5674032796452468,0.10289999842643738,0.40549999475479126,1.6497999429702759,-0.5,-0.5,0.5,-0.5,100.19692993164062,4.489798545837402,0.0
5.258,1.5769581163482709,2.553918318819216,0.029164271997167646,5.059075840889898,0.027684153127489175,4.083642743071143,-0.04278325480802447,0.11546429252825502,0.4104040739296458,1.7302272310268947,-0.0027221332522304603,0.01535593667339259,-0.0038325837472093565,-1.5769182070354606,-0.0016434712957886788,1.5671963308040688,0.10289999842643738,0.40549999475479126,1.6497999429702759,-0.5,-0.5,0.5,-0.5,99.51004028320312,4.543953895568848,0.0
5.269,1.5769794809691007,2.5622267671052867,0.02963201995217446,5.061763456647809,0.028322973805541274,4.078151394301673,-0.04326040605113857,0.1150713953674907,0.40914061529195406,1.7273751267001392,-0.002589162178485805,0.015839636922024905,-0.0032440956279041542,-1.5769941061443575,-0.001566889695173046,1.5670409211250442,0.10289999842643738,0.40549999475479126,1.6497999429702759,-0.5,-0.5,0.5,-0.5,99.20732116699219,4.622834205627441,0.0
5.279,1.5770026157310957,2.5697601268323247,0.030057875926007505,5.064178374909516,0.028897330571921565,4.073083287615289,-0.043686992236350086,0.11468189794657195,0.40786232364470326,1.724546428805453,-0.004106100456119959,0.015469874213083972,-0.003986725399856862,-1.5770757732276337,-0.0014895676076669417,1.5669380923344576,0.10289999842643738,0.40549999475479126,1.6497999429702759,-0.5,-0.5,0.5,-0.5,99.2215576171875,4.727546691894531,0.0
5.289,1.577098668241935,2.57723096906558,0.030481208988260455,5.0665557163140615,0.029521629517844872,4.067972592712679,-0.04414051803068819,0.11427068601833536,0.4065714372039275,1.72175618660224,-0.005813414089993806,0.014886827575035582,-0.004617822808107724,-1.5771490604756406,-0.0013827028700648114,1.5668972101340486,0.10289999842643738,0.40549999475479126,1.6497999429702759,-0.5,-0.5,0.5,-0.5,99.49302673339844,4.847452640533447,0.0
5.299,1.5772322452328131,2.5846787214788414,0.030914390783594037,5.06891719070078,0.030170091793070064,4.0628387669679045,-0.04460668019975689,0.11383139584851137,0.40526807492743744,1.7190076320069665,-0.005067869317400398,0.014864156113149044,-0.004246164842057708,-1.5772173536851568,-0.0012446792434808174,1.5668919758223543,0.10289999842643738,0.40549999475479126,1.6497999429702759,-0.5,-0.5,0.5,-0.5,99.59553527832031,4.9150800704956055,0.0
5.309,1.5773512536302476,2.592118482809232,0.03137704918844175,5.07129195997325,0.03079503596963118,4.057700964618845,-0.04504659242938036,0.11337833332706476,0.4039457670389452,1.7162899847874808,-0.00559510429813241,0.014882082388209697,-0.003944172715924759,-1.5772686933254705,-0.0010715229415962924,1.566910148745842,0.10289999842643738,0.40549999475479126,1.6497999429702759,-0.5,-0.5,0.5,-0.5,99.74066162109375,4.937910556793213,0.0
5.319,1.5774107825262087,2.599512058074808,0.031893802551065775,5.073671459800293,0.031423126349377384,4.05261245866816,-0.04550684955736184,0.11291580882109943,0.4026040538917971,1.7136145538878105,-0.005439730176111937,0.015491516758671718,-0.0028372364914678342,-1.5772969297790598,-0.0008668665568887235,1.566953003339201,0.10289999842643738,0.40549999475479126,1.6497999429702759,-0.5,-0.5,0.5,-0.5,100.0353012084961,4.972711563110352,0.0
5.329,1.5774078330161272,2.6068735406525363,0.03244537854751073,5.0760331528458895,0.032056753860277176,4.0475733634556486,-0.045993589330039164,0.11246280377071789,0.40124928907307733,1.7109723796949714,-0.005454072204947303,0.015619645347859375,-0.0026232439198354083,-1.5773385173964891,-0.0006967518500031744,1.5669664125486968,0.10289999842643738,0.40549999475479126,1.6497999429702759,-0.5,-0.5,0.5,-0.5,100.87355041503906,5.029028415679932,0.0
5.339,1.5774061861365256,2.6142026583286455,0.03297437484580179,5.07838055650233,0.03265773644045211,4.042574890960716,-0.04644375977336335,0.11201166867182356,0.399884491768297,1.7083632637131532,-0.00506429426202308,0.01564386768999838,-0.0024716700505261198,-1.5773817413208595,-0.0005243804851446932,1.5669547285750693,0.10289999842643738,0.40549999475479126,1.6497999429702759,-0.5,-0.5,0.5,-0.5,101.56986999511719,5.109637260437012,0.0
5.351,1.5774391335111426,2.622952407204897,0.03358352833830125,5.081184110440412,0.033386026554292236,4.036620424556632,-0.04698952148979796,0.11155963554360998,0.39850721435873715,1.7057856132798785,-0.005151071745104838,0.01518133026261835,-0.002910674881931078,-1.5774298446700332,-0.00034041544031815363,1.5669244667868922,0.10289999842643738,0.40549999475479126,1.6497999429702759,-0.5,-0.5,0.5,-0.5,102.61398315429688,5.196923732757568,0.0
5.359,1.5774904523695215,2.6287324672852925,0.03398217399394543,5.083025610223419,0.03388413557358039,4.03266533907231,-0.04735839727693136,0.11109491843470176,0.39711959337420694,1.703240845051984,-0.006479699285386809,0.014974669050580425,-0.002887936927823132,-1.5774899709251964,-0.00014447614463808378,1.566897132432398,0.10289999842643738,0.40549999475479126,1.6497999429702759,-0.5,-0.5,0.5,-0.5,103.29364776611328,5.26206636428833,0.0
5.369,1.5775518533410233,2.6358971594045357,0.034494102659584414,5.085298756036695,0.03448360366412828,4.027744301652173,-0.04775659373062435,0.11061887953671086,0.395726897571862,1.7007346665129606,-0.006527942994277617,0.01488147649100361,-0.002714060375409968,-1.5775263929507446,7.922400321458412e-05,1.5668763974794366,0.10289999842643738,0.40549999475479126,1.6497999429702759,-0.5,-0.5,0.5,-0.5,104.04366302490234,5.322756767272949,0.0
5.381,1.5776161969555993,2.644416427626462,0.03515043626741754,5.087999996405322,0.03521802949974351,4.0218950137611325,-0.048171181913979844,0.11013384416269899,0.39432503368805216,1.6982588749486862,-0.007727006148692534,0.014659686274948612,-0.0026676875349146475,-1.5774874251119633,0.0003354988720758456,1.566848069621741,0.10289999842643738,0.40549999475479126,1.6497999429702759,-0.5,-0.5,0.5,-0.5,105.4997329711914,5.40220832824707,0.0
5.388,1.5776557132349351,2.6493431121264894,0.03554775941009858,5.089562695742643,0.03567466017991361,4.018514972283408,-0.048419266713085385,0.10963777565986482,0.39291603005108544,1.6958186315172605,-0.007267201711532052,0.014638991982568622,-0.002450883067914213,-1.5773936384769938,0.000596000542536057,1.566815264241182,0.10289999842643738,0.40549999475479126,1.6497999429702759,-0.5,-0.5,0.5,-0.5,106.12085723876953,5.4300994873046875,0.0
5.399,1.5776693321566597,2.6570719480624927,0.036182710545467955,5.09203686683257,0.036380456041261056,4.013234347141354,-0.048825478806420186,0.10913996221928605,0.39149494875648866,1.6934064665769402,-0.006935768037478036,0.015231886116325151,-0.0013686795133183928,-1.5773036536244571,0.0008475633032505314,1.5667787944521618,0.10289999842643738,0.40549999475479126,1.6497999429702759,-0.5,-0.5,0.5,-0.5,107.54288482666016,5.484699726104736,0.0
5.409,1.577602415681401,2.664062532928277,0.03677322130420979,5.094287707017081,0.0370212879740901,4.0084553917090835,-0.049238395235915,0.10861265701548939,0.3899141561637549,1.690790885043846,-0.0075575805607617065,0.015683783936232362,-0.0006905410427348027,-1.577244570839079,0.0010884420178145504,1.5667527902443017,0.10289999842643738,0.40549999475479126,1.6497999429702759,-0.5,-0.5,0.5,-0.5,109.41036224365234,5.561800479888916,0.0
5.419,1.577492374076023,2.671009147998493,0.03735012902401369,5.096514485063556,0.03771783199070278,4.003685295123753,-0.04972834907247847,0.10820034789843265,0.38861373983294906,1.6886827409400904,-0.007844754190980654,0.015946950680531122,-0.00030281406236925125,-1.5772494461830426,0.0012173899728447068,1.5667419300434864,0.10289999842643738,0.40549999475479126,1.6497999429702759,-0.5,-0.5,0.5,-0.5,111.23208618164062,5.647355079650879,0.0
5.429,1.577390745309664,2.6779149037581966,0.03787572910996406,5.098717515330718,0.03843145457140196,3.998924589957654,-0.05021138746108189,0.10776002067425752,0.38716282259650225,1.6863704212244464,-0.008264965565140324,0.01566941322458001,-0.000554615608415336,-1.5772847605102742,0.0012892051484438838,1.5667342030109972,0.10289999842643738,0.40549999475479126,1.6497999429702759,-0.5,-0.5,0.5,-0.5,112.74354553222656,5.695223331451416,0.0
5.438,1.5773568886450473,2.6840816684135387,0.038279401979203875,5.100670151469988,0.03906264610097754,3.9946494779557282,-0.05060754619883401,0.10732375535018873,0.38570660116912486,1.6840906918612741,-0.009060300888949092,0.015137104650400201,-0.0009497365198072487,-1.5773110591943125,0.0013513140795256007,1.5667326991820107,0.10289999842643738,0.40549999475479126,1.6497999429702759,-0.5,-0.5,0.5,-0.5,114.19284057617188,5.770821571350098,0.0
5.449,1.577394483228808,2.6915921830714353,0.03870592230953207,5.10302315697311,0.039863483437564184,3.989425161589504,-0.05111447321984297,0.10688163655010828,0.38424826672112466,1.6818430272160896,-0.00759663724346826,0.014592950945645656,-0.0011985122114725757,-1.5773543400535133,0.0014199632115730054,1.566729015535543,0.10289999842643738,0.40549999475479126,1.6497999429702759,-0.5,-0.5,0.5,-0.5,115.98845672607422,5.800102233886719,0.0
5.459,1.5774393368944866,2.6984463097515015,0.039086751457077185,5.10516197523828,0.040605255226206616,3.9846496256864343,-0.05159134491981643,0.10643322966861239,0.382779420670088,1.6796141476669075,-0.0067786933458751095,0.01457865756185722,-0.0008634933592697159,-1.5774159537020485,0.0014854928632388464,1.5667262711752883,0.10289999842643738,0.40549999475479126,1.6497999429702759,-0.5,-0.5,0.5,-0.5,118.75411987304688,5.905877590179443,0.0
5.468,1.5774388717695444,2.7045862195319685,0.03945134409122897,5.107075197891943,0.04126105628942511,3.9803397106813057,-0.05201966536387115,0.10598745426123035,0.38129927379618,1.6774105685192187,-0.007910791734051417,0.014712081387606428,-0.00040268452030705785,-1.5774753675380342,0.0015565140184863324,1.5667518596189842,0.10289999842643738,0.40549999475479126,1.6497999429702759,-0.5,-0.5,0.5,-0.5,120.8069076538086,5.987693786621094,0.0
5.478,1.5774205221619582,2.7113251425956832,0.03987060613016169,5.109171275823125,0.04204206336677796,3.9755716227342512,-0.052535248509275156,0.10554927586694744,0.3798150772753374,1.6752431262457104,-0.009642564420874961,0.014493350203388756,-0.0004543932187622045,-1.577538936846506,0.001601634475285607,1.566802936362276,0.10289999842643738,0.40549999475479126,1.6497999429702759,-0.5,-0.5,0.5,-0.5,122.51507568359375,6.0177001953125,0.0
5.489,1.5774074742200952,2.7186860709829954,0.04034003816165388,5.111465025993047,0.042975169203028685,3.9703557439919193,-0.053120415897654816,0.10510989601141194,0.37832605458779384,1.673112878094514,-0.008745047569741815,0.01434720399559625,-0.00035813142861106307,-1.577582757817007,0.0016062873501518915,1.566866797273646,0.10289999842643738,0.40549999475479126,1.6497999429702759,-0.5,-0.5,0.5,-0.5,124.85923767089844,6.086183547973633,0.0
5.498,1.5773974257315064,2.724688505340943,0.040724916764887986,5.113335573946749,0.04374025219203048,3.9661114545214415,-0.053556780613425836,0.10466981174079026,0.37682659166151544,1.6710054052404462,-0.009082397706720462,0.014139607958846749,-0.00033392564130451215,-1.577580905180781,0.0016040249230515613,1.5669312148272283,0.10289999842643738,0.40549999475479126,1.6497999429702759,-0.5,-0.5,0.5,-0.5,127.48700714111328,6.185817718505859,0.0
5.508,1.5773908567355797,2.731317636375376,0.04115902350359946,5.1153948295719145,0.04460387841874702,3.9614255284215014,-0.05402395021547779,0.10422631326800569,0.3753233888562254,1.6689243662233002,-0.008485637118394966,0.013902859590144284,-0.0002851864541428947,-1.5775352661189528,0.0016127588604217813,1.5669851319355073,0.10289999842643738,0.40549999475479126,1.6497999429702759,-0.5,-0.5,0.5,-0.5,129.98565673828125,6.252469539642334,0.0
5.518,1.5773785105408589,2.7379133501889523,0.041611006892407154,5.117438428249629,0.04548977660354314,3.9567530838496827,-0.05450589616613133,0.10377908948824782,0.3738145079206999,1.6668658746700789,-0.008724458988112862,0.013711674147652102,-0.00011960695151882965,-1.5774711837233917,0.0016202671020364434,1.5670392836026883,0.10289999842643738,0.40549999475479126,1.6497999429702759,-0.5,-0.5,0.5,-0.5,132.25791931152344,6.301836013793945,0.0
5.5280000000000005,1.577359226588392,2.744434834266988,0.04207298067608889,5.119463619802749,0.04635306878844947,3.952096515939588,-0.054971402865123586,0.10328416101705645,0.37215119123979296,1.6646363722024782,-0.010088123705297278,0.0134489552987422,3.4737495203301475e-06,-1.5773947325047073,0.0016487242861602525,1.567123216333375,0.10289999842643738,0.40549999475479126,1.6497999429702759,-0.5,-0.5,0.5,-0.5,134.91217041015625,6.380686283111572,0.0
5.538,1.5773128839337875,2.750880515083738,0.04254985488721541,5.121486392599379,0.047204115395335755,3.947456459692975,-0.05544648220890647,0.10287799325579584,0.37078650968045146,1.662848760889956,-0.010377908998066832,0.013552438992335923,0.0005980104246365949,-1.5773316886339108,0.0016920693090032302,1.5672342443359597,0.10289999842643738,0.40549999475479126,1.6497999429702759,-0.5,-0.5,0.5,-0.5,137.37966918945312,6.420621395111084,0.0
5.548,1.5772450073027038,2.7572896961474846,0.04304077707382259,5.123496352388283,0.04805951846388368,3.942839734404555,-0.05596662158991439,0.10243460207964195,0.3692648733593832,1.6608927888395169,-0.009797880770027098,0.013185098058463424,0.0004211341356432672,-1.577294235268219,0.0017226848809821504,1.5673832617021177,0.10289999842643738,0.40549999475479126,1.6497999429702759,-0.5,-0.5,0.5,-0.5,139.896484375,6.455533504486084,0.0
5.558,1.5772175098946164,2.7636996728610193,0.04351483857696614,5.12548065867594,0.048882620403833954,3.938251615051672,-0.05647574420330326,0.10198390070317283,0.3677417621672113,1.6589553306098284,-0.007907619293155536,0.012627780649506266,0.00018038727723441116,-1.5772834643745146,0.0017881288468837298,1.5674992198526907,0.10289999842643738,0.40549999475479126,1.6497999429702759,-0.5,-0.5,0.5,-0.5,143.1120147705078,6.565623760223389,0.0
5.568,1.5772320971483014,2.7701251885478193,0.04397201990180566,5.1274423870777825,0.04969038918725488,3.9336799969870873,-0.056964400951478034,0.10152052747555565,0.36621444773602035,1.6570275432613781,-0.006990162747127075,0.01219251067784335,0.0002822012247251452,-1.577268837596838,0.0019068534476920362,1.567570721883776,0.10289999842643738,0.40549999475479126,1.6497999429702759,-0.5,-0.5,0.5,-0.5,146.379150390625,6.66765022277832,0.0
5.578,1.5772200950768323,2.77649500766433,0.04444494475268179,5.129371078037169,0.05052869316677011,3.929139823398324,-0.0574866834756369,0.10105331058782727,0.3646851889896292,1.6551181024929917,-0.008941894900236315,0.012415637331447313,0.001231812223307663,-1.5772516105529983,0.0020327711815681937,1.5676151439211583,0.10289999842643738,0.40549999475479126,1.6497999429702759,-0.5,-0.5,0.5,-0.5,148.39076232910156,6.653438568115234,0.0
5.59,1.5771093164794152,2.784009624723833,0.045034743086765694,5.131632070341609,0.0515257405630285,3.923713840191371,-0.058112468390178584,0.10060408159090833,0.3631597262925265,1.6532460647794973,-0.01126675558465895,0.012595055521265297,0.0019265883624071524,-1.5772442806218319,0.0021078569214729725,1.5676680819801672,0.10289999842643738,0.40549999475479126,1.6497999429702759,-0.5,-0.5,0.5,-0.5,150.62118530273438,6.664651870727539,0.0
5.598,1.5770185919839381,2.7889413630406565,0.04540864219662666,5.133111651771056,0.052168474269355336,3.9201115420522656,-0.05849958910064412,0.1001727750855998,0.3616366597834628,1.651413701610187,-0.012933006783204037,0.012349916953530944,0.0019341609544741196,-1.57722674378409,0.0021633923122301724,1.5677459956506945,0.10289999842643738,0.40549999475479126,1.6497999429702759,-0.5,-0.5,0.5,-0.5,152.96641540527344,6.717219829559326,0.0
5.608,1.5769466191005144,2.795077217854809,0.045833563269249034,5.1349597660708675,0.053015878550713325,3.915622113065134,-0.059002450385047034,0.09974877205392495,0.3601143940056783,1.649620822303051,-0.011126442233414824,0.011843179271874385,0.0017631055129741203,-1.5772054907762851,0.0021959432412295143,1.5678443056845506,0.10289999842643738,0.40549999475479126,1.6497999429702759,-0.5,-0.5,0.5,-0.5,155.59991455078125,6.78209924697876,0.0
5.618,1.5769252984386917,2.8012330668310508,0.04621427852132154,5.136820987012405,0.053895006469734774,3.9111292921856906,-0.05950862566532944,0.09932477762877588,0.35858171932143934,1.647849619878678,-0.010075162464604218,0.011343231577370333,0.0017081923573222624,-1.5771805314063474,0.002207345043807152,1.5679578894312054,0.10289999842643738,0.40549999475479126,1.6497999429702759,-0.5,-0.5,0.5,-0.5,158.774169921875,6.878876686096191,0.0
5.629,1.576938729935435,2.8079908420243136,0.04659715513900853,5.1388586184487,0.05484191157439433,3.906202842105494,-0.06001292719780782,0.0988990532887154,0.3570445414836228,1.6461025054806018,-0.008865409145487764,0.010896922299333457,0.0017894726863968474,-1.5771366411176717,0.0022337073125728857,1.5680816092740826,0.10289999842643738,0.40549999475479126,1.6497999429702759,-0.5,-0.5,0.5,-0.5,161.9490966796875,6.977569580078125,0.0
5.638,1.5769738688712929,2.813473242297885,0.04690052735758954,5.140487077598678,0.05563747128317331,3.90220213550296,-0.06041116433440674,0.09847157449817649,0.3555075206545378,1.644374861730894,-0.009825332977928893,0.010440091296645079,0.0017460634286616367,-1.5770596339010434,0.0022734502761423414,1.568189127234788,0.10289999842643738,0.40549999475479126,1.6497999429702759,-0.5,-0.5,0.5,-0.5,164.3114776611328,7.003390789031982,0.0
5.649,1.5770511873041624,2.8200882007037755,0.047271420315055934,5.14240927268424,0.05663539463309952,3.8973414728635385,-0.06088137008808214,0.09803725449259107,0.3539825058187411,1.6426702432894251,-0.010010057086011385,0.00990542760489861,0.001713284502165238,-1.5769431856937088,0.0023162230235831416,1.5682749242485534,0.10289999842643738,0.40549999475479126,1.6497999429702759,-0.5,-0.5,0.5,-0.5,166.49546813964844,7.044671058654785,0.0
5.659,1.5771230826142153,2.826029235764512,0.04761741967045374,5.144105872522695,0.05750824340381566,3.8929378044301908,-0.061265331645690146,0.0975504298116693,0.35231257301241803,1.6408199291142411,-0.011243523902381126,0.009765209853340647,0.0021184712905317708,-1.576773868993,0.002408597858655437,1.5683603414751015,0.10289999842643738,0.40549999475479126,1.6497999429702759,-0.5,-0.5,0.5,-0.5,169.2032012939453,7.101687431335449,0.0
5.6690000000000005,1.577129881977414,2.8319181625951337,0.04801259563104043,5.145755056301414,0.05839203724916153,3.888521378218303,-0.061665445170858924,0.09715427488619047,0.35095453366028945,1.6393288835538546,-0.010461499606960575,0.009961691735933611,0.002792704146076925,-1.5766271548145283,0.0024986642141096027,1.5684373321905711,0.10289999842643738,0.40549999475479126,1.6497999429702759,-0.5,-0.5,0.5,-0.5,171.3513641357422,7.111924171447754,0.0
5.679,1.5770924546919298,2.8377654502277796,0.048437202407995095,5.147355521302286,0.059307998965662634,3.88407270846682,-0.06208793479557162,0.09672612431860397,0.3494493784982286,1.6376870812779876,-0.011700951806636052,0.00968161278984459,0.0028873139480206727,-1.5764504409315065,0.002561889299826703,1.568543201897904,0.10289999842643738,0.40549999475479126,1.6497999429702759,-0.5,-0.5,0.5,-0.5,173.9804229736328,7.145796775817871,0.0
5.689,1.5770752105720378,2.843513421759372,0.048833837943713654,5.148894930863538,0.06020239276085171,3.879636432653345,-0.06248120748774344,0.0963012942369841,0.3479551643637048,1.6360728892305159,-0.012940161314023958,0.009328514718354573,0.003030632403361716,-1.5762649287681827,0.002625135218116803,1.5686736557060614,0.10289999842643738,0.40549999475479126,1.6497999429702759,-0.5,-0.5,0.5,-0.5,176.21507263183594,7.201454162597656,0.0
5.699,1.577090673824606,2.849202606602425,0.04919277707380676,5.1504043293874515,0.06107787379770624,3.875243214866477,-0.06285358418193088,0.09587880763000925,0.3464722547430128,1.6344851796776958,-0.011913841538428734,0.008847887455582381,0.0030294793592402325,-1.5760698398467028,0.002703448350541926,1.568797709350416,0.10289999842643738,0.40549999475479126,1.6497999429702759,-0.5,-0.5,0.5,-0.5,178.60406494140625,7.228403568267822,0.0
5.709,1.5771509350249922,2.854895775722648,0.049514025808583106,5.151913722798543,0.061963823153798,3.8708900382534077,-0.06322893904373128,0.09541342750172686,0.34484079802191553,1.6327584306238203,-0.009959554948145101,0.008383054785666422,0.0030961741204822294,-1.5758617094641765,0.002800902936450189,1.5689098599245899,0.10289999842643738,0.40549999475479126,1.6497999429702759,-0.5,-0.5,0.5,-0.5,181.63214111328125,7.300089359283447,0.0
5.719,1.5772436333035822,2.8606018423678883,0.049804634679822435,5.153420869657111,0.06284238067921066,3.866570591561529,-0.06358227003155736,0.09503199129493432,0.34350393497959153,1.631354183222262,-0.008368284473648001,0.008010365911842626,0.003270102473858916,-1.5756815171316754,0.002886321890297694,1.5689728544298465,0.10289999842643738,0.40549999475479126,1.6497999429702759,-0.5,-0.5,0.5,-0.5,184.84780883789062,7.3830695152282715,0.0
5.729,1.577344885532563,2.8662862751414924,0.05008273954832099,5.154917039474025,0.06369937557475591,3.8622959649533586,-0.06392449579900639,0.09460905117081982,0.3420170132296869,1.6298042348307213,-0.00839801128686532,0.007721546765409669,0.0035068946121755845,-1.5754764450008614,0.002999699203059425,1.569016450107294,0.10289999842643738,0.40549999475479126,1.6497999429702759,-0.5,-0.5,0.5,-0.5,187.4475860595703,7.430891036987305,0.0
5.739,1.577417518399069,2.871910170719868,0.05037920044375799,5.156397910350403,0.06455868099737927,3.858064939691606,-0.06429361227057395,0.09418963594765636,0.3405334366853022,1.6282721912219227,-0.009234238034997793,0.007635189952026028,0.003914902919393589,-1.5752853526836021,0.003118511030192561,1.5690378260335107,0.10289999842643738,0.40549999475479126,1.6497999429702759,-0.5,-0.5,0.5,-0.5,189.5830078125,7.441162109375,0.0
5.749,1.5774601024878532,2.8774519163183125,0.050689094654641664,5.157862052854572,0.06540314342658693,3.853853571632869,-0.06465651510970805,0.09373863691665875,0.33890418003259376,1.62661809001354,-0.011063446646244255,0.007363562513676523,0.0040652397656496244,-1.5750866155232472,0.003237789633605992,1.5690844286115169,0.10289999842643738,0.40549999475479126,1.6497999429702759,-0.5,-0.5,0.5,-0.5,191.9697265625,7.482064247131348,0.0
5.759,1.5775067623948438,2.882902635204326,0.05098197185567699,5.159313203556778,0.06622735840834082,3.8496609228168035,-0.06498756472203748,0.09333430467438697,0.33742925537277213,1.6251487831245093,-0.012083706679930093,0.0070892355332811035,0.004257208094488127,-1.5748922182258929,0.0033571662103160094,1.569166644614047,0.10289999842643738,0.40549999475479126,1.6497999429702759,-0.5,-0.5,0.5,-0.5,194.34222412109375,7.516334056854248,0.0
5.769,1.577568888630883,2.8882674021338257,0.05124906269370477,5.160754168551855,0.06708058219721025,3.845499986919939,-0.06533537795404154,0.09293679573171494,0.3359574485425394,1.6237132164882881,-0.013088407166691796,0.006774616757236252,0.004436447054417597,-1.5746886748767697,0.003464035033517554,1.569293280940951,0.10289999842643738,0.40549999475479126,1.6497999429702759,-0.5,-0.5,0.5,-0.5,196.78636169433594,7.557022571563721,0.0
5.7780000000000005,1.577647664519036,2.893037463521658,0.05145934822187925,5.162029670244996,0.06786420622435241,3.841784730490313,-0.06565388372084602,0.09258474501338873,0.33464123667530177,1.6224462265383506,-0.012125730849361261,0.006476814542153578,0.004515887520113638,-1.574506554491828,0.003537942894999091,1.5694232726758837,0.10289999842643738,0.40549999475479126,1.6497999429702759,-0.5,-0.5,0.5,-0.5,198.9659881591797,7.585690975189209,0.0
5.789,1.57778530181219,2.8988818123854045,0.051678929650796235,5.163566606520281,0.0687988859795734,3.8372523881699463,-0.06600758213501567,0.09219629063277866,0.3331847990043279,1.6210511818368574,-0.008770739105679362,0.005958714537259255,0.004388719693792826,-1.5742913103933438,0.0036280080297395045,1.5695631453181642,0.10289999842643738,0.40549999475479126,1.6497999429702759,-0.5,-0.5,0.5,-0.5,201.99200439453125,7.689806938171387,0.0
5.799,1.577938548419585,2.9042326440747903,0.05186127120245754,5.164932051104909,0.06966019399605283,3.833123731652134,-0.06634657620628115,0.09180507297764921,0.3317323266114304,1.619654398719709,-0.006480722630066957,0.005688511472460312,0.004589846487011187,-1.5740701763561231,0.003742596396404174,1.5696717622675374,0.10289999842643738,0.40549999475479126,1.6497999429702759,-0.5,-0.5,0.5,-0.5,205.05123901367188,7.784106731414795,0.0
5.809,1.5780420115969642,2.90955398712226,0.05207369377401161,5.166246801994257,0.07053454960202821,3.828994913684231,-0.06671633412673028,0.09141834798834275,0.3302865023609409,1.6182586935998553,-0.007355188483618389,0.005984255704496502,0.005166747351189109,-1.5738631825731086,0.003846857418820626,1.5697590846430083,0.10289999842643738,0.40549999475479126,1.6497999429702759,-0.5,-0.5,0.5,-0.5,207.33558654785156,7.827077388763428,0.0
5.819,1.5780816069220194,2.9147668696077673,0.052309640509863975,5.167502756312089,0.07138132263372654,3.8248714650203928,-0.06706536827844989,0.09104682397291386,0.3288562864789156,1.6168797364521492,-0.009990574071883153,0.005796189909323924,0.005446047938271636,-1.5736548422385126,0.003931910489994195,1.5698444203962483,0.10289999842643738,0.40549999475479126,1.6497999429702759,-0.5,-0.5,0.5,-0.5,209.1074981689453,7.783716201782227,0.0
5.829,1.5781970525666535,2.9198531576743907,0.052486278215370774,5.168710366428704,0.0722458286319716,3.8207408171274357,-0.06742908504586342,0.09068543906020908,0.32744061922235357,1.6155353229162563,-0.01228732863257732,0.004673989557432583,0.004784751645503783,-1.5734431620466154,0.004005482017243267,1.569979553210299,0.10289999842643738,0.40549999475479126,1.6497999429702759,-0.5,-0.5,0.5,-0.5,211.50540161132812,7.8310980796813965,0.0
5.839,1.5784607669901947,2.924849225402717,0.0525706317442971,5.169871481282632,0.07312314248322416,3.816595287290883,-0.06781143620902963,0.09030898476194191,0.32603881106427723,1.6142254332518282,-0.0128843804905641,0.0038035873317169636,0.004627280024030677,-1.5732411986405976,0.004118523543647612,1.570172827885238,0.10289999842643738,0.40549999475479126,1.6497999429702759,-0.5,-0.5,0.5,-0.5,214.11538696289062,7.885674953460693,0.0
5.85,1.5787991090969076,2.9303361257311025,0.05264632554058846,5.1711375910178745,0.07405149441434489,3.81202720803022,-0.06820651195361638,0.0899200760740773,0.32464505754690837,1.6129424992261214,-0.010145860424973951,0.003341546483630147,0.004852457269498168,-1.5730511518231762,0.0042853996314304865,1.5703942059193978,0.10289999842643738,0.40549999475479126,1.6497999429702759,-0.5,-0.5,0.5,-0.5,216.68771362304688,7.92954683303833,0.0
5.859,1.5790368430199866,2.9348187811478432,0.05275039859225039,5.172157718200691,0.07480255741437869,3.808300152128795,-0.0685377234275455,0.08952737237409493,0.3232505276684977,1.611671868056955,-0.01010617380506586,0.003318721966620722,0.00538970070738469,-1.5728490951561809,0.004496203960339784,1.5706204890074116,0.10289999842643738,0.40549999475479126,1.6497999429702759,-0.5,-0.5,0.5,-0.5,219.00848388671875,7.980475425720215,0.0
5.869,1.5792015898749474,2.9397516406285185,0.05293591999941594,5.173241961410908,0.07565378018600555,3.804189819637803,-0.0689703946953033,0.08910654668767401,0.3217329716085966,1.6102922197723382,-0.008841184674980034,0.003562088678027059,0.0060663846199263995,-1.572653067394056,0.004710868910737354,1.570849266803954,0.10289999842643738,0.40549999475479126,1.6497999429702759,-0.5,-0.5,0.5,-0.5,221.0419921875,8.061089515686035,0.0
5.879,1.5792870391729803,2.944700887010086,0.053155185722574494,5.17428407763251,0.0764856067629962,3.8000803585096987,-0.06941467805587376,0.08877923808513244,0.32050194501700363,1.609169548916148,-0.006424815841568237,0.0035927094362434475,0.006365704332685107,-1.5725217931031168,0.004857220162367781,1.5710042116421612,0.10289999842643738,0.40549999475479126,1.6497999429702759,-0.5,-0.5,0.5,-0.5,223.74546813964844,8.162160873413086,0.0
5.889,1.579328524573075,2.94963580211963,0.05338439741493772,5.175261451806235,0.0773365157248298,3.7959883008444537,-0.0698989181288523,0.0884304306703762,0.3191425622010573,1.607918085898118,-0.0069354886899605376,0.003536481238477283,0.0066575366241361815,-1.5723849294175443,0.004995587038068905,1.5711310478147085,0.10289999842643738,0.40549999475479126,1.6497999429702759,-0.5,-0.5,0.5,-0.5,225.81683349609375,8.209970474243164,0.0
5.898,1.579347474302387,2.9539855955361904,0.05358581206088342,5.17609143312642,0.07812175945982958,3.7923571916897343,-0.07037773219537957,0.0880981307866082,0.31780305967277456,1.6066731150748246,-0.0091892446948883,0.0031972916875190193,0.006669182239897549,-1.5722762101318501,0.005085461680500281,1.571202219214491,0.10289999842643738,0.40549999475479126,1.6497999429702759,-0.5,-0.5,0.5,-0.5,227.31378173828125,8.184176445007324,0.0
5.911,1.579438736990772,2.9601635122833407,0.053800206401709794,5.177316856786499,0.07923784555142355,3.7871765433647058,-0.07103727899187628,0.08777595535335309,0.31647400988008234,1.605460173695044,-0.009330018831302016,0.002451350269769873,0.006457613759250977,-1.5721797434335814,0.005161308920523577,1.571290451034507,0.10289999842643738,0.40549999475479126,1.6497999429702759,-0.5,-0.5,0.5,-0.5,229.34385681152344,8.135588645935059,0.0
5.918,1.5795304086360478,2.9634771768202626,0.05387573492542064,5.178000580366221,0.07985435621139114,3.7844053949175533,-0.07138849534630776,0.08745772295029151,0.31514113753534573,1.6042746024365406,-0.008692165248694081,0.002104402270863195,0.006421256257467036,-1.572063673552415,0.0052402657724370805,1.5714137985659968,0.10289999842643738,0.40549999475479126,1.6497999429702759,-0.5,-0.5,0.5,-0.5,232.02394104003906,8.169305801391602,0.0
5.929,1.579684082568213,2.968664188847173,0.053990065444090796,5.179085987232234,0.08086743039171385,3.780061199842444,-0.07195016193269677,0.08714382289591963,0.31380609886860666,1.6031094267035808,-0.008259878025585032,0.0017008144291227147,0.006484856345831888,-1.5719276058835028,0.005302844470965518,1.5715659499708419,0.10289999842643738,0.40549999475479126,1.6497999429702759,-0.5,-0.5,0.5,-0.5,234.27584838867188,8.209898948669434,0.0
5.938,1.5798041543700094,2.972860166096339,0.05408532029063995,5.17997300423059,0.08168154810368744,3.7765318712976024,-0.07236684146611783,0.08683529741159551,0.3124758666111098,1.601964381707154,-0.008454645899661961,0.0014234625985049593,0.006543055047243839,-1.5717508119428631,0.005361816809163589,1.5717466354787282,0.10289999842643738,0.40549999475479126,1.6497999429702759,-0.5,-0.5,0.5,-0.5,236.77603149414062,8.255502700805664,0.0
5.948,1.5799107469554432,2.9774896657240824,0.05420967882170746,5.180965674080679,0.0825834526809146,3.7726483239156723,-0.07281871897936032,0.08650258765954749,0.3110209597966006,1.6007293055198393,-0.006835688768244653,0.0012946755689818097,0.006735271655248532,-1.5715251451904213,0.005438011503728912,1.571963134978518,0.10289999842643738,0.40549999475479126,1.6497999429702759,-0.5,-0.5,0.5,-0.5,238.66030883789062,8.268896102905273,0.0
5.959,1.5799687508643911,2.9826122666645496,0.05438680922761385,5.182070795381337,0.08362301564324603,3.7684087687818844,-0.07339066723916599,0.08624016844411206,0.309831951299569,1.5997269821175957,-0.003908759367211724,0.001298486065999492,0.006968833673724243,-1.5713451905148175,0.005473714562321597,1.5721362444789795,0.10289999842643738,0.40549999475479126,1.6497999429702759,-0.5,-0.5,0.5,-0.5,241.00418090820312,8.387436866760254,0.0
5.968,1.579986147626748,2.9868067384646455,0.05453895187940905,5.18295769795876,0.08444591813110858,3.7649680389733833,-0.07387105599605182,0.08596073640945137,0.30851277116563974,1.5986113273041347,-0.0036966321339724282,0.001127411242231397,0.006995784863897256,-1.5711842793108415,0.0054902142197237325,1.572294565583291,0.10289999842643738,0.40549999475479126,1.6497999429702759,-0.5,-0.5,0.5,-0.5,243.3782196044922,8.452842712402344,0.0
5.978,1.5800152241398555,2.9914246518170486,0.05467984541926896,5.183904488184957,0.08531923786197826,3.761172187607918,-0.07438356730917572,0.08568950797123019,0.3072068141594385,1.5974983103130866,-0.0035598101666513885,0.0008896822345846957,0.00702989111808358,-1.5710424979486117,0.005523110087403804,1.572417222940805,0.10289999842643738,0.40549999475479126,1.6497999429702759,-0.5,-0.5,0.5,-0.5,245.30859375,8.463604927062988,0.0
5.9879999999999995,1.5800586645251657,2.995995505844645,0.05479702387666219,5.184829790649077,0.08621764939986676,3.757402049755906,-0.07491855465696684,0.08542635469334305,0.30591062542512076,1.5963918700231154,-0.004293973977022441,0.0005999360510154359,0.007059951530136275,-1.5709058012900134,0.005542656589576644,1.572529350492692,0.10289999842643738,0.40549999475479126,1.6497999429702759,-0.5,-0.5,0.5,-0.5,247.18508911132812,8.479990005493164,0.0
5.998,1.5801085536340196,3.0005203565163683,0.05489124135333778,5.185743737701477,0.08710174129813009,3.7536571576251925,-0.07543458534576875,0.0851713161212703,0.3046227529002844,1.5952985341805357,-0.004235867356211052,0.00038620297782528747,0.007153419247258192,-1.5707611226487255,0.005547815757012131,1.5726469756561248,0.10289999842643738,0.40549999475479126,1.6497999429702759,-0.5,-0.5,0.5,-0.5,248.958740234375,8.476664543151855,0.0
6.008,1.580147981227876,3.0050288060438906,0.05497222093720211,5.186647515613057,0.08794777769488604,3.749929200905414,-0.0759240039417497,0.08492574469666131,0.3033401219269195,1.5942120734037246,-0.0036253540127854466,0.0001923378558056533,0.007246738126943694,-1.5706123683053366,0.005558627622332057,1.5727625008013841,0.10289999842643738,0.40549999475479126,1.6497999429702759,-0.5,-0.5,0.5,-0.5,251.3364715576172,8.522652626037598,0.0
6.018,1.5801800650775402,3.0095182356973016,0.05504234915024231,5.187531060964177,0.08881075872038835,3.746228110189622,-0.07645463535173302,0.08469058109043665,0.3020632596228853,1.593127400259354,-0.0033894617792228033,-1.1206280316231423e-06,0.0073473494154241425,-1.570479265406711,0.005556459807959602,1.5728593677894764,0.10289999842643738,0.40549999475479126,1.6497999429702759,-0.5,-0.5,0.5,-0.5,253.09207153320312,8.57321834564209,0.0
6.028,1.580210925214124,3.013964646654891,0.055092111790407294,5.188384144492111,0.08967293189808956,3.742555789284217,-0.07700709306737874,0.08446654828477804,0.3007962271935486,1.5920453707120419,-0.0038210189194013825,-0.00020789582604871084,0.00741978895257687,-1.5703719807466159,0.0055265660384300475,1.572933481641979,0.10289999842643738,0.40549999475479126,1.6497999429702759,-0.5,-0.5,0.5,-0.5,254.88197326660156,8.624223709106445,0.0
6.039,1.580250047313518,3.0183585866395006,0.05511058120566137,5.1892021618728545,0.09049180555922476,3.7389075618824004,-0.07753156633055891,0.08425245652118699,0.29954162790157685,1.5909698635653293,-0.003989740363824262,-0.00046334641006153763,0.00742240688748885,-1.57027174835699,0.005497836498987496,1.5729972497368065,0.10289999842643738,0.40549999475479126,1.6497999429702759,-0.5,-0.5,0.5,-0.5,256.7958679199219,8.63019847869873,0.0
6.05,1.5803489254250804,3.023580413886428,0.05507371393624272,5.190133911926127,0.09149161656363525,3.73456416336887,-0.07819441512300163,0.08404606797487361,0.29830017754527605,1.5898976864687961,-0.0034830508401954897,-0.000899587415861922,0.007305016959735063,-1.570183226245051,0.005464889313434362,1.573041325772269,0.10289999842643738,0.40549999475479126,1.6497999429702759,-0.5,-0.5,0.5,-0.5,258.891357421875,8.67335319519043,0.0
6.059,1.580461098979554,3.027452831989084,0.05500489348301141,5.190803305460885,0.09224615857054452,3.731331269153917,-0.0786931743529804,0.08384380361384591,0.29707008363151266,1.5888268099019365,-0.004263259275126462,-0.001106695481591719,0.007378661278385788,-1.5701006164521623,0.0054211330029425575,1.573062461515837,0.10289999842643738,0.40549999475479126,1.6497999429702759,-0.5,-0.5,0.5,-0.5,260.6767883300781,8.696438789367676,0.0
6.069,1.5805555023246152,3.031723304834438,0.054935331484231575,5.191525357029501,0.09305592557058606,3.7277504997801865,-0.07921959143478308,0.08364892107043949,0.29585247058744935,1.5877678397857007,-0.0029381110550729668,-0.0011356670835338761,0.007575975631785998,-1.5700043713878207,0.005379104830372405,1.5730855717357455,0.10289999842643738,0.40549999475479126,1.6497999429702759,-0.5,-0.5,0.5,-0.5,262.598876953125,8.704734802246094,0.0
6.079,1.5806233956794236,3.0359783851081996,0.0548706082235908,5.19221046368756,0.09387639365833866,3.724164015516677,-0.07979088289059444,0.08346627540964774,0.29464306553083225,1.5867082903565377,-0.003071296354355053,-0.0013177640768050102,0.007596124288704156,-1.5699141270674906,0.00532232588307302,1.5730988384444473,0.10289999842643738,0.40549999475479126,1.6497999429702759,-0.5,-0.5,0.5,-0.5,264.30487060546875,8.743023872375488,0.0
6.088,1.5807217399975295,3.03974370341839,0.0547749907836641,5.192788841023489,0.09461816551219826,3.720954503158528,-0.0803500768077603,0.08329184523088644,0.29344899527019447,1.5856543610381444,-0.004107727163918981,-0.0017219751675000476,0.007384073730090469,-1.5698708893539854,0.005248231051723451,1.5731114413390004,0.10289999842643738,0.40549999475479126,1.6497999429702759,-0.5,-0.5,0.5,-0.5,265.8915710449219,8.790671348571777,0.0
6.101,1.5809451783408326,3.0451010564419967,0.05456955798464325,5.193587296212948,0.0956412992883493,3.7163478242954406,-0.08113924928817351,0.08311704671741797,0.29227076303926613,1.5846146677094917,-0.003734311251258134,-0.0021893098330993,0.007275618177903443,-1.569855422380274,0.005196904104064259,1.573127104782489,0.10289999842643738,0.40549999475479126,1.6497999429702759,-0.5,-0.5,0.5,-0.5,267.5910949707031,8.803054809570312,0.0
6.109,1.5811152089857687,3.0483554597858493,0.05441574526516657,5.194060644839594,0.09626583160854896,3.713527865808836,-0.08162711542713641,0.08294246414729234,0.29110222631863336,1.583585085375058,-0.004414738289213578,-0.002413805552714861,0.007304309191901361,-1.5698436029772271,0.005169824167419179,1.573150107947494,0.10289999842643738,0.40549999475479126,1.6497999429702759,-0.5,-0.5,0.5,-0.5,269.3078308105469,8.802194595336914,0.0
6.119,1.581376349203115,3.0523698372186683,0.05419925653218538,5.194636330225608,0.0970556463047112,3.7100283357762285,-0.08224107788676616,0.08276893970908812,0.2899471957137154,1.5825718328425096,-0.0039455789548195315,-0.0029527038584566366,0.007016200182371624,-1.5698318147263899,0.005148923538091488,1.5731868023471207,0.10289999842643738,0.40549999475479126,1.6497999429702759,-0.5,-0.5,0.5,-0.5,271.1408996582031,8.812483787536621,0.0
6.129,1.5816602344821655,3.056368357600739,0.05397362671387196,5.195201874640198,0.0978164733025011,3.706538146414643,-0.0828197440293783,0.08258825193610402,0.28880141072727294,1.581570263281218,-0.0027895255073824305,-0.002977994414412283,0.007313027952326712,-1.569802920763404,0.005167202133080195,1.5732302608935826,0.10289999842643738,0.40549999475479126,1.6497999429702759,-0.5,-0.5,0.5,-0.5,273.08856201171875,8.865856170654297,0.0
6.139,1.5818823903512165,3.0603499640941614,0.05379819318743184,5.195746765818891,0.09856634897084682,3.703067788401369,-0.08339959175325529,0.08241348372006231,0.2876627894168624,1.580576922606768,-0.002221290518352163,-0.0030872072887365657,0.007420548183352446,-1.5697648333737124,0.005196411664736722,1.5732729808490364,0.10289999842643738,0.40549999475479126,1.6497999429702759,-0.5,-0.5,0.5,-0.5,274.8543395996094,8.883712768554688,0.0
6.149,1.5820526800200287,3.064306445703229,0.05364923730872295,5.196262970217901,0.0993228486922586,3.699638114635669,-0.08401810552648303,0.08224541873371846,0.2865365245233117,1.5795881815089896,-0.001363387020033986,-0.0028752395300054826,0.007858455130378894,-1.5697396338022482,0.005215352188763234,1.5732845336299104,0.10289999842643738,0.40549999475479126,1.6497999429702759,-0.5,-0.5,0.5,-0.5,276.6251220703125,8.932913780212402,0.0
6.159,1.5821463544038572,3.0682391610636994,0.05352067896426416,5.196752784399101,0.10005312066648919,3.6962371144126864,-0.08464561683610494,0.08209606268734064,0.2854208902957298,1.5786027159187797,-0.001380483785706313,-0.002769134651815678,0.008093272278693883,-1.5697480814727192,0.0051964405459239416,1.573261130350715,0.10289999842643738,0.40549999475479126,1.6497999429702759,-0.5,-0.5,0.5,-0.5,278.3055419921875,8.957782745361328,0.0
6.169,1.5822371346127317,3.072129695946755,0.053357275259583226,5.197209064979893,0.1007762778698158,3.6928588085180936,-0.08527574389161341,0.08196506108057248,0.28431769592653267,1.5776244360683882,-0.0016082911996216473,-0.0029309839457476532,0.00804726989041472,-1.5697713143633858,0.005144610612621392,1.573217163631988,0.10289999842643738,0.40549999475479126,1.6497999429702759,-0.5,-0.5,0.5,-0.5,279.7756042480469,8.964643478393555,0.0
6.179,1.5823873789210934,3.0759784510459856,0.053120324189282364,5.197648651852503,0.10152802030518693,3.689504583757569,-0.08593299467725668,0.08184613627701881,0.2832269014333102,1.576653853452149,-0.0018415025182465304,-0.0032383129928708707,0.007906600896682565,-1.5697961502565754,0.0050614310767080894,1.5731616604069374,0.10289999842643738,0.40549999475479126,1.6497999429702759,-0.5,-0.5,0.5,-0.5,281.1799621582031,8.974621772766113,0.0
6.189,1.5825758285676557,3.0798042418133917,0.05282544708215564,5.198095086497001,0.10228249786523769,3.6861734897009457,-0.0865859058134193,0.08173627138384157,0.2821427811680675,1.5756974101116088,-0.0012315264826198314,-0.0033894392393052837,0.007963233604097264,-1.5698201576318647,0.004956601060699395,1.5731166251913185,0.10289999842643738,0.40549999475479126,1.6497999429702759,-0.5,-0.5,0.5,-0.5,282.95562744140625,9.008001327514648,0.0
6.199,1.5827569593505846,3.083612639845576,0.052507990461989174,5.198538378448461,0.10301388891362251,3.6828621233604872,-0.08720266651506758,0.08163935746969204,0.2810628824491307,1.5747498611097586,-0.0010917036287265685,-0.0035568720531898115,0.00795138848383774,-1.5698270826652767,0.00483244083700729,1.573072245870158,0.10289999842643738,0.40549999475479126,1.6497999429702759,-0.5,-0.5,0.5,-0.5,284.81024169921875,9.040871620178223,0.0
6.209,1.58293001307002,3.0873941097179625,0.052177138028363323,5.198969733551733,0.1037369221135247,3.679580119189322,-0.08780810397586603,0.08155404482002857,0.2799917272793533,1.573809189104578,-0.000538006143632251,-0.0037203818592070957,0.007907042890307513,-1.5698160372807708,0.0046948092493144244,1.5730231332992937,0.10289999842643738,0.40549999475479126,1.6497999429702759,-0.5,-0.5,0.5,-0.5,286.5401611328125,9.071442604064941,0.0
6.219,1.5831015962075794,3.0911361620649895,0.05182912476661894,5.199391565996673,0.10444567217724554,3.676346971177499,-0.08840576934744337,0.08147925650760218,0.2789289033012895,1.5728735784108168,-0.0010293831319638192,-0.0038903828215079653,0.007849719438898043,-1.5698026314325433,0.00453951368454053,1.572955554033451,0.10289999842643738,0.40549999475479126,1.6497999429702759,-0.5,-0.5,0.5,-0.5,287.8546142578125,9.103873252868652,0.0
6.229,1.5832983969565726,3.0948262877599717,0.05144612709938112,5.199807492065122,0.10511119091402232,3.6731638553420387,-0.08896919941151094,0.08141288403979256,0.27787769669222556,1.5719484229138432,-0.0009754851283368344,-0.004164075171460269,0.0076505078454718375,-1.569786585135871,0.004382041934384073,1.5728730794684862,0.10289999842643738,0.40549999475479126,1.6497999429702759,-0.5,-0.5,0.5,-0.5,289.2322082519531,9.124191284179688,0.0
6.239,1.5835325427377533,3.0984756159672724,0.05103151971114617,5.200225502400783,0.10576534582830988,3.6700154762377943,-0.08954652293277565,0.08134943042778885,0.2768347574531599,1.5710349172097704,-0.0011654091212906618,-0.004407200433605676,0.007523075459798072,-1.5697760191527856,0.004240060073708474,1.57278904346596,0.10289999842643738,0.40549999475479126,1.6497999429702759,-0.5,-0.5,0.5,-0.5,290.6501770019531,9.144176483154297,0.0
6.249,1.5837707007576567,3.1020747691529618,0.05061772925139163,5.200637722693216,0.10643124587419628,3.666890610655652,-0.09016389310565653,0.08128840592841156,0.27580062026617524,1.5701369560364213,-0.0013341317150281787,-0.0045639834542736705,0.007487602527852996,-1.5697939080938317,0.00409976088079933,1.5727206278225996,0.10289999842643738,0.40549999475479126,1.6497999429702759,-0.5,-0.5,0.5,-0.5,292.1067199707031,9.170554161071777,0.0
6.259,1.5840080469706121,3.1056323689344207,0.050206443501527254,5.201034752377697,0.1070781504721392,3.663773548153377,-0.09077350303853127,0.08123064086795885,0.2747780542398194,1.5692517889962163,-0.0009253956715696113,-0.004741560019688266,0.007395966950116562,-1.5698222643283049,0.003963474426768254,1.5726723123241786,0.10289999842643738,0.40549999475479126,1.6497999429702759,-0.5,-0.5,0.5,-0.5,293.57000732421875,9.205621719360352,0.0
6.268,1.5842219496843981,3.1088068050093707,0.049839017997137525,5.201379556168892,0.10765493400274018,3.660973832134853,-0.09132772439761805,0.08117416133306761,0.2737661752701045,1.5683756028300084,-0.0005663286680231102,-0.004829223403844404,0.007402437943070914,-1.569852252689508,0.0038439305802615564,1.5726403068570662,0.10289999842643738,0.40549999475479126,1.6497999429702759,-0.5,-0.5,0.5,-0.5,295.1234436035156,9.225000381469727,0.0
6.279,1.5844886734357964,3.1126848075698508,0.04939390679721978,5.201786113983682,0.10839575673644575,3.6575509073212755,-0.09204670452058128,0.08112081803009313,0.2727644739174483,1.5675066030203701,0.00165184932706176,-0.004999250167583937,0.0072819275957400655,-1.5698920769043474,0.0037207629962257016,1.5726195005434365,0.10289999842643738,0.40549999475479126,1.6497999429702759,-0.5,-0.5,0.5,-0.5,296.73095703125,9.23386287689209,0.0
6.289,1.5847659739253475,3.116194877655083,0.04897616030277785,5.202125988896492,0.1090780266698772,3.6544282384084203,-0.09270863211743663,0.08106665181730713,0.27176804127866394,1.566633783241422,0.0006209731814095067,-0.0052756578183720555,0.007141391407026731,-1.569922747738133,0.0036034818360324294,1.5725940122493234,0.10289999842643738,0.40549999475479126,1.6497999429702759,-0.5,-0.5,0.5,-0.5,298.2381286621094,9.266166687011719,0.0
6.299,1.585081979270198,3.1195964729911108,0.048553503330835746,5.202423867722983,0.10974362278721994,3.6513243269895925,-0.09339132610960821,0.08100709325312024,0.27078942800689276,1.565771961374612,-0.0014453019539517017,-0.005674755014366012,0.006925127291906357,-1.5699614325138975,0.003520248875385157,1.5725896957319223,0.10289999842643738,0.40549999475479126,1.6497999429702759,-0.5,-0.5,0.5,-0.5,299.4456787109375,9.299736022949219,0.0
6.308,1.58536778608409,3.1225902254998914,0.048194087363810034,5.202673075704429,0.11034116867955923,3.648555709488016,-0.09405441474242959,0.08093874119916518,0.26982985799519293,1.5649300070255743,-0.00126484940259759,-0.005749688896891753,0.007051674680881048,-1.5700443280172076,0.003477121258647742,1.5726136562716664,0.10289999842643738,0.40549999475479126,1.6497999429702759,-0.5,-0.5,0.5,-0.5,300.89459228515625,9.318602561950684,0.0
6.321,1.5856747966286067,3.126607621198392,0.04778594380801504,5.202980797933538,0.11111795180466277,3.6448851643306677,-0.09494763406576556,0.08087123914609123,0.26887937348002183,1.5640943637894917,0.0017216625281660128,-0.005746231084782122,0.007166166156845715,-1.5701668931418344,0.003445787556504598,1.5726293496030297,0.10289999842643738,0.40549999475479126,1.6497999429702759,-0.5,-0.5,0.5,-0.5,302.8545227050781,9.356249809265137,0.0
6.328,1.585878843798886,3.1292915493473856,0.047517228002100786,5.203150554498999,0.11162132164176608,3.642462691033379,-0.09552114513137955,0.08080587171084055,0.26793473202727675,1.5632435973991732,0.0011930561304625675,-0.00586802190909955,0.007136258610874851,-1.5702798552650816,0.0034258155340798346,1.5725777631990174,0.10289999842643738,0.40549999475479126,1.6497999429702759,-0.5,-0.5,0.5,-0.5,304.4130859375,9.349607467651367,0.0
6.338,1.5860878706254056,3.1325741337651944,0.04721474389364655,5.203317563085186,0.11226984939386764,3.6394836845810916,-0.09624041718485632,0.08074176483556328,0.2670089892616318,1.5623916256449129,0.0006177554584544692,-0.005657222756936195,0.007530574838768045,-1.570372383832189,0.003407169091609763,1.572475086049839,0.10289999842643738,0.40549999475479126,1.6497999429702759,-0.5,-0.5,0.5,-0.5,305.3277587890625,9.323840141296387,0.0
6.348,1.58621744540251,3.1358197338977707,0.04696130980282742,5.203457673284538,0.11293892734109345,3.63651313685311,-0.09695536100986235,0.08069192543768419,0.2660981135743833,1.5615451397441142,0.0006102857014841698,-0.005689416809335925,0.007489962489802354,-1.5704412597744497,0.0033445915288208283,1.572357493702779,0.10289999842643738,0.40549999475479126,1.6497999429702759,-0.5,-0.5,0.5,-0.5,306.4549560546875,9.359023094177246,0.0
6.358,1.586319664531862,3.139017035313728,0.04672810442180886,5.203585597956534,0.11361184892987897,3.633530358146733,-0.0976460478611978,0.08064855754935187,0.2651961644501783,1.5607092844045387,-0.0007001081008844511,-0.005804532743361805,0.007425854947964601,-1.5704802957687327,0.0032707227454826793,1.5722646847553368,0.10289999842643738,0.40549999475479126,1.6497999429702759,-0.5,-0.5,0.5,-0.5,307.9013671875,9.434606552124023,0.0
6.368,1.5864114236886753,3.142141439487551,0.0465140702372322,5.203706988456973,0.11431344180581249,3.6305455717428723,-0.0983531263833397,0.0806092850820784,0.26430636736058505,1.5598949011406895,-0.0014714265169441122,-0.006307994684819118,0.007196351002475259,-1.5704943772175677,0.00319192213260866,1.572230687136129,0.10289999842643738,0.40549999475479126,1.6497999429702759,-0.5,-0.5,0.5,-0.5,309.25213623046875,9.456875801086426,0.0
6.378,1.5864979025351458,3.1452291404892145,0.04631780296992449,5.20382843198946,0.1150416689200231,3.6275673729786773,-0.09909646220034585,0.08056556666170443,0.26333911040937136,1.5590199323141047,-0.000711031203128717,-0.006386159920441754,0.007194336592208058,-1.570513615820584,0.0031073221952819807,1.5722440130188742,0.10289999842643738,0.40549999475479126,1.6497999429702759,-0.5,-0.5,0.5,-0.5,310.3908386230469,9.45362663269043,0.0
6.388,1.5865810645378247,3.1483178011678206,0.04612984379962537,5.203950954167657,0.11573949976226316,3.6246042411334676,-0.09982379838977007,0.08052815611439448,0.26246618103071934,1.5582332464052484,0.0008139370830368483,-0.0065765692658946535,0.0069581683275895395,-1.570538341346078,0.003041366463333972,1.5722636674088504,0.10289999842643738,0.40549999475479126,1.6497999429702759,-0.5,-0.5,0.5,-0.5,311.76861572265625,9.464190483093262,0.0
6.398,1.5866707931474657,3.1514013934880714,0.04595333512235822,5.204066392779383,0.11643199164820661,3.621667050514195,-0.10055593034379218,0.08048651689572633,0.2615997097779306,1.5574489795529016,0.0015349629988303348,-0.0066314382495071935,0.006925451598258956,-1.5705712861086614,0.0030033796857900086,1.5722659704354716,0.10289999842643738,0.40549999475479126,1.6497999429702759,-0.5,-0.5,0.5,-0.5,313.3276062011719,9.488913536071777,0.0
6.408,1.586746416521967,3.1544555146416133,0.045786559087741985,5.204166158751156,0.11713100066390947,3.61876601688341,-0.10129396211674813,0.0804501488517026,0.2608283120319721,1.5567483747500428,0.0018093292769645413,-0.006526678973221596,0.007037733053045888,-1.57060047145798,0.00296791638404148,1.5722561141820102,0.10289999842643738,0.40549999475479126,1.6497999429702759,-0.5,-0.5,0.5,-0.5,314.45391845703125,9.490619659423828,0.0
6.419,1.5868356935256243,3.15776972415968,0.04558859668390003,5.2042474988734595,0.11785998896645822,3.6155969571744384,-0.10206936977799241,0.08041466632028697,0.2599836115231517,1.5559731143233742,0.0015628505852422869,-0.006602291031507873,0.006879490457300824,-1.57062758145283,0.0029254109457363953,1.572227073143785,0.10289999842643738,0.40549999475479126,1.6497999429702759,-0.5,-0.5,0.5,-0.5,315.85028076171875,9.511381149291992,0.0
6.429,1.5869365316497746,3.1607389032450888,0.045401127085898274,5.204311580010342,0.11851147293710707,3.612724757323053,-0.10278278516889561,0.08037742970200525,0.25914977774178627,1.5552069728943554,0.0012539288814368164,-0.006669679142302081,0.006806023608901576,-1.570660013809787,0.0029069660572789147,1.5722131278823157,0.10289999842643738,0.40549999475479126,1.6497999429702759,-0.5,-0.5,0.5,-0.5,317.0764465332031,9.538480758666992,0.0
6.439,1.5870402558033545,3.163677477483116,0.045215091226840975,5.2043731112915665,0.11918006257543823,3.609866491471725,-0.10353795007912137,0.08034011818595245,0.2583243216322728,1.5544528235596302,0.0015202606250049797,-0.006681267745927505,0.006794015526164769,-1.5707155718279202,0.0028920436118733406,1.5722172726563863,0.10289999842643738,0.40549999475479126,1.6497999429702759,-0.5,-0.5,0.5,-0.5,318.47027587890625,9.550349235534668,0.0
6.45,1.5871580665625356,3.1668709580051537,0.04501543225992233,5.204428792785415,0.11987585853891503,3.6067221187798557,-0.10434823537028226,0.08030400590711483,0.2575066688617067,1.5537058628686764,0.0010418781848056244,-0.006871878096330997,0.00659696816305351,-1.5707891175949007,0.002883057148114432,1.5722356435074778,0.10289999842643738,0.40549999475479126,1.6497999429702759,-0.5,-0.5,0.5,-0.5,319.6656799316406,9.570788383483887,0.0
6.459,1.5872747533667262,3.1694370008374646,0.044834920635696385,5.2044579051390265,0.12042625135936635,3.604159106580007,-0.104998268726475,0.08026377824841135,0.2566998984919705,1.552969472765504,0.0007021222672840315,-0.006782940303644731,0.006746427553333551,-1.570868424102157,0.0029097237187754033,1.572280302405729,0.10289999842643738,0.40549999475479126,1.6497999429702759,-0.5,-0.5,0.5,-0.5,320.7328796386719,9.584550857543945,0.0
6.469,1.5874047219745453,3.1722460541154778,0.044609586210419216,5.204466328557302,0.12106375012822479,3.6013238316134393,-0.10574326149573832,0.08022946161984748,0.2559065804113015,1.5522413231088783,0.0006456281819835787,-0.006605051660909952,0.006898990664969878,-1.5709454408810126,0.0029203697729816014,1.572330563548028,0.10289999842643738,0.40549999475479126,1.6497999429702759,-0.5,-0.5,0.5,-0.5,321.8470153808594,9.575349807739258,0.0
6.48,1.587512858095863,3.1750178846665307,0.044383964216810234,5.204451981310102,0.12168870552262234,3.5984913384420727,-0.10645875813659789,0.08020516524729251,0.2551264349739203,1.5515203395606378,0.0007092993749150434,-0.006583062939178451,0.006817922258857019,-1.5710155861350779,0.002902312723572109,1.5723925292723384,0.10289999842643738,0.40549999475479126,1.6497999429702759,-0.5,-0.5,0.5,-0.5,322.9878845214844,9.606786727905273,0.0
6.489,1.5876037156338834,3.1777691082950126,0.04417859321764883,5.204422043775832,0.12231427345928214,3.5956782584214215,-0.10715298253268823,0.08018487060263157,0.2543580958440842,1.5508066209906761,0.0018970975871364201,-0.006695720329738906,0.006598458845587467,-1.5710550238858272,0.0028844459415475754,1.5724587623059265,0.10289999842643738,0.40549999475479126,1.6497999429702759,-0.5,-0.5,0.5,-0.5,324.149169921875,9.63624382019043,0.0
6.499,1.5876804500854442,3.1804927173846105,0.04402023682848988,5.204377490085513,0.12301024345521139,3.592910695777678,-0.10792266432235653,0.08016255016906555,0.25359767686052953,1.5500929290935617,0.001136252776226922,-0.006980045427700748,0.006313087802274298,-1.5710885207570986,0.0028644683034126928,1.572501366030415,0.10289999842643738,0.40549999475479126,1.6497999429702759,-0.5,-0.5,0.5,-0.5,325.0702209472656,9.629257202148438,0.0
6.509,1.5877398620871528,3.183142912974862,0.04391813505509834,5.204320981648328,0.12372048903177824,3.5902117122038755,-0.10871219882388683,0.08013227498473614,0.25285151830885766,1.549391491965902,0.0007525751130891781,-0.007229311960411395,0.006109457328431414,-1.571136327747975,0.00285400815844028,1.5725282311436335,0.10289999842643738,0.40549999475479126,1.6497999429702759,-0.5,-0.5,0.5,-0.5,325.93939208984375,9.642327308654785,0.0
6.519,1.5877918752153537,3.185755995143185,0.043845960632654446,5.204254893722215,0.1243960152274699,3.587556362328219,-0.10946123916265282,0.08009332214087575,0.2521172016771261,1.548700854380324,0.0011388517932824315,-0.007305770101458659,0.006070150665802233,-1.5711759208619251,0.0028813530086782,1.5725375040082576,0.10289999842643738,0.40549999475479126,1.6497999429702759,-0.5,-0.5,0.5,-0.5,326.7547302246094,9.62287712097168,0.0
6.529,1.587849295227329,3.1883030606490204,0.04376919590530104,5.204178388961029,0.12508174916476822,3.584953473180474,-0.11023722963574567,0.08005084359518813,0.25139341350236216,1.5480172288955787,-0.0005998585493270775,-0.007164081187370377,0.006250703897615744,-1.571214615059444,0.0029267857031909372,1.572533999469496,0.10289999842643738,0.40549999475479126,1.6497999429702759,-0.5,-0.5,0.5,-0.5,327.26495361328125,9.583305358886719,0.0
6.539,1.5879202173032443,3.190784234235716,0.0436317700051978,5.20411769630061,0.12575078075399748,3.582398205277138,-0.11100039622562985,0.08001519904826489,0.2506866510630598,1.5473544162945903,-0.00014632977574869204,-0.006617172813400281,0.006682370573462633,-1.571277855169844,0.0029467974824033405,1.5725422776760007,0.10289999842643738,0.40549999475479126,1.6497999429702759,-0.5,-0.5,0.5,-0.5,328.1914367675781,9.597761154174805,0.0
6.549,1.587992777389978,3.1932568006356865,0.0434238582208577,5.204088487541787,0.12638197784626826,3.5798547948378916,-0.11169530207651857,0.07999980182448044,0.24998434198077338,1.546713098907279,0.00035419451447696196,-0.00623819695207117,0.006792024787620678,-1.5713142012647596,0.002920966594442742,1.5725854076524082,0.10289999842643738,0.40549999475479126,1.6497999429702759,-0.5,-0.5,0.5,-0.5,329.4177551269531,9.630928039550781,0.0
6.559,1.5880143795459833,3.195721212059106,0.04326434721956662,5.2040719510883555,0.12706521304890117,3.5773461068597685,-0.11243602353925564,0.0799990550641277,0.24928816551443334,1.5460886786434116,0.001735846312922069,-0.00649896474990848,0.006246153553776117,-1.5713325525575248,0.0028491572569881995,1.5726476272080359,0.10289999842643738,0.40549999475479126,1.6497999429702759,-0.5,-0.5,0.5,-0.5,330.6080322265625,9.642016410827637,0.0
6.569,1.5879600203674205,3.198191480252964,0.04323186225570641,5.204058151007182,0.12779197254208707,3.5748787785435594,-0.1132293503166446,0.0799900159996797,0.24852761427899692,1.545410564359422,0.002905820555967314,-0.006891676255924154,0.005780364722828995,-1.5713687247453119,0.00277406470054542,1.5726904458581934,0.10289999842643738,0.40549999475479126,1.6497999429702759,-0.5,-0.5,0.5,-0.5,331.9123229980469,9.671972274780273,0.0
6.579,1.5878703066025412,3.200642496549767,0.04326643729280821,5.2040387918625495,0.12849269451671752,3.5724443699551935,-0.11399886877041165,0.07997147123791742,0.24791029748943064,1.5448619512129513,0.002753922221250726,-0.007045237223904854,0.005684544508317092,-1.5714055688795479,0.0027495128496832777,1.5727026157491657,0.10289999842643738,0.40549999475479126,1.6497999429702759,-0.5,-0.5,0.5,-0.5,332.9949035644531,9.685407638549805,0.0
6.589,1.5877954600048056,3.2030434301195507,0.043279607498975636,5.204005780420081,0.12917185155180633,3.5700482562218605,-0.1147538339231593,0.07994738422589434,0.24723457970873386,1.544263645055905,0.002182890101559436,-0.0068636190809521205,0.005861817466615129,-1.571443138063908,0.002743501221032396,1.5727110435685452,0.10289999842643738,0.40549999475479126,1.6497999429702759,-0.5,-0.5,0.5,-0.5,333.2767028808594,9.657878875732422,0.0
6.599,1.587760031434966,3.20537785582619,0.04321827082114105,5.2039592817214455,0.12982799096209252,3.567702268397583,-0.11548642786197316,0.07993047054321786,0.24657290979875712,1.5436755576143588,0.0009004792520707727,-0.006542968245416703,0.00605268644914487,-1.5714882423303138,0.002720247616993632,1.5727086330909068,0.10289999842643738,0.40549999475479126,1.6497999429702759,-0.5,-0.5,0.5,-0.5,333.7957763671875,9.65117073059082,0.0
6.61,1.5877363034861869,3.2078817589173783,0.043094902068888885,5.2038995236424395,0.13050916402844415,3.565175258258434,-0.11621199301894425,0.07992498965783103,0.24592569984532855,1.5431029705376873,0.0008308902285082952,-0.006299556271913096,0.006028711082776943,-1.5715087569624469,0.0026702907706548373,1.5727034505047772,0.10289999842643738,0.40549999475479126,1.6497999429702759,-0.5,-0.5,0.5,-0.5,334.5431213378906,9.66196060180664,0.0
6.619,1.5876937969283187,3.2099178848591388,0.04301448455554713,5.203843558182095,0.13108583119340356,3.563141163828063,-0.11679420150566511,0.07992699484947484,0.24522587726071698,1.5424808411881188,0.001864488592837157,-0.006371990401005656,0.005738836699683698,-1.571484140371204,0.0025935288450309457,1.572679702095528,0.10289999842643738,0.40549999475479126,1.6497999429702759,-0.5,-0.5,0.5,-0.5,335.41156005859375,9.66214370727539,0.0
6.629,1.587587916077707,3.212136014363937,0.043028271228133796,5.203771049838052,0.13178516946699137,3.5609242416965854,-0.11748269709060022,0.07992475691576065,0.24465990194683898,1.5419735530110719,0.00035602226772350656,-0.006788280854369161,0.00526211604685572,-1.5714483647890969,0.0025268688511284054,1.572637258925975,0.10289999842643738,0.40549999475479126,1.6497999429702759,-0.5,-0.5,0.5,-0.5,335.7990417480469,9.634825706481934,0.0
6.64,1.58742234001663,3.214491020277171,0.04316874386121672,5.203666061679973,0.1325615998993186,3.5585209933466126,-0.11823712121964736,0.07990610746560736,0.24404679853710687,1.5414265269096947,0.00034152641065996077,-0.007228320595853178,0.004840529384059082,-1.571402505535353,0.0024895280599550595,1.5726023761738532,0.10289999842643738,0.40549999475479126,1.6497999429702759,-0.5,-0.5,0.5,-0.5,336.5108947753906,9.662443161010742,0.0
6.648,1.5873128340638782,3.216166604395828,0.04329884259040728,5.203574346923613,0.13312271156852606,3.5567840883143758,-0.11878262859959055,0.07986770967160142,0.24344636356905774,1.540888738292277,-0.0002485251924780119,-0.00726080020364991,0.004865538340426752,-1.571354129231698,0.0025187419499923536,1.5725739772629768,0.10289999842643738,0.40549999475479126,1.6497999429702759,-0.5,-0.5,0.5,-0.5,337.42132568359375,9.676239967346191,0.0
6.658,1.5872295913838208,3.2182148845124923,0.04341140741570548,5.20345085693784,0.1338429973354911,3.5546346952374774,-0.11948946370433422,0.07982116476172252,0.24286002236287688,1.5403655146641324,5.0607383656607336e-05,-0.006929920244154292,0.005138141520527246,-1.5713084146974445,0.0025694956539821234,1.5725653514100106,0.10289999842643738,0.40549999475479126,1.6497999429702759,-0.5,-0.5,0.5,-0.5,337.4854736328125,9.626424789428711,0.0
6.67,1.5871875317750632,3.2206857973687857,0.04346442930089367,5.203279295437236,0.13467612347935543,3.5520575204474047,-0.12031874574890455,0.07977795375200665,0.24228454459945242,1.5398480250695643,0.0026524687153713384,-0.0065124040903097175,0.005264956975544923,-1.5712694279103396,0.00261097734934701,1.5725568500464415,0.10289999842643738,0.40549999475479126,1.6497999429702759,-0.5,-0.5,0.5,-0.5,338.7546081542969,9.634552955627441,0.0
6.678,1.5871842616011014,3.222342460499825,0.043453923427418495,5.203141446167056,0.13521258678794457,3.550352822690857,-0.12086481123164194,0.07973830202734752,0.24171505748531547,1.5393212013829252,0.0028243441658065745,-0.006138654914930531,0.0054700716144711475,-1.5712346145127527,0.002652349391375708,1.5725145831605056,0.10289999842643738,0.40549999475479126,1.6497999429702759,-0.5,-0.5,0.5,-0.5,339.8406982421875,9.65451717376709,0.0
6.688,1.5871865752944343,3.2243745536305344,0.04340271118975192,5.20294442950421,0.135902487875323,3.5482599146775824,-0.12158773882467688,0.0797088071102283,0.24115955069255296,1.5387907634368052,0.0024858330412936428,-0.005846281234275139,0.00553013705253159,-1.571219297587602,0.0026565647630159006,1.5724276001671318,0.10289999842643738,0.40549999475479126,1.6497999429702759,-0.5,-0.5,0.5,-0.5,340.0658264160156,9.655884742736816,0.0
6.698,1.5871616203032657,3.226347996298397,0.043344944795836504,5.20273889919882,0.13658500402618579,3.5461752808556293,-0.1223139675521212,0.0796884888826799,0.24061633898647206,1.5382683546465603,0.0009300588714402547,-0.005633170489403464,0.00557259688274435,-1.5712222047325919,0.002626154196489594,1.5723476887182253,0.10289999842643738,0.40549999475479126,1.6497999429702759,-0.5,-0.5,0.5,-0.5,340.34326171875,9.662957191467285,0.0
6.708,1.5870846868112087,3.2282583720430003,0.043322388485361074,5.202539381140497,0.13725425188336793,3.5440898132296015,-0.12303181281414322,0.07967609638537855,0.24008575563682216,1.5377646106986356,0.00028955845818650657,-0.0057542488123314885,0.005290101461411524,-1.571229774140373,0.0025763248682402207,1.5723241246268147,0.10289999842643738,0.40549999475479126,1.6497999429702759,-0.5,-0.5,0.5,-0.5,341.0340576171875,9.66491985321045,0.0
6.718,1.5869508497490399,3.2301354462633496,0.04337802391754764,5.202348902159239,0.13797317002702236,3.5420079980126475,-0.12380043172344823,0.07966113773841518,0.23956267465273806,1.5372770647758274,0.0004046031536655035,-0.005967144149822216,0.00498157799662162,-1.5712512759113884,0.002525804756664307,1.5723469654641895,0.10289999842643738,0.40549999475479126,1.6497999429702759,-0.5,-0.5,0.5,-0.5,341.5603942871094,9.647944450378418,0.0
6.728,1.5867816475617973,3.2319889400342623,0.04350598341416223,5.202156982585107,0.13872252098673687,3.5399254342838544,-0.1245900662324475,0.07963841975372796,0.2390469554844019,1.5367996438969873,0.0007698377065134372,-0.006263638577287056,0.004604919829945114,-1.5712724102324802,0.0024839227267596797,1.5724000825028188,0.10289999842643738,0.40549999475479126,1.6497999429702759,-0.5,-0.5,0.5,-0.5,342.2880859375,9.646105766296387,0.0
6.7379999999999995,1.586610171610956,3.233798995699095,0.043688120419655974,5.201948347096785,0.13944638332488513,3.5378534210635157,-0.12534755708595124,0.07960042209482904,0.23854056800644047,1.536330539343652,0.0002665485273441086,-0.006502501126295957,0.004310114064389468,-1.5712893289645065,0.0024945013987043296,1.5724738998722414,0.10289999842643738,0.40549999475479126,1.6497999429702759,-0.5,-0.5,0.5,-0.5,343.2154541015625,9.644352912902832,0.0
6.748,1.586506911267107,3.2355343460510504,0.04384871796499468,5.201684696195187,0.14017885281326237,3.5358129902477993,-0.1261189548949444,0.07954588526771589,0.23805198292782806,1.5358674146955424,-0.0002866154493198739,-0.0064331753376856106,0.004269649124545302,-1.5713005695252806,0.0025566319968151063,1.5725465266112035,0.10289999842643738,0.40549999475479126,1.6497999429702759,-0.5,-0.5,0.5,-0.5,343.22076416015625,9.60793685913086,0.0
6.758,1.5865262257614603,3.2371916638672253,0.0438865258867418,5.201337010789757,0.1408950550338579,3.533795657454454,-0.12688349993422765,0.07947762551341332,0.2375441902429823,1.535350081158175,-0.0008017143293393589,-0.005866713416615567,0.004616248106692145,-1.571317809023819,0.002649688725704813,1.572585880026745,0.10289999842643738,0.40549999475479126,1.6497999429702759,-0.5,-0.5,0.5,-0.5,343.2047119140625,9.584760665893555,0.0
6.769,1.5866676192176756,3.238976693028145,0.0437561356642151,5.200882757655926,0.14160927190002237,3.531576377366272,-0.12764424908125793,0.07942881891213592,0.2371506231345164,1.5349190041888994,0.0005930248903261746,-0.005185866799817521,0.004862617423090964,-1.5713115940396403,0.0027190824537943747,1.572593742292957,0.10289999842643738,0.40549999475479126,1.6497999429702759,-0.5,-0.5,0.5,-0.5,343.9336242675781,9.60448932647705,0.0
6.781,1.5868801118442777,3.2409136733195325,0.043487162981652894,5.200349650732706,0.14238939662218542,3.5291808045162236,-0.12849342795255314,0.07938608343201246,0.23672431543302158,1.53443261465164,0.0009813196342290133,-0.00453711340049092,0.005069777217710295,-1.571297350322442,0.0027678293633597306,1.5725722382422342,0.10289999842643738,0.40549999475479126,1.6497999429702759,-0.5,-0.5,0.5,-0.5,344.23406982421875,9.598690032958984,0.0
6.788,1.5869995201745075,3.2420110198946324,0.04330495383395405,5.200021730213457,0.14284408436761886,3.527806695376534,-0.12900247372969087,0.07935876989990331,0.23631069813113162,1.5339462008715754,0.00012861613239452876,-0.00442105657870988,0.004978581355533084,-1.571300843202259,0.0027589447441505044,1.5725266220646075,0.10289999842643738,0.40549999475479126,1.6497999429702759,-0.5,-0.5,0.5,-0.5,344.6617126464844,9.600031852722168,0.0
6.799,1.5871200122965465,3.2436556450374683,0.04307186241230543,5.1994806551227555,0.14350053238463367,3.5256825045994225,-0.12975966706085718,0.07933858958214858,0.2359147484388915,1.5334667447050407,-0.0011128040650021669,-0.004516088624662104,0.004673641943570003,-1.5713203098193735,0.0027300976874071736,1.5724764839656145,0.10289999842643738,0.40549999475479126,1.6497999429702759,-0.5,-0.5,0.5,-0.5,344.62249755859375,9.568607330322266,0.0
6.809,1.58713630631516,3.2450972626848404,0.04298622613461678,5.198970298753487,0.14412012337710856,3.5237770872162093,-0.13047977574572034,0.079315646958409,0.2355348888421986,1.5329956111000504,-0.0008032611988275976,-0.0050538194559985065,0.004047514084526336,-1.5713575885776427,0.0027098040746516006,1.5724315238697393,0.10289999842643738,0.40549999475479126,1.6497999429702759,-0.5,-0.5,0.5,-0.5,344.9552307128906,9.55724811553955,0.0
6.819,1.5870928833825468,3.2465098543645325,0.043015254245931445,5.198439319725521,0.14480674321967424,3.5218759005161777,-0.1312621494973465,0.07927581171579774,0.23516465454964236,1.5325285187786162,-0.000886139462599079,-0.005247982150412459,0.0038579765523256127,-1.5714089579649453,0.0027174282467186117,1.572393112029718,0.10289999842643738,0.40549999475479126,1.6497999429702759,-0.5,-0.5,0.5,-0.5,345.6454162597656,9.559972763061523,0.0
6.829,1.587072549363726,3.2478642140718623,0.043031787866678606,5.19789101549876,0.14546633116914265,3.519983542094306,-0.1320049736294715,0.07922582732226321,0.23480724579487344,1.5320680957103336,-0.0017909672971904535,-0.005074572440519243,0.003937274454515315,-1.571455766780005,0.0027489914222038614,1.5723696738577695,0.10289999842643738,0.40549999475479126,1.6497999429702759,-0.5,-0.5,0.5,-0.5,345.44952392578125,9.543143272399902,0.0
6.838,1.5870886520205518,3.249022498055986,0.0430011003524049,5.1973866279065515,0.1460317710195742,3.5183080268190148,-0.13263599586235753,0.07917490024736736,0.23446604838662688,1.5316212067954413,-0.0021764107087452796,-0.004763690521849955,0.004033596638386845,-1.5714816740129873,0.0027937939600031214,1.5723764503851658,0.10289999842643738,0.40549999475479126,1.6497999429702759,-0.5,-0.5,0.5,-0.5,345.5276184082031,9.521078109741211,0.0
6.849,1.5871272946348975,3.250395445966749,0.042925331279241696,5.196755278117243,0.1467468192732353,3.516313813549231,-0.13343247549638715,0.07912760133514223,0.23414129232689865,1.5311814843065956,-0.0012284867536159266,-0.004318421878157528,0.0040854419561391535,-1.5715025470710908,0.002818616196960555,1.5723761441356243,0.10289999842643738,0.40549999475479126,1.6497999429702759,-0.5,-0.5,0.5,-0.5,345.5328369140625,9.491578102111816,0.0
6.86,1.5871890500321433,3.2517622734513907,0.04279288332784592,5.1961150012877635,0.147440217110554,3.5143620982356802,-0.13419307529407032,0.07908554484444606,0.23382810131787823,1.5307416445730198,0.00028579712705526406,-0.003797047012154595,0.004159382730740496,-1.5715223904136268,0.0028165555657286845,1.572353052254522,0.10289999842643738,0.40549999475479126,1.6497999429702759,-0.5,-0.5,0.5,-0.5,346.2940979003906,9.499435424804688,0.0
6.869,1.587253167600152,3.252866685653811,0.04263992558813978,5.195589962486958,0.1479817138207702,3.5127939916565643,-0.1347726468607009,0.07905136690810871,0.23352389237819673,1.530299127819276,0.00029448055194179144,-0.003463198432821685,0.004170284905891961,-1.571515071816142,0.0027933765555863133,1.572303536791514,0.10289999842643738,0.40549999475479126,1.6497999429702759,-0.5,-0.5,0.5,-0.5,346.70172119140625,9.490368843078613,0.0
6.879,1.5873031783627685,3.2540509673394276,0.0424729596451181,5.195016878534936,0.1486036581764747,3.5110850394646897,-0.13544614276366307,0.07902494174855194,0.23323098555479388,1.529864496085007,5.9944646219986153e-05,-0.0033391131566675655,0.004001899652290164,-1.5715006596710839,0.0027386644765243773,1.5722619020863176,0.10289999842643738,0.40549999475479126,1.6497999429702759,-0.5,-0.5,0.5,-0.5,346.54156494140625,9.484026908874512,0.0
6.889,1.5872934152045648,3.2552113622848102,0.04237352519286741,5.194459287301804,0.14921382107257042,3.5094051890569835,-0.13611096514380439,0.07899991080065907,0.23294765289980357,1.5294416957757817,0.0008210958009823828,-0.003517447346120481,0.003616558787386421,-1.571508496378549,0.002667390422399052,1.572240523846072,0.10289999842643738,0.40549999475479126,1.6497999429702759,-0.5,-0.5,0.5,-0.5,346.75506591796875,9.471298217773438,0.0
6.899,1.5872250641252847,3.256393844656844,0.04236879094446877,5.193909160970408,0.14979049090192387,3.507738738169368,-0.13672475397722028,0.07896512427066654,0.23266845149560417,1.5290224645711483,0.002751535747710119,-0.003760334433392426,0.0032294669961443895,-1.5715077907890123,0.0026267195159288548,1.5722179213608565,0.10289999842643738,0.40549999475479126,1.6497999429702759,-0.5,-0.5,0.5,-0.5,347.51519775390625,9.479065895080566,0.0
6.909,1.587157199444034,3.2575783139881045,0.04239779262524923,5.193354291709902,0.15038572889133306,3.506098258470444,-0.13736486525441283,0.07891596502817157,0.23238995184497574,1.5285980280985012,0.002341735572076571,-0.003679456119479642,0.0032123820493483285,-1.5715056457065482,0.0026270109682142717,1.5721689758191524,0.10289999842643738,0.40549999475479126,1.6497999429702759,-0.5,-0.5,0.5,-0.5,347.8038635253906,9.46103572845459,0.0
6.9190000000000005,1.5871362564876552,3.2586309842417833,0.042390663472980705,5.192773365900177,0.15096769649492625,3.504505237598777,-0.1380022188780936,0.07886041877897625,0.23212444916183114,1.5281804132007557,-0.002361455751518405,-0.003541065213887082,0.003244467921799154,-1.5715205089767363,0.0026360049604194913,1.5721149988992642,0.10289999842643738,0.40549999475479126,1.6497999429702759,-0.5,-0.5,0.5,-0.5,346.8813171386719,9.412675857543945,0.0
6.929,1.5871892529110747,3.2595174052420264,0.042292412984982874,5.192165758707864,0.1514823689718634,3.502944944484134,-0.13857546495256212,0.07880119311213785,0.2318909136928587,1.5277903917826985,-0.004227426285997704,-0.0029789085127912263,0.003514313787956787,-1.5715270135272992,0.0026639942032389285,1.572126186003764,0.10289999842643738,0.40549999475479126,1.6497999429702759,-0.5,-0.5,0.5,-0.5,346.3542785644531,9.36013126373291,0.0
6.939,1.5873327693121926,3.2603524574576435,0.04205502299645758,5.191555933589907,0.1520117434031043,3.5014039702937767,-0.13918960733390673,0.07875105610436509,0.23167853485716092,1.5274200982003754,-0.003159243112762213,-0.0022501430969949256,0.003787215065264436,-1.571539874708834,0.0026682056700444434,1.5721877781271643,0.10289999842643738,0.40549999475479126,1.6497999429702759,-0.5,-0.5,0.5,-0.5,346.4211120605469,9.325587272644043,0.0
6.949,1.587508060394895,3.261200556209399,0.04173916986130344,5.190931976216319,0.1525578854960239,3.499867486267772,-0.13981588629923447,0.07871717632534148,0.23147755756151922,1.5270555250567142,-0.00072418380669647,-0.0018541339455401154,0.0037115706246469925,-1.5715668960599565,0.0026102609860676473,1.5722570701420386,0.10289999842643738,0.40549999475479126,1.6497999429702759,-0.5,-0.5,0.5,-0.5,347.0633239746094,9.335464477539062,0.0
6.959,1.5876535451944775,3.262064821653259,0.04141790853001126,5.19026101845289,0.1530844149246322,3.4983332289371587,-0.14037634403721366,0.07869210008414561,0.23128780148582231,1.5266807762625363,0.0012008098085061708,-0.0015390537101419952,0.0036742798162406193,-1.5715562339094662,0.0025221222834144186,1.5722977544732226,0.10289999842643738,0.40549999475479126,1.6497999429702759,-0.5,-0.5,0.5,-0.5,347.6424255371094,9.341078758239746,0.0
6.969,1.5877372465803736,3.2629046720881094,0.04114849049269864,5.1895320292900955,0.15363367270739836,3.4968256780493645,-0.14093477297707846,0.07867408717053376,0.23111498473077155,1.5262890704810521,0.001510607781251155,-0.001705984888222822,0.00329124770144221,-1.571504831553357,0.0024016108592750385,1.5722855987835487,0.10289999842643738,0.40549999475479126,1.6497999429702759,-0.5,-0.5,0.5,-0.5,347.1649475097656,9.2925443649292,0.0
6.979,1.5877399534905194,3.2636761596485044,0.040999795693435814,5.1887545282305965,0.154187159755665,3.4953649746534667,-0.1415141032271423,0.0786493633758585,0.23096191585209008,1.5258901325538923,0.00046144098626765964,-0.002194497597547298,0.002766888264879351,-1.571458177475851,0.002281997193431806,1.5722366065142181,0.10289999842643738,0.40549999475479126,1.6497999429702759,-0.5,-0.5,0.5,-0.5,346.5350036621094,9.269491195678711,0.0
6.989,1.5876942201030229,3.264357153262221,0.04095228959578634,5.187943692064957,0.15468344060182826,3.4939505826419373,-0.1420573907910958,0.07860598619205729,0.2308290915499609,1.5254944780178938,-0.0012470091455615573,-0.002510416914294436,0.00248143612193912,-1.5714466603271433,0.0022154163560568207,1.5721630806415627,0.10289999842643738,0.40549999475479126,1.6497999429702759,-0.5,-0.5,0.5,-0.5,346.2486572265625,9.26321792602539,0.0
6.999,1.5876365897326998,3.264961413369188,0.04097509580196057,5.187116343151473,0.15514484575558551,3.4925757935638257,-0.14258193175483758,0.07854397602402169,0.23071417736547611,1.5251118218885455,-0.0018726241464905012,-0.0028166016538125494,0.002149862636286005,-1.5714481356479166,0.0022104846818757906,1.5720993874110496,0.10289999842643738,0.40549999475479126,1.6497999429702759,-0.5,-0.5,0.5,-0.5,345.91851806640625,9.222270965576172,0.0
7.01,1.587620959107718,3.2655761068041427,0.0409825948434932,5.186189008068725,0.15564077724347403,3.4910884208683894,-0.14318560169162442,0.07846179683716889,0.23061276297998834,1.5247373616741684,-0.0018507117845790828,-0.0022617415752821906,0.002526301525859653,-1.5714822570261675,0.0022624710870777776,1.5720339237932077,0.10289999842643738,0.40549999475479126,1.6497999429702759,-0.5,-0.5,0.5,-0.5,345.91754150390625,9.19606876373291,0.0
7.018,1.5876609879122752,3.266008649115819,0.04092555028107725,5.185504234622952,0.15596260989278488,3.490005748905838,-0.14359707865669602,0.07837958020709432,0.23052363365755874,1.5243686808704955,-0.0010876191977477322,-0.001986235996402559,0.00254276904019112,-1.571537029686113,0.0023183901796279827,1.5719820384555547,0.10289999842643738,0.40549999475479126,1.6497999429702759,-0.5,-0.5,0.5,-0.5,345.7935485839844,9.15993881225586,0.0
7.028,1.5877132437284045,3.2665410525161525,0.040856170154873084,5.184637224490061,0.15633502514262876,3.488669791522514,-0.14408574451164835,0.07829360056311555,0.23044361172004252,1.5240017388898661,-0.00035452015930618547,-0.0016821280756395684,0.0025639664793621424,-1.5715905637725036,0.002392564232390093,1.5719239702142362,0.10289999842643738,0.40549999475479126,1.6497999429702759,-0.5,-0.5,0.5,-0.5,346.1214904785156,9.164674758911133,0.0
7.04,1.587779216017216,3.267157598331182,0.04075823216252772,5.183572111940686,0.15683811748004128,3.4871001920620808,-0.1447440071705346,0.07819627261479001,0.23036876901493059,1.5235960674885147,0.0005211143698658983,-0.0011492439289675052,0.0027752091582511837,-1.5716702274893837,0.00246443420648923,1.571840439085642,0.10289999842643738,0.40549999475479126,1.6497999429702759,-0.5,-0.5,0.5,-0.5,346.0994567871094,9.141531944274902,0.0
7.048,1.5878218633843701,3.267534908193732,0.040674384775849504,5.182847520751981,0.15717677113415096,3.4860713170394613,-0.1451757187352678,0.07811277234837283,0.23031363565835364,1.5232255870879674,-0.0004934946882601375,-0.0009064073536773313,0.002839423344907545,-1.5717435626284388,0.002494957281035326,1.5717522426285098,0.10289999842643738,0.40549999475479126,1.6497999429702759,-0.5,-0.5,0.5,-0.5,345.9871826171875,9.122793197631836,0.0
7.058,1.5878495037510145,3.2679468729115637,0.04057725317338701,5.181931252958002,0.15757633764810208,3.4848097054271845,-0.14566212383814392,0.0780406643339161,0.23027892671441968,1.5229009331327554,-0.0007124076254738785,-0.0007249064484534584,0.0028071060631304177,-1.5717843834402452,0.0025103231335394938,1.5716902450566272,0.10289999842643738,0.40549999475479126,1.6497999429702759,-0.5,-0.5,0.5,-0.5,345.54547119140625,9.097234725952148,0.0
7.068,1.5878453929938043,3.2683301044295634,0.04049800249973323,5.181008216627717,0.15801623144785903,3.4835656487178364,-0.14617028847905633,0.07796280690364872,0.2302524055385918,1.5225443270309549,-0.00023670962605717763,-0.0005369383410053218,0.002788160748133421,-1.5718109436596421,0.002505165707463952,1.571628019990357,0.10289999842643738,0.40549999475479126,1.6497999429702759,-0.5,-0.5,0.5,-0.5,345.2718200683594,9.06523323059082,0.0
7.078,1.5877937744371753,3.2686975545132846,0.040456637092935566,5.180079145871407,0.1584636716191845,3.4823149966290883,-0.14667189984359918,0.07788775828665441,0.23023571712330798,1.522189566091192,0.0003198783762751698,-0.0005630324130561371,0.0026044958980122623,-1.5718306388816412,0.002474130586281653,1.5715825556930967,0.10289999842643738,0.40549999475479126,1.6497999429702759,-0.5,-0.5,0.5,-0.5,345.26373291015625,9.061771392822266,0.0
7.088,1.5876575923256269,3.2690298079932028,0.04051753792128476,5.179130801597566,0.15887538868065398,3.4810613210531587,-0.1471425088513998,0.07780748238047111,0.23022959419770017,1.5218363123545906,9.561048586460161e-06,-0.0008728581607511121,0.0022441878475053453,-1.5718462545902079,0.0024586269418342965,1.5715613244197695,0.10289999842643738,0.40549999475479126,1.6497999429702759,-0.5,-0.5,0.5,-0.5,345.25732421875,9.05079174041748,0.0
7.098,1.5874577745500993,3.2693145534495365,0.04067758654471909,5.178159301733537,0.15931997222026784,3.479836305567779,-0.14769194770494298,0.07771330080118906,0.2302390324613688,1.5214848599733874,0.00016146846457363114,-0.00094366437311813,0.002119276730539039,-1.5719081441761653,0.0024716494511278775,1.5715437608715963,0.10289999842643738,0.40549999475479126,1.6497999429702759,-0.5,-0.5,0.5,-0.5,345.3929748535156,9.039515495300293,0.0
7.108,1.5872509594369326,3.2695636656706695,0.04086072823445175,5.177178512230787,0.15979042797738163,3.4786459682719633,-0.14829670808463735,0.077610503922558,0.23026089187030335,1.5211360611941256,0.00019115870408539982,-0.000771662227753394,0.0021433238169631342,-1.5720229140936168,0.002488891562065554,1.5715175512608288,0.10289999842643738,0.40549999475479126,1.6497999429702759,-0.5,-0.5,0.5,-0.5,345.2022705078125,9.001832008361816,0.0
7.119,1.5870507968733598,3.269810330781376,0.04102211395790967,5.176090719999383,0.16025567399386986,3.4773532667863156,-0.14888518284964203,0.07750435653709002,0.2302950198728907,1.5207900931858767,0.0010131063775784537,-0.0002745683686953429,0.0023160904214969426,-1.5721352999749074,0.0025137387859568427,1.5714934081950944,0.10289999842643738,0.40549999475479126,1.6497999429702759,-0.5,-0.5,0.5,-0.5,344.64398193359375,8.957328796386719,0.0
7.129,1.5869108721996597,3.270035897485146,0.041082057685876805,5.175087730592779,0.16068823833736534,3.47619063088655,-0.14939404716942928,0.07740360365268698,0.23033786504176107,1.5204424908937053,0.0020533978286134545,0.000461338848099363,0.0026377548326600537,-1.5722047574750662,0.0025229176324024216,1.5714658688704806,0.10289999842643738,0.40549999475479126,1.6497999429702759,-0.5,-0.5,0.5,-0.5,345.1410217285156,8.988574981689453,0.0
7.138,1.5867968924389917,3.2702168565231737,0.04107649548961678,5.174153936475038,0.16110833379290224,3.4751572594358136,-0.1498610443521704,0.07731862996031184,0.23039149537403913,1.5200875694422165,0.0014308339900381932,0.0008912981343232315,0.0027062623085519714,-1.57224530666408,0.0024649206239608645,1.5714110927190275,0.10289999842643738,0.40549999475479126,1.6497999429702759,-0.5,-0.5,0.5,-0.5,344.8733215332031,8.941722869873047,0.0
7.148,1.5866121571494265,3.2703451516177813,0.04110669959923996,5.173074523837968,0.16152980295238706,3.474013132461102,-0.15030135434890024,0.0772432164652888,0.230463857549819,1.5197326805810853,-2.8160581844490792e-05,0.0007922096622659776,0.00235171734534014,-1.5722515956665308,0.002369569299297325,1.5713548611335464,0.10289999842643738,0.40549999475479126,1.6497999429702759,-0.5,-0.5,0.5,-0.5,343.9351501464844,8.898552894592285,0.0
7.159,1.5862908352309137,3.2704229668744906,0.041295042223737255,5.171858497810129,0.16201344897574987,3.4727491294620547,-0.15080032507793373,0.07716102486089103,0.23055522227322994,1.5193844918363268,0.00020669169686999222,0.00026193637886202746,0.0017538738699094088,-1.5722460184456013,0.0022872202688732912,1.5713235531327023,0.10289999842643738,0.40549999475479126,1.6497999429702759,-0.5,-0.5,0.5,-0.5,343.7085876464844,8.899421691894531,0.0
7.169,1.5859398608873558,3.2704880576566078,0.04158002925294646,5.170747082615229,0.16249975163282393,3.4715787462190457,-0.15131071991520972,0.07706081834098567,0.2306534311219149,1.5190432717496085,0.000789253085755772,6.69441539439794e-05,0.001544604356874853,-1.5722700465440742,0.0022395568954918232,1.5713219509441438,0.10289999842643738,0.40549999475479126,1.6497999429702759,-0.5,-0.5,0.5,-0.5,343.814208984375,8.89369010925293,0.0
7.179,1.5856211528629416,3.270515542296992,0.04186258883879557,5.169619634274264,0.1629552154341951,3.4704109095804307,-0.15178609896953876,0.0769351805318117,0.23077103579379638,1.5186740258351865,2.3285819206617294e-05,9.576902140069396e-05,0.0014873654763532963,-1.5722976112610831,0.0022308255390011134,1.571345542865319,0.10289999842643738,0.40549999475479126,1.6497999429702759,-0.5,-0.5,0.5,-0.5,343.36328125,8.846004486083984,0.0
7.189,1.5853816595618202,3.270488446000715,0.042072712446271865,5.168485066995073,0.16339718019510485,3.4692750163781367,-0.1522466820476689,0.076812365307368,0.23089424941893677,1.5183471681560128,7.147750646369159e-05,0.0005447216882634862,0.0017064477245179795,-1.5723156874690705,0.002253744721897988,1.5713785312272142,0.10289999842643738,0.40549999475479126,1.6497999429702759,-0.5,-0.5,0.5,-0.5,342.97021484375,8.82055377960205,0.0
7.199,1.5852330969096062,3.2704493488649335,0.04216163346748392,5.167354907493841,0.163871011499789,3.4681663872830386,-0.1527334769835056,0.07670578770221886,0.23101437059611896,1.5180599291184689,0.0011983113535915357,0.0012430584820746064,0.0020097829609088493,-1.57232147434914,0.0022542474120594846,1.571416200027786,0.10289999842643738,0.40549999475479126,1.6497999429702759,-0.5,-0.5,0.5,-0.5,342.80975341796875,8.803366661071777,0.0
7.209,1.5851475026194333,3.2704091042120647,0.04211557128614363,5.1662098141318396,0.16430798294600457,3.4670798385767165,-0.15317799452859493,0.07660105780907905,0.23115556404498272,1.5177400053675787,0.0018668911819270646,0.0021168733329331286,0.002427567819876499,-1.572312099706607,0.002206999118291808,1.5714402004972434,0.10289999842643738,0.40549999475479126,1.6497999429702759,-0.5,-0.5,0.5,-0.5,342.74505615234375,8.780962944030762,0.0
7.219,1.5850619083250432,3.270334279847611,0.04198837738273742,5.165031031451946,0.16471753383979593,3.4660245215196417,-0.15360754184212677,0.07651957356086206,0.2313101992995799,1.5174159071271685,0.0013989518083977986,0.002576529676924018,0.0024930952826975293,-1.5722915070195027,0.0020924721456028195,1.571431468709709,0.10289999842643738,0.40549999475479126,1.6497999429702759,-0.5,-0.5,0.5,-0.5,342.4775695800781,8.769380569458008,0.0
7.228,1.5849112927351054,3.270223299353444,0.04192246413013745,5.163964370321098,0.16511058939334866,3.465121739524304,-0.1540298467145922,0.07645428417697754,0.23148182980008486,1.5170948481682094,0.0011177681002202929,0.0023869089447467653,0.0020776128394848813,-1.572292279103314,0.0019098121889733477,1.5713999762348199,0.10289999842643738,0.40549999475479126,1.6497999429702759,-0.5,-0.5,0.5,-0.5,341.95654296875,8.73104190826416,0.0
7.239,1.58463607101206,3.270036343786871,0.041986467032438135,5.162789227674452,0.1655627024023696,3.464164327572049,-0.15450024560654274,0.07638538770486025,0.2316648102355185,1.5167887236523818,-0.00046776240783314886,0.0018307705636529184,0.0015207987314866148,-1.5723046976557369,0.0017142653246602357,1.5713718928450595,0.10289999842643738,0.40549999475479126,1.6497999429702759,-0.5,-0.5,0.5,-0.5,340.9986267089844,8.705801010131836,0.0
7.249,1.584240905954534,3.2697602133586505,0.04221468960997843,5.161499673254012,0.1660744472827762,3.463130954089359,-0.15500013830745818,0.07630042998749569,0.23186361558344434,1.5165037822496807,-0.000137175795337492,0.0012350486775801366,0.0010073347985495678,-1.5723083430282117,0.0015536127340496364,1.5713817290434153,0.10289999842643738,0.40549999475479126,1.6497999429702759,-0.5,-0.5,0.5,-0.5,340.509521484375,8.692049026489258,0.0
7.259,1.5838802292082264,3.2694993963077428,0.042486479027756374,5.160348100027697,0.16658406599478948,3.46221301586531,-0.1554763486173334,0.0761954264937146,0.23206876283306005,1.5162344170751343,0.0006110936124661543,0.0010849589145434653,0.0008729505926519759,-1.5722946079832356,0.001441674495590295,1.571422316499509,0.10289999842643738,0.40549999475479126,1.6497999429702759,-0.5,-0.5,0.5,-0.5,340.1992492675781,8.664164543151855,0.0
7.269,1.5835627075775047,3.2692326462736103,0.042752158353060565,5.159218035566514,0.1670876333852478,3.461342192496404,-0.15594583083420144,0.0760763631563044,0.23227981442737516,1.5159777125470724,0.0018384291333682582,0.0011289776659504987,0.0008506290910123723,-1.5722728528197851,0.0013610794023035666,1.5714650860095751,0.10289999842643738,0.40549999475479126,1.6497999429702759,-0.5,-0.5,0.5,-0.5,339.6380920410156,8.620254516601562,0.0
7.279,1.583283721526744,3.268953510752433,0.0429933999494061,5.158100888795225,0.16753025985216485,3.460529024884356,-0.15636781825681734,0.07594712182851092,0.23249697800937383,1.515726798487171,0.0022836010475952907,0.0014418994160561272,0.000995008490372513,-1.5722567292524348,0.001314608267507289,1.57148916470129,0.10289999842643738,0.40549999475479126,1.6497999429702759,-0.5,-0.5,0.5,-0.5,339.05194091796875,8.580449104309082,0.0
7.288,1.583078663508461,3.268662753603123,0.04316142344255436,5.157101971928526,0.16791106827273694,3.4598588709834432,-0.15675442451339894,0.07581448476702272,0.23272525427449617,1.5154812642233493,0.0017428727683651882,0.0018489436422760301,0.0011661642469069013,-1.572256116224021,0.001277399085211961,1.5714852442920806,0.10289999842643738,0.40549999475479126,1.6497999429702759,-0.5,-0.5,0.5,-0.5,338.194091796875,8.524565696716309,0.0
7.299,1.5828792874843618,3.268245452255802,0.043292502918137465,5.155889266897402,0.16836326497771026,3.4590977210555627,-0.1572448359883305,0.07568417637695476,0.23296771157300877,1.5152476384705673,0.0012860882686335597,0.0024114420146719197,0.0013895222512498174,-1.572285800299737,0.0012231102296542673,1.5714778109141996,0.10289999842643738,0.40549999475479126,1.6497999429702759,-0.5,-0.5,0.5,-0.5,337.4271545410156,8.474550247192383,0.0
7.308,1.582726644212407,3.267862599820078,0.043372937616199536,5.1549033883091315,0.16870086060579226,3.4585039629397896,-0.15761543124857003,0.07555931699342183,0.23322324697335395,1.5150251056641135,0.0010125107708416712,0.002560635329460269,0.0013158468278323958,-1.5723267036090691,0.0011492869734981426,1.5714823231332766,0.10289999842643738,0.40549999475479126,1.6497999429702759,-0.5,-0.5,0.5,-0.5,336.6156921386719,8.43435001373291,0.0
7.318,1.5825309728097743,3.267398664128227,0.04349529690989584,5.153829274435985,0.16907924403161534,3.4578834140362256,-0.158014730257924,0.07543257055501801,0.23348988582268723,1.5148157334611285,0.0009747091187273372,0.0025708532570014003,0.001194273249321786,-1.5723590231844358,0.001074330791251299,1.571506002811684,0.10289999842643738,0.40549999475479126,1.6497999429702759,-0.5,-0.5,0.5,-0.5,336.036865234375,8.400532722473145,0.0
7.328,1.5823172750882755,3.266896640858584,0.04364137501212806,5.1527724604679435,0.16948864323734192,3.457312720943608,-0.1584356002094962,0.07530235413637049,0.2337659597314753,1.5146205272746984,0.0010599912288306874,0.0026655969712897623,0.0012120858513519485,-1.572384910737599,0.0009918738745917643,1.5715468013409222,0.10289999842643738,0.40549999475479126,1.6497999429702759,-0.5,-0.5,0.5,-0.5,335.4842224121094,8.357495307922363,0.0
7.339,1.5820620065132154,3.2663050044408424,0.04383156100562147,5.1516132538249035,0.16990738681786421,3.456732703269707,-0.15885426635098643,0.0751706293238578,0.23405455231748867,1.5144316652984218,0.0015149343184233013,0.0025273252293563442,0.001006800254174418,-1.5724064567480078,0.0009027860961285938,1.5715839696778475,0.10289999842643738,0.40549999475479126,1.6497999429702759,-0.5,-0.5,0.5,-0.5,334.74188232421875,8.3282470703125,0.0
7.35,1.5817806080874792,3.265684638297242,0.04407983287812378,5.150461605394765,0.17030497610573825,3.456191011940734,-0.15924691724125228,0.07503024628751852,0.23435359529222874,1.51424864522515,0.002131037902252091,0.0023884068823585617,0.0008402610084955377,-1.572417538298803,0.0008405298830567176,1.5716232569697177,0.10289999842643738,0.40549999475479126,1.6497999429702759,-0.5,-0.5,0.5,-0.5,334.1659240722656,8.299952507019043,0.0
7.36,1.5815189627921136,3.265086343047135,0.04434144824219999,5.149413981133648,0.17069585606540638,3.4557415710767048,-0.1596534079036358,0.07488009603305386,0.23466221348739225,1.5140711662841764,0.002050434168328882,0.0023523448201680044,0.0007860167165443119,-1.5724424521198028,0.0007956211701669602,1.5716638754289678,0.10289999842643738,0.40549999475479126,1.6497999429702759,-0.5,-0.5,0.5,-0.5,333.4046936035156,8.258055686950684,0.0
7.368,1.581314735169176,3.2645827661134534,0.04455666974130601,5.148571613204712,0.1709798752141456,3.4554068401156046,-0.15996533693407589,0.07470531129030963,0.23501655441476643,1.5138807868991022,0.0024380401546196103,0.002440312466154347,0.0008115060930018788,-1.5724989170222106,0.000764088075732694,1.5716990827737132,0.10289999842643738,0.40549999475479126,1.6497999429702759,-0.5,-0.5,0.5,-0.5,332.6575012207031,8.210219383239746,0.0
7.379,1.5810357068117415,3.263847745850449,0.044869689060217155,5.1474060027042245,0.17133005513593957,3.4549830088333033,-0.16035910236078887,0.07455631666506181,0.23531620557243882,1.5137272775200283,0.0017899284648771317,0.002419646133576641,0.0007202941589297375,-1.5725566157678155,0.0007615425693043854,1.5717258023966263,0.10289999842643738,0.40549999475479126,1.6497999429702759,-0.5,-0.5,0.5,-0.5,331.81341552734375,8.167506217956543,0.0
7.388,1.58080371130864,3.263187130300069,0.0451528673539876,5.146435675151091,0.17164292010954618,3.4546857777381037,-0.1607088157792047,0.07438139282265514,0.23566427819444652,1.513561436708876,0.0011819736571887045,0.002509373123581613,0.0007454682641602846,-1.572622698424537,0.0007738114040583,1.5717471772027918,0.10289999842643738,0.40549999475479126,1.6497999429702759,-0.5,-0.5,0.5,-0.5,330.7708435058594,8.110939025878906,0.0
7.399,1.5805454824336085,3.26232174341344,0.045482859284611266,5.145222525544797,0.17200416886517456,3.4543658167969804,-0.16111719149058157,0.07418197812454733,0.2360668551170469,1.513381049806752,0.0011016616814693268,0.0027397616253191405,0.0008357143570870702,-1.5727019766011674,0.0007928433491795062,1.571752311839105,0.10289999842643738,0.40549999475479126,1.6497999429702759,-0.5,-0.5,0.5,-0.5,329.62744140625,8.052027702331543,0.0
7.408,1.5803544126669724,3.261577407198584,0.04572972058699776,5.144213491394519,0.1722409157142195,3.4541196850123734,-0.16138950235305227,0.07401600744741528,0.23640939661555774,1.5132331227259095,0.0009385633503378715,0.0029230985028634955,0.0009108137671336076,-1.5727587165684782,0.0008233814017466479,1.5717486788783928,0.10289999842643738,0.40549999475479126,1.6497999429702759,-0.5,-0.5,0.5,-0.5,328.8146667480469,8.018295288085938,0.0
7.418,1.5801387207200897,3.2607073539829896,0.046015441475402596,5.143087259472049,0.17252060710453865,3.4538702590040975,-0.16170992626317027,0.0738295689971006,0.23680277546011602,1.5130743476620656,0.0007237060485895446,0.002927731814384621,0.0008347993028948408,-1.5728213032286962,0.0008614600605092448,1.5717572309545145,0.10289999842643738,0.40549999475479126,1.6497999429702759,-0.5,-0.5,0.5,-0.5,327.8597717285156,7.978856086730957,0.0
7.429,1.5798862035848398,3.2596956831301034,0.04635479944226972,5.141845713383519,0.17284730128011194,3.453627551339248,-0.16208097038881863,0.07363775823327723,0.23720928460530125,1.512924185250346,0.00041947657203078055,0.003069671752547476,0.0009306200072474113,-1.5728890251108563,0.0008982476447996213,1.571778208318975,0.10289999842643738,0.40549999475479126,1.6497999429702759,-0.5,-0.5,0.5,-0.5,326.92333984375,7.940456390380859,0.0
7.439,1.5796570649501938,3.25874482696046,0.04664924661225989,5.1407098126449675,0.17309408697792517,3.453412443538837,-0.16235500245661516,0.07344588960425598,0.2376292249627609,1.5127829090340787,0.001224334158502626,0.0032415688662234704,0.0010040225971210217,-1.5729524420782424,0.000936012965301547,1.5718207720754827,0.10289999842643738,0.40549999475479126,1.6497999429702759,-0.5,-0.5,0.5,-0.5,326.25048828125,7.907327651977539,0.0
7.449,1.5794144506215044,3.257778220376678,0.04695972190950837,5.139558284728389,0.17336251519426593,3.453215211813549,-0.1626325507871078,0.07325482615419117,0.23805939606102378,1.512642916682856,0.0017041830618632087,0.0031983949374263876,0.0008954711024801874,-1.5729935520112996,0.0009717974305991639,1.5718687855246853,0.10289999842643738,0.40549999475479126,1.6497999429702759,-0.5,-0.5,0.5,-0.5,325.58843994140625,7.880242824554443,0.0
7.459,1.5791456656513123,3.256790566483356,0.04732198346029204,5.138379789221441,0.17368678042376295,3.45305468105336,-0.16294111707822712,0.07305892352916983,0.2385021106788512,1.5125007523509881,0.002499900316300935,0.0030569034832056137,0.0007227025888875975,-1.573024698461951,0.00100059500203864,1.571893419710357,0.10289999842643738,0.40549999475479126,1.6497999429702759,-0.5,-0.5,0.5,-0.5,324.9537048339844,7.853175640106201,0.0
7.47,1.578837436500324,3.255678029825135,0.04776592498897081,5.137061683771886,0.1740112909091005,3.452907403031092,-0.16321093157902045,0.07283247202197504,0.23900210441482242,1.512337947164343,0.0023496786524961214,0.0029068971692643593,0.0005933143947409584,-1.5730203890394179,0.0010528267926837032,1.5718826266526824,0.10289999842643738,0.40549999475479126,1.6497999429702759,-0.5,-0.5,0.5,-0.5,324.1357421875,7.814854145050049,0.0
7.479,1.578602611686497,3.2547053735498936,0.04812531953735277,5.135973922870074,0.17426261496159157,3.4528171499547105,-0.16341424805589977,0.07263842446561118,0.23942125710541995,1.5122098635214256,0.0003854410346574909,0.00304708180138635,0.0007479157160966889,-1.57299965354335,0.0011257411737526368,1.5718725645468634,0.10289999842643738,0.40549999475479126,1.6497999429702759,-0.5,-0.5,0.5,-0.5,322.5245361328125,7.74132776260376,0.0
7.489,1.578390728567145,3.2535337178534514,0.04846749283955454,5.1347504008922,0.1745579611669923,3.4527539054804377,-0.16367596159906572,0.07242265027309738,0.23990618583876405,1.5120828638288235,-0.0008459245812980854,0.0033056821629307612,0.0009146426738917553,-1.572982620889367,0.001197472159047308,1.571884786358556,0.10289999842643738,0.40549999475479126,1.6497999429702759,-0.5,-0.5,0.5,-0.5,321.1369934082031,7.691481590270996,0.0
7.498,1.5782351523718265,3.25244443632264,0.048721296234692346,5.133647162090464,0.17476933092558156,3.4527156503372156,-0.16387284123362367,0.07221065840606881,0.24040749772662678,1.5119695115071443,-0.0002950287649653299,0.0035779317539535753,0.001044510592726122,-1.572982448717807,0.00125839165863173,1.5719149991089576,0.10289999842643738,0.40549999475479126,1.6497999429702759,-0.5,-0.5,0.5,-0.5,320.1095886230469,7.638692378997803,0.0
7.509,1.5780693780261394,3.251110178266118,0.048989566642165805,5.132291366495412,0.17500467283326593,3.4526911116205605,-0.1641044636693776,0.07200380851592972,0.240917657359849,1.5118614977549045,0.000931506058040827,0.0037413253809331646,0.0010144675887921726,-1.5729874486486553,0.0013137919227026451,1.571943663478979,0.10289999842643738,0.40549999475479126,1.6497999429702759,-0.5,-0.5,0.5,-0.5,319.4010009765625,7.612826824188232,0.0
7.518,1.5779241384712623,3.2500110616806923,0.04922687911207291,5.131162879004558,0.17524621774447713,3.452697395413484,-0.16435827782922718,0.07179835510935877,0.24143790774508017,1.5117507916058388,0.001687468850391326,0.0036112536734327727,0.0008238008227434976,-1.5730095364640708,0.0013505839444043488,1.571945323069538,0.10289999842643738,0.40549999475479126,1.6497999429702759,-0.5,-0.5,0.5,-0.5,318.7526550292969,7.577689170837402,0.0
7.529,1.5777156468891356,3.2486411850261403,0.0495615375494749,5.129745267971746,0.17553164127945742,3.4527085501689676,-0.1646563019036238,0.07158724599907505,0.2419701412967393,1.5116370601714286,0.0018536351454684773,0.003569023932541042,0.0008065045107071447,-1.573044410741581,0.0013914175385059124,1.5719248297881172,0.10289999842643738,0.40549999475479126,1.6497999429702759,-0.5,-0.5,0.5,-0.5,317.7810363769531,7.53239107131958,0.0
7.539,1.5775337788108317,3.2473496783416094,0.04985460170784606,5.128424765647569,0.17574800385112344,3.4527180422208925,-0.16486172614524275,0.07137395651927117,0.24251728270973055,1.5115226871099199,0.001270342952683451,0.003599474752031814,0.0008387993241800993,-1.5730600991623978,0.00144663495131514,1.5719098460621121,0.10289999842643738,0.40549999475479126,1.6497999429702759,-0.5,-0.5,0.5,-0.5,316.6296691894531,7.484352111816406,0.0
7.549,1.577370214351788,3.246000699690291,0.05012306633830477,5.127087979717308,0.17598583198018414,3.4527629441931955,-0.16507154750823094,0.0711611486755439,0.24307913909523018,1.5114151864843144,0.0005036142155121495,0.003727834677423646,0.0009499654684027535,-1.5730500003763828,0.0014994024962957653,1.571901735113474,0.10289999842643738,0.40549999475479126,1.6497999429702759,-0.5,-0.5,0.5,-0.5,315.10076904296875,7.422619342803955,0.0
7.559,1.5772092576056824,3.2445936541334595,0.05038347646066299,5.125732162147873,0.17622548389731563,3.4528432770572417,-0.1652491345769489,0.07095200927718283,0.24365691129768052,1.511313981440001,-0.0001593719739812639,0.0037036268409421217,0.0008695691333188603,-1.573020486713426,0.001528812847203298,1.5718889289591598,0.10289999842643738,0.40549999475479126,1.6497999429702759,-0.5,-0.5,0.5,-0.5,314.048828125,7.385330677032471,0.0
7.569,1.577039542472919,3.243145099936666,0.0506589261465038,5.124369486353739,0.17643603187883627,3.452948142805469,-0.1653453761514827,0.07074126577394395,0.2442490081653192,1.5112206903097074,-4.782905985130412e-05,0.003656161743172642,0.0007867934293726913,-1.5729371348864687,0.0015635358932177823,1.5718781184126238,0.10289999842643738,0.40549999475479126,1.6497999429702759,-0.5,-0.5,0.5,-0.5,313.2169189453125,7.34856653213501,0.0
7.579,1.5768561058696395,3.2416752670552684,0.05096528749489604,5.123013444727013,0.17668716316598854,3.4530771504751376,-0.16546189215955476,0.07052729020111888,0.24485094906568672,1.5111359982049128,0.00042454362077053837,0.0035305741521729503,0.0006463832608797255,-1.5728166746434993,0.001602745140442785,1.5718759382526732,0.10289999842643738,0.40549999475479126,1.6497999429702759,-0.5,-0.5,0.5,-0.5,312.1308898925781,7.304662227630615,0.0
7.589,1.576675348577746,3.240194194947633,0.051279041589657126,5.1216701995078395,0.17695883163647785,3.4532272068189735,-0.16559558537937402,0.07030836415520796,0.24546045270843608,1.5110608772216934,0.001138374340936605,0.0036351443528042284,0.0007236339605997041,-1.5726941621458874,0.001641190701230144,1.5718841884961845,0.10289999842643738,0.40549999475479126,1.6497999429702759,-0.5,-0.5,0.5,-0.5,311.008544921875,7.262392997741699,0.0
7.599,1.576512369979259,3.2387229195352747,0.05156664132105693,5.120344778889956,0.17717326759855023,3.4533966733030192,-0.16565642448221052,0.07006807059150638,0.24613728839871252,1.5109879167278684,0.0026153680372619785,0.0037360470546606212,0.0007515728001901778,-1.5725457321200906,0.0016868001572301061,1.571900781237785,0.10289999842643738,0.40549999475479126,1.6497999429702759,-0.5,-0.5,0.5,-0.5,310.30419921875,7.22285270690918,0.0
7.609,1.5763443211810344,3.237244443518299,0.05186145850440571,5.119032037710726,0.17739375158321824,3.4536144282665155,-0.16571242622493632,0.06987179948851142,0.24669371236065296,1.5109317995967095,0.0023940474106113495,0.0037426857185826373,0.0007343473139822657,-1.5724069300305268,0.001726612173697184,1.571899840009236,0.10289999842643738,0.40549999475479126,1.6497999429702759,-0.5,-0.5,0.5,-0.5,309.40380859375,7.1970744132995605,0.0
7.619,1.5761656830282522,3.2357243790085226,0.05217113615899294,5.117731822140968,0.1776451187049286,3.4538952410060997,-0.16580392105929942,0.0696310430003043,0.24738531733158933,1.5108735359295684,0.0021041790472627556,0.0037914417854695683,0.0007684842660092842,-1.57224119124815,0.0017558684431553395,1.5718795865910251,0.10289999842643738,0.40549999475479126,1.6497999429702759,-0.5,-0.5,0.5,-0.5,307.86383056640625,7.145751953125,0.0
7.629,1.5759886106724323,3.234179969754803,0.05247068732333027,5.116454630274859,0.1778363673497685,3.454221747944845,-0.16583825129193475,0.06943488132584966,0.24795805325347048,1.5108375548917166,0.0022215984860680916,0.003874632328299243,0.000816086105805927,-1.5721098594330285,0.0017755269156021214,1.5718620071071279,0.10289999842643738,0.40549999475479126,1.6497999429702759,-0.5,-0.5,0.5,-0.5,306.5830078125,7.08608865737915,0.0
7.639,1.5758001792217957,3.2326043181007593,0.05278610672846451,5.11519040020619,0.17800187716311822,3.454592029821299,-0.16587379654122358,0.06921794305392537,0.24860040426788757,1.5108071435344754,0.0016655027419038282,0.003721009040642834,0.0006762554097784462,-1.5719684606553201,0.0018015943489086972,1.5718369591700527,0.10289999842643738,0.40549999475479126,1.6497999429702759,-0.5,-0.5,0.5,-0.5,305.1365051269531,7.03640604019165,0.0
7.649,1.5755818741365992,3.2309966656437217,0.05315881133988487,5.113936849128853,0.17820380374597455,3.455006503478625,-0.16598895413528325,0.06899586503920457,0.2492524827943229,1.5107889736813893,0.002008986288925407,0.0035171781918906307,0.0005257989326792322,-1.571876629425111,0.001832123959526477,1.571814208182648,0.10289999842643738,0.40549999475479126,1.6497999429702759,-0.5,-0.5,0.5,-0.5,303.80780029296875,6.986104965209961,0.0
7.659,1.575344036913668,3.229368541135517,0.053590966821373875,5.11269088576117,0.1783889066688591,3.4554555165655936,-0.16610083765799466,0.06876480311255473,0.24991046294542582,1.5107814313073344,0.0019702788619510706,0.003172693702514857,0.0002869735048048718,-1.5718142572948328,0.001880761426828137,1.5717866005460193,0.10289999842643738,0.40549999475479126,1.6497999429702759,-0.5,-0.5,0.5,-0.5,302.7421875,6.905653953552246,0.0
7.6690000000000005,1.5751125929142926,3.227675487844226,0.05406357010527785,5.1114178493929145,0.17855724226612946,3.4559300278421405,-0.16620470342274984,0.06851836579577592,0.25057892826532785,1.5107834983645523,0.0004177721126258231,0.0029776585002446974,0.0002521967437139128,-1.571759093748866,0.001979750505912037,1.571757240001966,0.10289999842643738,0.40549999475479126,1.6497999429702759,-0.5,-0.5,0.5,-0.5,301.1379699707031,6.840005397796631,0.0
7.679,1.5749611058422843,3.2258660536701553,0.05446622353906605,5.110111074107646,0.17873543995453733,3.456451559867837,-0.16633912232689063,0.06826125269410592,0.251269166034334,1.5107986837189173,-0.0020591945782278066,0.003315243213754985,0.0006931795093033328,-1.5717136467238215,0.002106370411254943,1.5717376468896875,0.10289999842643738,0.40549999475479126,1.6497999429702759,-0.5,-0.5,0.5,-0.5,299.0241394042969,6.7766594886779785,0.0
7.688,1.5749161513533352,3.224167073104394,0.05470584311766569,5.108928946285765,0.17884184978579576,3.4569554655709425,-0.16640610236017572,0.06801071665180501,0.25198361119141705,1.510837217074157,-0.001850056531842562,0.003706437657531465,0.001003066908477447,-1.5716747296561888,0.0022152815360989564,1.5717389646187903,0.10289999842643738,0.40549999475479126,1.6497999429702759,-0.5,-0.5,0.5,-0.5,297.3070373535156,6.715854167938232,0.0
7.699,1.5749224354954592,3.2220672757331483,0.05488537576162855,5.107484967066329,0.1789305708672302,3.457595109384389,-0.1664153389425831,0.06777218682984376,0.2527104623078237,1.5108928720968497,-0.0011210334063984292,0.004164516652687217,0.0013250723286099197,-1.5716025984828765,0.0023031563863336046,1.5717526767907313,0.10289999842643738,0.40549999475479126,1.6497999429702759,-0.5,-0.5,0.5,-0.5,296.0741271972656,6.6858978271484375,0.0
7.708,1.5749256537932856,3.220326801108645,0.05499441799772331,5.106288861199998,0.17903539521428247,3.4581435261780644,-0.1664421653947361,0.06754914646167957,0.2534509722489171,1.5109607238617835,-0.0003574782822244165,0.004330848172360135,0.0014002198774690608,-1.5715053015088436,0.0023356284791011817,1.5717643185981764,0.10289999842643738,0.40549999475479126,1.6497999429702759,-0.5,-0.5,0.5,-0.5,294.91082763671875,6.652255535125732,0.0
7.719,1.5748527248885766,3.2181673874433256,0.05518596581312085,5.104801119766085,0.17914113255845798,3.4588477170888297,-0.16644530906977462,0.06733657017114714,0.2542070124786754,1.5110352545114192,0.00028299358330628185,0.004102415913919779,0.0011640684262535846,-1.5714034930905638,0.0023265896168362943,1.5717577631477366,0.10289999842643738,0.40549999475479126,1.6497999429702759,-0.5,-0.5,0.5,-0.5,293.3705749511719,6.585732460021973,0.0
7.728,1.5747030678834948,3.2163678218915157,0.0554542490442671,5.1035677254368235,0.17920096022196041,3.4594579668392935,-0.16642766471329118,0.06712234611135398,0.2549774307489468,1.5111182538561034,0.0004357815204736733,0.0035542437180390066,0.0007473500253269582,-1.5712955663050805,0.002327003373346237,1.5717365096783025,0.10289999842643738,0.40549999475479126,1.6497999429702759,-0.5,-0.5,0.5,-0.5,291.5887756347656,6.490178108215332,0.0
7.7379999999999995,1.5744726012310357,3.214309473816125,0.05586846906941023,5.102173943197634,0.17932616747802754,3.460186258698239,-0.166510385251188,0.06689466874559485,0.25576283604642,1.511211937614219,-0.0005024504055381563,0.003083382960663615,0.0005374946407457837,-1.5712256784714755,0.002355154581829222,1.5716955227149865,0.10289999842643738,0.40549999475479126,1.6497999429702759,-0.5,-0.5,0.5,-0.5,289.94549560546875,6.426581859588623,0.0
7.749,1.5742297724847765,3.211966694585132,0.05634237138036191,5.100615248698736,0.1794477593616195,3.4610420755125046,-0.16662584541777292,0.06665656190346696,0.2565663252743102,1.511321032574782,-0.0010372687264781565,0.00299044244405615,0.0006354108673365329,-1.5712002835439016,0.002401609718367226,1.5716457959787347,0.10289999842643738,0.40549999475479126,1.6497999429702759,-0.5,-0.5,0.5,-0.5,288.11248779296875,6.332744121551514,0.0
7.758,1.5740696279486022,3.2099858212676766,0.056696129789380656,5.099312407733516,0.1794861264066565,3.461777214014118,-0.1666583080144548,0.06641544797755179,0.25738626102829965,1.5114421255884523,-0.002241727535415226,0.002971618663927098,0.000695225962785629,-1.571180923136742,0.0024736069775288527,1.5715852487611286,0.10289999842643738,0.40549999475479126,1.6497999429702759,-0.5,-0.5,0.5,-0.5,286.0559997558594,6.228238582611084,0.0
7.768,1.573945372800412,3.2077127352837573,0.05702822752821746,5.097810177992967,0.17957548700915194,3.462626479597149,-0.16672034018170478,0.0661736160570233,0.25822919386547744,1.5115713907902004,-0.002324609393354514,0.003308321378181543,0.0010242114200078119,-1.571137830403725,0.0025427950607772587,1.5715124426319187,0.10289999842643738,0.40549999475479126,1.6497999429702759,-0.5,-0.5,0.5,-0.5,284.07244873046875,6.190608501434326,0.0
7.7780000000000005,1.5739080366390477,3.2053912101338016,0.05721263381195296,5.096248404549845,0.17964534571713386,3.463491780447269,-0.16674826489181438,0.06594447208543588,0.2590936836882159,1.5116986437384874,-0.0024601741686921005,0.003967470162217388,0.0015501884818383993,-1.5710685214398623,0.00256410769697224,1.571411346398368,0.10289999842643738,0.40549999475479126,1.6497999429702759,-0.5,-0.5,0.5,-0.5,282.3883972167969,6.135477542877197,0.0
7.788,1.573929421153668,3.203018389794022,0.057259585402575475,5.094645806724838,0.1796353935849675,3.464376422806354,-0.16671196612620598,0.06573916696969033,0.2599789155032603,1.5118293411182222,-0.0027775571367194348,0.004324100459184001,0.001707188155843098,-1.5709846635184026,0.002533491864036286,1.571289195727592,0.10289999842643738,0.40549999475479126,1.6497999429702759,-0.5,-0.5,0.5,-0.5,280.30914306640625,6.045687198638916,0.0
7.798,1.573895856255061,3.200606358789641,0.057328091248116664,5.093022731808045,0.17963997198372272,3.4652989282450095,-0.1667324190215691,0.06555139443112842,0.2608814312845166,1.5119712923483042,-0.0022156599599259873,0.004155803292073301,0.0014416691355756143,-1.5709365662679151,0.0024495113517226663,1.5711553282658162,0.10289999842643738,0.40549999475479126,1.6497999429702759,-0.5,-0.5,0.5,-0.5,278.68231201171875,5.987166404724121,0.0
7.809,1.573685837541123,3.19791255092355,0.05758052482276632,5.091211181944317,0.1796610349032246,3.4663430773805155,-0.16679774585946028,0.06536794563331168,0.26179736369369166,1.5121203205111557,-0.0024546295995831946,0.003682844414331479,0.001082045785072562,-1.570927697644201,0.0023405319986897766,1.5710010073040896,0.10289999842643738,0.40549999475479126,1.6497999429702759,-0.5,-0.5,0.5,-0.5,276.7545166015625,5.902322769165039,0.0
7.819,1.5733734920581801,3.195408609055911,0.057943353058758085,5.0895409086372325,0.17966436207286307,3.4673054383130424,-0.16684787360158815,0.0651816033595365,0.26272937509576455,1.512282197986947,-0.002590837255262538,0.003380982538443275,0.0009399589296895309,-1.5709298095850694,0.002240264531560232,1.5708566476481265,0.10289999842643738,0.40549999475479126,1.6497999429702759,-0.5,-0.5,0.5,-0.5,274.6188049316406,5.816690444946289,0.0
7.829,1.5730285215951563,3.192838440666038,0.058342234686389105,5.0878594891413425,0.1796714493981595,3.468299472441088,-0.16691553732165154,0.06499460727606894,0.26367658219338164,1.5124590585019324,-0.0038191550685313593,0.0032229655455374095,0.0009203053451156774,-1.5709402744823169,0.002144362430411384,1.570725364845091,0.10289999842643738,0.40549999475479126,1.6497999429702759,-0.5,-0.5,0.5,-0.5,272.72625732421875,5.754087924957275,0.0
7.839,1.5726721244339332,3.190210070699556,0.058753688343034405,5.086184425358274,0.17965820761750795,3.469318769094536,-0.16696705469818518,0.06480939248792376,0.26464179491090534,1.5126578904369534,-0.003392733143529102,0.003090515065854669,0.0008369253419682187,-1.5709600087616444,0.002042428071186375,1.5706200294215156,0.10289999842643738,0.40549999475479126,1.6497999429702759,-0.5,-0.5,0.5,-0.5,270.7223205566406,5.680819034576416,0.0
7.849,1.572280678879454,3.1875658145004424,0.05921951642272916,5.0845397123962695,0.1796134772586031,3.470342675394324,-0.1669771753175251,0.06462289581814762,0.2656157383217508,1.5128766283354393,-0.0027160328639667395,0.0027931097647350173,0.0005754454580638331,-1.5709711506239152,0.00195655695548691,1.570555387851565,0.10289999842643738,0.40549999475479126,1.6497999429702759,-0.5,-0.5,0.5,-0.5,269.0809631347656,5.63238000869751,0.0
7.859,1.5718647337538743,3.18490951596329,0.05973380334770528,5.08291938661092,0.179598221763416,3.4713823765624685,-0.16700439551081736,0.06442828265027581,0.266595643798622,1.5131174979953783,-0.001580248566614051,0.0028104952628316294,0.0006527571321152517,-1.5709730651058682,0.001896687856290491,1.5705366340869822,0.10289999842643738,0.40549999475479126,1.6497999429702759,-0.5,-0.5,0.5,-0.5,267.4298400878906,5.578516483306885,0.0
7.868,1.5715110985574023,3.1825100489554154,0.060169450572160166,5.081468096758398,0.1795784801450333,3.4723425231238174,-0.1670097759670499,0.06423355188369725,0.26758363457373746,1.5133719674838693,-0.00077545095901396,0.002990381550701114,0.0008306148489919349,-1.570958458736403,0.0018315043598882141,1.570530292314663,0.10289999842643738,0.40549999475479126,1.6497999429702759,-0.5,-0.5,0.5,-0.5,265.6214904785156,5.505382061004639,0.0
7.879,1.5710877882796668,3.179545434705786,0.06069202016444741,5.079690335887438,0.17949350843244627,3.4735620266803124,-0.1669568013694125,0.06404236963329722,0.26858251445696274,1.5136366712831033,-0.0005039982188519235,0.0029074798602624426,0.0007233872415996647,-1.570930342133373,0.001765652208163715,1.5705161116993132,0.10289999842643738,0.40549999475479126,1.6497999429702759,-0.5,-0.5,0.5,-0.5,263.98028564453125,5.441379070281982,0.0
7.888,1.5707093782558532,3.177098086674742,0.061170699809800944,5.0782256820561535,0.1794281882545432,3.4746042485343205,-0.1669457732059314,0.06384678476565167,0.2695942620610607,1.5139102517437406,0.000473972905698515,0.002812026471343942,0.0006669013568807293,-1.5709151722560772,0.0017155395183974242,1.5704813877599344,0.10289999842643738,0.40549999475479126,1.6497999429702759,-0.5,-0.5,0.5,-0.5,262.1931457519531,5.369062900543213,0.0
7.899,1.570222103185901,3.1740762712245223,0.06180037275216144,5.0764173050255845,0.17936912053140563,3.4759320357008674,-0.16700672860846133,0.06364709607750077,0.27061635299136594,1.514185481605701,0.00014421562022726744,0.002697734020756516,0.0006738165229713339,-1.5709452350852158,0.001667629394049186,1.5704090775530317,0.10289999842643738,0.40549999475479126,1.6497999429702759,-0.5,-0.5,0.5,-0.5,260.6651306152344,5.322343826293945,0.0
7.909,1.569744675440952,3.1712782870692147,0.06242643837856221,5.07475873658775,0.17926081944970473,3.47718017695942,-0.16702850148452253,0.06344358342958689,0.27165261113205663,1.5144681485863802,-0.00014544252500097886,0.0024762747796563947,0.0005793403778761237,-1.5710080777070783,0.0016350862283927015,1.5703178401281528,0.10289999842643738,0.40549999475479126,1.6497999429702759,-0.5,-0.5,0.5,-0.5,258.3189392089844,5.22751522064209,0.0
7.92,1.5691950806430084,3.16813888343943,0.0631545903254862,5.072911841579508,0.17913492265810316,3.4785901297229866,-0.16704987935166926,0.06323338661480059,0.27270131056449526,1.5147599326499646,-0.001036856234783539,0.002485066852379549,0.0007856289886992412,-1.5710673242693514,0.0016333023708536842,1.570221329995797,0.10289999842643738,0.40549999475479126,1.6497999429702759,-0.5,-0.5,0.5,-0.5,256.0773010253906,5.151025295257568,0.0
7.929,1.5687451788070588,3.1655157924017177,0.0637438005272708,5.071370015257324,0.17905548394170712,3.4797645830458315,-0.1670952508339294,0.06302494598967304,0.27376681376997775,1.5150605405918438,-0.0014849955968179918,0.0025519270545465603,0.0009463648872121622,-1.571131380789781,0.001619857804119107,1.5701216566365475,0.10289999842643738,0.40549999475479126,1.6497999429702759,-0.5,-0.5,0.5,-0.5,254.0042266845703,5.08588981628418,0.0
7.939,1.568247142365883,3.1625540253314055,0.06439628685676357,5.069631722878839,0.1789290753421371,3.4810682581728205,-0.16708696497781528,0.06282030083496445,0.27484926319985387,1.5153688727789856,-0.001777343417816234,0.0024011351943476244,0.0008621070941161559,-1.571181957728284,0.0015989598008689931,1.5700257384658314,0.10289999842643738,0.40549999475479126,1.6497999429702759,-0.5,-0.5,0.5,-0.5,251.85707092285156,5.024691581726074,0.0
7.949,1.5677371305772132,3.15954132442745,0.06507875175726774,5.067892781588949,0.17882647281510078,3.4823800158875438,-0.167084421824657,0.06261263557070733,0.2759454090100678,1.5156915634296628,-0.0022894215302875177,0.002258656430446206,0.0008610642822132308,-1.5712009838859287,0.0015987061217233034,1.5699617412947628,0.10289999842643738,0.40549999475479126,1.6497999429702759,-0.5,-0.5,0.5,-0.5,249.86566162109375,4.967771053314209,0.0
7.958,1.5672864954821977,3.1567898475834317,0.06569470359031637,5.0663392856093115,0.17878943293645566,3.483579941161339,-0.1671345032665661,0.062382796294272506,0.27716521908198255,1.5160727634140683,-0.002102929562336855,0.0022103413554944444,0.0009310318160444549,-1.571211067569436,0.0015879689691109533,1.5699399183032785,0.10289999842643738,0.40549999475479126,1.6497999429702759,-0.5,-0.5,0.5,-0.5,247.94288635253906,4.916055679321289,0.0
7.968,1.5668211208673393,3.1537066571651993,0.06633783858647746,5.064617285152316,0.17871610091140777,3.4849177573049177,-0.16715454142214536,0.06219633717866381,0.2781730756446633,1.5164004687740134,-0.001441448136291148,0.0022297577084549394,0.00104661566411712,-1.5712134597262375,0.0015762673643635594,1.569952315975481,0.10289999842643738,0.40549999475479126,1.6497999429702759,-0.5,-0.5,0.5,-0.5,245.98257446289062,4.845131874084473,0.0
7.979,1.5663293591470095,3.1502910020852424,0.06701823809051355,5.062720516729385,0.17861036820914844,3.4864020981810064,-0.16716878755408704,0.061992285637212145,0.27930376961028003,1.5167764694659112,-0.00044681022296325654,0.0021952080017648657,0.001078697157467156,-1.5712113591544625,0.001570167226847552,1.569987646705454,0.10289999842643738,0.40549999475479126,1.6497999429702759,-0.5,-0.5,0.5,-0.5,244.04026794433594,4.774175643920898,0.0
7.9879999999999995,1.5659037783259402,3.1474863916600233,0.06761182772644148,5.061172732776711,0.17856767892037606,3.487640422232875,-0.16724864670722273,0.061789831129884405,0.2804452001284622,1.5171626441690795,0.000677922248377026,0.0019979402929437918,0.0009232589854142009,-1.5712366490718574,0.001554210841250736,1.5700279021249974,0.10289999842643738,0.40549999475479126,1.6497999429702759,-0.5,-0.5,0.5,-0.5,242.22506713867188,4.713514804840088,0.0
8.0,1.5653118978907736,3.143701581620088,0.0684606089232247,5.0590917971812726,0.17851199254654748,3.489325796061122,-0.1673577502843573,0.06158247998897796,0.2815953531194673,1.5175590624563278,0.00021203645155529806,0.0017630614161263094,0.0008619104293901746,-1.5712706768062312,0.0015466325244073431,1.5700707876309665,0.10289999842643738,0.40549999475479126,1.6497999429702759,-0.5,-0.5,0.5,-0.5,240.12332153320312,4.63881778717041,0.0
8.01,1.5647713513338823,3.140483645185559,0.06923011379150257,5.0573337130150104,0.17843658493590286,3.490756644108333,-0.16740432982607256,0.06136996705537192,0.28276309729009047,1.51796602705896,-4.726280012096006e-05,0.001693528439925091,0.0009426832846011211,-1.5712890746547528,0.0015641584198871072,1.5701102346371831,0.10289999842643738,0.40549999475479126,1.6497999429702759,-0.5,-0.5,0.5,-0.5,237.7510223388672,4.554066181182861,0.0
8.019,1.564252418337424,3.1375305284006787,0.0699643139678825,5.055748635131128,0.17839372073472415,3.492075057782273,-0.16746245398886916,0.061156443787991094,0.2839446517113297,1.5183888487672654,-0.0013219503519265978,0.0016141860647679925,0.0009781609289957703,-1.571282437812579,0.0015877122371605878,1.5701681716666696,0.10289999842643738,0.40549999475479126,1.6497999429702759,-0.5,-0.5,0.5,-0.5,235.36839294433594,4.5009942054748535,0.0
8.029,1.5636674440188143,3.134160668858322,0.07079066647152032,5.0539763045189225,0.1783331745513541,3.4935808961662715,-0.16750747012052702,0.06094251938920351,0.2851438667253596,1.5188346132722554,-0.002587776317180471,0.0016540627861605485,0.0011325123316238798,-1.5712677515970932,0.0016064108521112175,1.570246575307033,0.10289999842643738,0.40549999475479126,1.6497999429702759,-0.5,-0.5,0.5,-0.5,232.64303588867188,4.390331268310547,0.0
8.038,1.563142859440446,3.131077889085735,0.07154322353475795,5.052369848202362,0.17823966023565685,3.494957780477076,-0.16750727831155654,0.0607300954726204,0.28636188354027575,1.5193014397860112,-0.0019905416476729636,0.0014052427346489208,0.0008985594100881102,-1.5712310633604922,0.0016345886162421053,1.570350057286104,0.10289999842643738,0.40549999475479126,1.6497999429702759,-0.5,-0.5,0.5,-0.5,230.16615295410156,4.294515132904053,0.0
8.051,1.5623631833600848,3.126594419039157,0.07268943578116271,5.050022672156226,0.1781618145006627,3.4970157552560384,-0.16758727933672457,0.06050951079853303,0.28759225415815287,1.5197795477057268,-0.0005764215735505558,0.0014091404881099521,0.0010900314263047539,-1.5712029092710824,0.0016883505407641053,1.5704450086922874,0.10289999842643738,0.40549999475479126,1.6497999429702759,-0.5,-0.5,0.5,-0.5,228.03663635253906,4.239014148712158,0.0
8.058,1.5619135440819258,3.124164318081191,0.07332959989283694,5.048741665700392,0.17811131138917435,3.4981603780177375,-0.16761898009528498,0.06029089106468913,0.2888373945606527,1.5202619242664361,-4.739031663007278e-05,0.0014938552948485831,0.0012418793271505785,-1.5711732791034865,0.0017239099976378292,1.5704909127000655,0.10289999842643738,0.40549999475479126,1.6497999429702759,-0.5,-0.5,0.5,-0.5,226.11886596679688,4.184557914733887,0.0
8.068,1.5612904427087182,3.1206370918457162,0.07421439634385596,5.046906506285181,0.17797705621248472,3.499838182346706,-0.16758636977610575,0.0600564544526561,0.2902241263974684,1.5208067164339565,-0.001350242708597254,0.0014682167425063813,0.0013048486768916466,-1.5711148756973305,0.00176480090567388,1.5705169113757993,0.10289999842643738,0.40549999475479126,1.6497999429702759,-0.5,-0.5,0.5,-0.5,223.30636596679688,4.073368549346924,0.0
8.078,1.5607038873538306,3.1170083860639215,0.07507036641294906,5.0450777293980735,0.1778763971263997,3.5015895450484376,-0.16757705891924335,0.05986695558491484,0.2913754184936875,1.521279351175049,-0.0029544366166221678,0.0013641758997853185,0.0013052910774171622,-1.5710465892854695,0.001790392441734845,1.5705518978939796,0.10289999842643738,0.40549999475479126,1.6497999429702759,-0.5,-0.5,0.5,-0.5,220.1337432861328,3.983367919921875,0.0
8.089,1.5600762167817992,3.112944205915089,0.07598707676043048,5.04309047893433,0.17777261690904833,3.5035792343669065,-0.16757104526437594,0.05965903156334012,0.29267023566899053,1.5218351675783528,-0.002395047092564493,0.00145515500654573,0.0014936381637821938,-1.5709653407032602,0.0017992916806250925,1.570615697197271,0.10289999842643738,0.40549999475479126,1.6497999429702759,-0.5,-0.5,0.5,-0.5,217.7802276611328,3.8985137939453125,0.0
8.1,1.5594167500926845,3.1088552725001426,0.07691319022891108,5.041133408929111,0.17759673150282307,3.505598252481036,-0.16750174695914843,0.05945931749484097,0.29397341889636186,1.522414677200328,-0.001549068077922778,0.0014278944054045887,0.0014865160283347935,-1.5708751798810918,0.001800006534286247,1.5707032252388196,0.10289999842643738,0.40549999475479126,1.6497999429702759,-0.5,-0.5,0.5,-0.5,215.4178924560547,3.817065954208374,0.0
8.109,1.5588496992224075,3.105483465009418,0.07770174687222564,5.039540540390263,0.17746878675623012,3.5072816808723193,-0.16749093762433187,0.05926439036961017,0.29528602652813063,1.523016108081076,-0.0008637319688755812,0.0013141430983397687,0.0014028094800517322,-1.5707989895072563,0.0017993653257235565,1.57081549154737,0.10289999842643738,0.40549999475479126,1.6497999429702759,-0.5,-0.5,0.5,-0.5,212.93460083007812,3.751019239425659,0.0
8.119,1.5582252533669587,3.101704107601905,0.07858262991650822,5.037767461852255,0.17735853041778515,3.5091929580773344,-0.16753427224317985,0.05907111274093614,0.29661145662688815,1.523634075464186,-0.00020255873787563628,0.0011912280919084525,0.0013588383095144122,-1.5707516458143336,0.0017847031855144913,1.5709282125600073,0.10289999842643738,0.40549999475479126,1.6497999429702759,-0.5,-0.5,0.5,-0.5,210.5946807861328,3.689897298812866,0.0
8.13,1.5575419245072686,3.0975184099052244,0.07954377073025398,5.035832115921503,0.1771955780884289,3.5113410874418705,-0.16753777504470513,0.058879404236903264,0.2979488901999321,1.5242690053818997,0.0007401303788997514,0.0011847935712452427,0.001445409714108688,-1.5707067882703032,0.0017699530765948879,1.5710437830977861,0.10289999842643738,0.40549999475479126,1.6497999429702759,-0.5,-0.5,0.5,-0.5,208.27882385253906,3.612962484359741,0.0
8.139,1.5569649338596223,3.0940748291803564,0.08034813973197519,5.034261595573762,0.17707945569030148,3.5131367122665935,-0.16754881972112123,0.05869248577163859,0.2992941069001286,1.5249224295526385,0.0011865421640591476,0.0011044130193409243,0.001394293744870278,-1.5706469778756535,0.0017508627841453794,1.571161548577046,0.10289999842643738,0.40549999475479126,1.6497999429702759,-0.5,-0.5,0.5,-0.5,206.1131591796875,3.5480034351348877,0.0
8.151,1.5561767384727512,3.0894603360967112,0.08144384576056485,5.032182986769826,0.1769912158316158,3.5155810062619377,-0.16760988360536544,0.05850832545578993,0.300648531344243,1.52559149476623,0.0021144876519866504,0.001133229595304785,0.0014735798758414719,-1.5705705904297649,0.0017105595694730802,1.571281152776684,0.10289999842643738,0.40549999475479126,1.6497999429702759,-0.5,-0.5,0.5,-0.5,203.5331268310547,3.47922945022583,0.0
8.158,1.5556757123771545,3.086748775235475,0.08211191271290996,5.030972303846333,0.17692295091801657,3.5170266411061064,-0.16761978174214143,0.0583299625191537,0.30200824476242505,1.5262768348315443,0.0014207921058415408,0.0012773538919536125,0.0016636671287116028,-1.570471164651542,0.0016521648107765685,1.571401544637973,0.10289999842643738,0.40549999475479126,1.6497999429702759,-0.5,-0.5,0.5,-0.5,201.14588928222656,3.399723529815674,0.0
8.169,1.5549569814271864,3.0828015036256238,0.08304808298139932,5.029184934145196,0.17681883775083929,3.519111332022244,-0.16763804348618727,0.05816233469491212,0.30338551598866526,1.5269749015864431,0.00030647051585729935,0.0013367903739242974,0.0017033531843478051,-1.570359068791304,0.0015741635024171252,1.571519661376758,0.10289999842643738,0.40549999475479126,1.6497999429702759,-0.5,-0.5,0.5,-0.5,198.45132446289062,3.3209288120269775,0.0
8.179,1.5541711342305478,3.0783890582016395,0.08406783016396524,5.027156811765632,0.176730558470104,3.5214429174307025,-0.1677248838829577,0.05800238321717798,0.30478583758871625,1.527678789664049,0.00038006662644854373,0.0012501045207463915,0.0015729386624042294,-1.5702610972884994,0.0014717125314156476,1.5716091769722902,0.10289999842643738,0.40549999475479126,1.6497999429702759,-0.5,-0.5,0.5,-0.5,195.8829803466797,3.2753520011901855,0.0
8.189,1.5535257934011044,3.0743531967569107,0.08495979181764302,5.025306214753675,0.17664403870049572,3.523596588667669,-0.1678411884308293,0.05784370427819532,0.30619825705132464,1.528391175952389,0.0007633580764042135,0.0006344209081427654,0.0009832180258501201,-1.5701986875946503,0.001365810846017279,1.5716764683794844,0.10289999842643738,0.40549999475479126,1.6497999429702759,-0.5,-0.5,0.5,-0.5,193.54209899902344,3.231553316116333,0.0
8.199,1.5529670463846807,3.0702785074350922,0.08582778909500899,5.023450279275668,0.17655640232747327,3.525781885695033,-0.16799639581532944,0.057669409294425704,0.3076171140233676,1.529120919110539,9.419800831256659e-05,0.00014548617447852476,0.0007618335389834249,-1.5701627544527657,0.001311586038822643,1.571742350262207,0.10289999842643738,0.40549999475479126,1.6497999429702759,-0.5,-0.5,0.5,-0.5,191.21096801757812,3.1683006286621094,0.0
8.209,1.5523959490727064,3.0661568587124206,0.08672726608146508,5.021587727260991,0.1764661845280786,3.5280102124072314,-0.16817632784443326,0.05746457118759003,0.30919124651556545,1.5299495403038006,0.0002964553346439627,0.0002681747070243109,0.0011564853862526948,-1.570156035897441,0.0012909152799283063,1.5718116871659193,0.10289999842643738,0.40549999475479126,1.6497999429702759,-0.5,-0.5,0.5,-0.5,188.364013671875,3.078026056289673,0.0
8.219,1.5517195168637832,3.062020394557787,0.08768145879579947,5.01971915074839,0.17630591555270936,3.5302671908121157,-0.16827869297853404,0.05730408756078339,0.3104870277901988,1.5306451710965907,0.0011690613354628171,0.0008801850725582868,0.0018617816661514468,-1.5701431554295298,0.0012658698063940932,1.5718602645093105,0.10289999842643738,0.40549999475479126,1.6497999429702759,-0.5,-0.5,0.5,-0.5,185.8245086669922,3.005509853363037,0.0
8.228,1.551039079540236,3.058305526864081,0.08855784310987591,5.018022344666857,0.17610212690248606,3.5323121185022206,-0.16830303921663692,0.05714738573692064,0.3119357403290992,1.531427872794471,0.002613018536824239,0.001154944433296871,0.0019989194486672674,-1.5701055860156374,0.0012026834347595994,1.571885977200688,0.10289999842643738,0.40549999475479126,1.6497999429702759,-0.5,-0.5,0.5,-0.5,183.82626342773438,2.96356201171875,0.0
8.239,1.5502076746104896,3.053736390603336,0.08959963834061124,5.015940906067648,0.175863172196153,3.53487183246203,-0.16835865496288527,0.05700598987478867,0.31339114821582353,1.5322204777954813,0.0016146339318380265,0.0012570131495462204,0.0020120709529959737,-1.5700631262839109,0.0011038250360333457,1.5718753366159381,0.10289999842643738,0.40549999475479126,1.6497999429702759,-0.5,-0.5,0.5,-0.5,181.19097900390625,2.896421432495117,0.0
8.249,1.549490041568304,3.049516362562417,0.09050770946902986,5.014053024098795,0.1756501782439317,3.5372713950898103,-0.16843020668042818,0.056861653460301885,0.3150068771787149,1.5331206933982122,0.0010893146201375694,0.0009278125832726948,0.0016697772151419263,-1.570036958219598,0.0009551838546730806,1.5718402598634464,0.10289999842643738,0.40549999475479126,1.6497999429702759,-0.5,-0.5,0.5,-0.5,178.28810119628906,2.8268089294433594,0.0
8.259,1.5488461379313732,3.045254190169616,0.09135909393495645,5.012177065389572,0.17540593655569392,3.539706181690133,-0.1684751037772223,0.0567423903051204,0.31633612601282196,1.5338804220963052,0.0007622720072318873,0.0005610192773649581,0.001479050787289121,-1.5700119022615462,0.0008433565407646171,1.5718161384859979,0.10289999842643738,0.40549999475479126,1.6497999429702759,-0.5,-0.5,0.5,-0.5,175.60601806640625,2.7867443561553955,0.0
8.269,1.5482771185819066,3.040963810854797,0.09217438239725517,5.010311772016527,0.1751697666787697,3.5421681846752,-0.16855152707582022,0.05660644997712186,0.317819679677583,1.5347485973487747,0.001387989207528988,-9.337414362604963e-05,0.0009752380990768731,-1.5699919399681537,0.0007380863768942092,1.5718049404599204,0.10289999842643738,0.40549999475479126,1.6497999429702759,-0.5,-0.5,0.5,-0.5,173.22015380859375,2.748771905899048,0.0
8.279,1.547765260207206,3.0366854477126433,0.09299497436132409,5.008457132543931,0.174943903113836,3.544633978651876,-0.16866591910298823,0.05645558818931084,0.319307029451902,1.535635693464388,0.0033054276926120047,-0.0006175190969874652,0.000673183179165025,-1.5699914008228286,0.000672796984170887,1.5718043620672004,0.10289999842643738,0.40549999475479126,1.6497999429702759,-0.5,-0.5,0.5,-0.5,171.35765075683594,2.7220959663391113,0.0
8.289,1.5472167316901784,3.0324267506123617,0.09387380083873342,5.006614210284223,0.17465589482272126,3.547093184239067,-0.1687322392747017,0.05629041020968297,0.32079313890002925,1.5365356868461608,0.004143051366955213,-0.0004886332505951238,0.0010755000760759345,-1.5699990381045479,0.0006667067835923746,1.5718119882004744,0.10289999842643738,0.40549999475479126,1.6497999429702759,-0.5,-0.5,0.5,-0.5,169.2453155517578,2.676323175430298,0.0
8.298,1.5466339698110891,3.0285784356755654,0.09473675793283132,5.004946700444332,0.17435370877365397,3.5493109505229334,-0.16875769671307772,0.056128165602988944,0.32228317535615725,1.5374511494206375,0.004070133170291181,-0.00018669053081775264,0.0014659552196162639,-1.5699948241778126,0.000682139586496433,1.571826977855289,0.10289999842643738,0.40549999475479126,1.6497999429702759,-0.5,-0.5,0.5,-0.5,166.35940551757812,2.6074492931365967,0.0
8.31,1.5457616153410685,3.0233486874403974,0.09595122572504522,5.002680129548413,0.1739377284605057,3.5523006662779455,-0.16879660604836566,0.055976024441682926,0.323785165403225,1.5383829668769633,0.0014082314998061535,0.00019367512304365933,0.0018074268242514377,-1.5699893731173553,0.0006824547852843921,1.5718395981722644,0.10289999842643738,0.40549999475479126,1.6497999429702759,-0.5,-0.5,0.5,-0.5,163.2755584716797,2.5401599407196045,0.0
8.318,1.5451453479772406,3.0198038934982874,0.09678627733850043,5.001152742178375,0.17362811544742396,3.5543175751596756,-0.1688043696727517,0.05582064881611656,0.3254581035093688,1.5394391085882697,0.001709019278375346,0.00012082511045188089,0.0016582145420326294,-1.5699786309484047,0.0006622268356508698,1.571866352991452,0.10289999842643738,0.40549999475479126,1.6497999429702759,-0.5,-0.5,0.5,-0.5,160.43865966796875,2.479437828063965,0.0
8.328,1.5443526623135613,3.014913421868884,0.097889813187793,4.99906224862128,0.1731526471412428,3.557123522135246,-0.16881305418638615,0.055679721559567914,0.326985721449124,1.54041835402747,0.002008710561774683,-0.00012609055856576374,0.0015017443227433413,-1.569989781374939,0.0006635577388429681,1.5718869631583696,0.10289999842643738,0.40549999475479126,1.6497999429702759,-0.5,-0.5,0.5,-0.5,158.23629760742188,2.459038496017456,0.0
8.339,1.5436519958185455,3.010448889642661,0.09887176366758066,4.997179735676196,0.1726932647532946,3.5597162314546402,-0.16885849939078756,0.05553887332038933,0.32851827954638424,1.5414179292628087,0.0028433138815551354,-0.0001270971767037835,0.0016643343570836456,-1.5700525055224337,0.0006740603901418396,1.5719074644163356,0.10289999842643738,0.40549999475479126,1.6497999429702759,-0.5,-0.5,0.5,-0.5,156.03013610839844,2.4370455741882324,0.0
8.348,1.5430009799731694,3.006438831184375,0.09975306911566317,4.995500968854845,0.17222353437204507,3.5620686034647626,-0.168874927547372,0.05541870787907962,0.32990023344657793,1.5423312508973217,0.004385315751047561,-1.749825387713052e-05,0.0018697567677943055,-1.5701456048858815,0.0006808894340855076,1.5719222939299164,0.10289999842643738,0.40549999475479126,1.6497999429702759,-0.5,-0.5,0.5,-0.5,153.45640563964844,2.3855535984039307,0.0
8.358,1.5422210696329488,3.001967012332096,0.10074571919263597,4.993630059474416,0.17165422482055792,3.5647070739107978,-0.16883669901868448,0.05529782765760039,0.33143874007237795,1.5433552394438925,0.0038476461234170072,0.0003656730452931236,0.002312097855065495,-1.5702454303060234,0.0006796448879828887,1.57193080095286,0.10289999842643738,0.40549999475479126,1.6497999429702759,-0.5,-0.5,0.5,-0.5,150.75619506835938,2.350797653198242,0.0
8.37,1.5412110560679269,2.996502963230978,0.10195804456699964,4.991352469715826,0.17098678380296928,3.5679313506360693,-0.1687703434656047,0.055197617014130534,0.3329915146030245,1.5443962503352298,0.0022172891236686347,0.0005310062581373676,0.0023868812701658823,-1.5703069309053328,0.0006285869065854044,1.571925495910395,0.10289999842643738,0.40549999475479126,1.6497999429702759,-0.5,-0.5,0.5,-0.5,148.22052001953125,2.348228693008423,0.0
8.378,1.5405398901320764,2.9928360247462793,0.1027540429130207,4.989836641484583,0.17054208711325902,3.5700977846290955,-0.16870317356541342,0.05511191618579307,0.33455705825242665,1.5454606856354318,0.003650157160009409,0.0002929912625335037,0.0020450145829857998,-1.5703315669874651,0.0005392018880399085,1.5719274184262284,0.10289999842643738,0.40549999475479126,1.6497999429702759,-0.5,-0.5,0.5,-0.5,145.81517028808594,2.317460060119629,0.0
8.389,1.5396980136243767,2.987780889123349,0.10379167295591518,4.987759450074735,0.16994339194272978,3.573095355503332,-0.16860698152528286,0.0550272074301718,0.33612213906821736,1.5465382768645821,0.0026909937160213373,-0.00020445627841580668,0.0016330394462376822,-1.5703251158079716,0.00045425778720797894,1.571939040759376,0.10289999842643738,0.40549999475479126,1.6497999429702759,-0.5,-0.5,0.5,-0.5,143.60842895507812,2.319746732711792,0.0
8.399000000000001,1.5389956594273384,2.983138175617941,0.10471386532505811,4.985876742285566,0.16941905781241307,3.575857680362277,-0.16856272868843725,0.054936355135710456,0.33769579095680374,1.5476396106239123,0.0031043892238191984,-0.0007196885568150901,0.0012257216437559604,-1.5703149694283116,0.000379884619600368,1.571956625876203,0.10289999842643738,0.40549999475479126,1.6497999429702759,-0.5,-0.5,0.5,-0.5,141.576416015625,2.341118812561035,0.0
8.409,1.5383268009219355,2.978479103990062,0.10564149235439668,4.9840178061321225,0.16885176433172244,3.5786398631738123,-0.16852175035689498,0.05483432105047369,0.3392700072304736,1.548765000226693,0.0031543963269610436,-0.001030113935697399,0.001074431589097895,-1.570332482345066,0.00034704629160975387,1.5719942091927384,0.10289999842643738,0.40549999475479126,1.6497999429702759,-0.5,-0.5,0.5,-0.5,139.72735595703125,2.3644514083862305,0.0
8.418,1.5377147460332177,2.9742421704801734,0.10650165006740853,4.982349921320683,0.1682905973471387,3.5811754736286643,-0.1684727688435741,0.05472377952832203,0.34084761295756055,1.5499155179472497,0.002353298454803613,-0.0011741054891938071,0.001303372358620075,-1.5703769580152922,0.00036246326993349953,1.572047335585576,0.10289999842643738,0.40549999475479126,1.6497999429702759,-0.5,-0.5,0.5,-0.5,137.539794921875,2.3468170166015625,0.0
8.429,1.5369068502989096,2.9690097264955506,0.10760583188635753,4.9803095651246725,0.16756375124252987,3.5843085222065563,-0.16840156799210426,0.05461516974548854,0.3424352969166867,1.551091402796327,0.0028206583759017817,-0.0008317248762607846,0.0015781325699068954,-1.5704364583164065,0.0003952006936760455,1.572109586270324,0.10289999842643738,0.40549999475479126,1.6497999429702759,-0.5,-0.5,0.5,-0.5,134.57394409179688,2.3181653022766113,0.0
8.438,1.5361838286610618,2.9647275007206533,0.10855240347759221,4.978656884998163,0.16694727814423604,3.5868840569084677,-0.16832340257943113,0.054513492345835086,0.3440275481941132,1.5522871645779062,0.004217196787461203,-0.00041289358550701386,0.0018962331720886439,-1.5704905113082905,0.00042668482417029807,1.572186627343553,0.10289999842643738,0.40549999475479126,1.6497999429702759,-0.5,-0.5,0.5,-0.5,132.28173828125,2.3089852333068848,0.0
8.449,1.5352838690668689,2.959498545863233,0.10969682755090471,4.976655049374596,0.16617034353235827,3.5900653660528477,-0.168192128853363,0.05442408255250509,0.34561962074592256,1.5534983157138746,0.005088400847035188,-0.0002175169196066828,0.0019191153249718477,-1.5705262182496416,0.0004371842382226987,1.5722691505567563,0.10289999842643738,0.40549999475479126,1.6497999429702759,-0.5,-0.5,0.5,-0.5,130.07933044433594,2.307910203933716,0.0
8.459,1.5344874096701213,2.9547541519859655,0.11070748131487296,4.974865343650151,0.1654507337208786,3.593002314619538,-0.16805646126122298,0.05434146552231385,0.3472140563195062,1.5547234412432076,0.006720951753913073,-0.0002472715173362083,0.0017903796915801273,-1.570551390281291,0.00043450450207904723,1.572332187249811,0.10289999842643738,0.40549999475479126,1.6497999429702759,-0.5,-0.5,0.5,-0.5,128.16761779785156,2.318950891494751,0.0
8.468,1.5337830933588377,2.950497637263262,0.11159358745331094,4.973298206919411,0.16480000386455185,3.5956760549862254,-0.1679334494899356,0.05426315318391241,0.3488015559996368,1.55596386786731,0.006859362652128305,-0.00016030468339935783,0.001950393842615542,-1.5705756961693784,0.0004240795314531809,1.572397500009672,0.10289999842643738,0.40549999475479126,1.6497999429702759,-0.5,-0.5,0.5,-0.5,126.21851348876953,2.329847574234009,0.0
8.479,1.5329872139221914,2.9452467905668973,0.11257506306035836,4.971411101154507,0.1639524534421133,3.59899821316122,-0.16773028939234802,0.054195615441534145,0.3503866048094853,1.5572263789044751,0.005129681407101238,-0.00024276671808801174,0.0019768507184207453,-1.5706034427042384,0.0003915100078213385,1.5724734924308756,0.10289999842643738,0.40549999475479126,1.6497999429702759,-0.5,-0.5,0.5,-0.5,124.15901947021484,2.366375684738159,0.0
8.488,1.5323274563127152,2.94090155458069,0.11337577857916337,4.9698779307960645,0.16323908377059215,3.601768898459593,-0.1675557767213709,0.05413643763111933,0.3519773503333672,1.5585148903036796,0.005207086560063741,-0.00020697970336287433,0.0019991751155255238,-1.5706337481393846,0.0003482590984917877,1.5725532473327914,0.10289999842643738,0.40549999475479126,1.6497999429702759,-0.5,-0.5,0.5,-0.5,122.17257690429688,2.3967316150665283,0.0
8.498,1.5315501471668584,2.9360590272124005,0.11430363664657328,4.968191595753016,0.1624535276853889,3.6048948243854637,-0.16737981153943693,0.054085502319403206,0.35356818135222556,1.5598178506116975,0.005227510452780585,-0.00017735236425722855,0.002004548985787872,-1.5706630967575246,0.000290391626592168,1.5726205329444098,0.10289999842643738,0.40549999475479126,1.6497999429702759,-0.5,-0.5,0.5,-0.5,120.44174194335938,2.4288330078125,0.0
8.509,1.5306808175832005,2.9307152367573215,0.11533964186356727,4.966339670861803,0.16159551933844174,3.608379724977402,-0.16719036546151855,0.05404154442301352,0.35516077646761096,1.5611330002341814,0.006216784557575524,-0.0003358424076929734,0.001802124376624419,-1.5706829123724921,0.0002166191120043237,1.5726733014334575,0.10289999842643738,0.40549999475479126,1.6497999429702759,-0.5,-0.5,0.5,-0.5,118.68343353271484,2.465026378631592,0.0
8.519,1.5299058558959446,2.9258752050292864,0.11628708210116745,4.964657590320314,0.16080477639631585,3.611563999067859,-0.16701232999955806,0.05399360255812438,0.3569131283690364,1.5625834620106558,0.0077096275525732234,-0.0006979636327370292,0.001400170284322287,-1.5706870921416645,0.00014313087080619624,1.5727051613625143,0.10289999842643738,0.40549999475479126,1.6497999429702759,-0.5,-0.5,0.5,-0.5,117.25115966796875,2.515062093734741,0.0
8.529,1.5291446725638087,2.9210453857809666,0.11724374362286927,4.962973842171792,0.16001650240081755,3.614743685357599,-0.16686105068883705,0.0539483818928009,0.3583440522164457,1.56377286131235,0.007824801805974897,-0.0008194301669538138,0.001412702746802959,-1.5706952404528491,0.00010865041302565714,1.572721187358525,0.10289999842643738,0.40549999475479126,1.6497999429702759,-0.5,-0.5,0.5,-0.5,115.80418395996094,2.5500850677490234,0.0
8.539,1.528351820481988,2.9162127415637284,0.11822141902117878,4.961285568565046,0.1592186521179455,3.617906176369721,-0.16671471972694007,0.05389898769336584,0.3599343931106542,1.5651036853779627,0.008311046858563115,-0.0005525030798839176,0.0017743636974228401,-1.570713169623237,7.676805682832466e-05,1.5727509620442006,0.10289999842643738,0.40549999475479126,1.6497999429702759,-0.5,-0.5,0.5,-0.5,114.30292510986328,2.5817761421203613,0.0
8.549,1.5275001376984632,2.911363741514424,0.1192259714484365,4.9595829320624905,0.1583864527220582,3.621053105604367,-0.1665336126560817,0.053860872285505686,0.3615233846656606,1.5664421642176614,0.007110336112013751,-0.00023565917671214168,0.002052673451475683,-1.5707188320978664,3.780821405863222e-05,1.572795164434567,0.10289999842643738,0.40549999475479126,1.6497999429702759,-0.5,-0.5,0.5,-0.5,112.79701232910156,2.626173734664917,0.0
8.56,1.5265479246896723,2.905975901037075,0.12033421201970995,4.957687329402646,0.1574759553848013,3.624524973369936,-0.1663377918961917,0.053835108970990336,0.3631175998984151,1.5677940706236826,0.005929821754285703,-0.0003299452043670358,0.0018214200010499824,-1.570706198451798,-1.6244857448111105e-05,1.5728447695809398,0.10289999842643738,0.40549999475479126,1.6497999429702759,-0.5,-0.5,0.5,-0.5,111.43035125732422,2.675692081451416,0.0
8.568999999999999,1.52579083299067,2.9015561822693554,0.12123290238675732,4.956139799976256,0.15675369994220123,3.6273713221393233,-0.16620280989908576,0.05381190934159418,0.36471288573017535,1.5691619661576726,0.00637309532609167,-0.0005617119045906376,0.0015516195601406543,-1.5706846420595433,-7.953982896324874e-05,1.572901832787049,0.10289999842643738,0.40549999475479126,1.6497999429702759,-0.5,-0.5,0.5,-0.5,110.30367279052734,2.723126173019409,0.0
8.581,1.5247922100100544,2.8956850748988865,0.12243171189080115,4.954079527196452,0.15576051782164324,3.6311548609390467,-0.16601519420537691,0.05378634321312227,0.3663031527121223,1.570539732910643,0.00731144540718006,-0.0006602806363080871,0.0015166290166036993,-1.570662264214784,-0.00013055066466360898,1.5729645712985776,0.10289999842643738,0.40549999475479126,1.6497999429702759,-0.5,-0.5,0.5,-0.5,109.13849639892578,2.764643430709839,0.0
8.589,1.5241012762926678,2.89178393434747,0.12325379375370193,4.952701949966944,0.15507012174480916,3.6336707514099125,-0.16588895178906693,0.05376160743601352,0.3678905162930447,1.5719213340471585,0.007980040597286655,-0.0005780319768039585,0.0016488686580919142,-1.570648430837769,-0.0001608100873866647,1.573021276451002,0.10289999842643738,0.40549999475479126,1.6497999429702759,-0.5,-0.5,0.5,-0.5,107.93144226074219,2.8055672645568848,0.0
8.599,1.5232133247275348,2.8869076067563713,0.12429362252560949,4.950969617282976,0.15418584469192798,3.636815862916806,-0.16573579278967365,0.053742713070136394,0.36947604975085024,1.5733048743194167,0.008033662962224384,-0.000493911332174363,0.0017511375792850195,-1.5706500534206316,-0.000184642712317995,1.573067494389855,0.10289999842643738,0.40549999475479126,1.6497999429702759,-0.5,-0.5,0.5,-0.5,106.70201110839844,2.8340415954589844,0.0
8.609,1.5223075061106188,2.882023078963658,0.12533652016340557,4.949226420403603,0.15327153338239352,3.639960484743698,-0.1655666899989825,0.05373089936962601,0.37106222846199854,1.5746937042284488,0.008175693251227151,-0.00039611667473110683,0.0018416912738825043,-1.570657048512876,-0.00021040790850257451,1.573105320782254,0.10289999842643738,0.40549999475479126,1.6497999429702759,-0.5,-0.5,0.5,-0.5,105.64481353759766,2.8912158012390137,0.0
8.619,1.5213975583133417,2.8771724426984315,0.1263729029205951,4.947497698506666,0.15231770525450994,3.6430910992791885,-0.16536438873772497,0.05372615914380834,0.3726460514813302,1.5760865887311852,0.010010926765562244,-0.0004930238577569031,0.0016690898139072926,-1.5706594274390195,-0.00023181625564738795,1.5731411231588404,0.10289999842643738,0.40549999475479126,1.6497999429702759,-0.5,-0.5,0.5,-0.5,104.4716567993164,2.928837537765503,0.0
8.628,1.5205973038645473,2.872840201667846,0.12729870125748288,4.9459519929105245,0.15145106602406155,3.6458967473322375,-0.16518153500809163,0.05372260597281661,0.37421774820221054,1.5774779717229062,0.00992017128673402,-0.0007757687556670244,0.0013633254681114358,-1.5706599956601277,-0.00023698308645592192,1.5731769482900921,0.10289999842643738,0.40549999475479126,1.6497999429702759,-0.5,-0.5,0.5,-0.5,103.77095794677734,2.9863009452819824,0.0
8.638,1.5197266989179097,2.8679957382183643,0.12833053659754423,4.944205319447148,0.1504850883301616,3.6490119129063867,-0.16498457489510443,0.053713270278371965,0.3757877894435515,1.5788713124760234,0.008190019624677037,-0.0009008966359450616,0.0013559675545206605,-1.5706578992878977,-0.0002201828937349326,1.5732030390370728,0.10289999842643738,0.40549999475479126,1.6497999429702759,-0.5,-0.5,0.5,-0.5,103.05083465576172,3.0446786880493164,0.0
8.649000000000001,1.5187526361154502,2.8626013455929753,0.12947601236430195,4.94225561702752,0.14937870194487335,3.6524424942296374,-0.1647229431316486,0.05370326001242128,0.37751908038860815,1.5804183030244314,0.006508553334209327,-0.0007389101071897559,0.0016330421394530942,-1.5706345025979227,-0.00018044401981276437,1.5732329570143948,0.10289999842643738,0.40549999475479126,1.6497999429702759,-0.5,-0.5,0.5,-0.5,102.41222381591797,3.127324104309082,0.0
8.658,1.5179256988821423,2.858170515213401,0.13043115614448997,4.940654454125038,0.14845840814253553,3.6552464837167458,-0.16450070183127963,0.05370150821802349,0.3789359015362343,1.5816955917131996,0.006669509289416917,-0.000607535307974714,0.0017449431208773644,-1.5705960770962792,-0.00014568484187149622,1.5732667820308832,0.10289999842643738,0.40549999475479126,1.6497999429702759,-0.5,-0.5,0.5,-0.5,101.5584716796875,3.161369562149048,0.0
8.669,1.5168612065343199,2.852786858607577,0.13162198717247264,4.938711140175,0.14731633977345293,3.6586701845158762,-0.16425190396487555,0.0537100833146363,0.3806613355466314,1.583261704895288,0.008049472667607341,-0.0001772333009925344,0.0021432387270555655,-1.5705622114492814,-0.00011621414546691966,1.5733025614200284,0.10289999842643738,0.40549999475479126,1.6497999429702759,-0.5,-0.5,0.5,-0.5,100.64185333251953,3.18406343460083,0.0
8.679,1.515842268627547,2.8479186853162686,0.13272022085597968,4.936961261202718,0.14622814878859725,3.661770208648261,-0.1640231343899643,0.05373161154571675,0.3820652272255535,1.584544870408476,0.007969125470065255,-6.413634596366796e-05,0.002125683957166911,-1.5705600772344464,-0.00010642981707942312,1.5733285215135293,0.10289999842643738,0.40549999475479126,1.6497999429702759,-0.5,-0.5,0.5,-0.5,99.77806091308594,3.2120299339294434,0.0
8.689,1.5148345688942646,2.84305213754505,0.13380516552372423,4.935217711419545,0.14511747730537028,3.6648612879600586,-0.16379527483379874,0.05376379803689359,0.3836197219416149,1.5859812937382567,0.008301782294297585,-0.0003520937253157799,0.0017117429369175401,-1.5705810111166247,-9.030844798862958e-05,1.5733695548573943,0.10289999842643738,0.40549999475479126,1.6497999429702759,-0.5,-0.5,0.5,-0.5,99.29861450195312,3.26461124420166,0.0
8.699,1.5138402336169952,2.8382209322694694,0.13489052634561638,4.933496397772272,0.1440284320917593,3.6679306548230928,-0.16357868418506172,0.053794581416738096,0.3851674739722395,1.5874236503823034,0.00950298195881061,-0.00048692655808882883,0.0016298695929733388,-1.570597995472704,-6.533056006974292e-05,1.5734195327012819,0.10289999842643738,0.40549999475479126,1.6497999429702759,-0.5,-0.5,0.5,-0.5,98.94234466552734,3.31105637550354,0.0
8.709,1.5128146464298373,2.8334162053571257,0.13599808696702453,4.931806707635959,0.14291944064045214,3.670990593459062,-0.16333111809578327,0.05382818457059461,0.3867001732990034,1.588873854104862,0.009162346993282224,-0.00035410706167537866,0.0018526529966873893,-1.5705867710548347,-3.662882936916745e-05,1.5734940007964842,0.10289999842643738,0.40549999475479126,1.6497999429702759,-0.5,-0.5,0.5,-0.5,98.40876770019531,3.370889902114868,0.0
8.719,1.5117269859517881,2.828591538944205,0.13713891954146895,4.930113300652275,0.14175800868869448,3.674065658321692,-0.16307041307803605,0.053872136274148885,0.388226945520083,1.5903331386755606,0.008279666457223387,-8.705468098747275e-06,0.0021895011578779945,-1.5705612058405434,-5.303975821657758e-06,1.5735676085442032,0.10289999842643738,0.40549999475479126,1.6497999429702759,-0.5,-0.5,0.5,-0.5,97.74581909179688,3.404902935028076,0.0
8.729,1.5105922494919684,2.8237759687838553,0.13830443200911358,4.928426267919617,0.14055902678566579,3.677149037485668,-0.16283740861981855,0.05393137906060314,0.38975081900710706,1.591800586017007,0.009213447064039544,-1.0109478210371261e-05,0.0020073256484859467,-1.5705732952581521,1.6682035250514815e-05,1.5736234831024043,0.10289999842643738,0.40549999475479126,1.6497999429702759,-0.5,-0.5,0.5,-0.5,97.2221450805664,3.424461603164673,0.0
8.739,1.5094437724008651,2.8190150504357083,0.13947245385854057,4.926769698110066,0.13932934391200558,3.6802274062182185,-0.1626041392406954,0.05399809116399755,0.39126255164025464,1.5932688773986259,0.010389053913847828,-2.62179641444492e-06,0.0019441455766151545,-1.5706182096616927,4.30164495970331e-05,1.5736680770306544,0.10289999842643738,0.40549999475479126,1.6497999429702759,-0.5,-0.5,0.5,-0.5,96.7323226928711,3.4546642303466797,0.0
8.748,1.5083989890366647,2.8147592047734937,0.1405206319854635,4.9253041136093785,0.13819230697918616,3.683005433613072,-0.16236611182122918,0.05407259184552954,0.3927600307567688,1.5947366273621344,0.010257699234873522,-1.5627431529291076e-06,0.001919449829488114,-1.5706654410994108,7.234728199856377e-05,1.573699244759396,0.10289999842643738,0.40549999475479126,1.6497999429702759,-0.5,-0.5,0.5,-0.5,96.4681167602539,3.51946759223938,0.0
8.758,1.5072333527867476,2.8100103712714537,0.1416791563092712,4.923686875525389,0.13690519704820314,3.686122078167519,-0.16207288082194005,0.054154971978801314,0.3942479343674674,1.5962110832228946,0.008706270139267511,-1.64953524827797e-05,0.001858742580040944,-1.5706957410030187,0.00010114767775792899,1.5737202823030514,0.10289999842643738,0.40549999475479126,1.6497999429702759,-0.5,-0.5,0.5,-0.5,96.29765319824219,3.597019910812378,0.0
8.768,1.5060494241618327,2.805240961707333,0.1428510398520899,4.922090109835137,0.1356107619135143,3.6892763472968317,-0.16175561219713952,0.054244026893954,0.3957303890052206,1.5976973661777143,0.008454891893274905,3.144275191814907e-05,0.0018345016213208627,-1.5707014731489368,0.0001248913709530619,1.57372900276084,0.10289999842643738,0.40549999475479126,1.6497999429702759,-0.5,-0.5,0.5,-0.5,96.39391326904297,3.6670539379119873,0.0
8.778,1.5048503184100044,2.8004991287796157,0.14403708192008668,4.920547255744765,0.13430055534333274,3.692449868169329,-0.16139162303740928,0.054339377051133064,0.39719850501871035,1.5991922414604705,0.009121931316398695,-8.755634457639853e-05,0.0015999101513455172,-1.570659894304992,0.0001456264777797145,1.5737385661343892,0.10289999842643738,0.40549999475479126,1.6497999429702759,-0.5,-0.5,0.5,-0.5,95.90312194824219,3.675327777862549,0.0
8.789,1.503521410778272,2.795310375284516,0.14535868586264478,4.918893296932971,0.1328358101604783,3.6959477487724,-0.1609720420530003,0.054436083593847225,0.3986484007567135,1.6006936009682535,0.008828564806073,-0.00011892294860634972,0.0015074583202165065,-1.5705877500951686,0.00018222852759652852,1.573759790131342,0.10289999842643738,0.40549999475479126,1.6497999429702759,-0.5,-0.5,0.5,-0.5,95.85433197021484,3.7181003093719482,0.0
8.799,1.5022924912249467,2.7905905849412003,0.14657964797219236,4.917398551034488,0.13147675503445466,3.699140229029065,-0.16060619811749532,0.054535258034489865,0.4000907881406191,1.6022002764463499,0.00897417872062363,-4.328896934853158e-05,0.0015646966052676595,-1.5705259994422858,0.00023194827591632716,1.5737769271739612,0.10289999842643738,0.40549999475479126,1.6497999429702759,-0.5,-0.5,0.5,-0.5,95.94503784179688,3.767749309539795,0.0
8.808,1.5011692096579212,2.7863532792897976,0.14768972877858833,4.916071250093939,0.1302171725283019,3.7020227568756168,-0.16027473354282673,0.05463963962556684,0.401523312893587,1.603711225062437,0.009079672693933626,-1.3040873981524302e-05,0.0015308746834627519,-1.5704833463732395,0.00029212887694018974,1.5737875441734772,0.10289999842643738,0.40549999475479126,1.6497999429702759,-0.5,-0.5,0.5,-0.5,95.95647430419922,3.8029887676239014,0.0
8.818999999999999,1.499744872153408,2.7811851109671393,0.1490736000533417,4.914460993129296,0.1286344874120191,3.7055510244167733,-0.15987053747762747,0.054750017673006225,0.4029466355584812,1.6052252768513349,0.009284262731968246,0.0004494585219719946,0.0019873220926190107,-1.570458994480646,0.0003663561250046854,1.5737912782527885,0.10289999842643738,0.40549999475479126,1.6497999429702759,-0.5,-0.5,0.5,-0.5,95.96240234375,3.843815803527832,0.0
8.829,1.4983555768855608,2.7765033813484825,0.15037171672242344,4.912997945594601,0.1271728230110556,3.7087418038717646,-0.15952546410696566,0.054879009642228374,0.4043619573141092,1.606740287325727,0.009273532549472276,0.0010984387915194335,0.002584307494328071,-1.5704487921425783,0.000419879012617308,1.5737881414283041,0.10289999842643738,0.40549999475479126,1.6497999429702759,-0.5,-0.5,0.5,-0.5,96.1407470703125,3.8891985416412354,0.0
8.839,1.4969152286874676,2.7718530433497497,0.15167210838597,4.911530285777017,0.12567744007406656,3.711893906510036,-0.15917092115963172,0.055034642030198276,0.40576989111617945,1.608255820480212,0.009827987705367483,0.00111676950006322,0.0023176847666604695,-1.5704601652222163,0.0004361191824124866,1.5737858709720154,0.10289999842643738,0.40549999475479126,1.6497999429702759,-0.5,-0.5,0.5,-0.5,96.25404357910156,3.9305102825164795,0.0
8.849,1.495488253926207,2.76724584294466,0.15294712438190228,4.9100649373735195,0.12418764922722669,3.7150129280735475,-0.15881370202738765,0.05520246046818614,0.4071671321941389,1.6097679524524022,0.01007391879142854,0.0008841863417148666,0.0019644997745704206,-1.570466145005266,0.0004444048769283171,1.5737799351228823,0.10289999842643738,0.40549999475479126,1.6497999429702759,-0.5,-0.5,0.5,-0.5,96.59107208251953,3.970142126083374,0.0
8.859,1.4940714513379936,2.7626664966579986,0.15420030800616935,4.9086095089939885,0.12271283813865974,3.7181170003505075,-0.15847636946848276,0.0553771700730464,0.4085521999061979,1.6112783275402924,0.009627563454744296,0.0007925983864134061,0.0019059152470117947,-1.5704651621057903,0.0004357818889388909,1.5737702052031242,0.10289999842643738,0.40549999475479126,1.6497999429702759,-0.5,-0.5,0.5,-0.5,97.0111083984375,3.9955568313598633,0.0
8.868,1.4928166072817666,2.758582097394773,0.15530136544073958,4.9073177749731745,0.12135323385296548,3.7209015341484006,-0.1581486647081558,0.05556040082935368,0.4099238492937849,1.6127900139519185,0.010573801446427795,0.0003500711057709035,0.001365704249493045,-1.5704731369512825,0.0004221494509946133,1.5737530257685455,0.10289999842643738,0.40549999475479126,1.6497999429702759,-0.5,-0.5,0.5,-0.5,97.44556427001953,4.0494842529296875,0.0
8.878,1.4914752688425112,2.7540985261202513,0.15648850012969717,4.905891845445684,0.11980334066656173,3.723979610654366,-0.15775357203500118,0.055739122092459244,0.4112785424234493,1.6142918003574285,0.010491843887278102,-8.983425728364337e-05,0.0009385295507952286,-1.5704796401708978,0.0004461459591054151,1.5737124802594404,0.10289999842643738,0.40549999475479126,1.6497999429702759,-0.5,-0.5,0.5,-0.5,97.87505340576172,4.09140157699585,0.0
8.89,1.489887574341986,2.748768526930843,0.1579160029784017,4.904181708011588,0.11793025257230827,3.7276723606676514,-0.157289205004834,0.05591116861928399,0.4126204682176984,1.6157859244798618,0.010712604869462116,-0.00022907435815776878,0.000884972701900252,-1.5704967619785741,0.000502497901968546,1.5736357841386117,0.10289999842643738,0.40549999475479126,1.6497999429702759,-0.5,-0.5,0.5,-0.5,98.63048553466797,4.136900424957275,0.0
8.898,1.4888164947104547,2.7452456536281096,0.15889039083415923,4.903054066781278,0.11666621102646513,3.730131692957637,-0.1569612692318172,0.056097989961056256,0.41407945759867265,1.6174181516954118,0.010191432231569545,-0.00023711983454796078,0.0009015360577023107,-1.570497915265971,0.0005873716768283188,1.5735086237429627,0.10289999842643738,0.40549999475479126,1.6497999429702759,-0.5,-0.5,0.5,-0.5,99.24732971191406,4.219666957855225,0.0
8.908,1.4874453710078077,2.74084373230938,0.16011758704181211,4.901664140337635,0.11505604319664275,3.7332096096617384,-0.1565011174271893,0.056253231002833984,0.4152591721919354,1.6187528078546458,0.008633400173050065,0.0002790335596956525,0.001621428626876143,-1.5704653552198948,0.0006741053543333209,1.5733981927501253,0.10289999842643738,0.40549999475479126,1.6497999429702759,-0.5,-0.5,0.5,-0.5,99.68435668945312,4.2606730461120605,0.0
8.92,1.4856889272210223,2.7355625416191733,0.16161878441518773,4.900009692272313,0.11312761877006583,3.7368924027403905,-0.15594151196412387,0.05644715872495837,0.41655790968853135,1.6202415913540864,0.007484775022166152,0.0012342299711139589,0.0025244076470382214,-1.5703972213387518,0.0007333336771009336,1.5732731578698078,0.10289999842643738,0.40549999475479126,1.6497999429702759,-0.5,-0.5,0.5,-0.5,100.31902313232422,4.275310516357422,0.0
8.929,1.4843086274507593,2.7316241649076867,0.16275241566284482,4.89878508136089,0.11167026734676622,3.7396229822954288,-0.1555188091322428,0.056671584759635144,0.4178445880739525,1.6217342298788497,0.007066281639597332,0.0013922603766278636,0.0024108494926724654,-1.5703192022396484,0.000732815879738169,1.5731571179445565,0.10289999842643738,0.40549999475479126,1.6497999429702759,-0.5,-0.5,0.5,-0.5,100.89675903320312,4.313762187957764,0.0
8.939,1.482804730781317,2.727278359481816,0.16397198789198608,4.897466552340886,0.110032185857869,3.7426495277695864,-0.15504562273266664,0.05691265459865497,0.41911400064174725,1.6232353911166297,0.007035107667378769,0.000905706158358573,0.0016156735899774935,-1.5702504838509672,0.0007152934571434955,1.573060492902203,0.10289999842643738,0.40549999475479126,1.6497999429702759,-0.5,-0.5,0.5,-0.5,101.16697692871094,4.327609062194824,0.0
8.95,1.481197888870482,2.7225675776543428,0.16528185709255805,4.896084806860404,0.10822737789687142,3.7459918241936068,-0.15458084022207785,0.05715141577707252,0.42036320303509384,1.6247448153108128,0.008567835630037095,0.0004704355615399552,0.0012384938892975766,-1.5702129476634559,0.0007115034142275434,1.5729715044067665,0.10289999842643738,0.40549999475479126,1.6497999429702759,-0.5,-0.5,0.5,-0.5,102.14191436767578,4.3738908767700195,0.0
8.959,1.4798954746583641,2.7187840234973715,0.16634451995837107,4.895023790046743,0.10671732669738265,3.7487489442351984,-0.15422088360421604,0.05738920972496975,0.421586756325208,1.6262563508636025,0.009528301115942156,0.00017501538638192116,0.001034658555367811,-1.5702411989627092,0.0007242080876626034,1.5728659525193127,0.10289999842643738,0.40549999475479126,1.6497999429702759,-0.5,-0.5,0.5,-0.5,102.89360809326172,4.401505470275879,0.0
8.969,1.4784575094779244,2.714608062695146,0.16751490135840985,4.893885839210778,0.10497992605329731,3.7518343447534184,-0.15378211600160352,0.0576256900570521,0.4227868936691069,1.6277699234052228,0.008928740344890863,3.669029609272621e-05,0.0010218203263925641,-1.5702966777951266,0.0007723958059484559,1.5727459828132855,0.10289999842643738,0.40549999475479126,1.6497999429702759,-0.5,-0.5,0.5,-0.5,103.9018325805664,4.468287467956543,0.0
8.979,1.4770093458649898,2.7104095237539996,0.16869623020784807,4.892768368126912,0.103232898049602,3.7549481443770336,-0.15335759094503043,0.057863617714731155,0.42397347761404647,1.6292894909474065,0.007137080066158542,6.956587463475941e-05,0.0011450741751637293,-1.5703526806163026,0.0008427619238888795,1.5726119363300284,0.10289999842643738,0.40549999475479126,1.6497999429702759,-0.5,-0.5,0.5,-0.5,104.80714416503906,4.503634452819824,0.0
8.989,1.4755180727757962,2.706164448097849,0.16990270048844014,4.8916796441674375,0.10149047887510232,3.7580652768086384,-0.15294976419065254,0.05810784691527687,0.42514854922033574,1.630824802514604,0.004918726333157518,0.0005261936180488032,0.0017043126184969012,-1.5704118087736414,0.0009057661258822236,1.5724984904434023,0.10289999842643738,0.40549999475479126,1.6497999429702759,-0.5,-0.5,0.5,-0.5,106.46687316894531,4.60603141784668,0.0
8.998,1.474144298276033,2.7023396048169674,0.1709933483314563,4.890744538412395,0.09990297977019136,3.760834655712247,-0.152547629193025,0.058368083696106285,0.4263094284979435,1.632383879389543,0.005147005138579968,0.0005599474337163492,0.00157616389451096,-1.5704428951492222,0.0009538297742506252,1.5724583251561033,0.10289999842643738,0.40549999475479126,1.6497999429702759,-0.5,-0.5,0.5,-0.5,108.02596282958984,4.694612979888916,0.0
9.008,1.472629303935741,2.698138122986065,0.1721772794688965,4.889765641501393,0.09815166823167498,3.763874488597123,-0.15209061919278888,0.058636268657180586,0.42744799666408584,1.633956277177256,0.006173894644245932,0.0005611915399879332,0.0015056840129460257,-1.5704504933578838,0.0010027659988884885,1.572494171599442,0.10289999842643738,0.40549999475479126,1.6497999429702759,-0.5,-0.5,0.5,-0.5,108.36650085449219,4.6673502922058105,0.0
9.021,1.4707312249293887,2.6927927214375567,0.173661680919583,4.888529373451245,0.09591658278295068,3.76779186299523,-0.15151283522462755,0.05890934534870095,0.4285684244318073,1.63552798265656,0.009809148000792276,-0.00016408583035640534,0.000588233278375277,-1.5704528853386472,0.0010307835127205678,1.5725563825248041,0.10289999842643738,0.40549999475479126,1.6497999429702759,-0.5,-0.5,0.5,-0.5,108.61747741699219,4.6265764236450195,0.0
9.028,1.4697410472781618,2.689996201204024,0.17444571854591295,4.887869988703645,0.0947101295439916,3.769861788880559,-0.15119008696460323,0.059170271909704863,0.42967491720481565,1.6370746102658602,0.011640743182547812,-0.0002670382496611072,0.0006598506271511703,-1.570450006434442,0.0010904370309576805,1.5725838531295275,0.10289999842643738,0.40549999475479126,1.6497999429702759,-0.5,-0.5,0.5,-0.5,109.45470428466797,4.65383768081665,0.0
9.038,1.4683374021592046,2.686066473780925,0.17555810428354057,4.886955214612387,0.09298941802298,3.7727725818667377,-0.15072730440180848,0.05942673008743317,0.4307622843829848,1.6385997486674408,0.01140584859975543,-0.0004909809988272719,0.00058692427855925,-1.57044047468275,0.0011767251101080234,1.5726105265933086,0.10289999842643738,0.40549999475479126,1.6497999429702759,-0.5,-0.5,0.5,-0.5,110.22164154052734,4.6546101570129395,0.0
9.048,1.4669595962733792,2.6821614892340166,0.17666490716799021,4.886062108523285,0.09131489319154529,3.7756686776632913,-0.1502913992880215,0.059678702472575174,0.43183040932836286,1.640120327922505,0.010372797343646795,-0.0006722345120677919,0.0005517438641371228,-1.5704213552210498,0.0012690001842443621,1.5726535529665415,0.10289999842643738,0.40549999475479126,1.6497999429702759,-0.5,-0.5,0.5,-0.5,111.26678466796875,4.67117166519165,0.0
9.058,1.46556936599971,2.6782853768779704,0.17777918428593953,4.885187904947044,0.08965567894750759,3.7785563329038396,-0.14983302264099407,0.05992859513038429,0.4328821113049993,1.6416312769537529,0.00972597733927665,-0.00033559199906944934,0.0011830957916526327,-1.5703662506757556,0.0013576044510674734,1.5726857279950976,0.10289999842643738,0.40549999475479126,1.6497999429702759,-0.5,-0.5,0.5,-0.5,112.99108123779297,4.734977722167969,0.0
9.069,1.4639899429973093,2.6740787999937092,0.17902267578606512,4.88425598395534,0.08783216974870545,3.7817025427088256,-0.14929800683658367,0.060190404470957276,0.43391358875566144,1.643129492784811,0.009107527885867514,-8.998360103848811e-05,0.0014704992390773876,-1.5702643799633516,0.0014321192998085763,1.5727120321028252,0.10289999842643738,0.40549999475479126,1.6497999429702759,-0.5,-0.5,0.5,-0.5,113.58241271972656,4.7230000495910645,0.0
9.078,1.4626846487204253,2.67071722719641,0.1800330792699727,4.883518227398012,0.0863642063924166,3.7842585976037837,-0.14888069040926144,0.060462878175713504,0.4349249868595916,1.6446101819495953,0.010921086598683289,-4.2339162700133127e-05,0.0015517422372793874,-1.5701497631100938,0.00148255212024484,1.5727223579882221,0.10289999842643738,0.40549999475479126,1.6497999429702759,-0.5,-0.5,0.5,-0.5,114.26019287109375,4.70703649520874,0.0
9.088,1.4612378843871676,2.667115016253187,0.18113323119689895,4.882737012655868,0.08471540460315463,3.7870775550541422,-0.14840303529903753,0.06074442642949634,0.4359113906296743,1.6460528342596725,0.012588912503197037,-0.00024668903071234296,0.0012925855570865344,-1.5700532943264884,0.0015130172376851547,1.572675396810531,0.10289999842643738,0.40549999475479126,1.6497999429702759,-0.5,-0.5,0.5,-0.5,114.59941101074219,4.71222448348999,0.0
9.098,1.4598245841021056,2.663615387305092,0.18220706881888304,4.8819860804174,0.08301530962169945,3.7898571512045898,-0.14790484189220443,0.061024225776270355,0.4368729109211946,1.64745866829567,0.012344025093296764,-0.0007509259629144927,0.0007719510446762967,-1.569973278437186,0.0015784904363522756,1.572584512462238,0.10289999842643738,0.40549999475479126,1.6497999429702759,-0.5,-0.5,0.5,-0.5,115.4780044555664,4.744137287139893,0.0
9.108,1.458417711841535,2.660170968304075,0.18327675369856244,4.881250337178621,0.08132202063407501,3.792592783911884,-0.14747546850666993,0.06129712714385975,0.43781186943090145,1.6488397704584234,0.010630588933920639,-0.0006202399154621283,0.0012514005897381571,-1.5699492875407641,0.0016782010969857986,1.572478034057448,0.10289999842643738,0.40549999475479126,1.6497999429702759,-0.5,-0.5,0.5,-0.5,116.18621063232422,4.7322306632995605,0.0
9.118,1.4569503381068527,2.6567522901328102,0.18435903322952107,4.880526454446883,0.07963287392455864,3.795274568017523,-0.14706911342988072,0.061583675526291425,0.4387314760764841,1.6502057303929594,0.008205971626979655,-5.783957331151907e-05,0.00209944161323069,-1.5699657781985432,0.0017519376927301877,1.572374758904112,0.10289999842643738,0.40549999475479126,1.6497999429702759,-0.5,-0.5,0.5,-0.5,116.83085632324219,4.724981784820557,0.0
9.128,1.4554357069935202,2.65337493770748,0.1854394685414178,4.879824312472797,0.07791828817763058,3.7978851021679505,-0.1466035572772144,0.06189397120736753,0.439630315163901,1.6515645972404414,0.0072129773357353785,-6.1661009452319046e-06,0.0019415309257350655,-1.5699499862350985,0.0018004783141023495,1.5723020320689298,0.10289999842643738,0.40549999475479126,1.6497999429702759,-0.5,-0.5,0.5,-0.5,117.81644439697266,4.759035110473633,0.0
9.139,1.4537519549779487,2.6497416375856053,0.1866353765900861,4.879090715289227,0.07607738029236355,3.8007222374535505,-0.14611164195863857,0.06221450106043515,0.44050636668593424,1.652908863966261,0.0074759255421525525,-4.316349686469328e-05,0.001741596611544559,-1.5699078780645157,0.0018325764448956505,1.5722408612104037,0.10289999842643738,0.40549999475479126,1.6497999429702759,-0.5,-0.5,0.5,-0.5,118.52101135253906,4.728823184967041,0.0
9.149,1.4521985341603534,2.646537451780227,0.18773222857547367,4.878465205417038,0.0744126746720335,3.803308399086819,-0.14565629593310536,0.06254332106905527,0.4413593728449892,1.654230406749102,0.009123237404971792,-9.362927626182171e-05,0.0016520090621094988,-1.5698533181460546,0.001836491269568974,1.5721445657166948,0.10289999842643738,0.40549999475479126,1.6497999429702759,-0.5,-0.5,0.5,-0.5,119.20812225341797,4.739057540893555,0.0
9.159,1.4506267080414679,2.6433722159967763,0.18882217726762285,4.877856057897654,0.07271228568630317,3.8059155196920598,-0.1451788076285343,0.0628810193168229,0.44219165214722145,1.6555203011195407,0.006691616580658703,4.657003234059685e-06,0.0017486377643993608,-1.56978173028389,0.001838868211538447,1.571985397533363,0.10289999842643738,0.40549999475479126,1.6497999429702759,-0.5,-0.5,0.5,-0.5,120.26388549804688,4.794374942779541,0.0
9.168,1.4492117285801873,2.640477993379357,0.18979560711518584,4.877320182666027,0.07117658896130141,3.8082843653355933,-0.14479809659390863,0.06322962667997555,0.4430125528082536,1.6568068619241174,0.0038338953154048697,-0.00019964321408270214,0.0013723581170728624,-1.5697475914378458,0.0018313089960804163,1.5718019103096892,0.10289999842643738,0.40549999475479126,1.6497999429702759,-0.5,-0.5,0.5,-0.5,121.71157836914062,4.830936908721924,0.0
9.179,1.447474090368158,2.636938234717717,0.1909885598725687,4.876725931106806,0.06926925066194922,3.8111562783532955,-0.14434435748603214,0.06358019695859914,0.443814736359351,1.65810572917793,0.0032380063756593147,-0.00016046526148850952,0.0014093150821825916,-1.5697540571388484,0.0018334318545876194,1.5716621592342854,0.10289999842643738,0.40549999475479126,1.6497999429702759,-0.5,-0.5,0.5,-0.5,122.33663177490234,4.832083225250244,0.0
9.189,1.4458807005836176,2.633819285251385,0.19208797694467528,4.8762791555239335,0.06750542263142112,3.8137387561440264,-0.1438733923684321,0.06393526940986322,0.4445906855091044,1.6594022632070906,0.006182551876492424,-0.000572595286865322,0.0008648507324702284,-1.5697537155570105,0.001863040170597241,1.571571631364498,0.10289999842643738,0.40549999475479126,1.6497999429702759,-0.5,-0.5,0.5,-0.5,122.99560546875,4.850558280944824,0.0
9.199,1.4443084861267232,2.630825546607464,0.19319214742853408,4.875910696513062,0.06578434181037895,3.8163158157097943,-0.14338358142729923,0.06428289978057301,0.44533334084336545,1.6606763306728487,0.007643451636816572,-0.0008496640223989254,0.0006657145647489211,-1.5696947090298323,0.0019139216167829431,1.5714825070801113,0.10289999842643738,0.40549999475479126,1.6497999429702759,-0.5,-0.5,0.5,-0.5,123.71028900146484,4.822932243347168,0.0
9.209,1.4427330811896946,2.6278886847637457,0.1943055957773412,4.875555482044074,0.06409400239321439,3.8188852393118395,-0.14291031266725795,0.06462579714263944,0.4460548514489858,1.6619282102936803,0.00760040136227126,-0.0007308456581441739,0.0009819084135290893,-1.5696078256841846,0.0019578609344246267,1.5713687966116787,0.10289999842643738,0.40549999475479126,1.6497999429702759,-0.5,-0.5,0.5,-0.5,124.57778930664062,4.830275058746338,0.0
9.218,1.4413012214088523,2.6252504530955365,0.1953046320309122,4.875222251290046,0.06254220856958081,3.8211658341799426,-0.14245767127510245,0.06497378302489902,0.4467658572933916,1.6631600386617125,0.005510135767032553,-0.000591881242974179,0.0011831587846448104,-1.5695103904447492,0.002002185973304371,1.5712315211751204,0.10289999842643738,0.40549999475479126,1.6497999429702759,-0.5,-0.5,0.5,-0.5,125.22284698486328,4.82054328918457,0.0
9.228,1.4396605497216237,2.6223154128922426,0.1964046050139059,4.874850830575385,0.060799129066423596,3.8236526017924275,-0.1419744762457329,0.0653336879569573,0.4474668035649991,1.6643869052793,0.00432781174598531,0.0002794797335770663,0.002393894776078425,-1.5694201148738094,0.0020480832697735707,1.5711184465928036,0.10289999842643738,0.40549999475479126,1.6497999429702759,-0.5,-0.5,0.5,-0.5,126.5018539428711,4.857348442077637,0.0
9.238,1.4379412763152812,2.619439276600656,0.19748497607740934,4.874491586133756,0.059050608508120384,3.826061660797646,-0.14153950836152074,0.06573069991376536,0.44815252845189757,1.6656030499819494,0.00443822599785074,0.0008289150362011407,0.00280971614233696,-1.5693985389731184,0.0020225389423891293,1.5710313371048708,0.10289999842643738,0.40549999475479126,1.6497999429702759,-0.5,-0.5,0.5,-0.5,127.30480194091797,4.843136310577393,0.0
9.248,1.4362250325346286,2.6166244017169893,0.19850384176658853,4.874143892062312,0.0572542618715941,3.8284010059743716,-0.1410581246155509,0.06615591305747058,0.44882059786285705,1.666802719397487,0.0035210517049571247,0.0005244508330206001,0.00202556786756471,-1.56941991556723,0.0019628479561601964,1.5709652553894906,0.10289999842643738,0.40549999475479126,1.6497999429702759,-0.5,-0.5,0.5,-0.5,127.33250427246094,4.830594539642334,0.0
9.258,1.4345516871833341,2.6138951540198425,0.1994641892193023,4.873819320324424,0.05545579554731095,3.8307027723257674,-0.140552730972046,0.06658665332916322,0.4494721806427779,1.6679875837932514,0.005403713973299394,0.00016020410310965878,0.0015764469923010226,-1.569445454605145,0.0019080881160817853,1.5708962933457797,0.10289999842643738,0.40549999475479126,1.6497999429702759,-0.5,-0.5,0.5,-0.5,127.66715240478516,4.805967330932617,0.0
9.268,1.432893449741825,2.611283444290879,0.20039771517625748,4.873539222621094,0.05366444602242826,3.832989866448867,-0.14004993512283814,0.06702240384739315,0.45009964574004235,1.6691410335887147,0.005998757305910286,-0.00015980923112462393,0.0012226346699612245,-1.5694862077384835,0.0018397839574579855,1.5707889047306043,0.10289999842643738,0.40549999475479126,1.6497999429702759,-0.5,-0.5,0.5,-0.5,128.28050231933594,4.802119731903076,0.0
9.278,1.4312145355601933,2.608738941727803,0.20132234177019637,4.873288340737213,0.05183647908075084,3.8352589102122874,-0.13951450516892638,0.0674632067627951,0.45070555637252563,1.6702697760095584,0.005403868606196071,6.628853094796783e-05,0.001649322812083373,-1.569535257916479,0.0017790372158605905,1.5706455532713066,0.10289999842643738,0.40549999475479126,1.6497999429702759,-0.5,-0.5,0.5,-0.5,128.586181640625,4.806950569152832,0.0
9.289,1.4293015499758353,2.6059490714739857,0.20233618359934802,4.873016487125877,0.04980432431474657,3.837711369497674,-0.13891166784208586,0.06792414479871922,0.4512939967186816,1.6713816887891484,0.00204698612076353,0.0006150419673585289,0.002244654193934164,-1.5695826558592756,0.0017031852533309078,1.5704982442972168,0.10289999842643738,0.40549999475479126,1.6497999429702759,-0.5,-0.5,0.5,-0.5,129.85690307617188,4.827782154083252,0.0
9.298,1.4277035793689263,2.6036533470477083,0.20315848568895944,4.872795206672308,0.04816797790357352,3.8396860370060635,-0.13844519175526315,0.06841131333890609,0.4518704386094904,1.6724917331927556,0.0005112616533262583,0.0006674578736351526,0.002010367259039668,-1.5696361695407235,0.00157150741165335,1.5703748211162387,0.10289999842643738,0.40549999475479126,1.6497999429702759,-0.5,-0.5,0.5,-0.5,131.41378784179688,4.845943450927734,0.0
9.308,1.4259227051530905,2.601141287992003,0.2040514961769313,4.872579251647963,0.046344664345558506,3.841854072067604,-0.13789890107961078,0.06891255851445027,0.45242951537917503,1.6735942535860489,0.000563818837681439,0.0006540042138429167,0.001780206236754101,-1.5696832623316173,0.001410420504760701,1.5702727082810408,0.10289999842643738,0.40549999475479126,1.6497999429702759,-0.5,-0.5,0.5,-0.5,131.60215759277344,4.8292951583862305,0.0
9.318,1.4241296637286842,2.5987047894008724,0.20493530338002142,4.872399182251831,0.04449092621198236,3.8440007410950274,-0.1373074953910507,0.06942386503438655,0.4529686290376663,1.6746778030345781,0.0018836471112671956,0.0005192364045935716,0.0014270330255633527,-1.5697116552959092,0.0012495966369550082,1.5701651859109498,0.10289999842643738,0.40549999475479126,1.6497999429702759,-0.5,-0.5,0.5,-0.5,131.85438537597656,4.854457378387451,0.0
9.33,1.4219844082222055,2.595879500517179,0.20599752275043848,4.872208561136391,0.0422619842526375,3.8465415762712514,-0.13662543266742855,0.06993897920491979,0.4534902153954456,1.675732689894502,0.0024789672636393164,0.00010359989155841193,0.0007742147917604814,-1.5697452857522962,0.0010972361356271776,1.5700369739437336,0.10289999842643738,0.40549999475479126,1.6497999429702759,-0.5,-0.5,0.5,-0.5,132.35435485839844,4.859024524688721,0.0
9.338,1.420573182270295,2.5940402725898037,0.20670159982658376,4.87208737475955,0.04077071615076289,3.8482016807037187,-0.13619774574622756,0.07049997633672594,0.45404714219219905,1.6768642626464727,0.0022391920854548126,-0.0002105813497113198,0.0004389117446890742,-1.5698270646898012,0.000953391805402326,1.5698786881360354,0.10289999842643738,0.40549999475479126,1.6497999429702759,-0.5,-0.5,0.5,-0.5,132.65586853027344,4.832142353057861,0.0
9.348,1.4188108864512978,2.591756828457224,0.20758033798534736,4.871952188867118,0.03887534181247698,3.8502244385826794,-0.1356540965321793,0.07095390718044925,0.4544895180411296,1.677774998291991,0.0001747166839763611,-0.00013782109183949659,0.0006565738901468097,-1.5699175859751748,0.0008688627313535591,1.5697640422181802,0.10289999842643738,0.40549999475479126,1.6497999429702759,-0.5,-0.5,0.5,-0.5,133.4807586669922,4.891737937927246,0.0
9.359,1.4168280821337307,2.589229134369318,0.20859345964676024,4.871846705306147,0.03680479680670512,3.852399068179049,-0.1350879828459215,0.07146139393574362,0.45496287867138774,1.6787896018264157,-0.0021082833703577985,6.013773390581595e-06,0.0008114945295617861,-1.5700146904434507,0.000791262150491967,1.5696984947729886,0.10289999842643738,0.40549999475479126,1.6497999429702759,-0.5,-0.5,0.5,-0.5,134.75453186035156,4.905383586883545,0.0
9.369,1.4150146341073802,2.586959981214691,0.20954959494341896,4.871808143725156,0.03495989798373689,3.8543497549759573,-0.13457697760466303,0.07197039038971825,0.45541603725186874,1.67980647339189,-0.0012293911557232698,-0.0003382362147301698,0.00030865544808560206,-1.5700875210228769,0.0007075247440448962,1.5696954576590172,0.10289999842643738,0.40549999475479126,1.6497999429702759,-0.5,-0.5,0.5,-0.5,135.14930725097656,4.880270481109619,0.0
9.379,1.4132281255839407,2.5847757626433383,0.21051242174951934,4.871826822850647,0.03312641203908395,3.8562831946201177,-0.13401976791047776,0.07246812109691853,0.4558446738612889,1.6808066452715056,3.668869346362868e-06,-0.000740053298818435,-4.124486858335378e-06,-1.5700976138571405,0.0006479061911437434,1.5697115282311953,0.10289999842643738,0.40549999475479126,1.6497999429702759,-0.5,-0.5,0.5,-0.5,135.0676727294922,4.860726356506348,0.0
9.389,1.4114818024725766,2.582673929935832,0.2114659748686476,4.871888308367065,0.03132707434312376,3.8582102952672965,-0.13346788572995116,0.07295305136257167,0.4562534346482224,1.681783596092752,0.0013421660191176984,-0.0011972680389138804,-0.00023861725796184925,-1.5700743300837496,0.0006160849506215982,1.5697167746148168,0.10289999842643738,0.40549999475479126,1.6497999429702759,-0.5,-0.5,0.5,-0.5,135.1200714111328,4.803416728973389,0.0
9.399000000000001,1.409758296901317,2.5806121996063984,0.21240572081765308,4.87197670424337,0.029570164489615358,3.8601352886456466,-0.1329656648212305,0.07342668800123946,0.4566429180390035,1.6827374937365898,-7.6670404150133e-05,-0.0010827082307305505,0.00032910029543491837,-1.5700543793797894,0.00058713496292917,1.5697052651782095,0.10289999842643738,0.40549999475479126,1.6497999429702759,-0.5,-0.5,0.5,-0.5,135.51107788085938,4.7750959396362305,0.0
9.408,1.4081980550318098,2.5787665864349867,0.21324237799169055,4.872059974853548,0.02797233532479293,3.8618419038908645,-0.13254050266998263,0.07395195209932326,0.4570571930879093,1.683775711838,-0.000421680107526552,-0.00097543921550728,0.0006065243960428897,-1.5700780867827704,0.0005453163103079639,1.569697731310705,0.10289999842643738,0.40549999475479126,1.6497999429702759,-0.5,-0.5,0.5,-0.5,136.45401000976562,4.78812837600708,0.0
9.421,1.4059498347449635,2.5761211302169853,0.21443744136895315,4.872173472776061,0.02562206731926242,3.864264939296457,-0.13194573655453645,0.07438430266607496,0.45738488244360587,1.6846103695126344,-0.0023243770941842015,-0.001049576701301967,0.0005400122681792803,-1.5701411192785124,0.0005323277003119742,1.5696968407648877,0.10289999842643738,0.40549999475479126,1.6497999429702759,-0.5,-0.5,0.5,-0.5,136.70001220703125,4.747284889221191,0.0
9.428,1.4047529831219903,2.5747103725663996,0.2150792448880816,4.87223549075808,0.02437698941526545,3.865558836452089,-0.13165367180888143,0.07486207284388668,0.45774154358338803,1.6855249900688938,-0.0016444186514007325,-0.0012864082965441178,0.00034845326406960264,-1.5702306922050322,0.0005276627082437813,1.5696858570626964,0.10289999842643738,0.40549999475479126,1.6497999429702759,-0.5,-0.5,0.5,-0.5,137.3509063720703,4.760509967803955,0.0
9.438,1.403102785195892,2.572773860209561,0.21596651983033155,4.872360208252602,0.022610739341684116,3.867372063493015,-0.1312014465968847,0.07532970285308702,0.45808190243712116,1.6864142229251071,-0.000721492781590518,-0.0020503499182656297,-0.00042389249699126546,-1.5703171817312895,0.0005352083428942223,1.5696739467875473,0.10289999842643738,0.40549999475479126,1.6497999429702759,-0.5,-0.5,0.5,-0.5,137.35877990722656,4.743146896362305,0.0
9.448,1.401514045997236,2.5708959606811694,0.21683387470767101,4.872514177983634,0.020865895180643967,3.8691426702452913,-0.1307087638110831,0.07577479995543511,0.45840250925525095,1.6872801202952543,-0.001619234929012863,-0.002355257646263653,-0.0003601969361477166,-1.57035488559595,0.0005910236830044546,1.569673449150164,0.10289999842643738,0.40549999475479126,1.6497999429702759,-0.5,-0.5,0.5,-0.5,137.9242706298828,4.74061918258667,0.0
9.459,1.3997578157921007,2.5688527367638416,0.2178086213359398,4.8726964494024845,0.01898266886391564,3.871054072119092,-0.13017465307428822,0.07621003022203324,0.4587086973508244,1.6881332369622233,-0.0024468211624607355,-0.0021155701558690965,0.000364112119229131,-1.5703573574078034,0.0006596048152944789,1.5696900082493819,0.10289999842643738,0.40549999475479126,1.6497999429702759,-0.5,-0.5,0.5,-0.5,138.46324157714844,4.713470458984375,0.0
9.468,1.3982798813358501,2.5672216090596054,0.21862836733827073,4.872855174879952,0.017436051233430838,3.872580670211895,-0.12972108697042728,0.0766498647465012,0.45900155818960253,1.688969997489631,-0.0021375982129943653,-0.0018000001384534644,0.0009505554485657397,-1.5703332967141803,0.0007209495452977777,1.5697138481505142,0.10289999842643738,0.40549999475479126,1.6497999429702759,-0.5,-0.5,0.5,-0.5,138.58151245117188,4.691568374633789,0.0
9.479,1.3964250659544328,2.5653043454170374,0.21963206539303304,4.873058883584521,0.015535274348263961,3.8744034866872843,-0.1291577767424954,0.07710166825237613,0.45928043253859824,1.6897818680756171,-0.001747281085192016,-0.0013977818262485865,0.0015796975684352673,-1.5703003936791846,0.0007750336673835179,1.5697272106598503,0.10289999842643738,0.40549999475479126,1.6497999429702759,-0.5,-0.5,0.5,-0.5,138.5745086669922,4.680393695831299,0.0
9.489,1.3947336777309856,2.5636142488358056,0.22051002773919848,4.87323710905333,0.013834317216473657,3.8760286088377525,-0.12868884577457518,0.07757045711870048,0.45954742562679,1.6905675322292946,-0.0024495420549817074,-0.0014566249217665497,0.0014760072534162152,-1.5702969588347988,0.0007877501302244738,1.5697152466954387,0.10289999842643738,0.40549999475479126,1.6497999429702759,-0.5,-0.5,0.5,-0.5,139.1673126220703,4.687893390655518,0.0
9.499,1.3930637594194275,2.5619493616668487,0.22133403589296297,4.873405961334095,0.012141239311916685,3.8776326568901647,-0.12822922002012938,0.07804856460595783,0.459806044606033,1.6913320453958238,-0.0033427123886578796,-0.0014127478613469207,0.0016319268114282181,-1.5703406182313506,0.0007696628143394335,1.5696844727425883,0.10289999842643738,0.40549999475479126,1.6497999429702759,-0.5,-0.5,0.5,-0.5,139.7864532470703,4.690794944763184,0.0
9.508,1.391584232703793,2.5604645258292758,0.22203703948517184,4.873558939043851,0.010610662159995066,3.879063084240032,-0.12778408806201647,0.07853679074818785,0.4600546976312194,1.6920785932539262,-0.004474322205345298,-0.0017808169180585495,0.0010919356859955462,-1.570390886747149,0.0007339273825408554,1.5696388765999014,0.10289999842643738,0.40549999475479126,1.6497999429702759,-0.5,-0.5,0.5,-0.5,140.11170959472656,4.685093402862549,0.0
9.519,1.389832166924502,2.558642783098965,0.22286724972383443,4.873735226533477,0.008776533145756993,3.8807711466969126,-0.12723671802822523,0.07901965831348388,0.4602933323399175,1.6928132563546565,-0.006665490441699252,-0.0021822414193819633,0.0006336234694174004,-1.5704198465259551,0.0007070412649303748,1.5695997427887394,0.10289999842643738,0.40549999475479126,1.6497999429702759,-0.5,-0.5,0.5,-0.5,140.84194946289062,4.708296298980713,0.0
9.528,1.3884428673263107,2.5571552586183097,0.2235339842131321,4.8738822989529895,0.007307271054606268,3.8821076233207927,-0.12679209368014455,0.07949250017305105,0.46052436970872784,1.693543349386061,-0.007151025116251211,-0.002685272919394145,0.00011356769780131668,-1.5704239603667887,0.0006875952415255071,1.5695982881135435,0.10289999842643738,0.40549999475479126,1.6497999429702759,-0.5,-0.5,0.5,-0.5,141.43450927734375,4.711552143096924,0.0
9.539,1.386784796582428,2.5553901694408774,0.22433755416238732,4.874105563089169,0.005513261022628946,3.883652478593276,-0.12622655477152733,0.07994869790498911,0.46073952741289054,1.694268428352199,-0.006760159888054094,-0.0028783342127077357,0.00020461119972736222,-1.5704070032170714,0.0007096136644015871,1.5696739768830432,0.10289999842643738,0.40549999475479126,1.6497999429702759,-0.5,-0.5,0.5,-0.5,141.7135772705078,4.705817222595215,0.0
9.549,1.3852501431407491,2.5538502753927057,0.2250946488603578,4.874344194204223,0.003904451591613345,3.8850244726695733,-0.12574137427179188,0.0803983320951585,0.4609379047603055,1.6949836495728887,-0.00498113555936754,-0.002572076515253653,0.0008643336273382705,-1.5703852251643216,0.0007515596069218589,1.5697946414058346,0.10289999842643738,0.40549999475479126,1.6497999429702759,-0.5,-0.5,0.5,-0.5,140.9519805908203,4.643815994262695,0.0
9.559,1.383656947756701,2.55239073274564,0.22587900917887804,4.874597563970909,0.002304278938711768,3.886383067484915,-0.12527358524832444,0.08085638111051505,0.46112412987888185,1.6956738710952284,-0.0033097924949041123,-0.0021049407115306465,0.0015426612717519771,-1.570375418959123,0.0007681518538946719,1.569894577573855,0.10289999842643738,0.40549999475479126,1.6497999429702759,-0.5,-0.5,0.5,-0.5,140.6250762939453,4.624973297119141,0.0
9.568999999999999,1.382025953800146,2.551004172511127,0.22666535477913285,4.874852244900323,0.0006799772330312592,3.8877164299325004,-0.12476702136433726,0.081329704154885,0.4613005436706259,1.6963354116645926,-0.002478956688568536,-0.0019407736415625897,0.0015916091235297942,-1.5703675384038482,0.0007631270605603646,1.5699554144305679,0.10289999842643738,0.40549999475479126,1.6497999429702759,-0.5,-0.5,0.5,-0.5,140.67636108398438,4.616561412811279,0.0
9.579,1.3804003112188452,2.549666345941911,0.2274478144464922,4.875106930587002,-0.0009265524661765667,3.8890337905532455,-0.12426128077150445,0.08180997386673114,0.46146855663900405,1.6969696407061052,-0.002737546313325144,-0.0021494184577526007,0.0011375133475803364,-1.5703444312184283,0.000750718394075367,1.5699844728601957,0.10289999842643738,0.40549999475479126,1.6497999429702759,-0.5,-0.5,0.5,-0.5,140.7314910888672,4.6048359870910645,0.0
9.589,1.3788213447548285,2.5483640879712395,0.22821353301957892,4.875377515507887,-0.002495779375876417,3.8903284558630205,-0.12379236513995284,0.0822846864971664,0.461625772779252,1.697582689355821,-0.0037417318248671857,-0.002702469177106549,0.00047307026106315815,-1.5703293459649048,0.0007338251466264545,1.5699930240300817,0.10289999842643738,0.40549999475479126,1.6497999429702759,-0.5,-0.5,0.5,-0.5,140.66262817382812,4.579958915710449,0.0
9.598,1.3774309581602404,2.5472246409221926,0.22889220133669141,4.875658756967211,-0.003910172934397771,3.891462110092557,-0.12337457209151736,0.08274482960830572,0.46176624309347963,1.6981827477764293,-0.004757457384560589,-0.0028700152294956955,0.0005058062791774431,-1.5703317060967004,0.0007437677145980537,1.570024656778144,0.10289999842643738,0.40549999475479126,1.6497999429702759,-0.5,-0.5,0.5,-0.5,140.42759704589844,4.52910041809082,0.0
9.609,1.375726152537296,2.5459095974888113,0.22976114633912736,4.876084415907361,-0.005633053105875696,3.8928245937973553,-0.12287298385060552,0.08319504712469532,0.46188286525323907,1.6987728982474217,-0.0036428365753837207,-0.0032714066421459776,0.00018030542019795072,-1.5703363099812888,0.0007895179165644528,1.5700849447804774,0.10289999842643738,0.40549999475479126,1.6497999429702759,-0.5,-0.5,0.5,-0.5,140.1810760498047,4.485013961791992,0.0
9.619,1.3741661736618935,2.5448089355424566,0.23059962096439257,4.876540213986941,-0.007137705004690353,3.8940425552033204,-0.1224579503983545,0.0836730715874392,0.46198117223129037,1.6993935605193335,-0.0031517082124787295,-0.0033108307672336554,0.000500287237626147,-1.5703202450851175,0.0008638124898983079,1.5701641262383994,0.10289999842643738,0.40549999475479126,1.6497999429702759,-0.5,-0.5,0.5,-0.5,139.62660217285156,4.430963516235352,0.0
9.629,1.3725814935507854,2.543772807594011,0.23145651692573121,4.8770242880342245,-0.008612518875417585,3.8952396760676935,-0.12202957789568192,0.08406150845306601,0.4620448399900489,1.699879112102884,-0.0028021883382696117,-0.0030724955958949815,0.0010695590280201043,-1.5702860008029755,0.0009096522585583244,1.5702244172435607,0.10289999842643738,0.40549999475479126,1.6497999429702759,-0.5,-0.5,0.5,-0.5,139.12477111816406,4.375573635101318,0.0
9.639,1.3709750690208695,2.542788928972672,0.23231832670446284,4.877523345622748,-0.010086406446936813,3.8964030979694053,-0.12157971251318234,0.08449898271557071,0.46210347816604624,1.700393407823983,-0.003285689687035418,-0.002954908372469794,0.0011903140380367648,-1.5702094206472872,0.0009499338017522341,1.5702784361504287,0.10289999842643738,0.40549999475479126,1.6497999429702759,-0.5,-0.5,0.5,-0.5,138.98768615722656,4.349172115325928,0.0
9.649000000000001,1.369335040735863,2.541828535742785,0.23319152809855836,4.8780455592813405,-0.011529592784811804,3.8975393439938166,-0.12119725890124311,0.08494085376208722,0.46214849684804926,1.7008900176534671,-0.004407247542712929,-0.0024309672062643936,0.0018607470197473,-1.5701528670044975,0.0009773522806053592,1.5703398945450555,0.10289999842643738,0.40549999475479126,1.6497999429702759,-0.5,-0.5,0.5,-0.5,138.91070556640625,4.338709831237793,0.0
9.659,1.3676605373243964,2.54088272183684,0.2340513831514146,4.878584074134803,-0.012976733301413468,3.8986410351637044,-0.12084528997723876,0.08539959838603677,0.4621795937427954,1.7013770121045821,-0.005555960815951328,-0.002191930188788393,0.0019937927495536642,-1.5701449240720688,0.0009595170784209017,1.5704276848401877,0.10289999842643738,0.40549999475479126,1.6497999429702759,-0.5,-0.5,0.5,-0.5,139.23468017578125,4.331235408782959,0.0
9.668,1.36616465921385,2.5400433205299366,0.2347869814772343,4.879080105216085,-0.01429680506454023,3.8996149485047518,-0.1205233553550249,0.0858710326524272,0.46219937079336754,1.7018552180436546,-0.006239614607348137,-0.002277064849728525,0.0016521429657666519,-1.5701733292480653,0.0009321453467032725,1.5705323738909125,0.10289999842643738,0.40549999475479126,1.6497999429702759,-0.5,-0.5,0.5,-0.5,139.1085662841797,4.310004234313965,0.0
9.679,1.3643791060227999,2.5390548976544514,0.235657006509566,4.8797064406648865,-0.01588164367638445,3.9007915621153977,-0.12017427039833706,0.08634321745193536,0.4622081218435524,1.7023223449531684,-0.005716338366382885,-0.002765518906165965,0.000876278921374558,-1.5702363936320018,0.0008964909042061819,1.5706455840180413,0.10289999842643738,0.40549999475479126,1.6497999429702759,-0.5,-0.5,0.5,-0.5,138.8698272705078,4.315922260284424,0.0
9.689,1.3627892321096882,2.5382041438422176,0.23644507715278262,4.880282286662182,-0.017316582550361836,3.901843491342756,-0.11985135830933302,0.08680482401080215,0.46220663848763804,1.7027710939682115,-0.0054018997107036495,-0.003226371010556107,0.0005904631552949068,-1.5703247443251773,0.0008751174499961323,1.570749460840543,0.10289999842643738,0.40549999475479126,1.6497999429702759,-0.5,-0.5,0.5,-0.5,138.29653930664062,4.288740158081055,0.0
9.699,1.3611810155429884,2.537395738069759,0.2372731791074596,4.880866559284645,-0.018770082856815584,3.902900406836853,-0.11946538499635118,0.08725678126795966,0.462199177472659,1.703199649086039,-0.0042431737368178,-0.003144737113012267,0.0006969155108325544,-1.5703624797475286,0.0008872957972383411,1.5708264394079707,0.10289999842643738,0.40549999475479126,1.6497999429702759,-0.5,-0.5,0.5,-0.5,138.1278076171875,4.287562847137451,0.0
9.709,1.3595408100687694,2.536659868228349,0.23814459719325498,4.881488504625682,-0.020203162898456917,3.9039961290390757,-0.11908425324521321,0.08770514674444592,0.4621801330194471,1.7036029820927463,-0.0023809304057596592,-0.003056816184736808,0.0007961629056332094,-1.570343456021375,0.0009104960386991934,1.570853676043356,0.10289999842643738,0.40549999475479126,1.6497999429702759,-0.5,-0.5,0.5,-0.5,137.51687622070312,4.229788780212402,0.0
9.719,1.3578727950731073,2.535974907323342,0.23903032734877527,4.882150829695217,-0.021610093553023013,3.9051207748735273,-0.11874353036488117,0.08815406889210083,0.4621463081336231,1.7039761255319843,-0.00311770743193711,-0.0026415333309273035,0.0012973734810161868,-1.5703384199915416,0.0009144766316899755,1.570820398999381,0.10289999842643738,0.40549999475479126,1.6497999429702759,-0.5,-0.5,0.5,-0.5,136.9808807373047,4.169713020324707,0.0
9.729,1.3561768861444685,2.535313765648998,0.23990398010986436,4.882844916007517,-0.02302851249462723,3.906229715052559,-0.11839993383417902,0.08861368884244082,0.4620976509136159,1.7043378200716919,-0.0035704014578521967,-0.002315103930435152,0.0015424039350298243,-1.5703501590861346,0.0008919755536811458,1.5707894320728915,0.10289999842643738,0.40549999475479126,1.6497999429702759,-0.5,-0.5,0.5,-0.5,136.77684020996094,4.14530611038208,0.0
9.738,1.354630896540372,2.534747402977904,0.24067957608378698,4.883508497179541,-0.02427719084277502,3.9072085412510766,-0.11812812674334161,0.08908497834786391,0.46203327405512207,1.7046865927730481,-0.004473803034493756,-0.002019952660926049,0.0017573412829830068,-1.5703887992669954,0.0008478354572734048,1.570776927923949,0.10289999842643738,0.40549999475479126,1.6497999429702759,-0.5,-0.5,0.5,-0.5,136.6943817138672,4.101975440979004,0.0
9.749,1.3527031378028953,2.534099626962168,0.24162747958378805,4.884383449991021,-0.025730002921863893,3.90838319214948,-0.11787514519499354,0.08957066918289025,0.4619481203007232,1.7050303417762438,-0.004117106968354552,-0.0016703490692017249,0.0019902386801415066,-1.5704625718272751,0.0007372821071340852,1.5708093108942132,0.10289999842643738,0.40549999475479126,1.6497999429702759,-0.5,-0.5,0.5,-0.5,136.4027557373047,4.066102027893066,0.0
9.759,1.3509181520721851,2.5335848197459603,0.24249045039556183,4.8852059680921265,-0.027049063879664992,3.9094333417567304,-0.11764136216252563,0.09007147090514395,0.4618458745467899,1.7053550653133587,-0.0028653156532587954,-0.0016747872843691559,0.0016970475316949475,-1.5705564730507624,0.0005821392240528134,1.5708546273879054,0.10289999842643738,0.40549999475479126,1.6497999429702759,-0.5,-0.5,0.5,-0.5,135.47694396972656,4.039962291717529,0.0
9.768,1.3493270864974631,2.533180928633146,0.24325753744156042,4.885945580995737,-0.02821671421330496,3.9103826575309624,-0.11743799727562543,0.09062774739646634,0.46172403591846095,1.7056732475132004,-0.002168075193348602,-0.002084066965046305,0.0009512429513750244,-1.5706644266883079,0.00039660884328185375,1.57084450972261,0.10289999842643738,0.40549999475479126,1.6497999429702759,-0.5,-0.5,0.5,-0.5,134.6723175048828,4.009181499481201,0.0
9.778,1.34762334814567,2.5327717717588323,0.24407608322243401,4.886771599669033,-0.029476552895782326,3.9114264977137765,-0.11723519667137072,0.09107442832464313,0.4616177535246945,1.7059083525113512,-0.003354163752403899,-0.002639682437042563,0.0001569677267571714,-1.5707662308033197,0.0002402367272433814,1.570796960019767,0.10289999842643738,0.40549999475479126,1.6497999429702759,-0.5,-0.5,0.5,-0.5,134.11058044433594,4.002232074737549,0.0
9.788,1.3459730097348972,2.5323967504862717,0.24487116172226653,4.887609396653735,-0.030739611760682628,3.9124222705055587,-0.11701596083179222,0.09160240727274985,0.46147623782546726,1.7061839691201874,-0.0037592891114657913,-0.002959952573445351,-0.0001628745635594853,-1.570899766696618,8.191648528743656e-05,1.5707524475963008,0.10289999842643738,0.40549999475479126,1.6497999429702759,-0.5,-0.5,0.5,-0.5,133.48345947265625,3.9848484992980957,0.0
9.798,1.3443019470622888,2.5320754214729826,0.245689351841464,4.888485545478917,-0.03203590894179076,3.913365509083042,-0.11678003219946564,0.0920242324075694,0.46134809107431274,1.7063957683949917,-0.003885846393195056,-0.002617275061454409,0.0004134001031699481,-1.5710026821329253,-7.724354049720716e-06,1.5707378193400368,0.10289999842643738,0.40549999475479126,1.6497999429702759,-0.5,-0.5,0.5,-0.5,132.79576110839844,3.945488214492798,0.0
9.808,1.342571228779625,2.5318158567646973,0.2465463519517952,4.889423149340467,-0.03334887985297019,3.9142724742356014,-0.11657984586886005,0.09254560563522121,0.46116796526449577,1.7066434048087824,-0.003521660847423661,-0.0023167479080634943,0.0006985621299627244,-1.57116324401448,-0.00010404779695516453,1.570757363620802,0.10289999842643738,0.40549999475479126,1.6497999429702759,-0.5,-0.5,0.5,-0.5,131.98402404785156,3.856198310852051,0.0
9.818,1.3408076668924709,2.5316177454061384,0.24742490046890797,4.890405988521827,-0.034683142590657745,3.9151612717237745,-0.1163796876913814,0.0929758501894137,0.46100328698104204,1.7068329473924253,-0.0030933683280131674,-0.0021932200050643704,0.0006344738825643732,-1.5713254085519868,-0.00018145738607300288,1.5707877365878473,0.10289999842643738,0.40549999475479126,1.6497999429702759,-0.5,-0.5,0.5,-0.5,130.98455810546875,3.7985363006591797,0.0
9.828,1.3390170966370372,2.5314877446319324,0.24832019323587318,4.891408343002545,-0.03604628418632405,3.9160436669643968,-0.1161319809535275,0.093453923992872,0.46080818440290894,1.7070221277246829,-0.001527122027682069,-0.0020300403087237188,0.0008019741077811198,-1.5714894650981626,-0.0002476067156185202,1.5707987134643164,0.10289999842643738,0.40549999475479126,1.6497999429702759,-0.5,-0.5,0.5,-0.5,129.9471893310547,3.758371114730835,0.0
9.841,1.3366649004343136,2.531397646049496,0.2494951688059146,4.892726961599122,-0.03780351873803145,3.917162596615908,-0.11580427866160825,0.09393653134818174,0.46060441974939953,1.7071782115221474,-0.0021623003452830667,-0.00200568372033448,0.0006776671859229153,-1.571638234670599,-0.0003207675852374692,1.5707699130848278,0.10289999842643738,0.40549999475479126,1.6497999429702759,-0.5,-0.5,0.5,-0.5,128.97023010253906,3.6779792308807373,0.0
9.849,1.3352192088627524,2.5313854390656454,0.25022450562403975,4.8935644468546124,-0.03886592040613923,3.9178265132907404,-0.11560810566871904,0.09441973982620627,0.4603904065677548,1.7073172286605827,-0.0009709109797884261,-0.0022683977977556178,0.0003003232100917942,-1.571790696364183,-0.0004037621564694227,1.5707471233001578,0.10289999842643738,0.40549999475479126,1.6497999429702759,-0.5,-0.5,0.5,-0.5,128.07652282714844,3.6203575134277344,0.0
9.859,1.3334334159735564,2.5314564170829934,0.2511442469562324,4.894652823254995,-0.040182400828348896,3.9186131959566435,-0.11534081101158389,0.09489333598133771,0.46015929038413367,1.7074281017790998,-0.0006548563878002301,-0.002715342720362674,-0.0002436548958627134,-1.5719244286591068,-0.0004725430911549644,1.5707343134625027,0.10289999842643738,0.40549999475479126,1.6497999429702759,-0.5,-0.5,0.5,-0.5,126.84037017822266,3.587954521179199,0.0
9.868,1.3318564513224276,2.531572900284112,0.2519785121595639,4.895649030604262,-0.041338818137430344,3.919287120700269,-0.1151064955904717,0.09539438767968066,0.45988807420148753,1.7075203005524078,-0.0009519738163657881,-0.0030425649049177213,-0.0005372582819515171,-1.572052642071559,-0.0005136578823479176,1.5707266634906534,0.10289999842643738,0.40549999475479126,1.6497999429702759,-0.5,-0.5,0.5,-0.5,125.87284088134766,3.5338335037231445,0.0
9.879,1.3299427500103862,2.5317713224462084,0.2530173154468507,4.896885305224752,-0.04272472789686166,3.9200697820265304,-0.11482576025206104,0.09579007911179098,0.4596562635574885,1.707573997253146,-0.0014183519482556758,-0.003088459413304363,-0.0003776837922067816,-1.572146279424793,-0.0005325843813182018,1.5707151278206049,0.10289999842643738,0.40549999475479126,1.6497999429702759,-0.5,-0.5,0.5,-0.5,124.8436279296875,3.4791033267974854,0.0
9.889,1.3281900472737087,2.5320104688125733,0.25398624744168163,4.898043311517077,-0.04398402975876525,3.920743922814247,-0.11455828348415764,0.09626414188573808,0.4593567572637162,1.7076163937587847,-0.0014388972057965599,-0.0030153286269526173,-0.00015397735055054833,-1.5722436923385708,-0.0005330133879746235,1.5707097690572713,0.10289999842643738,0.40549999475479126,1.6497999429702759,-0.5,-0.5,0.5,-0.5,123.54304504394531,3.41884708404541,0.0
9.898,1.3266057725295353,2.532284885844976,0.2548768634296863,4.899120192273991,-0.045098862476019796,3.921332643596833,-0.11432330787401312,0.09668837850324064,0.45906762466749984,1.707629871544889,-0.0010175196404253331,-0.003069299746844672,-0.00020621655890429479,-1.5723239373574305,-0.00052302435434326,1.5707056091607072,0.10289999842643738,0.40549999475479126,1.6497999429702759,-0.5,-0.5,0.5,-0.5,122.32891082763672,3.3552496433258057,0.0
9.908,1.3248413817112086,2.532649383414186,0.25588309976440904,4.900352133586124,-0.04632388843259161,3.921977352234566,-0.11406738223570301,0.0970627838632902,0.45879320507165167,1.7076197275682035,-0.001082335974515218,-0.002991841089340584,-8.0337405799794e-05,-1.5723922921274598,-0.0005091838570225882,1.5706899855345928,0.10289999842643738,0.40549999475479126,1.6497999429702759,-0.5,-0.5,0.5,-0.5,121.14888763427734,3.2947986125946045,0.0
9.919,1.3228627745576818,2.5331198081158126,0.2570097236130602,4.901730630593279,-0.04769533656673186,3.9226674662543317,-0.11376360854911294,0.09747581155150976,0.45847587287805863,1.7075851013420678,-0.00024575922563895605,-0.00257426075390613,0.0006197276073661286,-1.5724698542128104,-0.0004825121118976483,1.5706587992875256,0.10289999842643738,0.40549999475479126,1.6497999429702759,-0.5,-0.5,0.5,-0.5,120.06617736816406,3.2481296062469482,0.0
9.928,1.3212095519155005,2.533557961456137,0.25793401434192287,4.902851755965145,-0.04883552946787173,3.923203174894197,-0.11349521586941425,0.0978989866466115,0.45814863999731875,1.7075175377991743,-0.0009730739472065908,-0.0023600653208138375,0.0007649641192369648,-1.572551888748619,-0.00046306050900657425,1.5705912956084318,0.10289999842643738,0.40549999475479126,1.6497999429702759,-0.5,-0.5,0.5,-0.5,119.07012176513672,3.2042856216430664,0.0
9.939,1.3192007993129549,2.5341109850904724,0.2590499452284414,4.904198988285033,-0.05021611700652873,3.9238298822696382,-0.11317090569812471,0.09832762959162904,0.4578175907742738,1.7074265371869428,-0.0023389686850031417,-0.00245723195454782,0.00037969854372852264,-1.5726459787500648,-0.00045648694446587257,1.5704996388937111,0.10289999842643738,0.40549999475479126,1.6497999429702759,-0.5,-0.5,0.5,-0.5,118.314208984375,3.176623582839966,0.0
9.948,1.3175733629836506,2.534572769809629,0.259959384583615,4.9052933815959925,-0.05133152255076734,3.9243229312337675,-0.11290106504969977,0.09875106792196806,0.45748106143729195,1.7073183199380093,-0.0035644309613564484,-0.0025011181322809385,0.0002467460809320906,-1.572735941181699,-0.00045003601175341856,1.570391268737771,0.10289999842643738,0.40549999475479126,1.6497999429702759,-0.5,-0.5,0.5,-0.5,117.43399810791016,3.144379138946533,0.0
9.959,1.3156041290083342,2.5351593884401913,0.261075489340576,4.906653640543834,-0.052690337450044034,3.924903297670732,-0.11253320569707981,0.09916788828172274,0.45713659415410773,1.7071975566827124,-0.004088339672542234,-0.002816867976421678,-0.0002889604623634215,-1.572801298119016,-0.00043227907309528746,1.570287174125901,0.10289999842643738,0.40549999475479126,1.6497999429702759,-0.5,-0.5,0.5,-0.5,116.30322265625,3.077824115753174,0.0
9.968,1.3140063532673176,2.535685375391565,0.2620046986820386,4.9078120844487305,-0.05377313578757725,3.9253644359220505,-0.1122175711805733,0.09956976239727913,0.4567766008270426,1.7070658203419868,-0.003562325172453869,-0.002980655885511094,-0.000380618951111842,-1.5728218447444933,-0.0003892039189792307,1.5701976062381517,0.10289999842643738,0.40549999475479126,1.6497999429702759,-0.5,-0.5,0.5,-0.5,115.04644012451172,3.027020215988159,0.0
9.979,1.3120383530049056,2.536412663059198,0.2631615967664489,4.909290496161745,-0.05507847875199534,3.9259080347392796,-0.11180313066129255,0.09996200770978886,0.4563987462739222,1.7069188614476796,-0.0020496568537840794,-0.0029104286876390803,-0.00010083332993968795,-1.5728101307998446,-0.0003436845117645859,1.57012214801992,0.10289999842643738,0.40549999475479126,1.6497999429702759,-0.5,-0.5,0.5,-0.5,113.65771484375,2.9730589389801025,0.0
9.989,1.3102297507461946,2.5371334413662785,0.26421600470603934,4.9106740200230545,-0.05627850957978264,3.9263918647303617,-0.11138135202462429,0.10035258233839069,0.4560041640822735,1.7067523694064348,-0.002256084605655676,-0.0027133237210227503,0.00016833561168175826,-1.5727675277445134,-0.0002899484629894644,1.5700482783796295,0.10289999842643738,0.40549999475479126,1.6497999429702759,-0.5,-0.5,0.5,-0.5,112.48500061035156,2.932389497756958,0.0
9.999,1.3084125188928377,2.5378635809264116,0.2652525134085666,4.912064990138815,-0.05746759919383049,3.9268712580287026,-0.11096483586923611,0.10074673811673004,0.45559983281645744,1.7065752297419214,-0.003158409074282686,-0.002348987581694497,0.0005217039589534205,-1.5727239297231823,-0.0002462442466688586,1.5699688994136491,0.10289999842643738,0.40549999475479126,1.6497999429702759,-0.5,-0.5,0.5,-0.5,111.68087768554688,2.8915700912475586,0.0
10.009,1.3065631472827048,2.5386410525572787,0.2662819797882836,4.9134728331743185,-0.058639642000840375,3.927334514856029,-0.11056044881892291,0.10115063906714175,0.4551879427895865,1.7063901057345716,-0.0015340945698759472,-0.0019935732852891757,0.0009070744067759703,-1.5727003453970805,-0.00023825407566313572,1.569892177709899,0.10289999842643738,0.40549999475479126,1.6497999429702759,-0.5,-0.5,0.5,-0.5,110.37913513183594,2.8501036167144775,0.0
10.019,1.3046990648678216,2.5395199477560046,0.26730250980541914,4.914906176978985,-0.059828915290784046,3.92777102350746,-0.11012636191255876,0.1015665990911579,0.4547632140879332,1.706179429860133,-0.00012746828603885872,-0.002214253902989203,0.0003059123112215767,-1.5726921414450228,-0.00026127299961498096,1.5697927755609205,0.10289999842643738,0.40549999475479126,1.6497999429702759,-0.5,-0.5,0.5,-0.5,108.85791778564453,2.8110320568084717,0.0
10.028,1.3030572073390987,2.5403518162238017,0.26820544814651814,4.9161916239195635,-0.060908025768887875,3.9281277611581924,-0.10973033418992983,0.10197573363988095,0.45432927201530826,1.7059414925180991,-0.0017814509384298193,-0.0025243495432225936,-0.00029518716319691944,-1.5727021732053048,-0.0002600605694311753,1.5696669657706275,0.10289999842643738,0.40549999475479126,1.6497999429702759,-0.5,-0.5,0.5,-0.5,107.35101318359375,2.7634265422821045,0.0
10.039,1.3012946156201979,2.5412844622875896,0.2691876829891653,4.917608459716887,-0.062070598209934325,3.9284828187189422,-0.10930573035047964,0.10236779983860464,0.4538914090964148,1.705696560520765,-0.0027755132481057866,-0.0029513627155395967,-0.0007995125333683758,-1.5727286608395885,-0.00023012814928780045,1.569552620558002,0.10289999842643738,0.40549999475479126,1.6497999429702759,-0.5,-0.5,0.5,-0.5,106.3851547241211,2.7315711975097656,0.0
10.049,1.299407349489548,2.542353973919357,0.27025538502359137,4.9191857090041315,-0.06330849064644273,3.928838314305205,-0.10881568923886231,0.10274178306641127,0.4534448769726588,1.7054414454761349,-0.0034471753118701875,-0.0031321698391568054,-0.0008915931472627185,-1.57273127468169,-0.00019195820157502652,1.5694432391961317,0.10289999842643738,0.40549999475479126,1.6497999429702759,-0.5,-0.5,0.5,-0.5,105.14356994628906,2.6656622886657715,0.0
10.059,1.297692549078568,2.54336238275956,0.2712406061287256,4.920653946417401,-0.06442056687511677,3.9291488727300647,-0.10834965771856986,0.10310251832268577,0.4529853288879833,1.7051780500679516,-0.0036218442830623083,-0.002996067526606777,-0.000594836301743287,-1.5727027684103747,-0.00013047534563881413,1.5693448513316814,0.10289999842643738,0.40549999475479126,1.6497999429702759,-0.5,-0.5,0.5,-0.5,103.94874572753906,2.603121280670166,0.0
10.069,1.2959437532497473,2.5444088195437056,0.2722619313448371,4.922159986104835,-0.065489392866934,3.929461140666562,-0.10790628100814548,0.10345856696755822,0.4525122692966969,1.7049050698178603,-0.003327712305186491,-0.0026578383496571934,-0.0001469936381176771,-1.5726544844484716,-7.772287620078089e-05,1.5692444476272214,0.10289999842643738,0.40549999475479126,1.6497999429702759,-0.5,-0.5,0.5,-0.5,102.62836456298828,2.5288448333740234,0.0
10.079,1.2941518567069314,2.5454973714049425,0.2733153838520943,4.9237034262483625,-0.06654900085491544,3.9297644983159676,-0.10746100774232037,0.10381673156000751,0.45202470678403867,1.7046224408574409,-0.0031193405804727605,-0.0023766107837156253,6.375108703665134e-05,-1.5725925870096062,-5.016327897422457e-05,1.5691454048296931,0.10289999842643738,0.40549999475479126,1.6497999429702759,-0.5,-0.5,0.5,-0.5,101.28499603271484,2.4877257347106934,0.0
10.089,1.2923401358005817,2.546615715219141,0.2743780075837323,4.925273517602694,-0.06762076260551186,3.9300556027710254,-0.10700503275649176,0.10417659928860312,0.4515244949814218,1.7043317125728983,-0.003267674390942036,-0.0022571881069669594,2.4826110279268487e-05,-1.5725251656119295,-2.013851408744216e-05,1.5690517122905066,0.10289999842643738,0.40549999475479126,1.6497999429702759,-0.5,-0.5,0.5,-0.5,99.94287872314453,2.4661710262298584,0.0
10.098,1.2907093579856221,2.5476317391632533,0.2753376104643763,4.926692894141199,-0.06856204871710592,3.9303056942413255,-0.10662665643299718,0.10453556681315304,0.451015084647044,1.7040346947999596,-0.003655243350631673,-0.0024433249884620884,-7.63894218694953e-05,-1.5724723480946294,5.288255076507653e-06,1.5689672075800347,0.10289999842643738,0.40549999475479126,1.6497999429702759,-0.5,-0.5,0.5,-0.5,98.83527374267578,2.4374547004699707,0.0
10.109,1.2887292685524363,2.5488712853893736,0.2765079164692521,4.92844425277489,-0.06969959545524684,3.9305882128888427,-0.10618745341074654,0.10489135746452163,0.45050082197806424,1.7037322442783551,-0.004548896170559126,-0.0024616833562395085,-0.00035280475627991816,-1.5724384536941165,2.1737691856316133e-05,1.568897892432679,0.10289999842643738,0.40549999475479126,1.6497999429702759,-0.5,-0.5,0.5,-0.5,97.8218765258789,2.40866756439209,0.0
10.118,1.287105802774346,2.549900939107183,0.2774757125442564,4.929913269985842,-0.07062245928974686,3.9308004900894,-0.10583216877532653,0.10523965878459929,0.44997480537594775,1.7034335998832533,-0.0038225445064251394,-0.0023573364574545168,-0.0002966681601264067,-1.572408262086626,5.4365682540691296e-05,1.5688770650157995,0.10289999842643738,0.40549999475479126,1.6497999429702759,-0.5,-0.5,0.5,-0.5,96.55854034423828,2.362652063369751,0.0
10.128,1.285292742084727,2.551086042101777,0.2785685407542715,4.931569652438168,-0.0716055373450617,3.9310194478297573,-0.10546030906081416,0.10558459756720036,0.4494372491489033,1.7031262393208002,-0.0030868968308484304,-0.0023552784679641134,-0.00044307091599969406,-1.572372881502827,7.647176150449297e-05,1.5688776662636823,0.10289999842643738,0.40549999475479126,1.6497999429702759,-0.5,-0.5,0.5,-0.5,95.02964782714844,2.287339210510254,0.0
10.139,1.28327254751565,2.552417025820289,0.27979735823001395,4.933404755331541,-0.0726575360709516,3.931233129377153,-0.10505134965115026,0.10592602356262275,0.4488933084601032,1.7028071889210465,-0.002988625162432792,-0.001917415776350122,-0.0001051544623972804,-1.5723296392492152,8.004820659435197e-05,1.5688857342112217,0.10289999842643738,0.40549999475479126,1.6497999429702759,-0.5,-0.5,0.5,-0.5,93.5992202758789,2.2148914337158203,0.0
10.148,1.2815878572881099,2.553523555542145,0.2808273960558276,4.934911062559001,-0.07351728193468876,3.931366609391164,-0.10468668399935588,0.10627103232200033,0.44834239037036494,1.702482038613054,-0.0028839392915449387,-0.0018008128568135283,-0.00020157490228414079,-1.5722500023266355,7.544897565470166e-05,1.56891871671289,0.10289999842643738,0.40549999475479126,1.6497999429702759,-0.5,-0.5,0.5,-0.5,92.43692779541016,2.1784873008728027,0.0
10.158,1.2797143533481536,2.5548012465987897,0.28197361530455733,4.936586402004169,-0.07444935158979238,3.931469396534621,-0.10428143284994906,0.10661532635987996,0.44778645073057954,1.7021450754753975,-0.0016092625145561498,-0.0018201101843896641,-0.0003324061893944999,-1.5721476368731948,6.43311282297887e-05,1.5689750616762508,0.10289999842643738,0.40549999475479126,1.6497999429702759,-0.5,-0.5,0.5,-0.5,90.58964538574219,2.1181557178497314,0.0
10.168,1.2778196394517005,2.556168666824356,0.2831237955593515,4.938268029903215,-0.07535581102563871,3.9315315388707965,-0.10390492946400443,0.10696003686568512,0.4472239047585143,1.7017825913941511,0.00048050551656249693,-0.0016440521496351376,2.8631271779155867e-06,-1.5720715275681196,3.162663596079085e-05,1.5690197575687568,0.10289999842643738,0.40549999475479126,1.6497999429702759,-0.5,-0.5,0.5,-0.5,88.73991394042969,2.0862600803375244,0.0
10.178,1.275913940411061,2.5576349154322857,0.2842594577077229,4.93993209715829,-0.07627986495214056,3.931536641133616,-0.10351442457287963,0.10731261253176264,0.44665544465924933,1.7013836714251773,0.0014766555967027934,-0.0017789914421353355,-0.0003241384052338796,-1.5720365392932485,-2.4686775389248794e-05,1.5690346442403513,0.10289999842643738,0.40549999475479126,1.6497999429702759,-0.5,-0.5,0.5,-0.5,86.79973602294922,2.0280983448028564,0.0
10.188,1.2740463247675171,2.5591510129402026,0.28536710934904885,4.941558190463312,-0.07721196718611534,3.93149005938069,-0.10310113961230005,0.10766145772320604,0.446086852011446,1.7009492638133714,-5.841096044329745e-05,-0.0019968257990957694,-0.000870645334799185,-1.5720311815685928,-6.48769124005355e-05,1.5690062989864415,0.10289999842643738,0.40549999475479126,1.6497999429702759,-0.5,-0.5,0.5,-0.5,85.27056121826172,1.9669097661972046,0.0
10.198,1.2722357290475292,2.5606706507180546,0.286460368186912,4.943156546006164,-0.07812055077623103,3.9313986959216622,-0.10269515635472004,0.10799659223798057,0.4455166303057744,1.7004980079001701,-0.002449483814843194,-0.0023226392013907826,-0.0015451027528370312,-1.5720246715775237,-9.083946468502191e-05,1.5689658588827593,0.10289999842643738,0.40549999475479126,1.6497999429702759,-0.5,-0.5,0.5,-0.5,83.89595794677734,1.9148228168487549,0.0
10.209,1.2702673594456018,2.562368988221931,0.2876838444464509,4.944904323186998,-0.07913701637964632,3.9312420276388904,-0.10222352008339186,0.10834147910885952,0.44488328618678763,1.6999894207806736,-0.0032683630172254045,-0.0022917223235476036,-0.0014657125543985898,-1.5720173444404488,-6.922141941512194e-05,1.568923439280999,0.10289999842643738,0.40549999475479126,1.6497999429702759,-0.5,-0.5,0.5,-0.5,82.6030044555664,1.8713637590408325,0.0
10.219,1.2684576862608,2.563952682400317,0.2888341791020883,4.94649332844697,-0.08006843648745221,3.9310696323213348,-0.1017626519289303,0.10864281942139427,0.4442980677751963,1.6995087916460843,-0.003921867320267658,-0.002151492533202473,-0.0012363238214862476,-1.571981525770202,-9.71330729315767e-06,1.5688707079852968,0.10289999842643738,0.40549999475479126,1.6497999429702759,-0.5,-0.5,0.5,-0.5,81.11626434326172,1.809664249420166,0.0
10.229,1.266627582887005,2.5655816509298957,0.2900113274398324,4.94807705496706,-0.08096054585965273,3.9308913608928675,-0.10131537581807404,0.10890967168221957,0.4437661350825596,1.6990611989111024,-0.0030688593760849624,-0.0019595206991444877,-0.0008985003402939505,-1.5719321234570163,3.697913673761377e-05,1.568797263232025,0.10289999842643738,0.40549999475479126,1.6497999429702759,-0.5,-0.5,0.5,-0.5,79.64730072021484,1.7515044212341309,0.0
10.238,1.2649679325511451,2.567106303749786,0.29108169706239195,4.9495054177036275,-0.08175688497655376,3.9307289215824666,-0.10090549005350002,0.10920569871133867,0.4431692050549224,1.6985383659730324,-0.0024429864611728806,-0.00198151486532612,-0.0009595410450935218,-1.571878887462761,6.757919823474623e-05,1.568664069667951,0.10289999842643738,0.40549999475479126,1.6497999429702759,-0.5,-0.5,0.5,-0.5,78.26573181152344,1.7239333391189575,0.0
10.248,1.26313402474183,2.568856424078583,0.2922598895300048,4.951107364750342,-0.08265855606784189,3.9305452504871843,-0.10043211975095367,0.10949586389886111,0.44256371523990434,1.6979937131817833,-0.00198964538546614,-0.0020175798607255046,-0.001011828972932288,-1.5718359411441412,0.00011249333974827636,1.5684904982937806,0.10289999842643738,0.40549999475479126,1.6497999429702759,-0.5,-0.5,0.5,-0.5,77.02070617675781,1.6936029195785522,0.0
10.259,1.2611122323488457,2.5708169555194695,0.293554455336241,4.952890750408273,-0.08363398519276455,3.930340230795095,-0.09995780444186053,0.10978113332388911,0.4419485367061447,1.6974329636867298,-0.0027965551163251904,-0.0017606771978978962,-0.0007627708285122195,-1.5718302771697394,0.00015975493598530122,1.5682979219160336,0.10289999842643738,0.40549999475479126,1.6497999429702759,-0.5,-0.5,0.5,-0.5,75.78520965576172,1.6940100193023682,0.0
10.268,1.2594334052515803,2.572432078441241,0.2946154653767099,4.954362768650302,-0.0844329469950802,3.930155291758088,-0.09959479766002666,0.1100685958967294,0.4413235536181825,1.6968667778332784,-0.003299655888154986,-0.0013951294991414133,-0.0003702206867208617,-1.5718689401557067,0.0001892940058825232,1.5681105498996393,0.10289999842643738,0.40549999475479126,1.6497999429702759,-0.5,-0.5,0.5,-0.5,74.20906829833984,1.6371276378631592,0.0
10.279,1.2573889479648868,2.5744596210492743,0.29590324573807436,4.956178451155093,-0.08543039068591174,3.9298722655651366,-0.09910390567248673,0.11036067412163794,0.4406889208625444,1.696293538530228,-0.0027501154412699295,-0.00184001961643632,-0.0012589037018766963,-1.5719263971242932,0.00021674853002107142,1.5679456566914842,0.10289999842643738,0.40549999475479126,1.6497999429702759,-0.5,-0.5,0.5,-0.5,72.28267669677734,1.5574842691421509,0.0
10.289,1.2555658051012584,2.576388884417809,0.29708627262990017,4.957850060624978,-0.08629216898905145,3.9295659925420994,-0.09863541352217275,0.11063466227476226,0.44004398148269663,1.6957051557308327,-0.001643512618454113,-0.002177374806184622,-0.001626265539833946,-1.5719548358158106,0.00027503137316386983,1.5677921523960294,0.10289999842643738,0.40549999475479126,1.6497999429702759,-0.5,-0.5,0.5,-0.5,70.24901580810547,1.4717401266098022,0.0
10.298,1.2539469780552404,2.578180721227059,0.29816513418992674,4.959358644606717,-0.08702657716092066,3.929269387647529,-0.0982052362350121,0.11089142564804091,0.43938903019932196,1.6950976918501777,-0.0016900892269167012,-0.002456519858845158,-0.0019186175140249305,-1.5719502971915575,0.0003334981718174923,1.5676219676459644,0.10289999842643738,0.40549999475479126,1.6497999429702759,-0.5,-0.5,0.5,-0.5,68.55525207519531,1.4158368110656738,0.0
10.309,1.2519863113014038,2.5804256185205885,0.2994850936438702,4.961208283573931,-0.08793854583131999,3.9288748229373,-0.09761963869489954,0.11113154664228388,0.4387293433258732,1.6944740976767552,-0.0013407323422084878,-0.002432068790972805,-0.001701922889052857,-1.571917349322287,0.00041789695254568215,1.567428002870142,0.10289999842643738,0.40549999475479126,1.6497999429702759,-0.5,-0.5,0.5,-0.5,67.10358428955078,1.3857494592666626,0.0
10.319,1.250188816357361,2.582511204596396,0.3007025839215194,4.9629099584868275,-0.08874356066385136,3.928486563782628,-0.09709872601024294,0.11136360678928392,0.43805777842056737,1.693837839315944,-0.0019654171747549654,-0.0021995950115423616,-0.0013913371936456922,-1.5718685388559523,0.0005185682303192607,1.5672349250862525,0.10289999842643738,0.40549999475479126,1.6497999429702759,-0.5,-0.5,0.5,-0.5,65.34323120117188,1.328239917755127,0.0
10.328,1.248547692896353,2.5844081246064663,0.301809346828505,4.964444561473555,-0.08942730749607097,3.9281115803355027,-0.09666254299292287,0.1115949662007358,0.43737758507004093,1.6931935077773168,-0.002302025376128274,-0.0017635841527471746,-0.0008636767963166289,-1.5718435093467897,0.0005886799566825474,1.5670486280373923,0.10289999842643738,0.40549999475479126,1.6497999429702759,-0.5,-0.5,0.5,-0.5,63.81154251098633,1.3107017278671265,0.0
10.338,1.246684955132321,2.586574941745792,0.3030415691276742,4.966157663705726,-0.09020857944075278,3.9276453850378017,-0.09610930684047858,0.11183468266747063,0.43668851120235025,1.6925384843587359,-0.001247059592229318,-0.0015124739008516817,-0.0006782407679656192,-1.5718031926165228,0.0006295638937183767,1.5668697385370085,0.10289999842643738,0.40549999475479126,1.6497999429702759,-0.5,-0.5,0.5,-0.5,62.299808502197266,1.277726411819458,0.0
10.348,1.244803542378377,2.5888211355371977,0.30427575950039376,4.967895210739614,-0.0909768804497686,3.927143923234227,-0.09554714169501732,0.11207889445865855,0.43598783212738723,1.6918639525068147,-0.0006328428417129326,-0.001525250205330671,-0.0008891597930832015,-1.5717499693345423,0.0006611164677909898,1.5666881121866056,0.10289999842643738,0.40549999475479126,1.6497999429702759,-0.5,-0.5,0.5,-0.5,60.58721923828125,1.2629793882369995,0.0
10.358,1.2429420905903532,2.5911000249623095,0.30549513791927474,4.969646983820911,-0.09170139722093484,3.926633529438239,-0.09502850836709786,0.11232039410605484,0.4352747663680806,1.6911765850874634,-0.0018181821888776848,-0.0016109742626027903,-0.0012135192535547147,-1.5717355344238833,0.0006659915125757365,1.566501214177813,0.10289999842643738,0.40549999475479126,1.6497999429702759,-0.5,-0.5,0.5,-0.5,59.30000686645508,1.26262366771698,0.0
10.368,1.2411112909444446,2.5933783145479703,0.30668727765123105,4.971393823731343,-0.09243067326818544,3.926110990775114,-0.0944803433957464,0.1125554554508724,0.4345567454223458,1.6904848755636763,-0.002808912625373219,-0.0016304594521642374,-0.0013675998396368485,-1.5717308479114318,0.000668825268022033,1.5663124361692928,0.10289999842643738,0.40549999475479126,1.6497999429702759,-0.5,-0.5,0.5,-0.5,58.06153106689453,1.226082682609558,0.0
10.378,1.2393257740405845,2.5956537492488776,0.30786081119827013,4.973157668564894,-0.09315623693687503,3.9255827374601173,-0.09391860491941184,0.11278105471528505,0.43383156876181606,1.6897918365069888,-0.004180710353527579,-0.002036523062382907,-0.0021356169416589573,-1.5717103126853083,0.0006914084454145986,1.5661328382797883,0.10289999842643738,0.40549999475479126,1.6497999429702759,-0.5,-0.5,0.5,-0.5,56.97789764404297,1.2075527906417847,0.0
10.388,1.2376089747824794,2.597947828364414,0.30902467561611324,4.974951461941904,-0.09384105408813159,3.925030920601185,-0.09340105415382727,0.11298203283338969,0.43309637366370335,1.6891050558496206,-0.0040119033570081685,-0.002506634794409435,-0.0026606730476011657,-1.5717080510323058,0.0007459418117763406,1.5659841612133314,0.10289999842643738,0.40549999475479126,1.6497999429702759,-0.5,-0.5,0.5,-0.5,55.632572174072266,1.2205522060394287,0.0
10.398,1.235888689902553,2.6002926308064565,0.31021119460651736,4.976776066092862,-0.09451918579856677,3.9244307807819157,-0.09289069511855175,0.1131604994653641,0.43235003226534496,1.6884170616024716,-0.003174993799177645,-0.002138619709839789,-0.0019022493976475021,-1.5717258725761711,0.0008329691855371024,1.5658711222081645,0.10289999842643738,0.40549999475479126,1.6497999429702759,-0.5,-0.5,0.5,-0.5,54.01389694213867,1.1959847211837769,0.0
10.408,1.2341137768284876,2.602694872735621,0.311431920517915,4.978627802554509,-0.09521196413292277,3.9237865361049424,-0.09236707059745974,0.11333878026146652,0.4315917831592729,1.6877266130218107,-0.002072055271315229,-0.0018695500220596655,-0.0015640923097167095,-1.571747119185915,0.0009258398546041491,1.565786895931773,0.10289999842643738,0.40549999475479126,1.6497999429702759,-0.5,-0.5,0.5,-0.5,52.70362091064453,1.1806119680404663,0.0
10.418,1.2323301074645228,2.605136049787874,0.31266928289464957,4.980485878784871,-0.09585617359791865,3.923120725071752,-0.09187501327811631,0.11351539677919492,0.43082415087590903,1.6870314459455509,-0.0019946442267416765,-0.0018161212239442034,-0.0016900734003776113,-1.5717841505831627,0.0010045353478105312,1.56571003638895,0.10289999842643738,0.40549999475479126,1.6497999429702759,-0.5,-0.5,0.5,-0.5,51.50142288208008,1.1811635494232178,0.0
10.428,1.230555964260014,2.6075807915846427,0.31391077506888454,4.982327120467855,-0.09645591893256533,3.9224479079720576,-0.09138984972605968,0.1136851672167711,0.43005528726809006,1.6863317797370738,-0.0024145198520379657,-0.0016336958719673166,-0.0015599705797338895,-1.5718125212457335,0.0010572914640532005,1.565623213999866,0.10289999842643738,0.40549999475479126,1.6497999429702759,-0.5,-0.5,0.5,-0.5,50.13618087768555,1.137444257736206,0.0
10.439,1.228604346820151,2.610295252031329,0.31526978855592525,4.984348909413636,-0.097127419711037,3.9216870443742637,-0.09078695018290706,0.1138518953619699,0.42928485709981595,1.6856277937338418,-0.0016489815926675154,-0.0016254648116810692,-0.0015518724492479155,-1.5718127445190662,0.001107984564557185,1.5655282484363453,0.10289999842643738,0.40549999475479126,1.6497999429702759,-0.5,-0.5,0.5,-0.5,49.17716598510742,1.1381443738937378,0.0
10.448,1.2270204978507087,2.61254080652503,0.31637316851912534,4.986002933029023,-0.09763881698671018,3.9210433267881326,-0.09029562924717105,0.11401426469611955,0.42850851196192197,1.6849133115141364,-0.0020702588248776234,-0.001655852350868532,-0.0016265307973080104,-1.5717853700365114,0.001154019590876132,1.5654367718176037,0.10289999842643738,0.40549999475479126,1.6497999429702759,-0.5,-0.5,0.5,-0.5,48.03951644897461,1.1489298343658447,0.0
10.459,1.2250915094779726,2.6153020251506485,0.31770804545742326,4.988020363801887,-0.09822910744015534,3.9202249471271218,-0.08971650301523582,0.11417295960261474,0.42772992220071204,1.6841925774565625,-0.001838358020602801,-0.001456106566255222,-0.0013651660617884167,-1.5717725660345723,0.0011698572785929784,1.5653555324519146,0.10289999842643738,0.40549999475479126,1.6497999429702759,-0.5,-0.5,0.5,-0.5,47.10638427734375,1.1865712404251099,0.0
10.469,1.2233341937052584,2.617833305840011,0.3189113878276624,4.989852382828813,-0.09878214556093834,3.9194426132084823,-0.08915952896671087,0.11433283307830143,0.4269450125369924,1.6834634988572585,-0.0025002629985326577,-0.0014178391975743713,-0.0015246655055001597,-1.5717651371625299,0.0011805130808841824,1.5652918056040224,0.10289999842643738,0.40549999475479126,1.6497999429702759,-0.5,-0.5,0.5,-0.5,46.148719787597656,1.188527226448059,0.0
10.479,1.22159498980293,2.620350235258697,0.32010575223506343,4.991665741078043,-0.09929177479994866,3.9186352745410558,-0.08863966713070415,0.11448868017243882,0.42615790726307623,1.6827299952095527,-0.003817097459127027,-0.0012585517070299254,-0.0015614560234453612,-1.571765546067322,0.0011870277173295918,1.5652418693214345,0.10289999842643738,0.40549999475479126,1.6497999429702759,-0.5,-0.5,0.5,-0.5,45.19464874267578,1.1963430643081665,0.0
10.488,1.2200444959597947,2.622595521700597,0.3211759414509645,4.9932803944851285,-0.09971464654825635,3.91788861942202,-0.08819289050453882,0.11464129716606013,0.42537096311321365,1.6819971053515343,-0.00458789367824691,-0.0012267205064603812,-0.0017280318982034876,-1.5717771938062297,0.0011648214491781772,1.5652107049700623,0.10289999842643738,0.40549999475479126,1.6497999429702759,-0.5,-0.5,0.5,-0.5,44.37580871582031,1.1990690231323242,0.0
10.499,1.2181742112422826,2.625355771047004,0.32247253047618063,4.995236902084108,-0.10025243267465189,3.91693769895146,-0.08758778776000753,0.1147863060759209,0.4245841443665883,1.6812608805033988,-0.0038886286605993815,-0.0013573221254398328,-0.002002731119459205,-1.5717698447686943,0.001151082879988774,1.5651948136751355,0.10289999842643738,0.40549999475479126,1.6497999429702759,-0.5,-0.5,0.5,-0.5,43.52761459350586,1.2026386260986328,0.0
10.508,1.2166485873246353,2.6276374039420114,0.3235417560714229,4.996815718510556,-0.10067786339653839,3.916134007227977,-0.08709742349316585,0.11492111187707274,0.4237969160318065,1.6805114646690746,-0.0036346188180110344,-0.0012153960729845159,-0.0018754578989812222,-1.5717513962882923,0.0011580084061328932,1.5651754620888045,0.10289999842643738,0.40549999475479126,1.6497999429702759,-0.5,-0.5,0.5,-0.5,42.7057991027832,1.2140003442764282,0.0
10.518,1.214941079881993,2.630174439853529,0.3247346432699869,4.998533163523453,-0.10113370054567827,3.9152177908955528,-0.08657855875748766,0.1150544580724096,0.42301380807620625,1.679749771683786,-0.003846583227775793,-0.000879559044931766,-0.0015728270616802897,-1.5717571804947186,0.0011439601468135052,1.5651371481776344,0.10289999842643738,0.40549999475479126,1.6497999429702759,-0.5,-0.5,0.5,-0.5,42.06373977661133,1.2382562160491943,0.0
10.529,1.2130586252121534,2.632958394649461,0.3260235618302163,5.000381234219114,-0.10167321160654286,3.914157211453582,-0.08596624755419313,0.11519165690487981,0.4222340921927069,1.678982088221121,-0.0046217072338789935,-0.0005905277513731614,-0.0014927905254511608,-1.5717750585826145,0.001124904640587232,1.5651008944894167,0.10289999842643738,0.40549999475479126,1.6497999429702759,-0.5,-0.5,0.5,-0.5,41.44906234741211,1.2557786703109741,0.0
10.538,1.2115474637042523,2.6352330177287913,0.3270601215585014,5.001864837116158,-0.1020909380461772,3.913249241224219,-0.08548508023115087,0.11532887649778041,0.4214574886391968,1.678212456739801,-0.00480877680594517,-0.0008483804953980543,-0.0020755556795831755,-1.5718066374725044,0.0011018485737794848,1.5650872381426102,0.10289999842643738,0.40549999475479126,1.6497999429702759,-0.5,-0.5,0.5,-0.5,40.644798278808594,1.2657064199447632,0.0
10.549,1.2097501927232512,2.6380520752124132,0.32831979883412643,5.003661982125705,-0.1025614760568887,3.912085925872142,-0.08491398207788414,0.11545101797179498,0.4206825898841382,1.6774356770626102,-0.004025904064441995,-0.001116885528655468,-0.002387698937798793,-1.57185662949889,0.0010808250990921309,1.5650841897854337,0.10289999842643738,0.40549999475479126,1.6497999429702759,-0.5,-0.5,0.5,-0.5,39.92068862915039,1.286224365234375,0.0
10.559,1.2081469657046169,2.640639608587292,0.3294586956957266,5.005279586728393,-0.10298714494315231,3.9109912120438333,-0.08436904248994637,0.11555822093075668,0.41990491837601973,1.6766493029148624,-0.004675813539642827,-0.001163659727321376,-0.0024531581375811487,-1.571902823583637,0.0010804146053233765,1.5650892813654596,0.10289999842643738,0.40549999475479126,1.6497999429702759,-0.5,-0.5,0.5,-0.5,39.416141510009766,1.3076837062835693,0.0
10.568999999999999,1.2065737975713278,2.6432200012509037,0.33058858667668467,5.006869958791205,-0.10337674094944749,3.9098894195600424,-0.08384411907026834,0.11565399265199276,0.4191297335833458,1.6758593253918463,-0.004886509438195941,-0.0011241064124296579,-0.0023858638181496463,-1.571943516334174,0.001091346361920209,1.5650874409290685,0.10289999842643738,0.40549999475479126,1.6497999429702759,-0.5,-0.5,0.5,-0.5,38.886688232421875,1.3177518844604492,0.0
10.579,1.2050041802298255,2.6458045380517357,0.3317285792525331,5.00844124525967,-0.10372151049536615,3.908783073489535,-0.08336437815199016,0.1157420756307855,0.41835617652018164,1.6750631706751278,-0.004872348384429997,-0.0009077837530125248,-0.0021767961843182975,-1.5719979002537638,0.0010825137359296022,1.565069834608414,0.10289999842643738,0.40549999475479126,1.6497999429702759,-0.5,-0.5,0.5,-0.5,38.38066864013672,1.3346229791641235,0.0
10.589,1.203452297683179,2.648389336614966,0.3328658279141994,5.00998454437504,-0.10406091765429881,3.907659325374323,-0.08287550871494265,0.11582514880244156,0.4175836671171967,1.674259865018958,-0.005381370077278599,-0.0009847990788636552,-0.0024280204776268373,-1.5720670295504935,0.001066998182372103,1.5650381781259572,0.10289999842643738,0.40549999475479126,1.6497999429702759,-0.5,-0.5,0.5,-0.5,37.91279220581055,1.34241783618927,0.0
10.598,1.20209895044884,2.6507054750078067,0.33387511923615154,5.011346056035246,-0.10433414446718192,3.906629267741896,-0.08243038927177704,0.1158951614433628,0.4168158140960975,1.673451658958702,-0.006101196120626981,-0.00101958252912938,-0.002550646256653653,-1.57211679131103,0.0010646322303085043,1.565001491292831,0.10289999842643738,0.40549999475479126,1.6497999429702759,-0.5,-0.5,0.5,-0.5,37.51506805419922,1.360775113105774,0.0
10.608,1.2006165625369034,2.6532646085343012,0.33500223108818705,5.012849871043204,-0.10457569205195316,3.9054653093681866,-0.08196460410784301,0.11595239012078304,0.41604995079400864,1.6726452043987092,-0.006616712195319226,-0.0008710641288761438,-0.002396904064818584,-1.5721486898621087,0.0010526293880745996,1.5649765365205848,0.10289999842643738,0.40549999475479126,1.6497999429702759,-0.5,-0.5,0.5,-0.5,37.16630935668945,1.3915194272994995,0.0
10.618,1.1991390127027008,2.6558100063934917,0.3361372967309224,5.014354422800176,-0.10479633166191515,3.904277868102187,-0.08148425292597494,0.11600182597471961,0.4152820977333702,1.6718447211598082,-0.007092637954095607,-0.0007158482980128729,-0.0023134260681047228,-1.5721564027802581,0.0010298170096403325,1.5649849907081967,0.10289999842643738,0.40549999475479126,1.6497999429702759,-0.5,-0.5,0.5,-0.5,36.9151611328125,1.401711344718933,0.0
10.628,1.197661381457265,2.6583465974624074,0.3372843574776567,5.015851130764551,-0.10501806978467965,3.9030790113126743,-0.08098427835274613,0.11604343449288798,0.41451328457469105,1.671050211282507,-0.006656939741259279,-0.0005866687346797924,-0.0022350868082773967,-1.572133494972546,0.0010207682559126852,1.5650174366598908,0.10289999842643738,0.40549999475479126,1.6497999429702759,-0.5,-0.5,0.5,-0.5,36.667049407958984,1.421151876449585,0.0
10.638,1.196195900006205,2.660880688810118,0.3384453824106215,5.0173154349503815,-0.10520623071738111,3.9018749962114194,-0.08053110621561643,0.11607752431964471,0.4137479867348066,1.6702518304741785,-0.006338639023376429,-0.0006737022347347985,-0.002424949553533884,-1.572118881163267,0.0010125743675741816,1.5650403287622403,0.10289999842643738,0.40549999475479126,1.6497999429702759,-0.5,-0.5,0.5,-0.5,36.49155807495117,1.4491376876831055,0.0
10.651,1.1943365842796423,2.664136348992394,0.339937989717197,5.01915133693728,-0.10545221126603987,3.9003060343728615,-0.07997692149123559,0.11610082828772131,0.412992342110809,1.6694474772870254,-0.0071928381001925565,-0.0005028566354737743,-0.0023263344513014092,-1.572138678937612,0.001006917044668043,1.565040316484271,0.10289999842643738,0.40549999475479126,1.6497999429702759,-0.5,-0.5,0.5,-0.5,36.30786895751953,1.4588143825531006,0.0
10.658,1.193350378547657,2.6658620983973202,0.340732112925588,5.020110376450932,-0.10560227718298254,3.8994600114149955,-0.0796772959272154,0.1161172810004907,0.4122456172063313,1.668646663651761,-0.007372057081086066,-0.0004240971147010121,-0.002288120112421524,-1.5721792925632418,0.001025306586017738,1.5650305874603112,0.10289999842643738,0.40549999475479126,1.6497999429702759,-0.5,-0.5,0.5,-0.5,36.27727508544922,1.4756759405136108,0.0
10.668,1.1919594274592535,2.668286280535207,0.34186459289562254,5.021439285905163,-0.10579772900274076,3.8982272610709794,-0.0792798188622843,0.11612761247561817,0.4115083299132476,1.6678484931363666,-0.008711138772692677,-0.00023472391597629386,-0.0022675773042453882,-1.5722374427559385,0.0010537573357884966,1.5650238188282266,0.10289999842643738,0.40549999475479126,1.6497999429702759,-0.5,-0.5,0.5,-0.5,35.9189338684082,1.4664279222488403,0.0
10.678,1.1905816799973126,2.6706725556071165,0.34300128368730665,5.022730471566747,-0.10597490095730766,3.896968437252675,-0.07889789330405517,0.11613180872320211,0.4107818422845648,1.6670589486240963,-0.00815582820335646,-0.0001506556393833971,-0.0022215392205492796,-1.5723003765102146,0.0010792877316330163,1.5650450357321777,0.10289999842643738,0.40549999475479126,1.6497999429702759,-0.5,-0.5,0.5,-0.5,35.847412109375,1.4756172895431519,0.0
10.688,1.1891797203358836,2.673074125105585,0.3441601954736475,5.024003323605612,-0.10616129659213325,3.8956891177171693,-0.07849378552852215,0.11613136986067264,0.41005984961371916,1.6662664807418701,-0.006745257884863147,0.00010970795852968427,-0.0018905028178636157,-1.5723507216262569,0.0011125748606382047,1.5650704554809423,0.10289999842643738,0.40549999475479126,1.6497999429702759,-0.5,-0.5,0.5,-0.5,36.12489700317383,1.5077542066574097,0.0
10.699,1.1876123482942367,2.6757403940400044,0.3454709390286803,5.025379746560536,-0.10633570568471651,3.894269451727218,-0.0780714556502442,0.11613198895149665,0.4093410115756231,1.6654655488556023,-0.005820491631361017,3.0220065485472648e-05,-0.00217840214815916,-1.5724017325657638,0.0011338050811975364,1.5650833076365027,0.10289999842643738,0.40549999475479126,1.6497999429702759,-0.5,-0.5,0.5,-0.5,36.57820129394531,1.558095932006836,0.0
10.708,1.1863682664709279,2.6779277624231925,0.3465413216951081,5.026487988643456,-0.10643889377968474,3.893105547909678,-0.07774625058105666,0.11612168744989439,0.4086259853094909,1.6646593405297283,-0.006038059394638252,-0.0003980728013783269,-0.0025037687868278698,-1.5724529249695727,0.0011498077408793606,1.5650723208378332,0.10289999842643738,0.40549999475479126,1.6497999429702759,-0.5,-0.5,0.5,-0.5,36.39948654174805,1.554510474205017,0.0
10.718,1.1850382047458057,2.680339679835112,0.34771867061933737,5.027703538182996,-0.10654011145796982,3.8917954750895545,-0.07737299656354324,0.1160946164176192,0.40791457590676033,1.6638567920196712,-0.007165745822246388,-0.0005028230933486012,-0.002803262365383426,-1.572493471809773,0.0011853563874115736,1.5650637049928555,0.10289999842643738,0.40549999475479126,1.6497999429702759,-0.5,-0.5,0.5,-0.5,36.60605239868164,1.5735955238342285,0.0
10.73,1.1834942208938264,2.683181014704876,0.3491398776061434,5.029149738282004,-0.10662219334853074,3.890205105855535,-0.07693773766242984,0.11604820856296623,0.4072054111408177,1.6630678269897787,-0.008623960309522213,-0.00036852811040497007,-0.0027748767622779403,-1.5725076215472518,0.0012538535314075006,1.5650850288088787,0.10289999842643738,0.40549999475479126,1.6497999429702759,-0.5,-0.5,0.5,-0.5,36.848567962646484,1.5937261581420898,0.0
10.739,1.1823364437144503,2.685268165542337,0.3502279834008055,5.03022988089756,-0.1066500696640249,3.8890162894845117,-0.07664421819688094,0.11598710609512733,0.40649871989334485,1.6622947195667515,-0.009244235270097562,0.0001026200440895556,-0.002317595072314381,-1.5725053917980065,0.001330627251558525,1.5651329827262968,0.10289999842643738,0.40549999475479126,1.6497999429702759,-0.5,-0.5,0.5,-0.5,36.89498519897461,1.5985864400863647,0.0
10.748,1.1811288984971364,2.6873533741991738,0.35135017468113006,5.031316893748536,-0.10668799855021849,3.8878224409892637,-0.07634199835332289,0.11592469168264115,0.40579238228559855,1.6615369374292697,-0.00782693118347047,0.0005718307790007231,-0.0018330762963924374,-1.5724970127428926,0.001402521546764568,1.5652022126491874,0.10289999842643738,0.40549999475479126,1.6497999429702759,-0.5,-0.5,0.5,-0.5,37.41285705566406,1.6305326223373413,0.0
10.758,1.1797299403757444,2.6896911460498982,0.3526284419411425,5.032524890304011,-0.10672983874189423,3.8864840131424385,-0.07599741768538237,0.11586876198503733,0.4050827755630357,1.6607835897369152,-0.007095953213557502,0.000999217717719219,-0.0015426796034126934,-1.5724790168543663,0.001459123231527748,1.5652785135515674,0.10289999842643738,0.40549999475479126,1.6497999429702759,-0.5,-0.5,0.5,-0.5,38.19305419921875,1.6814014911651611,0.0
10.768,1.178337027476453,2.6920174687858838,0.3538947949296354,5.033715677754679,-0.10673629787280614,3.8851551258635224,-0.07567517435429227,0.11581880546950975,0.40437682849278667,1.66003794851937,-0.006950941460939244,0.0009658229862295391,-0.0018268602802580774,-1.5724666621743397,0.0014808371495260708,1.565350907492456,0.10289999842643738,0.40549999475479126,1.6497999429702759,-0.5,-0.5,0.5,-0.5,38.6209716796875,1.7068032026290894,0.0
10.779,1.1768546786368832,2.694564407046177,0.35524696877222883,5.035004605972404,-0.1067315689478292,3.883715755249674,-0.0753096659198551,0.11576424482857468,0.40367627142611895,1.6593021570079214,-0.006421859804642953,0.0008221447151789121,-0.002032379954261223,-1.5724549031099266,0.0014886517521097709,1.5654120147298232,0.10289999842643738,0.40549999475479126,1.6497999429702759,-0.5,-0.5,0.5,-0.5,38.97832489013672,1.7164320945739746,0.0
10.788,1.175683146823883,2.6966271677196287,0.35631981073691144,5.036038746549937,-0.10673647519558216,3.8825615612141844,-0.07499689721876557,0.11570374554007697,0.40298222734669253,1.6585719447503011,-0.00696770819865509,0.0007190909666288014,-0.0022334267298194425,-1.5724430764209596,0.0015056151799344164,1.5654513067923999,0.10289999842643738,0.40549999475479126,1.6497999429702759,-0.5,-0.5,0.5,-0.5,39.26241683959961,1.7124216556549072,0.0
10.798,1.1744126881223282,2.6988761553716616,0.3574928753848132,5.037176295899867,-0.10672267280289027,3.8813090385497224,-0.07467967735829362,0.11563586168562348,0.40229553922641825,1.6578549878041196,-0.0073595519634280645,0.0008345750741959386,-0.0021615848184328708,-1.572442152420246,0.0015295440789344639,1.5654805774204756,0.10289999842643738,0.40549999475479126,1.6497999429702759,-0.5,-0.5,0.5,-0.5,39.4573974609375,1.71337890625,0.0
10.809,1.1729875977024085,2.7012968723605146,0.35879662926191713,5.038440821912931,-0.10666305023380662,3.8799717187838043,-0.07437859879296749,0.11556734490104065,0.40161152717433385,1.6571553035524373,-0.007906515646912794,0.0014701294407838557,-0.0015595564065127756,-1.5724496883759316,0.0015331010300747572,1.5655189030183387,0.10289999842643738,0.40549999475479126,1.6497999429702759,-0.5,-0.5,0.5,-0.5,39.97732925415039,1.7215464115142822,0.0
10.818999999999999,1.1716238818135851,2.703433126545094,0.36000704160942565,5.039598965073434,-0.10658171529202765,3.878781820667732,-0.07413025545114227,0.11551115006041446,0.4009267870892611,1.6564802612135672,-0.008842511855147889,0.002312779509137201,-0.0009900609108374368,-1.5724432808817637,0.0014849973294470686,1.5655813789415567,0.10289999842643738,0.40549999475479126,1.6497999429702759,-0.5,-0.5,0.5,-0.5,40.743343353271484,1.7392101287841797,0.0
10.829,1.1702033414347186,2.7055272042424106,0.3612351459494345,5.04076686114679,-0.10647493187537194,3.877598525118068,-0.07390480024549184,0.11547379706080567,0.40024476611645743,1.6558337360996809,-0.008191162904572188,0.0026452519440928277,-0.001030316435698075,-1.5724246276585554,0.0013807448692109148,1.5656826230164151,0.10289999842643738,0.40549999475479126,1.6497999429702759,-0.5,-0.5,0.5,-0.5,41.37981414794922,1.73341703414917,0.0
10.838,1.1689161301338755,2.7074196149653647,0.362335708787219,5.041841016589184,-0.10635038242909722,3.8765466679457665,-0.07371414710030333,0.11544639366389343,0.3995602282831031,1.6552089919240265,-0.006607438526534339,0.0025221108657923967,-0.001425963659953346,-1.5723997262879559,0.0012297780449213036,1.5658181724225169,0.10289999842643738,0.40549999475479126,1.6497999429702759,-0.5,-0.5,0.5,-0.5,41.94715881347656,1.7550275325775146,0.0
10.849,1.1674036515854533,2.7097529655821324,0.36364607825885553,5.043142394328648,-0.10617861016313412,3.875267093614325,-0.07347829070389267,0.11541625464715145,0.3988769435356851,1.6545925552570089,-0.005312872693921552,0.0018631211124541802,-0.0023653844999475078,-1.5723795183661762,0.001063489332223888,1.5659535194962841,0.10289999842643738,0.40549999475479126,1.6497999429702759,-0.5,-0.5,0.5,-0.5,42.21781539916992,1.7924712896347046,0.0
10.859,1.1661607422608045,2.711880448617568,0.36478362097853534,5.044286884636901,-0.10600934941002205,3.8740928082998645,-0.07326338370499652,0.11535906494306629,0.3981380951300002,1.653918634396,-0.004984356467609728,0.0008084767124940974,-0.0036085659754765227,-1.5723644538608488,0.0009187835671475852,1.566085806968303,0.10289999842643738,0.40549999475479126,1.6497999429702759,-0.5,-0.5,0.5,-0.5,42.83274459838867,1.8364462852478027,0.0
10.869,1.165029763363152,2.7139933172214983,0.3658907828511113,5.0454025835695,-0.10583345238413244,3.87290981828012,-0.073081263718203,0.11526823225934515,0.3974780437999543,1.653316366721073,-0.005674937977505674,0.0005595425619596302,-0.0036596547718172607,-1.5723744387202487,0.0008677535187562313,1.5661976833382663,0.10289999842643738,0.40549999475479126,1.6497999429702759,-0.5,-0.5,0.5,-0.5,43.496707916259766,1.852286458015442,0.0
10.879,1.163935263117458,2.716041946780382,0.3669984287480199,5.046502348251355,-0.10566735816479778,3.871746938286072,-0.0729496199651658,0.11516811106894656,0.39689065420806025,1.652793137975292,-0.00740201789357857,0.0008176340156651053,-0.0033050886275452196,-1.572418770179882,0.0008657014498032467,1.5663035928539129,0.10289999842643738,0.40549999475479126,1.6497999429702759,-0.5,-0.5,0.5,-0.5,43.78913879394531,1.8159780502319336,0.0
10.889,1.1628143971316947,2.718021908217776,0.368122884264972,5.047603663231378,-0.10550523769800702,3.870615142027124,-0.07284996719446557,0.11504825302063933,0.3962447200183873,1.6522400874854093,-0.0077556134592615565,0.0016819820399970454,-0.002270203135863348,-1.5724940061715948,0.0008892780347178331,1.566436951928203,0.10289999842643738,0.40549999475479126,1.6497999429702759,-0.5,-0.5,0.5,-0.5,43.89724349975586,1.7718372344970703,0.0
10.899000000000001,1.1616236950149572,2.71998587981808,0.36927486731437487,5.048710023437133,-0.10529805583740082,3.869501204973001,-0.07277407827143101,0.114940420475155,0.39559921498027406,1.6517127439584691,-0.006757719846528781,0.002294968895433693,-0.0017102907339237262,-1.5725642256194994,0.0008711298030412706,1.5665903976867894,0.10289999842643738,0.40549999475479126,1.6497999429702759,-0.5,-0.5,0.5,-0.5,44.721492767333984,1.810536503791809,0.0
10.909,1.1604049566310168,2.721939493192557,0.37041816465256083,5.049798900121048,-0.10503838336837745,3.8684142043529155,-0.07270077044830359,0.11484751946297223,0.3949572886230813,1.6511984867721665,-0.006419153829317811,0.002747635698503863,-0.0014351353820589608,-1.572612547380839,0.0007787974243020912,1.5667296484086202,0.10289999842643738,0.40549999475479126,1.6497999429702759,-0.5,-0.5,0.5,-0.5,45.402000427246094,1.850015640258789,0.0
10.919,1.159239034383437,2.7238540577338535,0.37151517395617883,5.0508593883608315,-0.10476336338118131,3.8673682015094952,-0.07260116002092065,0.11476475167893985,0.39432470153269555,1.6506982299446376,-0.006718296066225338,0.002272796671266699,-0.0022415732342943094,-1.5726310664013072,0.0006354226341525049,1.5668459987632937,0.10289999842643738,0.40549999475479126,1.6497999429702759,-0.5,-0.5,0.5,-0.5,45.46195602416992,1.812713861465454,0.0
10.928,1.1582546595345926,2.7255442614602066,0.37247963648650995,5.05178903085327,-0.10449862543385535,3.8664492145686014,-0.07251254605311708,0.11466573841613471,0.39370483365754444,1.650213780451011,-0.0066877969257694535,0.0021020733197934225,-0.0023785517143509634,-1.5726240900306803,0.0005193388917295039,1.5669398353857125,0.10289999842643738,0.40549999475479126,1.6497999429702759,-0.5,-0.5,0.5,-0.5,45.73349380493164,1.832175850868225,0.0
10.938,1.1571700315282145,2.7273973150957174,0.3735726203486438,5.05281985278763,-0.10419530844431968,3.8654464921947964,-0.07242971615272165,0.11454348701483696,0.3930331290320164,1.6496999555083849,-0.006109016497590663,0.0018787925122169917,-0.0025297871531978064,-1.5726047376268206,0.00041073707285832484,1.5670405516488426,0.10289999842643738,0.40549999475479126,1.6497999429702759,-0.5,-0.5,0.5,-0.5,46.22064208984375,1.8326456546783447,0.0
10.948,1.1560643544321278,2.729205212581129,0.37468455474097784,5.0538642276379635,-0.10393312972777302,3.8644543624089236,-0.07232639204953273,0.11443556756577412,0.39248625057455844,1.6492970746204625,-0.006866585822663138,0.0023878596682810316,-0.0019211678790335826,-1.5725799857730942,0.0003532068568405933,1.5671401025773493,0.10289999842643738,0.40549999475479126,1.6497999429702759,-0.5,-0.5,0.5,-0.5,46.607810974121094,1.7899895906448364,0.0
10.958,1.154927080670773,2.730956905663837,0.3758103491942393,5.0548980717996495,-0.10369529036804348,3.863446920576769,-0.07221850718247502,0.11432309289465403,0.3918836890719159,1.6488772063324981,-0.006614952895053769,0.002533374251555301,-0.0019248071487573438,-1.5725448119183159,0.0002940781500972989,1.5673109909712588,0.10289999842643738,0.40549999475479126,1.6497999429702759,-0.5,-0.5,0.5,-0.5,47.18975830078125,1.7862180471420288,0.0
10.968,1.1537920582042718,2.732700627153714,0.37694714585993516,5.055903773052059,-0.10345050726393001,3.8624453279288735,-0.07212584324061311,0.11421007220363548,0.3912917322153748,1.648467958930011,-0.004676247409715762,0.002369653159103605,-0.0021572856292530556,-1.5725103571830807,0.00023459478100384956,1.567494513896153,0.10289999842643738,0.40549999475479126,1.6497999429702759,-0.5,-0.5,0.5,-0.5,47.70320129394531,1.8398995399475098,0.0
10.978,1.152652759524,2.7344684785568107,0.3781013356740246,5.056881885108247,-0.1032333909207992,3.861467771750129,-0.072022200473012,0.11409090713576392,0.3907105743110566,1.6480502971406503,-0.0026325445778775138,0.00224941535213963,-0.0022494596245001583,-1.5724910015620042,0.00018913223056227224,1.5676309866779454,0.10289999842643738,0.40549999475479126,1.6497999429702759,-0.5,-0.5,0.5,-0.5,48.95777130126953,1.918451189994812,0.0
10.988,1.1515085815179829,2.7362240861784413,0.37926549748674,5.057825247696983,-0.10304173201094535,3.8605215584489843,-0.07192097890054505,0.11396715245813437,0.390139707950363,1.6476226849203204,-0.0028064994116596543,0.002439425434539016,-0.0021292137616961966,-1.572491510004218,0.000169587452694131,1.567713584936714,0.10289999842643738,0.40549999475479126,1.6497999429702759,-0.5,-0.5,0.5,-0.5,49.334842681884766,1.8978585004806519,0.0
10.998,1.150348335361028,2.7379254205201304,0.38043649809879554,5.058719625939814,-0.1028224223015739,3.859578201945715,-0.07187102229289533,0.11384599728997222,0.38958328037292145,1.6471961684212406,-0.003451938493654378,0.0029599305922863514,-0.0016622051934616349,-1.5725105302740543,0.00013665364326209684,1.5677697507965087,0.10289999842643738,0.40549999475479126,1.6497999429702759,-0.5,-0.5,0.5,-0.5,49.247196197509766,1.8237676620483398,0.0
11.008,1.1491639964233853,2.739571673083634,0.38160905550154034,5.059573191432509,-0.10259523959050831,3.8586020799117025,-0.07183722529764491,0.11373675642135225,0.3890394679556331,1.646774839501538,-0.004820560427940577,0.0033524987946659955,-0.0015840705336455563,-1.5725367436664697,6.358296792985385e-05,1.5678495832441322,0.10289999842643738,0.40549999475479126,1.6497999429702759,-0.5,-0.5,0.5,-0.5,49.65953063964844,1.7877877950668335,0.0
11.018,1.1479985728647302,2.7411501315551883,0.38276285911913455,5.060402092132728,-0.10238310316893262,3.8576242293177136,-0.07180813365494032,0.11363233744070252,0.38850507983857796,1.6463676263641165,-0.006132712169847832,0.003402927604895881,-0.0019016539848754478,-1.5725565118387457,-1.2692393855040507e-05,1.567964371968272,0.10289999842643738,0.40549999475479126,1.6497999429702759,-0.5,-0.5,0.5,-0.5,49.757850646972656,1.7707939147949219,0.0
11.028,1.1468951175682554,2.7426609594494886,0.3838899157575346,5.061199369119079,-0.10215552276955808,3.856655351539005,-0.07182364655256368,0.11352180970069194,0.38798200453341497,1.6459742938911284,-0.0072603684317032865,0.0031419328356935123,-0.0024194258241842367,-1.57259469987083,-7.495451091088512e-05,1.5680965812723702,0.10289999842643738,0.40549999475479126,1.6497999429702759,-0.5,-0.5,0.5,-0.5,49.68096923828125,1.77058744430542,0.0
11.039,1.1457488920781502,2.7442417918614224,0.3851189764708609,5.062047958898808,-0.10190934534848672,3.855595064205658,-0.07183171126844812,0.11338290913725459,0.38742265695866807,1.6455599473361637,-0.008258533470660925,0.0029928765522917265,-0.00270838727840879,-1.572632928439325,-0.0001047661488327023,1.5682653710676293,0.10289999842643738,0.40549999475479126,1.6497999429702759,-0.5,-0.5,0.5,-0.5,49.997196197509766,1.774657964706421,0.0
11.049,1.1447214137419843,2.7456294109054715,0.3862655388633929,5.062822340989835,-0.10171127375971611,3.8546480011914133,-0.07178928394774786,0.11325485548427117,0.38697389894916534,1.6452410283299537,-0.0071657934209996684,0.0028389670389745276,-0.0027646464158154857,-1.5726111741140303,-7.713825728616897e-05,1.568433206392582,0.10289999842643738,0.40549999475479126,1.6497999429702759,-0.5,-0.5,0.5,-0.5,50.601688385009766,1.7894026041030884,0.0
11.059,1.1436505331038243,2.747032080461108,0.38747630000346334,5.0636047592319855,-0.1014921367727668,3.853717135425426,-0.07176235467649317,0.11310115277827511,0.3864802255615219,1.6448961741775348,-0.004107459080109373,0.002926872888079461,-0.002335717433962537,-1.572552927300944,-1.510243733715555e-05,1.56862742711333,0.10289999842643738,0.40549999475479126,1.6497999429702759,-0.5,-0.5,0.5,-0.5,50.93779754638672,1.7999643087387085,0.0
11.069,1.142531950901609,2.7484732702730694,0.3887249587033308,5.064362029308233,-0.1012665064261773,3.8527775611508437,-0.07175686494897793,0.11294801403806475,0.385992863269747,1.6445431784632611,-0.0018832841367973597,0.002987190586745318,-0.002065753777542148,-1.572500929009406,3.0047612750827568e-05,1.5687987928568279,0.10289999842643738,0.40549999475479126,1.6497999429702759,-0.5,-0.5,0.5,-0.5,51.82470703125,1.851843237876892,0.0
11.079,1.141414624978224,2.749907255215825,0.3899411000315105,5.065054102065439,-0.10107380512216313,3.8518199219485245,-0.07175821597268417,0.11279965744226113,0.38551970441170913,1.6441790051777303,-0.0018008790558754287,0.003396417267302575,-0.0016150644143573681,-1.5724889163994764,6.954680341664243e-05,1.5689426116684162,0.10289999842643738,0.40549999475479126,1.6497999429702759,-0.5,-0.5,0.5,-0.5,52.404842376708984,1.8418816328048706,0.0
11.089,1.1403144438763926,2.7512943442191533,0.3911120676695585,5.065672971103659,-0.10087027016805372,3.850851216340538,-0.07182135018527624,0.11266382327676817,0.38506684925030443,1.643811518417902,-0.00249619897631767,0.0036578372307281295,-0.0015144644954201234,-1.5725360614900719,8.023729048245443e-05,1.5690665173082317,0.10289999842643738,0.40549999475479126,1.6497999429702759,-0.5,-0.5,0.5,-0.5,52.37431335449219,1.7970272302627563,0.0
11.099,1.139266902142979,2.752648600164588,0.3922199833156421,5.0662483335422985,-0.10066087301087201,3.849895922887881,-0.07191113170047991,0.11253585231372862,0.3846305753519807,1.6434456920837228,-0.002672939723279118,0.003539932955094181,-0.0017561110516690962,-1.572635333603364,5.7828476807131324e-05,1.5691784556448862,0.10289999842643738,0.40549999475479126,1.6497999429702759,-0.5,-0.5,0.5,-0.5,52.48011779785156,1.7599375247955322,0.0
11.109,1.13832387299352,2.753992560579758,0.3932529838405845,5.066801397862772,-0.1004682712157079,3.8489689873423965,-0.07196854555670562,0.11238940116533572,0.38416252441616333,1.6430417153162649,-0.0029921257344429912,0.002827480345779072,-0.0026141810099244316,-1.5727638436855134,4.418754118384882e-05,1.5692664484871575,0.10289999842643738,0.40549999475479126,1.6497999429702759,-0.5,-0.5,0.5,-0.5,52.36381530761719,1.752144694328308,0.0
11.119,1.1374681674826794,2.755309176146299,0.39423781545964154,5.067330805741822,-0.100248013279443,3.848061031892427,-0.07204161753056404,0.11224973733537674,0.3837873978123079,1.6427122812955834,-0.004256835002728524,0.0029495536378834715,-0.0022728481822310857,-1.5728647656255217,7.432405750584792e-05,1.569315642673277,0.10289999842643738,0.40549999475479126,1.6497999429702759,-0.5,-0.5,0.5,-0.5,52.49009323120117,1.7217707633972168,0.0
11.129,1.1366165457822612,2.7565743377933325,0.3952023270164515,5.0678362344330345,-0.10000961405155451,3.847170127026186,-0.0721362882669414,0.11209429370755257,0.3833795793406859,1.6423583486930353,-0.0049863138923646804,0.003396468757408236,-0.001729330266626963,-1.5729827767629563,8.737865654051546e-05,1.5693658474077474,0.10289999842643738,0.40549999475479126,1.6497999429702759,-0.5,-0.5,0.5,-0.5,52.58062744140625,1.6925960779190063,0.0
11.138,1.1358293005720208,2.757679543985124,0.3960606551860213,5.06826880146903,-0.09982485343453362,3.846375873494442,-0.07218233336841884,0.11194849106120003,0.38298043037295904,1.642016979106155,-0.005089445648582723,0.003796767325366496,-0.0013872034120273348,-1.5730875257001307,8.569433850080799e-05,1.5694175987972268,0.10289999842643738,0.40549999475479126,1.6497999429702759,-0.5,-0.5,0.5,-0.5,52.91282272338867,1.688955307006836,0.0
11.148,1.1349506452869127,2.758867490118477,0.397010644299411,5.0687191503679,-0.0995946388737643,3.8455089543743606,-0.07224128129500151,0.11181297484336915,0.3825923584962832,1.64168455495431,-0.005279485054180446,0.003880488956584138,-0.0015519757069868557,-1.573169166684805,6.0619979726617146e-05,1.5694605266116433,0.10289999842643738,0.40549999475479126,1.6497999429702759,-0.5,-0.5,0.5,-0.5,53.140594482421875,1.6803256273269653,0.0
11.16,1.1339380199714126,2.760249026005792,0.398138203062838,5.0692299419143145,-0.09928413018975402,3.8444883840584625,-0.07232296420083806,0.1116764228198284,0.38221740437037505,1.6413623916985094,-0.004429604555028916,0.0036439147188289077,-0.0018902902798988224,-1.5732282946546547,1.7773323456538037e-05,1.5695017572512167,0.10289999842643738,0.40549999475479126,1.6497999429702759,-0.5,-0.5,0.5,-0.5,53.296844482421875,1.6743136644363403,0.0
11.169,1.1332034912332256,2.761263654457797,0.3989757572244317,5.069599925539589,-0.09907990948721412,3.8437398860757144,-0.07235705700251849,0.11151822902022841,0.3818171405126857,1.6410162519891696,-0.003935759947536398,0.0034969398273770064,-0.0020205352286426395,-1.5732745796009033,-3.816782510490668e-06,1.5695442120374568,0.10289999842643738,0.40549999475479126,1.6497999429702759,-0.5,-0.5,0.5,-0.5,53.58805465698242,1.6931049823760986,0.0
11.179,1.1323909428168468,2.7623650868340652,0.39991258248409434,5.069999660044883,-0.09886093292228448,3.84293242925179,-0.07241831573616153,0.11138332236316975,0.3814993885051043,1.640740164328737,-0.0030332513297620127,0.003526871401860721,-0.001862011691946319,-1.573313857251943,5.394108423928401e-06,1.5695749952767806,0.10289999842643738,0.40549999475479126,1.6497999429702759,-0.5,-0.5,0.5,-0.5,53.88568878173828,1.6737548112869263,0.0
11.189,1.1315391305333167,2.7634421142606493,0.40087150384345804,5.07039250376883,-0.09863498478217991,3.8421466111267284,-0.07252910255343181,0.11123509636114096,0.3811552678092382,1.640438316201547,-0.002322926796471473,0.003971738276515384,-0.0012779670501265397,-1.5733880342150224,8.986851170345034e-06,1.569602723888786,0.10289999842643738,0.40549999475479126,1.6497999429702759,-0.5,-0.5,0.5,-0.5,54.27968215942383,1.672049641609192,0.0
11.199,1.1306510928670894,2.7644751015190545,0.4018260222662082,5.070771587677602,-0.09843276467566131,3.841361294279346,-0.07262562648213944,0.11110146073760785,0.38081870451438354,1.6401456973893174,-0.003035605408284484,0.004306562912611208,-0.0011442746296869985,-1.573478542833656,-1.6842021602236912e-05,1.5696429217165346,0.10289999842643738,0.40549999475479126,1.6497999429702759,-0.5,-0.5,0.5,-0.5,54.367889404296875,1.6362426280975342,0.0
11.209,1.1297907986640547,2.7654507963247754,0.4027425144525303,5.071140666789096,-0.09821854276353204,3.840578034664275,-0.07272272039453753,0.11097789378584345,0.38049305355095275,1.639870955564063,-0.003347421901914261,0.004280801914172484,-0.001382958217931635,-1.5735479227725577,-5.7757386449530657e-05,1.569718289939892,0.10289999842643738,0.40549999475479126,1.6497999429702759,-0.5,-0.5,0.5,-0.5,54.5040168762207,1.6149253845214844,0.0
11.218,1.129052774466257,2.7663055291703236,0.40354421484824954,5.071474020175033,-0.09798959685436337,3.8398743342050983,-0.07283945466649122,0.11084221596397936,0.3801435707128935,1.6395880438290846,-0.002761648314997499,0.004026031632795612,-0.001708198118990463,-1.5736184966177438,-0.00012406830431066496,1.5698477889148614,0.10289999842643738,0.40549999475479126,1.6497999429702759,-0.5,-0.5,0.5,-0.5,54.6849250793457,1.6051238775253296,0.0
11.228,1.128276224796969,2.767235656910368,0.4044059588562883,5.0718324835240916,-0.09774292080424107,3.8390933284004847,-0.07294965592170932,0.11072587498061483,0.3798652847438802,1.6393637989486034,-0.002628472032740722,0.0038422448810314994,-0.0018584354319378213,-1.5736703211624883,-0.000172000817297846,1.5699715339970706,0.10289999842643738,0.40549999475479126,1.6497999429702759,-0.5,-0.5,0.5,-0.5,54.74522018432617,1.617478609085083,0.0
11.239,1.127486685330429,2.7682253341183207,0.4053150077940231,5.072201204488337,-0.09748702939835585,3.8382458835667963,-0.07304599444677962,0.1105908355563015,0.3795673714374443,1.6391228048102418,-0.00203157171017724,0.0034741614321419094,-0.0021883539831793566,-1.5737098900150872,-0.00020118432059978986,1.5701181051832973,0.10289999842643738,0.40549999475479126,1.6497999429702759,-0.5,-0.5,0.5,-0.5,54.77547836303711,1.6207561492919922,0.0
11.248,1.1268975537000658,2.7690180658219594,0.40604267843742115,5.072474151711679,-0.09725833003445139,3.837572059014412,-0.07315638038954475,0.1104434945158755,0.3792829043648718,1.638883790416797,-0.0014260747579069063,0.0031223770501963293,-0.0024515342662037656,-1.5737536737777373,-0.00020366592643483727,1.5702531870820478,0.10289999842643738,0.40549999475479126,1.6497999429702759,-0.5,-0.5,0.5,-0.5,54.78350067138672,1.6087744235992432,0.0
11.259,1.1261905030045467,2.769960592257571,0.4069369580165745,5.07275407725571,-0.09699678766456366,3.8367887682408996,-0.07330700459829842,0.11028336283119947,0.3790143335927278,1.638640841465221,-0.0007689139332761209,0.003523191397783422,-0.0017981953508931507,-1.5738200962910187,-0.00018225528420234838,1.570343255816985,0.10289999842643738,0.40549999475479126,1.6497999429702759,-0.5,-0.5,0.5,-0.5,55.04024124145508,1.6145949363708496,0.0
11.269,1.1254679563000556,2.770794796631317,0.40778993585214796,5.072954074062146,-0.09680798004472102,3.8361071774783975,-0.07342054142620569,0.11013228372606534,0.3787626883890486,1.6383907015478822,-6.819874817210284e-05,0.004106039812990485,-0.00115371007720405,-1.5738962216509393,-0.0001554592893313611,1.5703675476456798,0.10289999842643738,0.40549999475479126,1.6497999429702759,-0.5,-0.5,0.5,-0.5,55.16193771362305,1.6066701412200928,0.0
11.278,1.124793485913142,2.7715002528499584,0.40856270106559656,5.073096058869585,-0.09661082032172263,3.8355242434936665,-0.07354184463087243,0.10999780975626958,0.37852348276589204,1.6381380532802856,-0.0018794160273000792,0.004456596497868201,-0.0010988591298839725,-1.5739660394957564,-0.00016523644990895647,1.5703414777400384,0.10289999842643738,0.40549999475479126,1.6497999429702759,-0.5,-0.5,0.5,-0.5,54.804866790771484,1.5641765594482422,0.0
11.289,1.1240195354314357,2.772262535500716,0.40947290388782687,5.073223884824704,-0.09632158288587966,3.8348641241214887,-0.07370584480308473,0.1098713566452941,0.3783017275292988,1.6379003720280805,-0.0030777190366199775,0.004408567064626035,-0.0014465715394225771,-1.5739996490418542,-0.0002169760045620528,1.5702935486243896,0.10289999842643738,0.40549999475479126,1.6497999429702759,-0.5,-0.5,0.5,-0.5,53.8944091796875,1.4831833839416504,0.0
11.299,1.1233046687994923,2.7729157366194874,0.4103276978080528,5.073327582213129,-0.0960490756130028,3.834301369735157,-0.07385199038780321,0.10974209471992631,0.37809257497184384,1.6376726237225545,-0.002440938138516388,0.004506214187404601,-0.001262476377335422,-1.5739923438718084,-0.00026501550789514994,1.5702282115107482,0.10289999842643738,0.40549999475479126,1.6497999429702759,-0.5,-0.5,0.5,-0.5,53.98209762573242,1.4817272424697876,0.0
11.309,1.122558179081703,2.7735392424673906,0.4112333563683279,5.073439804000564,-0.09574970308833652,3.8337808421799027,-0.0740443361661729,0.109615838798166,0.3778888652024721,1.6374507395018916,-0.0024983100511805686,0.004226592197191083,-0.00160669543294697,-1.5739661551498574,-0.0003219422933318228,1.5701466190287305,0.10289999842643738,0.40549999475479126,1.6497999429702759,-0.5,-0.5,0.5,-0.5,53.73378372192383,1.445003628730774,0.0
11.319,1.1218051141043057,2.774140299137861,0.4121682943060607,5.073561491628311,-0.09544151685544033,3.8332861211608718,-0.07427777226573262,0.10948332552538002,0.37769157151478505,1.6372411015509958,-0.0012550125712972554,0.004091756854370914,-0.001507358660657782,-1.5739470862014262,-0.0003669672743411567,1.57006421421974,0.10289999842643738,0.40549999475479126,1.6497999429702759,-0.5,-0.5,0.5,-0.5,53.52672576904297,1.4256646633148193,0.0
11.328,1.1210852950511425,2.774668293359791,0.41304310487831764,5.07367247563292,-0.09517967990246134,3.832842463979307,-0.07449350828128054,0.10935167451171503,0.3774988808289216,1.6370373629154185,-0.0009236904421060232,0.0042751203201987316,-0.0011879577955425619,-1.5739399932427047,-0.00040351341522626427,1.5699920757311527,0.10289999842643738,0.40549999475479126,1.6497999429702759,-0.5,-0.5,0.5,-0.5,53.48664474487305,1.4018371105194092,0.0
11.339,1.1201618635302344,2.775247985064909,0.4141353568397852,5.073784294202435,-0.09485097887672822,3.832309913836183,-0.07477480239769996,0.1092299496983559,0.3773159757840868,1.636843606430861,-0.001487295246664201,0.004652581118835748,-0.0008680571959548113,-1.5739221626850137,-0.0004522914512374854,1.5699403712952815,0.10289999842643738,0.40549999475479126,1.6497999429702759,-0.5,-0.5,0.5,-0.5,53.270164489746094,1.3752802610397339,0.0
11.349,1.1193023532004611,2.775697754812845,0.4151289084572909,5.0738600565885825,-0.09453107365669311,3.831845644047445,-0.07505234023395246,0.10912142778536131,0.3771471433390229,1.6366642648300609,-0.0020058331799201446,0.004913145426054118,-0.0007292695691999144,-1.5738836134523315,-0.0005354893915079373,1.5699046778159862,0.10289999842643738,0.40549999475479126,1.6497999429702759,-0.5,-0.5,0.5,-0.5,52.934383392333984,1.343347430229187,0.0
11.36,1.1183832958996893,2.776119649223989,0.4161881489292485,5.073934922802568,-0.09418935880108847,3.8313681652826395,-0.07534677312999705,0.10902385628558758,0.37699105129186894,1.636501352060673,-0.002256624238321115,0.0047361900114442365,-0.0010963310797455904,-1.573822638999223,-0.0006411058879769449,1.5698912516758086,0.10289999842643738,0.40549999475479126,1.6497999429702759,-0.5,-0.5,0.5,-0.5,52.661800384521484,1.3290960788726807,0.0
11.369,1.1176622179918185,2.776434672152411,0.41703765758021394,5.073995779795884,-0.09391232467180188,3.8310018080613526,-0.07559585859991813,0.10892546258821093,0.3768450429265324,1.6363550173401573,-0.0012190824868651476,0.0044713877297129735,-0.0013179942489414886,-1.5737499004706528,-0.0007351470167238361,1.5698952460390554,0.10289999842643738,0.40549999475479126,1.6497999429702759,-0.5,-0.5,0.5,-0.5,52.14948272705078,1.312387228012085,0.0
11.379,1.1168783495496681,2.7767739757344403,0.4179904647932471,5.074055755867977,-0.09359582751741513,3.8306118451245803,-0.07590141486417323,0.108822705454324,0.3767083117779849,1.6362148496128184,-0.0002974023678116564,0.004123071261216863,-0.0016107604529951552,-1.573687823262931,-0.0008179278621525121,1.569901221642749,0.10289999842643738,0.40549999475479126,1.6497999429702759,-0.5,-0.5,0.5,-0.5,52.16859817504883,1.3172461986541748,0.0
11.389,1.1161056888191387,2.777081798684459,0.4189511415778293,5.074095740911602,-0.09329900716436956,3.8302407084506607,-0.07620964998308288,0.10871232966651866,0.3765829015564901,1.6360792303670921,-3.3144282199643915e-05,0.004150563158000624,-0.001437217080699057,-1.5736334428138472,-0.0008750973125670747,1.5698989324893453,0.10289999842643738,0.40549999475479126,1.6497999429702759,-0.5,-0.5,0.5,-0.5,51.94512939453125,1.2873618602752686,0.0
11.399000000000001,1.1153018402210924,2.7773396327493183,0.4199348712206392,5.074105233921171,-0.0930172197021113,3.8298790103343867,-0.07652386480219242,0.1085929674413258,0.37646082395693653,1.6359379473695947,-1.8778829605983976e-05,0.004531756694448133,-0.0009666269901778502,-1.5735700005099693,-0.0009198461020663018,1.5698940092701574,0.10289999842643738,0.40549999475479126,1.6497999429702759,-0.5,-0.5,0.5,-0.5,51.65087127685547,1.2543507814407349,0.0
11.409,1.1144564790371918,2.777555070623138,0.420943312380059,5.074079923701084,-0.09272260510308783,3.8295132045920353,-0.07686936378603271,0.1084964456542478,0.3763645732755959,1.6358165223707173,0.0002512844912216901,0.0047457955877175185,-0.0007593745937506592,-1.5735053832382586,-0.0009837564916903574,1.569895473822425,0.10289999842643738,0.40549999475479126,1.6497999429702759,-0.5,-0.5,0.5,-0.5,51.325775146484375,1.2311047315597534,0.0
11.418,1.1137206810739473,2.777710527226078,0.4218333571974595,5.0740311802544165,-0.09246938762443868,3.8291864010989096,-0.07718642936946019,0.10841618042511289,0.37628936234429544,1.635711330316074,-0.00048436102249783735,0.004440065277614617,-0.0012483144451264484,-1.5734545430888391,-0.0010530668417256805,1.5699014281876815,0.10289999842643738,0.40549999475479126,1.6497999429702759,-0.5,-0.5,0.5,-0.5,50.71809387207031,1.2030962705612183,0.0
11.428,1.1129937081200003,2.777815791519319,0.4227712091899667,5.073952848536433,-0.09222523688606721,3.828826893741476,-0.0775394771935165,0.10831625477257116,0.37621966246429644,1.635608182077307,-0.0019606131408942845,0.004088902816751712,-0.001599679389346151,-1.5734029596640378,-0.0010816767183507991,1.5699244040449336,0.10289999842643738,0.40549999475479126,1.6497999429702759,-0.5,-0.5,0.5,-0.5,50.50046920776367,1.201326847076416,0.0
11.438,1.1123147994781197,2.7778521390147644,0.4236907752664676,5.073853339615607,-0.09200974102040771,3.828474082980109,-0.07793382361805712,0.10820435204250958,0.3761639585037574,1.6355266781503788,-0.002224919636690178,0.0040317607102765655,-0.0014443000519674903,-1.5733841913731133,-0.0010541593406658833,1.5699836713641993,0.10289999842643738,0.40549999475479126,1.6497999429702759,-0.5,-0.5,0.5,-0.5,49.596702575683594,1.1405755281448364,0.0
11.448,1.1115922007507058,2.777841129826144,0.42464708102336957,5.073746270009512,-0.09181678068627974,3.8281610228645446,-0.07835046817070612,0.10809193077225378,0.37612040438464645,1.6354585625515365,-0.0015081100816951567,0.004406377795606661,-0.0007563844741697824,-1.5733943344543413,-0.0010030753267837866,1.5700464162828396,0.10289999842643738,0.40549999475479126,1.6497999429702759,-0.5,-0.5,0.5,-0.5,49.01946258544922,1.107191801071167,0.0
11.458,1.1108242677278275,2.777821554092239,0.4256337704787292,5.073648013777183,-0.09163685783725217,3.8279007449510116,-0.07874404302643967,0.1079906598558807,0.37608405372855014,1.6354002847572897,0.00031819068755643777,0.0041578120768750336,-0.0008416928752297457,-1.5733842492697943,-0.0009641312160515447,1.5700872540400734,0.10289999842643738,0.40549999475479126,1.6497999429702759,-0.5,-0.5,0.5,-0.5,49.09783172607422,1.1201536655426025,0.0
11.468,1.1100738899841316,2.7777857108134425,0.4266101062773,5.0735458584834925,-0.09142695055659988,3.8276933087280094,-0.07915147937765177,0.10788945240775008,0.3760539306676238,1.6353457599837766,0.00031201266681197035,0.004146678774215008,-0.0007124084981620784,-1.5733541589412325,-0.0009301075579744023,1.570095218443231,0.10289999842643738,0.40549999475479126,1.6497999429702759,-0.5,-0.5,0.5,-0.5,48.63425827026367,1.0911387205123901,0.0
11.478,1.10934770324591,2.777687871275364,0.4275584410130593,5.07343072972269,-0.09118828151816771,3.827535151081574,-0.07958345973324477,0.10779342452318637,0.3760374535609686,1.635302952790657,-1.6568333163965154e-05,0.0042040966632296405,-0.0005459775023682756,-1.5733121222176252,-0.000924717965917754,1.5700871519563828,0.10289999842643738,0.40549999475479126,1.6497999429702759,-0.5,-0.5,0.5,-0.5,47.74964141845703,1.01321542263031,0.0
11.489,1.108543287835034,2.777527897728503,0.4285883048264969,5.0733009258403845,-0.0909316496968664,3.8273832887658736,-0.08005035082094736,0.1076961172991083,0.3760303091081039,1.6352739472574351,0.00040223146214089854,0.004335574618989347,-0.0002756521346209982,-1.5732418859456287,-0.0009321228539675985,1.5700946687445467,0.10289999842643738,0.40549999475479126,1.6497999429702759,-0.5,-0.5,0.5,-0.5,47.380409240722656,0.9914342164993286,0.0
11.498,1.1078700566129465,2.7773698426096383,0.42943828899147984,5.073181914947141,-0.09069187344949814,3.827261747198583,-0.08046997219892482,0.10762542285614372,0.3760331124080989,1.6352576483959727,0.0008313037687512865,0.00429907018507702,-0.0002691204068701496,-1.5731777191465786,-0.0009595734708804926,1.570120043839673,0.10289999842643738,0.40549999475479126,1.6497999429702759,-0.5,-0.5,0.5,-0.5,46.99172592163086,0.9757516384124756,0.0
11.508,1.107136895692535,2.777184831143006,0.43037475763809496,5.0730408338866875,-0.09039102074992744,3.827139901985759,-0.08097788202331557,0.10755203073958756,0.3760462156829186,1.635242763218183,0.002033642580272749,0.003942252511460433,-0.000508738664710575,-1.5731164118071304,-0.0010193883743863097,1.5701499455701884,0.10289999842643738,0.40549999475479126,1.6497999429702759,-0.5,-0.5,0.5,-0.5,46.61588668823242,0.9710710644721985,0.0
11.518,1.1064423261928686,2.776994819012688,0.43129498600926386,5.072880726232868,-0.09010253281576386,3.8270150597489083,-0.08146777941053962,0.10747561444966268,0.3760675092841875,1.6352265229101657,0.002228097560696541,0.0035260867471118783,-0.0008639876381174773,-1.5730586802850697,-0.0010717984578736406,1.5701765877012803,0.10289999842643738,0.40549999475479126,1.6497999429702759,-0.5,-0.5,0.5,-0.5,46.19529342651367,0.9347854256629944,0.0
11.528,1.10578938976714,2.776772219845623,0.43221200333599796,5.07268651300505,-0.0898173005797327,3.826877958122144,-0.08195419597326925,0.1073898059363836,0.3761026295735622,1.6352107411856838,0.001888304608525408,0.003268682449447197,-0.0009930153432646711,-1.5729813780084316,-0.0010849953073805985,1.5702047617773807,0.10289999842643738,0.40549999475479126,1.6497999429702759,-0.5,-0.5,0.5,-0.5,45.67142868041992,0.8950132727622986,0.0
11.538,1.1051365902027053,2.776504837043661,0.43315213664723995,5.072473418503798,-0.08950227822218793,3.8267292789365532,-0.08249889734168114,0.10729769376447232,0.3761492904653361,1.6352017720745642,0.0013373614452602566,0.00343890916054537,-0.0006381061082194674,-1.5729021353270791,-0.0010824767254407064,1.5702497684536534,0.10289999842643738,0.40549999475479126,1.6497999429702759,-0.5,-0.5,0.5,-0.5,45.07235336303711,0.8631564378738403,0.0
11.548,1.104452901059184,2.7761956948346116,0.4341160211559716,5.0722437608639686,-0.08919262637583536,3.8265567822352056,-0.08308076123992514,0.10720194157088214,0.3762110362316834,1.63520447400992,0.0011396849422828593,0.0036430445747307623,-0.00032227579513867004,-1.5728343377562757,-0.0010868578573113297,1.5703410823701447,0.10289999842643738,0.40549999475479126,1.6497999429702759,-0.5,-0.5,0.5,-0.5,44.7056770324707,0.8530154824256897,0.0
11.559,1.1036755210058447,2.7758391394896664,0.435191650795522,5.071971495047998,-0.08887233436383024,3.8263506904183435,-0.0837408202060832,0.1071297579380171,0.3762694203538584,1.6352125105114381,0.0021441939109670717,0.0035721893963713398,-0.0002634246898605579,-1.5727959048952267,-0.001086486590070379,1.5704383495005485,0.10289999842643738,0.40549999475479126,1.6497999429702759,-0.5,-0.5,0.5,-0.5,44.29030227661133,0.8394600749015808,0.0
11.568,1.1030332973451467,2.775543885968067,0.4360807782465601,5.071734922137451,-0.08859155187447953,3.826190605439156,-0.08432841367621968,0.10704522853703155,0.37634956573009337,1.6352193309730358,0.002653069469445981,0.0034770595960533163,-0.00023361233631149093,-1.5727795853668438,-0.0010950569917520525,1.5705465230942601,0.10289999842643738,0.40549999475479126,1.6497999429702759,-0.5,-0.5,0.5,-0.5,43.831260681152344,0.8235926628112793,0.0
11.578,1.1023253700411226,2.7751885710050876,0.4370537495226534,5.071447277938366,-0.08829387392236221,3.8260412040668266,-0.08500424689552055,0.10697326163497028,0.37643342140888614,1.6352241733694666,0.002650782446567887,0.0035394483482792663,-2.7423570689966016e-05,-1.5727970971221212,-0.0011141078485383815,1.5706240867018677,0.10289999842643738,0.40549999475479126,1.6497999429702759,-0.5,-0.5,0.5,-0.5,43.246463775634766,0.8118501305580139,0.0
11.587,1.1016983105982687,2.774815264111356,0.4379005158076401,5.071155504579765,-0.08806321399506611,3.825937294114296,-0.08561377129191605,0.10691124364692563,0.37653163031293824,1.635231377765203,0.001434316426001037,0.0035278239240729157,0.0002098812498579896,-1.572836781400524,-0.0011302355462303737,1.5706734728362726,0.10289999842643738,0.40549999475479126,1.6497999429702759,-0.5,-0.5,0.5,-0.5,42.19426727294922,0.7360461950302124,0.0
11.599,1.1008858562938704,2.7742092184615226,0.4390083250870438,5.070719360834903,-0.08776236082230238,3.8258225591550348,-0.08649010449783745,0.10686389854912226,0.37663401654413886,1.6352486888502562,4.578341320674197e-05,0.0035289111013351074,1.8485453368088283e-05,-1.5728892410973043,-0.0011490580785462612,1.5707190719607416,0.10289999842643738,0.40549999475479126,1.6497999429702759,-0.5,-0.5,0.5,-0.5,41.153160095214844,0.6786690950393677,0.0
11.608,1.1002966934017548,2.773703268248572,0.43984395089318795,5.070367482137439,-0.08754119683380335,3.8257375321095326,-0.08718377472584748,0.1068111766080647,0.37676156067594835,1.6352799977159518,0.000338501339381684,0.003234175847523812,-0.0002721427220744597,-1.5729713782456045,-0.0011580292172723716,1.5707872269490248,0.10289999842643738,0.40549999475479126,1.6497999429702759,-0.5,-0.5,0.5,-0.5,40.54190444946289,0.6486830711364746,0.0
11.619,1.0995685776253596,2.773060332790764,0.440892998730825,5.069911253597222,-0.0873073095667074,3.8256273066386557,-0.08801253633785677,0.10675272078512918,0.37690021206310853,1.6353163584268795,0.0009466452191690135,0.003237924000052082,-5.7420968754493944e-05,-1.573050079336993,-0.0011301675713943915,1.570862448722651,0.10289999842643738,0.40549999475479126,1.6497999429702759,-0.5,-0.5,0.5,-0.5,39.76229476928711,0.6278330087661743,0.0
11.628,1.0989178412021277,2.772476402221229,0.441788098182049,5.069498923195105,-0.08711670623979195,3.8255517961713226,-0.08872331443682668,0.10670062170060113,0.37705240562291276,1.635357068443891,6.0825416358997756e-05,0.0039106286309750415,0.0007506601632889433,-1.5731194293861,-0.0010958274229242448,1.5709326162983732,0.10289999842643738,0.40549999475479126,1.6497999429702759,-0.5,-0.5,0.5,-0.5,38.83720779418945,0.6124662756919861,0.0
11.64,1.097989729121788,2.771589818736339,0.44299143454251144,5.0688840296734385,-0.0868673791744703,3.8254815407950344,-0.0897312920426181,0.10667381930355474,0.3772237336747459,1.6354119173749817,-0.0005620493032748284,0.00427852724556167,0.0009968444458205022,-1.5732019911633257,-0.0011139813706053658,1.5709891598674344,0.10289999842643738,0.40549999475479126,1.6497999429702759,-0.5,-0.5,0.5,-0.5,38.15914535522461,0.6006506681442261,0.0
11.649000000000001,1.0972879246151885,2.7708726457705266,0.44388152546479986,5.068393818006576,-0.08671136484320918,3.825446732846923,-0.09049479665780957,0.10666425241425312,0.37741110300063685,1.6354814400648254,-0.00037681175541495797,0.00413878440590992,0.0008123955103655613,-1.573299061623526,-0.0011524966407048254,1.571043429845558,0.10289999842643738,0.40549999475479126,1.6497999429702759,-0.5,-0.5,0.5,-0.5,37.41880798339844,0.5671615600585938,0.0
11.659,1.0965386503672354,2.7700516578243404,0.4448562625649055,5.067837297844288,-0.08654755007317316,3.825431869475696,-0.09135585862851947,0.1066608922377373,0.3776107175054909,1.6355622442287694,0.0003968580592983867,0.0035291541172516867,0.00027686541751258315,-1.573410456128013,-0.0011846113388567225,1.5710924719651695,0.10289999842643738,0.40549999475479126,1.6497999429702759,-0.5,-0.5,0.5,-0.5,36.579185485839844,0.5225991010665894,0.0
11.669,1.0958315891342894,2.769228049259893,0.4458279526435156,5.067245453835604,-0.0863945509412023,3.8254329254864876,-0.09221238491175399,0.10665068269426872,0.3778211849036794,1.6356488147861044,0.0017513031630427445,0.002856259498372702,-7.681345318803203e-05,-1.5735239197714228,-0.0011931408977563507,1.571126636537684,0.10289999842643738,0.40549999475479126,1.6497999429702759,-0.5,-0.5,0.5,-0.5,36.09333419799805,0.512994110584259,0.0
11.679,1.0951399853289585,2.7683989511459997,0.44679897363418775,5.066578365938981,-0.08628002474174945,3.825449694675342,-0.0930170998057882,0.10663176948711953,0.37807409817088816,1.635731852943067,0.0025050469055023757,0.002739409279551441,0.00026098717142015613,-1.5736370720695387,-0.0011577051608400168,1.571088333601627,0.10289999842643738,0.40549999475479126,1.6497999429702759,-0.5,-0.5,0.5,-0.5,36.16747283935547,0.5459840297698975,0.0
11.689,1.094430800745454,2.767539059318092,0.44776917764146695,5.0658395174458315,-0.08615441842308691,3.8254850340311997,-0.0937905585843204,0.1066237548125023,0.3783000049676441,1.6357893463348596,0.0022665471595542247,0.002995587450941675,0.0008119500281410665,-1.573691924942429,-0.0011342051622857952,1.5709901283861614,0.10289999842643738,0.40549999475479126,1.6497999429702759,-0.5,-0.5,0.5,-0.5,35.85409164428711,0.5973583459854126,0.0
11.699,1.0937136250595474,2.766631991298259,0.4487226607526713,5.065050835490408,-0.08598886633182268,3.8255231716734057,-0.0945642656587129,0.10663174949453214,0.37856646113812076,1.6358531760205377,0.001213037876032692,0.0031880713666586915,0.0010291008067033363,-1.5737045024589387,-0.0011622985875821001,1.5708480167110956,0.10289999842643738,0.40549999475479126,1.6497999429702759,-0.5,-0.5,0.5,-0.5,34.90232467651367,0.5810897946357727,0.0
11.709,1.093021490769707,2.765695274879186,0.4496524066453276,5.064237257894056,-0.08582817531239151,3.825542285862448,-0.09531193227164003,0.10665224826326064,0.37884525098255367,1.635925195820687,0.0011985086876754726,0.0027749072261443125,0.0005502253079364913,-1.5736830499530734,-0.0012222803430388396,1.5707134007087968,0.10289999842643738,0.40549999475479126,1.6497999429702759,-0.5,-0.5,0.5,-0.5,33.61782455444336,0.5014855265617371,0.0
11.718,1.0924251869469392,2.7648569016210383,0.4504905034547937,5.063505982059799,-0.0856931989739893,3.825531829618739,-0.09597206455640972,0.10666715278995847,0.3791296419160842,1.6360018067472692,0.0014319727666997786,0.002331092032205443,0.00022594559106434354,-1.5736389190032487,-0.0012527205677876907,1.570601768385797,0.10289999842643738,0.40549999475479126,1.6497999429702759,-0.5,-0.5,0.5,-0.5,33.01771545410156,0.46826064586639404,0.0
11.728,1.0917790096674294,2.763925898438605,0.4514361975216268,5.062699125860131,-0.08553007613992669,3.8255032954579855,-0.09674870550719206,0.10667259424288757,0.3794157013195478,1.6360854857450562,0.0016166263190557232,0.001991076763226368,0.0001462754143170086,-1.5736044985120414,-0.0012527165051015032,1.5705200145826876,0.10289999842643738,0.40549999475479126,1.6497999429702759,-0.5,-0.5,0.5,-0.5,32.439369201660156,0.46409735083580017,0.0
11.739,1.0911421215054373,2.762979978624947,0.4523945806567715,5.0618904630332215,-0.08537660352853393,3.8254742468505283,-0.0975589218406423,0.1066722037326548,0.3797064038113721,1.636174892984588,0.0016189834436266684,0.0017858391213176762,0.00018818189674971934,-1.5736011124873823,-0.0012327170180386204,1.5704507792270674,0.10289999842643738,0.40549999475479126,1.6497999429702759,-0.5,-0.5,0.5,-0.5,31.772523880004883,0.44356921315193176,0.0
11.748,1.0905158300395312,2.7620070122649922,0.453360475328493,5.0610751272840675,-0.08525549920301323,3.8254553272953027,-0.09837005839963808,0.10666774357067198,0.38000320919150954,1.6362710757867485,0.0016996889075937412,0.0015892305846523997,0.00018839686469056876,-1.5736117282364164,-0.001177704871024865,1.5703884708041391,0.10289999842643738,0.40549999475479126,1.6497999429702759,-0.5,-0.5,0.5,-0.5,31.120628356933594,0.4408414363861084,0.0
11.759,1.0898226366989645,2.7608948925290564,0.45444272684469667,5.0601461656337365,-0.08511227662261156,3.825445136026402,-0.09929860827724468,0.10666038419283569,0.38030997875664474,1.6363701318699329,0.0017189108295223956,0.0017350322671258584,0.0005999376646719444,-1.5736263565695165,-0.0011012781199504218,1.5703225428150052,0.10289999842643738,0.40549999475479126,1.6497999429702759,-0.5,-0.5,0.5,-0.5,30.26104164123535,0.44389671087265015,0.0
11.768,1.089233908286988,2.759944618123753,0.45534367502039164,5.059351324450778,-0.08499040359061638,3.8254360943877357,-0.1000747032837559,0.10666068025487449,0.3806304449154242,1.6364709069351724,0.001488891756245014,0.0019244242684823805,0.0009020166458419378,-1.5736378783781872,-0.0010405906139077103,1.570250141441312,0.10289999842643738,0.40549999475479126,1.6497999429702759,-0.5,-0.5,0.5,-0.5,29.543256759643555,0.47460272908210754,0.0
11.779,1.0885248594907635,2.7587030452923527,0.4564236321771791,5.058347107542205,-0.0848635738724699,3.825430614319134,-0.10100383832748427,0.10667097786343141,0.38096428578460073,1.6365798352604015,-0.00036029714668357337,0.0020769505175288086,0.0009832750598369037,-1.573629948083009,-0.0009858771829973634,1.5701858017491361,0.10289999842643738,0.40549999475479126,1.6497999429702759,-0.5,-0.5,0.5,-0.5,28.82050895690918,0.4804762899875641,0.0
11.789,1.0879001453253645,2.757501671745712,0.4573844449356237,5.057428548203702,-0.08472239527174619,3.825449008279599,-0.10186901651545988,0.1066881759531537,0.38131093511768377,1.636711816154676,7.614577595117144e-05,0.00205405475701626,0.0011104897857123937,-1.573590994251647,-0.0009346799707716791,1.5701555770501368,0.10289999842643738,0.40549999475479126,1.6497999429702759,-0.5,-0.5,0.5,-0.5,28.038557052612305,0.4975684583187103,0.0
11.799,1.0872634081027028,2.7562864539358385,0.45835713090769215,5.056522203655033,-0.08455289930754528,3.825488589497711,-0.10274735743798402,0.10671282244206956,0.38166284056563954,1.6368557676649864,0.0010749558850827263,0.0017949900717280263,0.0010276329994612018,-1.57353127072193,-0.000914220217088868,1.5701428972391744,0.10289999842643738,0.40549999475479126,1.6497999429702759,-0.5,-0.5,0.5,-0.5,27.51714515686035,0.5034931898117065,0.0
11.809,1.0866094982767818,2.755062913051403,0.45933506180655836,5.055616455179243,-0.08439219435985912,3.8255471343309093,-0.10359482530294528,0.10674186061019132,0.3820203528052722,1.6370063260928984,0.0023578802512581186,0.0017750617479035868,0.0013281425784384714,-1.5734425396338734,-0.000897487866838631,1.5701362356145978,0.10289999842643738,0.40549999475479126,1.6497999429702759,-0.5,-0.5,0.5,-0.5,27.118896484375,0.5097079873085022,0.0
11.818999999999999,1.085931884460316,2.753833056850575,0.46031612500915475,5.054703283228036,-0.08420330960762534,3.8256241770911084,-0.10445655554269884,0.10678356780442311,0.38238526681499074,1.6371593353322427,0.003313490199326164,0.001655818430513227,0.0013713787079069166,-1.5733255628050629,-0.0009091428910243948,1.5701210780495631,0.10289999842643738,0.40549999475479126,1.6497999429702759,-0.5,-0.5,0.5,-0.5,26.718021392822266,0.5217207074165344,0.0
11.828,1.0853367445041444,2.752712191475431,0.46117280215569334,5.0538817341800994,-0.08400468229813729,3.8257079999519155,-0.10526361648711458,0.10683684148616887,0.38275708787189167,1.637316968998506,0.0033590138770905093,0.0014774169881140791,0.0012905834045636706,-1.5732111726440958,-0.0009641554998642832,1.570104235633284,0.10289999842643738,0.40549999475479126,1.6497999429702759,-0.5,-0.5,0.5,-0.5,25.925790786743164,0.513230562210083,0.0
11.837,1.0847859951604049,2.751571080047868,0.46198807585596136,5.053065894963839,-0.08381201542894345,3.8257950961209097,-0.10606965434846138,0.10690067764019506,0.3831724121700397,1.6375043190943535,0.003222965529957351,0.001047376028655119,0.0008743210958785328,-1.5730951066277208,-0.0010372506693361316,1.570114629835718,0.10289999842643738,0.40549999475479126,1.6497999429702759,-0.5,-0.5,0.5,-0.5,25.22695541381836,0.5275034308433533,0.0
11.849,1.084124298701151,2.750031962026857,0.46303558401743317,5.051991109014845,-0.08354821330421025,3.8259132746919917,-0.10716309560505088,0.10694689843020083,0.38351592542975016,1.6376685978428707,0.0032658637958640356,0.0005369537558419462,0.0005716565596743222,-1.573003381400304,-0.0010735785358022554,1.5701505141913648,0.10289999842643738,0.40549999475479126,1.6497999429702759,-0.5,-0.5,0.5,-0.5,24.49308967590332,0.5300440788269043,0.0
11.859,1.0835922634387911,2.7487523667482323,0.4639170760367577,5.05111221370847,-0.08328818566169627,3.8260203135833226,-0.10812880920609658,0.10699188141001516,0.3838996446599189,1.6378607416425937,0.004252213719157523,0.00027050572506094606,0.0006114160235539242,-1.5729167372144766,-0.001108789432525903,1.570205881374354,0.10289999842643738,0.40549999475479126,1.6497999429702759,-0.5,-0.5,0.5,-0.5,23.734676361083984,0.5231489539146423,0.0
11.869,1.0830508663645917,2.7474961607507877,0.46482212482137886,5.050245069553802,-0.08302721795770118,3.8261301281727764,-0.10909169333129931,0.10703336646081743,0.3842836855404405,1.6380546468943922,0.0054320323185647204,-9.348907003584749e-06,0.0006208855702370224,-1.5728350757447034,-0.001140421656563806,1.57026216807962,0.10289999842643738,0.40549999475479126,1.6497999429702759,-0.5,-0.5,0.5,-0.5,23.297754287719727,0.5202659368515015,0.0
11.878,1.082559381997675,2.746388447677618,0.46564904877124924,5.049474350696005,-0.0827848647694065,3.8262288185275555,-0.10995795712889134,0.10707124898621997,0.38466901353204797,1.6382445684645361,0.006376119455326235,-0.00017048788560186662,0.0007578520864204512,-1.5727439584293825,-0.0011564864087123539,1.5703108778780188,0.10289999842643738,0.40549999475479126,1.6497999429702759,-0.5,-0.5,0.5,-0.5,22.826627731323242,0.5047593712806702,0.0
11.888,1.082021997252986,2.7451707751801573,0.4665678646736975,5.048630557731578,-0.08247230937024419,3.8263408058576003,-0.11097190899425158,0.10710865085134988,0.3850536648444224,1.6384324981378533,0.006488080759083507,-0.00034545437241940535,0.0007888398907632566,-1.5726632147390636,-0.0011860546644566483,1.5703630277776555,0.10289999842643738,0.40549999475479126,1.6497999429702759,-0.5,-0.5,0.5,-0.5,22.26119613647461,0.49802058935165405,0.0
11.898,1.0815244112035574,2.7439537597544126,0.467464750875779,5.047791847733541,-0.08214650357751374,3.826448942905035,-0.11200410818739037,0.10714311565593908,0.3854398968866263,1.6386215757254166,0.00637419654832715,-0.000701171961344711,0.0006055314029200454,-1.5726045647046651,-0.0012207046741536942,1.5704242815740423,0.10289999842643738,0.40549999475479126,1.6497999429702759,-0.5,-0.5,0.5,-0.5,21.730852127075195,0.5095999240875244,0.0
11.908,1.0810727380389062,2.7427353522839093,0.46833898055501955,5.046953307562116,-0.08182900175199492,3.8265446860128725,-0.1130217092284802,0.10716888196013262,0.3858280071309073,1.6388116261302348,0.005975318208384043,-0.0009574932765957166,0.0005792894525128116,-1.5725412771678962,-0.0012261886636411035,1.5705003442962828,0.10289999842643738,0.40549999475479126,1.6497999429702759,-0.5,-0.5,0.5,-0.5,21.26427459716797,0.5260261297225952,0.0
11.918,1.0806691346858406,2.7414976539807983,0.46919817271362785,5.0461124194264775,-0.08148584407999238,3.826641812071035,-0.11406376609363988,0.10718661981344724,0.3862193831874053,1.6390042712924429,0.0051175793677606,-0.0012691855951426467,0.0004509259017407834,-1.572476996655585,-0.0012124557777690725,1.5705877580197247,0.10289999842643738,0.40549999475479126,1.6497999429702759,-0.5,-0.5,0.5,-0.5,20.637609481811523,0.5331234335899353,0.0
11.931000000000001,1.0802301389412277,2.739856851262668,0.47029626981818584,5.0450041750555785,-0.08102207039326004,3.826778718193382,-0.11541667781897758,0.1071927686962897,0.3866154928690832,1.6392024254003026,0.004758536585780906,-0.0017762179630591219,0.0002680134386777617,-1.572399172852894,-0.0011779056671090693,1.5706831768976046,0.10289999842643738,0.40549999475479126,1.6497999429702759,-0.5,-0.5,0.5,-0.5,20.15155792236328,0.5632585883140564,0.0
11.938,1.0800087065154882,2.7389701815467307,0.4709004830623851,5.044396019145448,-0.08077836195562771,3.8268486402204145,-0.11613181355908786,0.10718433136338737,0.3870184296456635,1.6394001859433336,0.005205514198999348,-0.0018781793989633207,0.00048348146207199635,-1.5722959181931033,-0.0010985207804212749,1.5707688753670201,0.10289999842643738,0.40549999475479126,1.6497999429702759,-0.5,-0.5,0.5,-0.5,19.83604621887207,0.5730471611022949,0.0
11.948,1.0796664290430948,2.737720012479584,0.47179831925774085,5.043512249735673,-0.08040965791758836,3.826938865563384,-0.11717313255613782,0.10717015076991562,0.38742661558835867,1.6395921758709255,0.0062862957766295045,-0.0018987061122913023,0.0009269222941642273,-1.5721779660701265,-0.0009998594180986586,1.5708421327537039,0.10289999842643738,0.40549999475479126,1.6497999429702759,-0.5,-0.5,0.5,-0.5,19.431848526000977,0.5740339159965515,0.0
11.958,1.0792959835988887,2.7364895490846903,0.4727182255112181,5.042605708752988,-0.08002482626991725,3.8270160072032153,-0.11823672111532879,0.1071596068293627,0.3878398262124836,1.6397746017213732,0.006766068911319053,-0.0018400060283097327,0.0013275782467766033,-1.5720669604090265,-0.0009194599972679462,1.5708916487232558,0.10289999842643738,0.40549999475479126,1.6497999429702759,-0.5,-0.5,0.5,-0.5,19.145090103149414,0.5876700282096863,0.0
11.968,1.0789264911462615,2.735253623670709,0.47362322239295906,5.041676464238022,-0.0796597114127815,3.8270852356736835,-0.11929494723214695,0.10715575409806209,0.3882584031545277,1.639953152763896,0.006055010615513731,-0.001828330811777664,0.0014926420184650754,-1.5719688042663642,-0.0008468977629143559,1.5709259426622653,0.10289999842643738,0.40549999475479126,1.6497999429702759,-0.5,-0.5,0.5,-0.5,18.645978927612305,0.5935690999031067,0.0
11.979,1.0785600270024647,2.733879189272028,0.47459137123594264,5.040640428685493,-0.07923660936858035,3.8271693386386003,-0.12048856501917271,0.10715472282739384,0.38868233586171497,1.6401354119307123,0.005800738531232264,-0.0022275395817106265,0.0012721038365307378,-1.5718837014444693,-0.0007750279660698745,1.5709537963322513,0.10289999842643738,0.40549999475479126,1.6497999429702759,-0.5,-0.5,0.5,-0.5,18.18302345275879,0.6094183325767517,0.0
11.988,1.0782897199725712,2.732768520406988,0.47537778149717,5.039804706891929,-0.07885867875954489,3.8272431299916,-0.12149493883282325,0.10714786515190508,0.38910803948494366,1.6403182141743706,0.006170735743465387,-0.002627986696060263,0.0011476258043406579,-1.5718058247596414,-0.0007071711198367581,1.5709745979004912,0.10289999842643738,0.40549999475479126,1.6497999429702759,-0.5,-0.5,0.5,-0.5,17.720399856567383,0.6063718795776367,0.0
11.999,1.0779673489372632,2.7314422377446936,0.4763463723975301,5.038812096877591,-0.07840666591816614,3.8273278072158936,-0.12271649958336006,0.10713339514917053,0.3895285106293795,1.6405025205200496,0.00669278924810611,-0.002955345319027706,0.0012011211612455277,-1.5717363261140356,-0.0006222570245699721,1.5710021119859026,0.10289999842643738,0.40549999475479126,1.6497999429702759,-0.5,-0.5,0.5,-0.5,17.411418914794922,0.6026393175125122,0.0
12.009,1.0776710906486757,2.7302629954286592,0.4772454138354547,5.037923461468249,-0.07799229822108966,3.827397191509969,-0.12383349423927115,0.10711414675363856,0.3899459569684098,1.6406845670599448,0.007323277885101477,-0.0032438427581248314,0.0012212585082760899,-1.5716683739159447,-0.0005164747043409079,1.571034831536929,0.10289999842643738,0.40549999475479126,1.6497999429702759,-0.5,-0.5,0.5,-0.5,16.999149322509766,0.60062175989151,0.0
12.02,1.0773216259848377,2.7289844265426177,0.4782600740950471,5.036945989388578,-0.07750294576077454,3.8274742674668207,-0.12510304863891086,0.10709165229272082,0.39036175645918797,1.640860725738737,0.00758726099897061,-0.0030848143264216314,0.00171500086097694,-1.5716098388649573,-0.00041057821303702724,1.5710599709280992,0.10289999842643738,0.40549999475479126,1.6497999429702759,-0.5,-0.5,0.5,-0.5,16.588613510131836,0.598928689956665,0.0
12.028,1.0770305255845747,2.728065931499475,0.47901201996377374,5.036220432231938,-0.07714809113352139,3.827515875931276,-0.12602758136709724,0.10707809706921145,0.3907792730879631,1.6410299671278625,0.007946680025300233,-0.002854942061481772,0.002123299804690578,-1.5715589734737947,-0.0003318818096582632,1.5710706047658523,0.10289999842643738,0.40549999475479126,1.6497999429702759,-0.5,-0.5,0.5,-0.5,16.470991134643555,0.6088622808456421,0.0
12.038,1.0766498262556974,2.7269263178744323,0.47993534874547716,5.035290914353324,-0.07671873479181635,3.8275445683113425,-0.12717056333189625,0.10707991410886437,0.3911991868392283,1.641191034736679,0.007221655813577246,-0.0027258148042320868,0.0022036893918020717,-1.5715151789541009,-0.0002805903466969184,1.57106893032941,0.10289999842643738,0.40549999475479126,1.6497999429702759,-0.5,-0.5,0.5,-0.5,16.1733455657959,0.5983887314796448,0.0
12.048,1.0762678365115557,2.725764825674818,0.4808261531181053,5.0343538164593555,-0.07626654463205451,3.827569241147464,-0.12833266184014924,0.1070943707413784,0.3916217843376331,1.641354309854161,0.0059183607902211785,-0.0023474926841925833,0.002567089365253857,-1.5714828134748449,-0.00026098742859392843,1.5710703890845727,0.10289999842643738,0.40549999475479126,1.6497999429702759,-0.5,-0.5,0.5,-0.5,16.316204071044922,0.6484721302986145,0.0
12.058,1.075881111933806,2.7245897128728407,0.48168799305516874,5.033422077589964,-0.07579428358437301,3.8275985522091043,-0.12948185255351952,0.10713042987193756,0.39208503879972917,1.6415460825227048,0.0056369895565058625,-0.0024265892235749444,0.0023931421851990046,-1.5714293570561324,-0.0003015868291598167,1.5710930533417067,0.10289999842643738,0.40549999475479126,1.6497999429702759,-0.5,-0.5,0.5,-0.5,15.95610523223877,0.636724591255188,0.0
12.068,1.0755112615847002,2.7234431915691806,0.48252832819777947,5.032495570697814,-0.07532124544238705,3.8276342524296707,-0.1305844096309876,0.10716599632780649,0.392462972433487,1.641703316898568,0.006724010217211014,-0.0029389995693325332,0.0019131293650659286,-1.5713557012465114,-0.0003513037196620772,1.5711047003871406,0.10289999842643738,0.40549999475479126,1.6497999429702759,-0.5,-0.5,0.5,-0.5,15.669854164123535,0.6418808102607727,0.0
12.078,1.0751953079153322,2.722360485010424,0.48335834646542697,5.03157582759856,-0.07482062009582169,3.82767903027465,-0.1316870702888533,0.10719845360282793,0.3928803336192435,1.6418675984530473,0.007937548628552282,-0.003979337635545567,0.0009674444277497352,-1.5712629561046731,-0.00039954023774635417,1.5710834624640981,0.10289999842643738,0.40549999475479126,1.6497999429702759,-0.5,-0.5,0.5,-0.5,15.082908630371094,0.6386986970901489,0.0
12.089,1.0749030712465446,2.7212061384769006,0.4842682549727435,5.030544824013057,-0.07424950151410936,3.827705025550663,-0.13292819722429172,0.1072102717295785,0.39329749647467527,1.6420209614771555,0.00716673243971057,-0.004162810160975475,0.0011274432877020628,-1.5711892882330056,-0.00041665454405803715,1.5710257819701443,0.10289999842643738,0.40549999475479126,1.6497999429702759,-0.5,-0.5,0.5,-0.5,14.522680282592773,0.6257980465888977,0.0
12.098,1.0746552104525433,2.7202479696488515,0.48502121966624223,5.029684245784529,-0.07381165303220438,3.827695660994756,-0.1339314127021094,0.10721820224512715,0.3937185741615797,1.6421764096172262,0.006373657579884709,-0.003953391684547731,0.00153879557567297,-1.5711276964927938,-0.00040844709422493963,1.5709716951672683,0.10289999842643738,0.40549999475479126,1.6497999429702759,-0.5,-0.5,0.5,-0.5,14.545310020446777,0.6425251364707947,0.0
12.109,1.0743201362859276,2.7190662920871853,0.4859581297978508,5.028638254947389,-0.07326467469307296,3.8276648466783474,-0.13516967123421963,0.10723146441194659,0.39413855655346075,1.6423391298888628,0.005715572459969574,-0.0037144288291979734,0.0018653415607961907,-1.571058062552039,-0.0003958486980830678,1.5709394032785762,0.10289999842643738,0.40549999475479126,1.6497999429702759,-0.5,-0.5,0.5,-0.5,14.496845245361328,0.6403142213821411,0.0
12.119,1.073988299816265,2.718001541205683,0.48682525383176944,5.027703085797776,-0.07272251807127184,3.8276273433614723,-0.1363363265094346,0.10725161449434632,0.39455532693978135,1.6425080691214662,0.006071998713112388,-0.003627177506283248,0.0020540462512520443,-1.570989355601307,-0.0004154789987720342,1.5709250719412535,0.10289999842643738,0.40549999475479126,1.6497999429702759,-0.5,-0.5,0.5,-0.5,14.430767059326172,0.6484547257423401,0.0
12.129,1.0736398762287473,2.7169688487844565,0.48769103778963974,5.0267828755185056,-0.07218911622435709,3.8275842431150817,-0.13748257468194325,0.1072784747986583,0.39496655691359395,1.6426773855638142,0.006832035992730045,-0.0037450434243491058,0.0020264020480992868,-1.570923668402303,-0.0004590216213600229,1.5709202257028305,0.10289999842643738,0.40549999475479126,1.6497999429702759,-0.5,-0.5,0.5,-0.5,13.78736400604248,0.6171677708625793,0.0
12.139,1.073327531802545,2.71597438862739,0.48854186515788367,5.0258718515526875,-0.07166929672542466,3.8275396868464835,-0.1386153965956627,0.10730608782940293,0.39537496813235906,1.6428395373845623,0.007470345499717108,-0.0045198408164909476,0.0011826678203627969,-1.570860427429296,-0.0004962060305526705,1.5709013721477925,0.10289999842643738,0.40549999475479126,1.6497999429702759,-0.5,-0.5,0.5,-0.5,13.59017562866211,0.6353349685668945,0.0
12.149,1.0730874594308597,2.7150067073356867,0.48938298748762676,5.02496424264631,-0.071120378503017,3.827480136207493,-0.13979249561349683,0.10731396786237632,0.3957810857439229,1.6429948168161328,0.006947818601276508,-0.0050797580114292345,0.0007858460797253477,-1.5708257541416724,-0.000490014965809138,1.5708749215781699,0.10289999842643738,0.40549999475479126,1.6497999429702759,-0.5,-0.5,0.5,-0.5,13.370501518249512,0.6486349105834961,0.0
12.16,1.072870582933029,2.7139466128643823,0.4903170058309767,5.023966604925488,-0.07050623709778137,3.827404178818666,-0.14110366958452403,0.10730242133882253,0.3961870665376846,1.6431505940166042,0.006506348927316204,-0.005393856274187742,0.0007606204746413659,-1.5708086788401743,-0.0004481060285161931,1.5708526340512217,0.10289999842643738,0.40549999475479126,1.6497999429702759,-0.5,-0.5,0.5,-0.5,13.205933570861816,0.6505923867225647,0.0
12.169,1.0726893186287194,2.713081194820412,0.49110968978313174,5.023159262654228,-0.0700109815680392,3.8273528002176818,-0.14216553337691096,0.1072764731307311,0.39659102782751154,1.6433059552514377,0.006321195657391093,-0.005322998694212244,0.001107461087849474,-1.5707799116826642,-0.00036202344336544456,1.5708236997900165,0.10289999842643738,0.40549999475479126,1.6497999429702759,-0.5,-0.5,0.5,-0.5,13.153050422668457,0.6573209762573242,0.0
12.18,1.072437241953792,2.7120334397577066,0.4921198603067962,5.022176763899394,-0.06935708585518263,3.82731002860033,-0.1435046115038805,0.10724632984571465,0.39699191982483145,1.643458531848254,0.006540985829382754,-0.005189230948413784,0.0014892499623996146,-1.5707341724419726,-0.00027003237339950914,1.570773857467509,0.10289999842643738,0.40549999475479126,1.6497999429702759,-0.5,-0.5,0.5,-0.5,13.016765594482422,0.6602386832237244,0.0
12.189,1.0722056139461147,2.7111701835233584,0.49296217715719415,5.021367838440175,-0.06880209458093933,3.8272746506007245,-0.14461520063649935,0.10721833166730217,0.39739133615806926,1.6436042302984357,0.005365102865119661,-0.004731865987562172,0.0019925690697253124,-1.570687051205639,-0.00020578328471643204,1.5707015789897458,0.10289999842643738,0.40549999475479126,1.6497999429702759,-0.5,-0.5,0.5,-0.5,12.844343185424805,0.6587849259376526,0.0
12.199,1.0719319899252655,2.710195429240808,0.4938843878553687,5.0204799906369315,-0.06821519769234285,3.827214884536515,-0.14582232068304535,0.10720039322964309,0.39779004085232794,1.6437565412137907,0.004832753244899598,-0.004586194430909499,0.0021033014958458745,-1.5706250152576173,-0.00015513829607227692,1.5706457047400908,0.10289999842643738,0.40549999475479126,1.6497999429702759,-0.5,-0.5,0.5,-0.5,12.802560806274414,0.662247896194458,0.0
12.209,1.0716496195732121,2.7092378145845126,0.4947929551967736,5.019631608063116,-0.06761699182698777,3.8271453505125486,-0.14707077468309393,0.10718853783147317,0.3981807657503824,1.6439185977971644,0.0051208160547671425,-0.004542185273683175,0.002197635463984929,-1.5705823217732846,-0.00011018276176999464,1.570633406296432,0.10289999842643738,0.40549999475479126,1.6497999429702759,-0.5,-0.5,0.5,-0.5,12.60678482055664,0.6721619367599487,0.0
12.219,1.0713515288855886,2.708321942963651,0.49569524200842263,5.018824301026487,-0.06701645072871898,3.82709102901031,-0.14836485703796143,0.10718289472195791,0.3985616495562115,1.6440836169999544,0.006550768430213207,-0.004741479245640028,0.002129398104147944,-1.570597645836753,-9.273125319309017e-05,1.5706407879523987,0.10289999842643738,0.40549999475479126,1.6497999429702759,-0.5,-0.5,0.5,-0.5,12.345216751098633,0.6756308674812317,0.0
12.228,1.0710594450255497,2.7075717638678407,0.49651300199587833,5.018129866327809,-0.06652276232574117,3.827042907737958,-0.14950244862592932,0.10718010246949969,0.3989325897534297,1.6442383498335902,0.009135398279468075,-0.005091316377289909,0.001992945870220438,-1.570668794716313,-7.130842998837039e-05,1.5706292871375547,0.10289999842643738,0.40549999475479126,1.6497999429702759,-0.5,-0.5,0.5,-0.5,11.76163387298584,0.6174212098121643,0.0
12.239,1.0706751076635088,2.706754243994369,0.4975448460912064,5.017318208080327,-0.06590771499487769,3.8269543656598177,-0.15091350780501323,0.10717571527531329,0.39929220016665007,1.6443697902627048,0.010366068170620045,-0.005504100490611108,0.0016770393542742221,-1.570777116865835,-3.64226652402877e-05,1.570598925349877,0.10289999842643738,0.40549999475479126,1.6497999429702759,-0.5,-0.5,0.5,-0.5,11.468422889709473,0.5855541229248047,0.0
12.249,1.0703392662453561,2.7060379858199317,0.4984856336609136,5.0165975311900075,-0.06530731257386169,3.8268418714121886,-0.15224012553791688,0.10716537961564335,0.39964229988362543,1.64448864107824,0.00895088354635329,-0.00555134484032129,0.0016110633132769016,-1.5709178975471034,-6.337903160513747e-06,1.57058321327072,0.10289999842643738,0.40549999475479126,1.6497999429702759,-0.5,-0.5,0.5,-0.5,11.15166187286377,0.5690287947654724,0.0
12.259,1.0700467420751734,2.705311224975916,0.4994057412979718,5.015886893223729,-0.06472586466097852,3.8267013072004357,-0.1535251351359861,0.10714984253168124,0.3999883956184843,1.6446069818946418,0.007576843578470534,-0.005873080658297545,0.001126990728673212,-1.5710525937435167,3.580510500889034e-05,1.570599018444694,0.10289999842643738,0.40549999475479126,1.6497999429702759,-0.5,-0.5,0.5,-0.5,11.583563804626465,0.62286376953125,0.0
12.269,1.0698075560203728,2.704594184575666,0.5003309933100777,5.015183514934042,-0.06411815195729531,3.826531962296876,-0.15481375555304489,0.10711649321674023,0.4003280004205548,1.6447248063666946,0.006756169510926811,-0.0062764242843429685,0.0006979614988999926,-1.5711543865496125,0.00013031257222362314,1.570644379782606,0.10289999842643738,0.40549999475479126,1.6497999429702759,-0.5,-0.5,0.5,-0.5,11.6322603225708,0.6171810626983643,0.0
12.279,1.0695609314449177,2.7039179808727534,0.5013026564511591,5.014476019004159,-0.06346059830471162,3.826333979674187,-0.15615237399041604,0.10706344096308762,0.4006643865314608,1.6448322147043628,0.007717460434746018,-0.006142593181211382,0.0011553141881854253,-1.5712562690415268,0.0002490251531535037,1.5706909157926656,0.10289999842643738,0.40549999475479126,1.6497999429702759,-0.5,-0.5,0.5,-0.5,11.278974533081055,0.574249267578125,0.0
12.289,1.0692287477468705,2.7032913048492153,0.5023427847383619,5.0137662123514515,-0.06283482751638836,3.8260978384550928,-0.15745454831218453,0.10700869519682955,0.40099393759290897,1.6449193747525452,0.0077227291600766345,-0.00559594134222332,0.0017770704624852816,-1.5713642989103054,0.0003711642831687456,1.5707132972648687,0.10289999842643738,0.40549999475479126,1.6497999429702759,-0.5,-0.5,0.5,-0.5,11.299765586853027,0.5686840415000916,0.0
12.299,1.068823234276894,2.7026683494411445,0.503434440181489,5.013038472393169,-0.062190383398875504,3.8258398367687114,-0.15877387696723133,0.10696325835630822,0.4013187647489841,1.6449945091319973,0.006615541331136558,-0.0049979217480865526,0.0022201727588656364,-1.5714565984219,0.0004861378237976943,1.5707235669968795,0.10289999842643738,0.40549999475479126,1.6497999429702759,-0.5,-0.5,0.5,-0.5,11.362470626831055,0.5744195580482483,0.0
12.308,1.068413561531906,2.7020903479400937,0.50443633080166,5.012374228070221,-0.061578520735070974,3.825610528663578,-0.15999079459851018,0.10693192955085298,0.40164245071442706,1.6450656491179623,0.0053278198029843285,-0.004454218257737932,0.0025911837283006623,-1.57154359308958,0.000549385840448835,1.5707169685848525,0.10289999842643738,0.40549999475479126,1.6497999429702759,-0.5,-0.5,0.5,-0.5,11.12591552734375,0.5669116377830505,0.0
12.318,1.067924651642456,2.701444673008127,0.5055477479047887,5.011666923398079,-0.060913785153826616,3.825375418797268,-0.16130793579745806,0.10691649595975687,0.4019593495729953,1.6451423607537758,0.004740273605886838,-0.00434046480447106,0.002477711903332419,-1.5716140221724038,0.0005739367335175771,1.5707105559921806,0.10289999842643738,0.40549999475479126,1.6497999429702759,-0.5,-0.5,0.5,-0.5,10.881103515625,0.5537084341049194,0.0
12.328,1.0674456764899949,2.7008203260596693,0.5066468834690294,5.01101833037382,-0.06023146021473291,3.825179991912938,-0.16261415272968094,0.10690560105190076,0.4022618680421859,1.6452259440775598,0.004667518457288153,-0.004769753103916038,0.0018821911975332878,-1.5716609698484068,0.0005862473992674921,1.570705130612118,0.10289999842643738,0.40549999475479126,1.6497999429702759,-0.5,-0.5,0.5,-0.5,10.575645446777344,0.5360344052314758,0.0
12.338,1.066979486246736,2.7002403113459446,0.5077474269120597,5.010423539293709,-0.0594994324761382,3.825011698752542,-0.16395263371609126,0.10688791290274084,0.4025507110568908,1.6453120817400413,0.005684185389729309,-0.005101264110293158,0.0017076025612531675,-1.5717083154835332,0.0005856485979944814,1.5706999736526714,0.10289999842643738,0.40549999475479126,1.6497999429702759,-0.5,-0.5,0.5,-0.5,10.2700777053833,0.5178154110908508,0.0
12.348,1.066487019605895,2.6996956004006654,0.5088617074344786,5.00987498669691,-0.05878635807224608,3.824864896273306,-0.16526419332494235,0.10686855611349491,0.40282618454636737,1.645394925350241,0.005843214466685853,-0.005054032141122734,0.0018372087529189107,-1.5717606272388691,0.0005789163996516855,1.570687852980207,0.10289999842643738,0.40549999475479126,1.6497999429702759,-0.5,-0.5,0.5,-0.5,10.036043167114258,0.5012688040733337,0.0
12.358,1.0659757534951373,2.6991501408864833,0.509982942064445,5.009361660760535,-0.05808627289066681,3.8247457164931493,-0.16655916374326551,0.10685282844355037,0.40309219272591446,1.6454797775481453,0.005430389353292387,-0.005003299975496794,0.0017459428798069975,-1.571799687949624,0.0005794723835643723,1.570675693012848,0.10289999842643738,0.40549999475479126,1.6497999429702759,-0.5,-0.5,0.5,-0.5,9.906355857849121,0.502642035484314,0.0
12.369,1.0653763398991059,2.69853250650607,0.511214966232302,5.008846928140728,-0.05726251009683647,3.8246524559052855,-0.16802336016526098,0.10684198498748076,0.4033497853688952,1.6455712162454756,0.00469935718970863,-0.004237708887419397,0.002469915643740335,-1.5718339488920199,0.0005503403159048403,1.5706746298249425,0.10289999842643738,0.40549999475479126,1.6497999429702759,-0.5,-0.5,0.5,-0.5,10.142526626586914,0.5184325575828552,0.0
12.379,1.064788777820275,2.69798213488514,0.5123111622532868,5.008429878700361,-0.056535618905286356,3.824562298626182,-0.1692918464474591,0.10685328569965521,0.40359535556292936,1.645676215957391,0.004983934903087098,-0.0040893192052839115,0.0022422874508362233,-1.5718482504503895,0.00045595470102588465,1.57071233314753,0.10289999842643738,0.40549999475479126,1.6497999429702759,-0.5,-0.5,0.5,-0.5,9.828878402709961,0.4816072881221771,0.0
12.388,1.064273411256937,2.6975088132362197,0.513264480309914,5.00808615249317,-0.0558729252939294,3.824478530998178,-0.1704020824595016,0.10687541851650663,0.4038511346216525,1.645799700521873,0.0047948688437826365,-0.0041273637288039774,0.0018645946264847898,-1.5718358205992293,0.0003392955337764292,1.5707973692838144,0.10289999842643738,0.40549999475479126,1.6497999429702759,-0.5,-0.5,0.5,-0.5,9.592092514038086,0.4707418382167816,0.0
12.399000000000001,1.0636716312047172,2.6969410198216286,0.5143956789331634,5.0076874936335,-0.05501624348196721,3.8243953775745396,-0.17177240485544232,0.10689576236593755,0.4040548667447454,1.645903976487172,0.0048806532869263685,-0.004141338829597119,0.0015772497276160223,-1.5718142061571452,0.00021195175461796723,1.5708768770872719,0.10289999842643738,0.40549999475479126,1.6497999429702759,-0.5,-0.5,0.5,-0.5,9.34154224395752,0.46594566106796265,0.0
12.409,1.0631613366904569,2.696459382784158,0.5154090605944797,5.007356992239171,-0.05426210366924966,3.824324549505631,-0.17296232133660183,0.1069168292513635,0.40427499228276986,1.6460196189764182,0.005681247899593754,-0.004868898017465269,0.000495545970408813,-1.571783731120792,6.640095943932778e-05,1.5709658263423372,0.10289999842643738,0.40549999475479126,1.6497999429702759,-0.5,-0.5,0.5,-0.5,9.271673202514648,0.4759523272514343,0.0
12.419,1.062710286990142,2.6960430281082663,0.5164353064929035,5.007041747700973,-0.053520481047171664,3.824230179707186,-0.17411383296171934,0.1069124797511959,0.4044860934095767,1.6461279873580577,0.006689520893077576,-0.005611170342566512,-0.0002647698441205437,-1.5717275408367692,-4.093884792943925e-06,1.571053814276178,0.10289999842643738,0.40549999475479126,1.6497999429702759,-0.5,-0.5,0.5,-0.5,9.840319633483887,0.5262524485588074,0.0
12.429,1.0622875615602796,2.6956950052377975,0.5175054232728051,5.006723605552504,-0.052754615832643736,3.8241102687161277,-0.17530150813098722,0.10687363833888536,0.4047132352054508,1.6462265568536638,0.007595088283849568,-0.0060338532070492775,-0.0004757723305442307,-1.5716818257566738,-1.2965952758570154e-05,1.5711175967350979,0.10289999842643738,0.40549999475479126,1.6497999429702759,-0.5,-0.5,0.5,-0.5,9.914762496948242,0.5255705118179321,0.0
12.439,1.0618253326798515,2.695381281716563,0.5186203680682508,5.006413228499688,-0.052033305813590225,3.8239715933570366,-0.17647243653510714,0.10682380648415972,0.40489271471137683,1.6462916329342103,0.00679223752181111,-0.005304101257077768,0.0005179330371518423,-1.5716689603660103,2.5214147439278634e-05,1.571143039316911,0.10289999842643738,0.40549999475479126,1.6497999429702759,-0.5,-0.5,0.5,-0.5,9.358168601989746,0.4561874568462372,0.0
12.449,1.0612717998225873,2.6950428155141255,0.5197688931019968,5.006097118192225,-0.05133966531096679,3.823808656594071,-0.1776537853945488,0.10677869150110482,0.40508495477714235,1.646362230838555,0.004344835613900444,-0.004108338012596957,0.0015507567771593494,-1.5716667435138731,7.394547736971901e-05,1.571171044513808,0.10289999842643738,0.40549999475479126,1.6497999429702759,-0.5,-0.5,0.5,-0.5,9.013157844543457,0.425756573677063,0.0
12.459,1.0606158939071166,2.6946842362946706,0.5209427647196465,5.005769503363433,-0.05061962603833514,3.823613999912677,-0.17889132988025835,0.10676018245390935,0.4052902687664007,1.646450385597443,0.0034646019539072365,-0.00303755669618014,0.002372684081801502,-1.5716924764926976,5.0029433670051304e-05,1.571224864388299,0.10289999842643738,0.40549999475479126,1.6497999429702759,-0.5,-0.5,0.5,-0.5,9.701251029968262,0.44521209597587585,0.0
12.468,1.0599633439503302,2.6943936785593694,0.5220067840399141,5.00546966178126,-0.05000146259150551,3.8234058019958788,-0.17996545562440858,0.10677243949546066,0.405451164013468,1.6465218406670412,0.003747190431975415,-0.0030282181876044264,0.0019221676947597055,-1.5717301758726727,-3.363873219797142e-05,1.5712747955611133,0.10289999842643738,0.40549999475479126,1.6497999429702759,-0.5,-0.5,0.5,-0.5,9.36487865447998,0.4044646620750427,0.0
12.478,1.0592510591691182,2.6941203583680204,0.523181308949356,5.005125889920177,-0.04932548852026741,3.8231739706910144,-0.18113308658481486,0.10679075816744198,0.40562376868711475,1.6465887544506772,0.0040051087130620186,-0.0035130838356567332,0.001087270026407392,-1.571765081580579,-0.0001260319948759303,1.571296898709422,0.10289999842643738,0.40549999475479126,1.6497999429702759,-0.5,-0.5,0.5,-0.5,9.429397583007812,0.4157260060310364,0.0
12.488,1.0585934454245818,2.6938582714900443,0.5243403095379877,5.004753243323772,-0.048639978938801676,3.8229639572590415,-0.18233080633897458,0.10680064326581432,0.4057955271453962,1.646640557924703,0.002608701451304461,-0.00402739701535954,0.0003551123268633657,-1.571828489258445,-0.00020979050926506204,1.5712556926434886,0.10289999842643738,0.40549999475479126,1.6497999429702759,-0.5,-0.5,0.5,-0.5,9.88003158569336,0.45130056142807007,0.0
12.498,1.0579748717101216,2.6935529175229584,0.5254845351674531,5.004355451465833,-0.04799833094427086,3.8227749283839962,-0.18350745956100667,0.10679856744264782,0.40597082167042375,1.64668998042196,0.0004082141363753763,-0.0038898469369200526,0.0004260535755717476,-1.5719033318076039,-0.00026182202996816173,1.5711697905865283,0.10289999842643738,0.40549999475479126,1.6497999429702759,-0.5,-0.5,0.5,-0.5,9.554743766784668,0.44144704937934875,0.0
12.51,1.0572050466130678,2.693116011390626,0.5268906161809745,5.003918907726546,-0.04728437968619392,3.8225852388396735,-0.18489559347661988,0.10679485126144002,0.40614397400872887,1.6467512765298349,-0.0012456850301351696,-0.0036813410089836214,0.0004295786184400853,-1.5719575935259498,-0.000272379782544796,1.571083428163643,0.10289999842643738,0.40549999475479126,1.6497999429702759,-0.5,-0.5,0.5,-0.5,9.429645538330078,0.4512082636356354,0.0
12.518,1.056667662312587,2.692788352143938,0.5278582698731142,5.003683258246215,-0.04678501300592597,3.8224915295872037,-0.18586581356707121,0.10678851157797757,0.40630383463364816,1.6468319389994412,-0.002259043430818506,-0.003417482404854403,0.0005508970638784237,-1.5719997509389494,-0.0002722075145893399,1.5710373559066235,0.10289999842643738,0.40549999475479126,1.6497999429702759,-0.5,-0.5,0.5,-0.5,9.421547889709473,0.45754706859588623,0.0
12.528,1.055967393235874,2.6923441263534853,0.5290828180875042,5.003447064751552,-0.0461628818609503,3.8224079043799897,-0.1870818904504823,0.10678456480309674,0.40645131887181707,1.6469346650663619,-0.00227741138645369,-0.003050800189787868,0.0006930354562879697,-1.5720367381966118,-0.00028630638142113085,1.5710448851590841,0.10289999842643738,0.40549999475479126,1.6497999429702759,-0.5,-0.5,0.5,-0.5,9.131078720092773,0.43935203552246094,0.0
12.539,1.0551496732092849,2.6918675908127723,0.5304567672374523,5.0032603767732615,-0.04551324507358778,3.8223821794275032,-0.18836905124759262,0.10678442277618137,0.4065874140918046,1.6470503803289978,0.00013581541309051718,-0.0029944413274075043,0.0005997065408063743,-1.57204252900277,-0.0002937636501592067,1.571082200544644,0.10289999842643738,0.40549999475479126,1.6497999429702759,-0.5,-0.5,0.5,-0.5,8.569205284118652,0.40763258934020996,0.0
12.549,1.0543702561339652,2.6914982178908735,0.5317370555095025,5.003154549523367,-0.044894985005515586,3.8224445592487237,-0.18956714024760046,0.1067851370708188,0.40671244728152384,1.6471592425917079,0.0032264350279281127,-0.003141882280256968,0.00040761025967892304,-1.5720479532621774,-0.0003184595161203063,1.57108130810821,0.10289999842643738,0.40549999475479126,1.6497999429702759,-0.5,-0.5,0.5,-0.5,8.364616394042969,0.3955802023410797,0.0
12.559,1.0535873905860909,2.6911820119251706,0.5330235979882554,5.003093291716232,-0.04427018512229264,3.8225596227128182,-0.19078253843918347,0.10678346695179537,0.40682644186414907,1.6472517513926448,0.0041392290199693095,-0.0032799748401049936,9.556935358188684e-05,-1.5720909704177464,-0.0003670864690685782,1.5710320336842005,0.10289999842643738,0.40549999475479126,1.6497999429702759,-0.5,-0.5,0.5,-0.5,8.14196491241455,0.38809096813201904,0.0
12.568999999999999,1.0528487698872402,2.6908571046383356,0.5342820393366541,5.003049160365678,-0.043676834783271445,3.8226858875789667,-0.19198193097572336,0.10677360169056321,0.4069343032260348,1.6473371104286991,0.0027110772625164514,-0.003309283669355235,-0.00025123481244048064,-1.572154137905584,-0.0003956968673168859,1.5709694966516663,0.10289999842643738,0.40549999475479126,1.6497999429702759,-0.5,-0.5,0.5,-0.5,8.165472984313965,0.4160616993904114,0.0
12.579,1.0521615140329699,2.690502172341188,0.5355203015114389,5.00302114901998,-0.04306141461421653,3.8228026310664047,-0.1932246988505284,0.10675089226137989,0.40703940557235513,1.647427054989857,0.0014487346664354937,-0.0033240884321342964,-0.0004435729868997651,-1.5722312425651745,-0.0003887654373331273,1.5709398605584717,0.10289999842643738,0.40549999475479126,1.6497999429702759,-0.5,-0.5,0.5,-0.5,8.29486083984375,0.4204505383968353,0.0
12.589,1.0514674454956348,2.6901471926278626,0.5367632729502345,5.003026429996923,-0.04242282372289541,3.822900283341183,-0.19450116659855965,0.10671766511149956,0.40713670089743453,1.647521301674742,0.0012317261032376023,-0.0028364856343173254,0.0001160091206090549,-1.5723274376482224,-0.00037459577458909266,1.5709557383969948,0.10289999842643738,0.40549999475479126,1.6497999429702759,-0.5,-0.5,0.5,-0.5,8.294293403625488,0.41214239597320557,0.0
12.6,1.0506392006419505,2.689797618113473,0.5381487260051818,5.003061106193382,-0.04176374338896771,3.8229676319586945,-0.1958531785915607,0.10669044174730707,0.40722245322827566,1.647613134830974,0.001935465176607103,-0.002455926814419974,0.0003947300184178709,-1.5724288752895452,-0.00036611281660503536,1.5710122234650992,0.10289999842643738,0.40549999475479126,1.6497999429702759,-0.5,-0.5,0.5,-0.5,7.77660608291626,0.3614547550678253,0.0
12.609,1.0499322613641597,2.68954620114114,0.5392878288583249,5.00309533725361,-0.04121256596322187,3.823006031369509,-0.19697093830585288,0.10667035522751003,0.4072986356952592,1.6476924066615328,0.0020510505898422944,-0.0022233882314752146,0.00048155445688762683,-1.5725361413587935,-0.00036748555414334305,1.571071844972825,0.10289999842643738,0.40549999475479126,1.6497999429702759,-0.5,-0.5,0.5,-0.5,7.6959662437438965,0.3412209749221802,0.0
12.619,1.0491338492297375,2.68929606477218,0.5405504307793159,5.0031248150763465,-0.04058153022713373,3.8230346699948843,-0.19823609153100996,0.10665714999259915,0.4073703312657527,1.6477568809419114,0.002564698258743009,-0.002112427583990961,0.0004047862344819207,-1.5726741696327073,-0.00040635861003845974,1.5711259937621467,0.10289999842643738,0.40549999475479126,1.6497999429702759,-0.5,-0.5,0.5,-0.5,7.68903923034668,0.32977285981178284,0.0
12.629,1.0483437278511927,2.689065321597263,0.54180975859855,5.003153486152438,-0.039995170067703256,3.8230526088230903,-0.1994467513533973,0.10664542110971557,0.40743850132730086,1.6478018041826148,0.0017956988114157689,-0.0022944857709388524,-0.00018189761166907445,-1.572823810457674,-0.0004471656292102111,1.5711585712520644,0.10289999842643738,0.40549999475479126,1.6497999429702759,-0.5,-0.5,0.5,-0.5,7.447054386138916,0.34223583340644836,0.0
12.638,1.047679462374112,2.6888618521626286,0.5429464351315003,5.0031779784220864,-0.03947020211833241,3.823058628903552,-0.20051399533633685,0.10661919644672203,0.4075022719557352,1.647837284388223,0.0012275015243561355,-0.002827308116933097,-0.001003336246066924,-1.572950534278456,-0.00043506027433526384,1.5711893418191643,0.10289999842643738,0.40549999475479126,1.6497999429702759,-0.5,-0.5,0.5,-0.5,7.885679244995117,0.3850801885128021,0.0
12.649000000000001,1.04691358615002,2.6886321930326558,0.5443696476128936,5.003197262075293,-0.038780992093045974,3.823035999537713,-0.2018293554312276,0.1065655370114336,0.40756374748330226,1.6478595306527333,0.0005814140837705974,-0.0030344185185520265,-0.00113819681726612,-1.5730491021930433,-0.0003758904080299885,1.5712103641745467,0.10289999842643738,0.40549999475479126,1.6497999429702759,-0.5,-0.5,0.5,-0.5,8.030595779418945,0.38879191875457764,0.0
12.659,1.0461804459309372,2.6884190536268813,0.5457088595413735,5.003210364770382,-0.038182200420857626,3.822989729523102,-0.2029646847633284,0.10649677411728796,0.4076204083847394,1.6478728462413057,-0.000426327687603562,-0.0023645209324440067,-0.0003570569344194908,-1.5731069066150711,-0.00028054408833178,1.5712356654514976,0.10289999842643738,0.40549999475479126,1.6497999429702759,-0.5,-0.5,0.5,-0.5,7.79208517074585,0.3522912561893463,0.0
12.669,1.0453674720438793,2.688192662458227,0.5470934375114904,5.003208083010569,-0.037591447813297485,3.8229349932546883,-0.2040721402002479,0.10643542712241096,0.4076738870716313,1.6478812284040483,-0.0009160212694655654,-0.0016057419525136044,0.000321589915583761,-1.5731096582576976,-0.0001806665273629271,1.5712548883245097,0.10289999842643738,0.40549999475479126,1.6497999429702759,-0.5,-0.5,0.5,-0.5,7.483372688293457,0.319780558347702,0.0
12.678,1.044565590663713,2.6879983541960586,0.548355131990002,5.003199056243827,-0.03702504375873428,3.822886459458865,-0.20509606523915025,0.10639286511301894,0.40772416500288233,1.6478831868994077,-0.0007946677317131341,-0.0007968377192189805,0.0011015818886570077,-1.5730996174812852,-0.00014181540450408647,1.5712546891259271,0.10289999842643738,0.40549999475479126,1.6497999429702759,-0.5,-0.5,0.5,-0.5,7.595806121826172,0.3155709505081177,0.0
12.689,1.0435307483283252,2.6878033331283975,0.5498726731838381,5.003201192766994,-0.03636016980536727,3.822823390530119,-0.20631657446759633,0.10637806935325653,0.4077673923107415,1.6478795384569986,-0.00037472264993501756,-0.0006185816100470475,0.0008639030465124284,-1.573108564948974,-0.00018422072929791256,1.5712400079595699,0.10289999842643738,0.40549999475479126,1.6497999429702759,-0.5,-0.5,0.5,-0.5,7.2444682121276855,0.27753937244415283,0.0
12.699,1.0426192105037027,2.68766309031158,0.551214441557768,5.0032296340758515,-0.03576105908532412,3.8228017483234753,-0.20743540436071228,0.1063714176774426,0.40780066537170157,1.6478712212056197,-0.00043018476438585215,-0.0010927977099038006,-1.9254779874497357e-05,-1.5731510011067538,-0.00024301676410409812,1.5712054653536551,0.10289999842643738,0.40549999475479126,1.6497999429702759,-0.5,-0.5,0.5,-0.5,6.928531169891357,0.29168829321861267,0.0
12.709,1.0417649743805706,2.687552950494049,0.5525352068402762,5.003288907140392,-0.03514503714484363,3.8228291541023527,-0.20857099763505893,0.10635355945565275,0.40782599445423556,1.6478585274477369,-0.00037712339571710057,-0.00161028439524063,-0.0006900658397973621,-1.5732341209472671,-0.0002992613950563161,1.5711310867110018,0.10289999842643738,0.40549999475479126,1.6497999429702759,-0.5,-0.5,0.5,-0.5,7.006871223449707,0.31794700026512146,0.0
12.719,1.0409439223506345,2.6874616812148675,0.5538592065358188,5.0033968132401325,-0.03455575546510303,3.822888780997764,-0.20965468843989754,0.10631749996092366,0.40783961358031634,1.6478451840776291,-0.0011634133718139887,-0.0018903533550887728,-0.0010765302032142339,-1.5733083968332229,-0.000320983373071293,1.571029583324147,0.10289999842643738,0.40549999475479126,1.6497999429702759,-0.5,-0.5,0.5,-0.5,6.633824348449707,0.311816543340683,0.0
12.728,1.0402179761980692,2.687357852506529,0.5550620862952389,5.003528610830268,-0.03403202721395093,3.8229626175937472,-0.21060088582564696,0.10626376450328483,0.4078408568829053,1.6478420634807884,-0.0024621935703152244,-0.001674269640378269,-0.000943994778445982,-1.5733452616715056,-0.00028762575201524143,1.5709418841713123,0.10289999842643738,0.40549999475479126,1.6497999429702759,-0.5,-0.5,0.5,-0.5,6.572614669799805,0.32998672127723694,0.0
12.738,1.0393799333614426,2.68719534449236,0.5564396355071457,5.0036980845131955,-0.03341438419286735,3.823079727225319,-0.21166910368503267,0.10620420615286427,0.40783580480545456,1.6478513346699806,-0.003298482705365437,-0.001032861449139526,-0.0004491014734234987,-1.5733292135827444,-0.00025275528998491836,1.5708726504389259,0.10289999842643738,0.40549999475479126,1.6497999429702759,-0.5,-0.5,0.5,-0.5,6.088505744934082,0.27761581540107727,0.0
12.748,1.0384377669132467,2.6869880909486463,0.5578759071764834,5.003898317511651,-0.03281737853409172,3.8232223730027775,-0.21271456926091048,0.106150581294551,0.40782281753714,1.6478749289318604,-0.003830977737799053,0.00016035381443282873,0.0005674965387484764,-1.5732637779647913,-0.00024358871077012623,1.570812213404658,0.10289999842643738,0.40549999475479126,1.6497999429702759,-0.5,-0.5,0.5,-0.5,6.1069793701171875,0.26815876364707947,0.0
12.758,1.0373983201271288,2.686765181395807,0.55934928248909,5.004133313489977,-0.03225358088828223,3.823370811314736,-0.21372028255291475,0.10612869347510404,0.40780449323328827,1.6479084941597426,-0.003222257728557682,0.0005870481499595068,0.0005381185179537507,-1.5731740981073274,-0.0002652567874639189,1.5707928308954375,0.10289999842643738,0.40549999475479126,1.6497999429702759,-0.5,-0.5,0.5,-0.5,5.510753154754639,0.2245323359966278,0.0
12.768,1.0363310210989924,2.6865733276490635,0.5608455078341539,5.004408940313161,-0.03167281388178722,3.823545324077914,-0.21474649005742918,0.10611205732100062,0.4077754307067636,1.647951366054044,-0.0013730049353297658,0.0003244512270973863,-0.00013350384186347852,-1.5730753000576871,-0.0003156029966371321,1.5707806863252358,0.10289999842643738,0.40549999475479126,1.6497999429702759,-0.5,-0.5,0.5,-0.5,5.0151896476745605,0.22780373692512512,0.0
12.779,1.0351522007107556,2.686418350444481,0.5625176534377863,5.004752265502742,-0.031059291952915125,3.823758151427122,-0.21586254706279107,0.10608796309251677,0.4077374859005524,1.6479878479272059,4.194618607933296e-06,-9.520600374037405e-05,-0.0006937397903047206,-1.5729993518434695,-0.0003561503076650041,1.570751097548746,0.10289999842643738,0.40549999475479126,1.6497999429702759,-0.5,-0.5,0.5,-0.5,5.163437366485596,0.2805057764053345,0.0
12.789,1.0340990114042947,2.6862867741980443,0.5640326672128051,5.005088882891143,-0.030542148610228637,3.8239633576585756,-0.2168479472687892,0.10605317781337001,0.40769250689538533,1.6480210114293072,-0.0006417342317072246,-0.00019846431213951858,-0.0008677081924583962,-1.572931195557146,-0.00035612567415421736,1.5707119630457167,0.10289999842643738,0.40549999475479126,1.6497999429702759,-0.5,-0.5,0.5,-0.5,4.853580951690674,0.2658054828643799,0.0
12.799,1.0330587572961347,2.686132463193032,0.5655400320870569,5.005441728465455,-0.030018967684146247,3.824181079658179,-0.21786331792696068,0.10601204747765425,0.4076434965189265,1.648060571471044,-0.0010897680548202667,-9.355477462684167e-05,-0.0007817080662565528,-1.5728735872500685,-0.0003352712183222195,1.570687747034782,0.10289999842643738,0.40549999475479126,1.6497999429702759,-0.5,-0.5,0.5,-0.5,4.643340110778809,0.2442532628774643,0.0
12.809,1.0320080875174211,2.685970343669509,0.56704678510755,5.005805156097078,-0.029503590616534403,3.8243991034094558,-0.2188810953868927,0.10597070994356367,0.40759053783289195,1.648101564749668,-0.001155159768932647,0.0001267109586936455,-0.0006205173128068429,-1.5728322010740492,-0.0003203705612406793,1.5706806715394894,0.10289999842643738,0.40549999475479126,1.6497999429702759,-0.5,-0.5,0.5,-0.5,4.565140247344971,0.2308071106672287,0.0
12.818999999999999,1.0309256884577414,2.685796137340687,0.568554190533888,5.006173983030141,-0.029028364400894624,3.8246125240007167,-0.21986562732019976,0.10593337194616524,0.40753418632914573,1.6481378975352678,-0.0017282198507309336,0.0007009212453035218,-0.00022091419967832358,-1.5727865821793252,-0.00030183384130211266,1.5706827648199362,0.10289999842643738,0.40549999475479126,1.6497999429702759,-0.5,-0.5,0.5,-0.5,4.556215286254883,0.21721316874027252,0.0
12.828,1.0299210311234015,2.685635559867648,0.5699227101672051,5.006504788371612,-0.028602339572031177,3.8248003824518246,-0.2207619511901413,0.10590683162696428,0.4074749209835714,1.648172191510213,-0.0012965625342967713,0.0008365532219400722,-0.0003860209299221439,-1.5727451904927146,-0.00029735249109386075,1.5706963832326748,0.10289999842643738,0.40549999475479126,1.6497999429702759,-0.5,-0.5,0.5,-0.5,4.334244251251221,0.19594645500183105,0.0
12.838,1.0287792283305288,2.6854790824214154,0.571460309255726,5.006867549828679,-0.028111736767697515,3.8249996279625,-0.22176997630957196,0.10588395901209076,0.4074135540409559,1.6481932015992877,-0.0007820778022752135,0.0010820940940342691,-0.0003363855700751682,-1.5727135433159032,-0.00031359442741774046,1.5707001187257876,0.10289999842643738,0.40549999475479126,1.6497999429702759,-0.5,-0.5,0.5,-0.5,4.424576759338379,0.20069588720798492,0.0
12.85,1.027375050684948,2.68532464503122,0.573321746017994,5.00730296359244,-0.02754209053109502,3.8252257546497157,-0.22292586114419954,0.10586666510815745,0.40734895972369933,1.6481997494353169,-0.00010988224970160258,0.0011078429623075125,-0.0005933876904580724,-1.5726753111497878,-0.0003458272446286159,1.570695372387853,0.10289999842643738,0.40549999475479126,1.6497999429702759,-0.5,-0.5,0.5,-0.5,4.346998691558838,0.19456924498081207,0.0
12.858,1.0264504074114837,2.6852242053613695,0.5745522494524122,5.007579648162981,-0.027160658417278327,3.825373249326918,-0.22367900011700215,0.1058490585309813,0.40728125117745473,1.6481896939768372,-0.0012556486535602457,0.0011544086345728099,-0.0007623797293137095,-1.5726102608007475,-0.00037519493871451814,1.570673861537997,0.10289999842643738,0.40549999475479126,1.6497999429702759,-0.5,-0.5,0.5,-0.5,4.385659217834473,0.19462527334690094,0.0
12.869,1.0252401835914045,2.685078452112882,0.5761984580122563,5.007924598634791,-0.026622607558312694,3.8255582897545235,-0.22472587242704556,0.10582935143683751,0.4072183535551448,1.6481690077803666,-0.00147162753050809,0.0008681704547857194,-0.0012322881705239856,-1.5725479067981079,-0.0004134075814761218,1.570642366613407,0.10289999842643738,0.40549999475479126,1.6497999429702759,-0.5,-0.5,0.5,-0.5,4.111069202423096,0.1862735152244568,0.0
12.879,1.0241593751536948,2.684966106832383,0.5776789745024997,5.0082128108123785,-0.026180948040106067,3.8256797934251363,-0.2256482289252162,0.10580037704029806,0.4071565465674385,1.6481316732491558,-0.0018186751313577572,0.0010321190858417714,-0.0010805747288225988,-1.5725011455192568,-0.00042661386386244615,1.5706054469291424,0.10289999842643738,0.40549999475479126,1.6497999429702759,-0.5,-0.5,0.5,-0.5,4.423827648162842,0.1967892348766327,0.0
12.888,1.0231632424333155,2.6848607735286434,0.5790116774095759,5.008457541280121,-0.025826219588397592,3.8257535224212047,-0.22648148730752382,0.10577207421320182,0.4070949836596876,1.6480815202840944,-0.0026153172085929947,0.0015148141929325909,-0.000679911850095865,-1.572489489139444,-0.00040891497006434463,1.5705736762333353,0.10289999842643738,0.40549999475479126,1.6497999429702759,-0.5,-0.5,0.5,-0.5,4.401415824890137,0.15389564633369446,0.0
12.898,1.0220113745428518,2.684718541284364,0.5805015750245737,5.008722282266217,-0.025429909385798588,3.8258134213568775,-0.22745705322976306,0.10575500873131786,0.40703112746257997,1.648028959595212,-0.003825713928959735,0.0022222229999085542,-0.00023055482121728344,-1.5725251798879964,-0.0004068200687692425,1.570565625406401,0.10289999842643738,0.40549999475479126,1.6497999429702759,-0.5,-0.5,0.5,-0.5,4.834771633148193,0.1531132608652115,0.0
12.909,1.0207105431407593,2.684522681039078,0.5821327010919655,5.009008373499089,-0.02500479459191851,3.8258676189528256,-0.22852171400973909,0.10575369679433157,0.40696588897975583,1.6479798979085865,-0.005010594333497738,0.0026724503880447854,-0.00023676661639635693,-1.5725740417550167,-0.0004414035546860262,1.5705791369940156,0.10289999842643738,0.40549999475479126,1.6497999429702759,-0.5,-0.5,0.5,-0.5,4.923384189605713,0.17505313456058502,0.0
12.918,1.0196400863150012,2.6843447951974406,0.5834555404608288,5.00924904458669,-0.024663195514627034,3.825917191744553,-0.2293669217680403,0.10576218373885433,0.40689123675564076,1.6479322824747924,-0.00502221729438521,0.0027877121881263694,-0.00039807253909019763,-1.5725956819824298,-0.0004940291396424712,1.5706183811006893,0.10289999842643738,0.40549999475479126,1.6497999429702759,-0.5,-0.5,0.5,-0.5,4.620849132537842,0.16972431540489197,0.0
12.929,1.0183472695865907,2.6841502429435513,0.5850704287266479,5.009549862309347,-0.024211202484229588,3.826007952776866,-0.23040613119526832,0.10577170187786877,0.40682083756651743,1.6478845361930716,-0.003527159004303295,0.0023063159967361027,-0.001080410727365198,-1.5726016083157943,-0.0005639078965886668,1.5706442697156657,0.10289999842643738,0.40549999475479126,1.6497999429702759,-0.5,-0.5,0.5,-0.5,4.54148006439209,0.15430565178394318,0.0
12.939,1.017196343360884,2.6840119614949804,0.58653837156342,5.0098154465859865,-0.023797164415020333,3.8261007672578016,-0.23132325793669395,0.10577184006056291,0.4067568938528664,1.6478281352241226,-0.002709827711643124,0.0020339446524947177,-0.001318403298314035,-1.5725974280724269,-0.0006239417357960519,1.5706320344004465,0.10289999842643738,0.40549999475479126,1.6497999429702759,-0.5,-0.5,0.5,-0.5,4.771983623504639,0.17386260628700256,0.0
12.949,1.0160812104623362,2.683867688829719,0.5879864685847949,5.0100666632372315,-0.023397212686104396,3.826188249138057,-0.23221456032775833,0.10576478914090057,0.4066875028088764,1.6477558976015994,-0.00369180886419674,0.0019339040859297026,-0.0015144837848680866,-1.5725786402655304,-0.000671246441386053,1.570599148010353,0.10289999842643738,0.40549999475479126,1.6497999429702759,-0.5,-0.5,0.5,-0.5,4.465236186981201,0.17060630023479462,0.0
12.959,1.015013213153277,2.6836838690642333,0.5894110026918691,5.0103137347527875,-0.022974432253998422,3.826278600956191,-0.23313579130952178,0.10574934297005513,0.40662082110215775,1.6476876749319587,-0.004760326054489068,0.001969197471689154,-0.0015872600980591767,-1.572555399160286,-0.0007001035494837993,1.5705804404401784,0.10289999842643738,0.40549999475479126,1.6497999429702759,-0.5,-0.5,0.5,-0.5,4.334574222564697,0.1770341396331787,0.0
12.969,1.013951991536861,2.6834811071546385,0.5908426672818043,5.010575895728885,-0.022536379747249313,3.8263758200832356,-0.2340790956623593,0.10572647413994402,0.40655363136138484,1.647626266763385,-0.00449435792483547,0.0021076142081543144,-0.0014525325791669415,-1.5725320232275484,-0.0007256403034352488,1.5705874746714252,0.10289999842643738,0.40549999475479126,1.6497999429702759,-0.5,-0.5,0.5,-0.5,4.224081516265869,0.16311664879322052,0.0
12.979,1.0128768602825469,2.6832837771000504,0.5922904894531218,5.010858433893557,-0.022111183279825752,3.82647810914911,-0.23500144094121644,0.10569978518150352,0.4064816588551234,1.6475643029434792,-0.004108783348287242,0.002194193933173618,-0.0014238585114416753,-1.5725030446771249,-0.0007385931042538374,1.5706062060974375,0.10289999842643738,0.40549999475479126,1.6497999429702759,-0.5,-0.5,0.5,-0.5,4.210320472717285,0.1567910611629486,0.0
12.988,1.0119028359470752,2.683104183272211,0.5935976578653355,5.0111157528013806,-0.02171244007998574,3.8265782291955492,-0.2358402984474619,0.10566995374701303,0.40640676765723516,1.6474991782608086,-0.0038884202426318483,0.0024741599189714645,-0.0011190508188742437,-1.5724588546715461,-0.0007483248291890732,1.5706304766529569,0.10289999842643738,0.40549999475479126,1.6497999429702759,-0.5,-0.5,0.5,-0.5,4.288236618041992,0.16401314735412598,0.0
12.998,1.0108151881225682,2.6828959020424756,0.5950472213589126,5.011387060356345,-0.021251997038442383,3.8266987179718575,-0.23679668608996174,0.10564485884528305,0.40633371575723604,1.647428409057188,-0.00383343811881604,0.0026508183328412356,-0.0010882300810150288,-1.572422526272728,-0.0007858665124542696,1.5706477893938269,0.10289999842643738,0.40549999475479126,1.6497999429702759,-0.5,-0.5,0.5,-0.5,4.30853271484375,0.152639240026474,0.0
13.008,1.0097239871532073,2.682670063714098,0.5964926420309702,5.011647520326949,-0.020813607271052526,3.8268280420117904,-0.23773940524449344,0.1056214459436726,0.4062635987993051,1.647352571170405,-0.004132886942902054,0.0029349997738467937,-0.0009397164044694108,-1.572389925596465,-0.0008294362951448697,1.570651540310876,0.10289999842643738,0.40549999475479126,1.6497999429702759,-0.5,-0.5,0.5,-0.5,4.187289237976074,0.14882123470306396,0.0
13.018,1.0086288405832908,2.6824310615609113,0.597935390650056,5.011912178056656,-0.02038277225825258,3.826969299996594,-0.23868755919189688,0.10560117735131627,0.40619405040200357,1.647276299888063,-0.004045324028488602,0.0029489920921372073,-0.001040682219800308,-1.5723555662088842,-0.0008703120769082417,1.5706554694000836,0.10289999842643738,0.40549999475479126,1.6497999429702759,-0.5,-0.5,0.5,-0.5,4.220930576324463,0.16203419864177704,0.0
13.028,1.0075563033346393,2.682191800874439,0.5993684994023969,5.012196546290118,-0.019929235452368133,3.8271310891002503,-0.2396784206899749,0.10557855354898234,0.406121531178622,1.6471994054200363,-0.004167601216401205,0.0027202888654165934,-0.0013776014551650673,-1.5723432258002836,-0.0009200349051181611,1.5706608813860068,0.10289999842643738,0.40549999475479126,1.6497999429702759,-0.5,-0.5,0.5,-0.5,4.24938440322876,0.16513124108314514,0.0
13.04,1.0063135671930032,2.68192626897408,0.6010778220792066,5.012571158291001,-0.019402498435466597,3.827329112970297,-0.24086853886524118,0.10554528352092597,0.4060441768972124,1.6471244302827133,-0.0034699301353343106,0.002235236883833537,-0.0018193073440838875,-1.5723559959790105,-0.0009498383671950883,1.5706755522292755,0.10289999842643738,0.40549999475479126,1.6497999429702759,-0.5,-0.5,0.5,-0.5,4.575433731079102,0.1950361281633377,0.0
13.05,1.0053029189694067,2.6817225797228526,0.6025143270871807,5.012904619285379,-0.0189620785085296,3.8274912079518995,-0.24186897721415157,0.10549587011239152,0.4059608146645791,1.647047097505255,-0.003645677235034305,0.002087598566617705,-0.0018949907964545087,-1.5723817944193967,-0.0009335007144359864,1.5706986150520235,0.10289999842643738,0.40549999475479126,1.6497999429702759,-0.5,-0.5,0.5,-0.5,4.778237819671631,0.1961497962474823,0.0
13.059,1.0043826591730616,2.681526711383502,0.6038286686371332,5.0132200961256,-0.018538291096507287,3.8276526011993193,-0.2427978785453373,0.10543441377742718,0.40587402726097727,1.6469718348168125,-0.0038130306155188605,0.002476398093151871,-0.001338165156025903,-1.572410249455997,-0.0008998588676574215,1.5707288027061788,0.10289999842643738,0.40549999475479126,1.6497999429702759,-0.5,-0.5,0.5,-0.5,4.370276927947998,0.17550089955329895,0.0
13.07,1.003211908731278,2.681270072384325,0.605451030364466,5.013619352007559,-0.018020694080364663,3.8278590001383908,-0.2439088141825856,0.10537705978755406,0.4057828108206724,1.646902830867528,-0.0041730317743616735,0.0029790618327671945,-0.0008460658249341725,-1.5724200094240839,-0.0008854348208897633,1.5707689031187968,0.10289999842643738,0.40549999475479126,1.6497999429702759,-0.5,-0.5,0.5,-0.5,4.595021724700928,0.19126155972480774,0.0
13.079,1.0022474466815448,2.681042479909654,0.6067679361711047,5.0139371271629045,-0.017606357716266174,3.828028739253601,-0.24478786365124705,0.10532866936004436,0.4056899656340375,1.6468409084931213,-0.004647461450520434,0.0031455665961725525,-0.0008777861188093022,-1.5723956608966596,-0.0008893139362577962,1.5708176479005616,0.10289999842643738,0.40549999475479126,1.6497999429702759,-0.5,-0.5,0.5,-0.5,4.714502334594727,0.1878385841846466,0.0
13.089,1.0011848945340889,2.680763184577512,0.6082172815214095,5.01426761843794,-0.01714112344912344,3.828236424521709,-0.24578499683053145,0.10528385182130472,0.4056015607794975,1.6467827604189098,-0.004824663667264041,0.0033787937971301463,-0.000743188101786107,-1.57235823895787,-0.000903514952450557,1.5708596369483356,0.10289999842643738,0.40549999475479126,1.6497999429702759,-0.5,-0.5,0.5,-0.5,4.176033973693848,0.1571142077445984,0.0
13.099,1.000131954464032,2.680487100925073,0.6096570064566222,5.014593696346863,-0.016708090520862307,3.828459042175133,-0.24678678245668273,0.10524346169711488,0.40551768203506366,1.6467249006640299,-0.003793516956817038,0.0029785032090363307,-0.0012008114572342392,-1.5723470365218024,-0.000932284372916925,1.5708769173827042,0.10289999842643738,0.40549999475479126,1.6497999429702759,-0.5,-0.5,0.5,-0.5,4.417742729187012,0.17309284210205078,0.0
13.109,0.9990940092487817,2.680243113138075,0.6110932846598169,5.0149238618163965,-0.016324425010081356,3.8286729104789785,-0.2477758205984344,0.10519398900731809,0.4054323636052875,1.6466626291068884,-0.002991338819263494,0.002750553426316204,-0.001268901636078276,-1.5723737391324906,-0.000916259507911299,1.5708818257706434,0.10289999842643738,0.40549999475479126,1.6497999429702759,-0.5,-0.5,0.5,-0.5,4.86276912689209,0.1953086405992508,0.0
13.119,0.9980390703356177,2.6799922749034897,0.6125441649174048,5.015241904793351,-0.01592429601277079,3.828903409621268,-0.2488155582284417,0.10514047634447364,0.4053475402924735,1.6465958871075264,-0.003212540209228055,0.003091558941391761,-0.0007575703160740342,-1.5724404407556767,-0.0008858431709457548,1.5708701038071229,0.10289999842643738,0.40549999475479126,1.6497999429702759,-0.5,-0.5,0.5,-0.5,4.713259696960449,0.1678590327501297,0.0
13.129,0.9969532783149289,2.6796978127652027,0.6139880354467273,5.015521582847459,-0.015511881896490998,3.8291335380573663,-0.2498738956475286,0.10509859302279989,0.4052676952937233,1.6465300748908855,-0.004470305976746981,0.003740678584469122,-9.99534759453469e-05,-1.5725182317133806,-0.000898260457940836,1.570838947250473,0.10289999842643738,0.40549999475479126,1.6497999429702759,-0.5,-0.5,0.5,-0.5,4.735421657562256,0.1631757766008377,0.0
13.139,0.9958747344291696,2.6793550053196418,0.6153903304157797,5.01575507087855,-0.015097267614571308,3.8293329667551097,-0.2509149286987675,0.10507712837251344,0.40519728914377723,1.6464716632887026,-0.005800706281629337,0.0038842456625240037,-0.0002812208399800501,-1.572576715791929,-0.0009533476267642449,1.5708207150037898,0.10289999842643738,0.40549999475479126,1.6497999429702759,-0.5,-0.5,0.5,-0.5,4.843170166015625,0.17195770144462585,0.0
13.149,0.9948421627195119,2.6789986265961536,0.6167591525552245,5.015966177020667,-0.014639169853229106,3.829525828768795,-0.2519758142930968,0.10506156444766902,0.40513383897438815,1.6464230699560989,-0.005400478023119443,0.0034827358034305984,-0.0008188746069492703,-1.5726137038026597,-0.0010344573804186297,1.57082242494607,0.10289999842643738,0.40549999475479126,1.6497999429702759,-0.5,-0.5,0.5,-0.5,4.671088218688965,0.17001405358314514,0.0
13.159,0.9938631595488294,2.6786638659458157,0.6181038908926597,5.016169959036436,-0.014182551238486774,3.829731012677567,-0.25303357577275243,0.1050386642057324,0.40507332385085637,1.6463733107804879,-0.004928338820497443,0.0029328815284323318,-0.0013781344051998017,-1.5726528669658686,-0.0011194894425026192,1.5708111681140176,0.10289999842643738,0.40549999475479126,1.6497999429702759,-0.5,-0.5,0.5,-0.5,4.720276832580566,0.17855024337768555,0.0
13.168,0.9930406896700363,2.6783821854004133,0.6192905081648261,5.016354962516871,-0.013818420428933997,3.8299300937527816,-0.2539596693015653,0.10499941394629998,0.40501390428077266,1.64632323812284,-0.004431309997972507,0.0022840071417382607,-0.0019412961538404691,-1.5727153587759202,-0.0011546519573730762,1.570766377348335,0.10289999842643738,0.40549999475479126,1.6497999429702759,-0.5,-0.5,0.5,-0.5,5.878335952758789,0.25086912512779236,0.0
13.18,0.9919769788658774,2.678034512206062,0.6208836103599795,5.016614196301095,-0.01334051460916097,3.8301991101282065,-0.25522546981871663,0.10493175219335822,0.40494758162197786,1.6462695016699074,-0.003820892193973675,0.0022100547617930955,-0.001635770153573935,-1.5728219345012047,-0.001122892245411844,1.570694323783592,0.10289999842643738,0.40549999475479126,1.6497999429702759,-0.5,-0.5,0.5,-0.5,5.539583683013916,0.20940181612968445,0.0
13.188,0.9912458330632417,2.677783254045168,0.6219661265495677,5.016784134035415,-0.013016692486623072,3.830381804239316,-0.25609471434273523,0.10487055264080038,0.4048909674173456,1.6462301910258386,-0.005046070848267652,0.002822029059483936,-0.0009059828440698758,-1.5729340280656288,-0.0010865730445592803,1.570634694694721,0.10289999842643738,0.40549999475479126,1.6497999429702759,-0.5,-0.5,0.5,-0.5,4.7649006843566895,0.16754616796970367,0.0
13.198,0.9902905958468198,2.677391186614293,0.6233229968787244,5.01694691413888,-0.012640001134918144,3.830594304686648,-0.25714570287144944,0.10481620319130687,0.40483595299958214,1.6462009477112207,-0.006753769580434817,0.003797210383549588,-0.00011197497871845008,-1.5730270189315565,-0.0010656196355842695,1.570577066328942,0.10289999842643738,0.40549999475479126,1.6497999429702759,-0.5,-0.5,0.5,-0.5,4.971921920776367,0.1995498239994049,0.0
13.208,0.9893044340707879,2.6769320724365118,0.6246956190517832,5.017060861056981,-0.01224481169882452,3.8307950034031277,-0.2582029114560047,0.10478133796893722,0.40479347510737457,1.6461872195866822,-0.007437681442316945,0.004054984403072359,-0.00023182747505213474,-1.5730671830366307,-0.0010767754088982784,1.5705298914320593,0.10289999842643738,0.40549999475479126,1.6497999429702759,-0.5,-0.5,0.5,-0.5,5.182769775390625,0.20688821375370026,0.0
13.218,0.9883220705089597,2.6764597950901097,0.6260785901240613,5.017165757161288,-0.011826030298053958,3.8310070928355735,-0.2592719143158604,0.10475103170132795,0.4047577155226071,1.6461849118882343,-0.006315629027132841,0.00374251841674391,-0.0006349195140266697,-1.573077580866961,-0.0011135075969983532,1.570482481500805,0.10289999842643738,0.40549999475479126,1.6497999429702759,-0.5,-0.5,0.5,-0.5,4.591300010681152,0.16575351357460022,0.0
13.228,0.9873315001277154,2.676017619070115,0.6274782132935943,5.017291700470624,-0.011444420888728324,3.831225459959624,-0.2603154851839449,0.10471615949277638,0.40472155978628843,1.6461855755713957,-0.004698420119643327,0.003353485588363518,-0.0008510430234260363,-1.573085132746578,-0.0011327601808392984,1.5704260597797446,0.10289999842643738,0.40549999475479126,1.6497999429702759,-0.5,-0.5,0.5,-0.5,4.845886707305908,0.17183545231819153,0.0
13.239,0.9862244519229533,2.6755567922026264,0.6290403057820004,5.017467392619706,-0.011042963631113345,3.831486088514999,-0.26148633007691835,0.10467660190109039,0.40468055573561645,1.6461899827678903,-0.003614659899302862,0.0030849096842431446,-0.0008798856363928239,-1.5731209775276314,-0.0011218510456139086,1.5703673510099934,0.10289999842643738,0.40549999475479126,1.6497999429702759,-0.5,-0.5,0.5,-0.5,4.685534954071045,0.16412635147571564,0.0
13.248,0.9853041768500281,2.6751680793847035,0.6303281384890029,5.017631510535173,-0.010696524705942068,3.8317247588570824,-0.26249090098158057,0.1046369586458688,0.40463667064549924,1.646201248428336,-0.003689173339021751,0.003254720444710021,-0.0005772689765514365,-1.5731873160845158,-0.0011208737082042397,1.5703135020971928,0.10289999842643738,0.40549999475479126,1.6497999429702759,-0.5,-0.5,0.5,-0.5,4.6858015060424805,0.183058962225914,0.0
13.259,0.9841476266486646,2.6746567580492515,0.6319013582153818,5.0178443291947845,-0.010292254867490414,3.832018731764008,-0.26370749453435494,0.10460623534530661,0.4045923327804471,1.6462250855634564,-0.004000010833368015,0.003588074506357192,-0.00025073832915713495,-1.5732601837542408,-0.0011377941442676232,1.5702790656336838,0.10289999842643738,0.40549999475479126,1.6497999429702759,-0.5,-0.5,0.5,-0.5,4.657299518585205,0.18584485352039337,0.0
13.269,0.9830742326164517,2.6741644173881065,0.6333261582253682,5.018050153749613,-0.009921589497646544,3.8322717181708326,-0.2648084940470241,0.10458700131248419,0.4045478378037349,1.6462622104867584,-0.004211607960320927,0.003758012819622623,-0.0002191824070144906,-1.5733086255607107,-0.001167763765420382,1.5702850175370933,0.10289999842643738,0.40549999475479126,1.6497999429702759,-0.5,-0.5,0.5,-0.5,4.86979866027832,0.19688552618026733,0.0
13.278,0.9821047835946777,2.6737124115991913,0.6346042251567567,5.018250671586607,-0.009556653468446363,3.8325052988974537,-0.2658364505536337,0.10457578864301725,0.40450205798852534,1.6463117068610769,-0.0036374877022776536,0.003682100133514319,-0.00039040541928172,-1.573355588687672,-0.0012261530589370295,1.57033297080229,0.10289999842643738,0.40549999475479126,1.6497999429702759,-0.5,-0.5,0.5,-0.5,4.791638374328613,0.18166087567806244,0.0
13.289,0.9809239143909183,2.6732030595875065,0.636175955837893,5.018512368161263,-0.009123261253605186,3.8327989381844842,-0.2670822803200412,0.10456496090812749,0.4044546525352195,1.6463621791503211,-0.0013427818987213204,0.0030660775266892547,-0.000984190473952811,-1.573418399609178,-0.0012959496709559204,1.5703839597069724,0.10289999842643738,0.40549999475479126,1.6497999429702759,-0.5,-0.5,0.5,-0.5,4.757589817047119,0.18106338381767273,0.0
13.299,0.9798701965295988,2.6727856310666267,0.637621386690145,5.018743216168171,-0.008752605235573974,3.833056454838969,-0.2681971265168386,0.10454179567973929,0.4044056695246689,1.6463996129997733,-0.0008850986415365082,0.0026469229755269417,-0.001339055097157604,-1.5734920950817646,-0.0013243104894877789,1.5704074821242817,0.10289999842643738,0.40549999475479126,1.6497999429702759,-0.5,-0.5,0.5,-0.5,4.992661952972412,0.18271848559379578,0.0
13.309,0.9788511236565869,2.672349209400969,0.6390662815691011,5.018946395628404,-0.008362806656954547,3.833314014294526,-0.26935515435001456,0.10450591032321721,0.40436212432115876,1.6464304514582262,-0.0019817036549877385,0.0026875835706640975,-0.0011972329880844278,-1.573583268440569,-0.001323632607630465,1.5704077121472517,0.10289999842643738,0.40549999475479126,1.6497999429702759,-0.5,-0.5,0.5,-0.5,4.870919227600098,0.17911985516548157,0.0
13.319,0.9778236455443166,2.671870755798577,0.6405099766598648,5.019134446776234,-0.007978105815699799,3.8335649127368097,-0.2705223896564455,0.10446726718194416,0.4043244515433506,1.6464667544565637,-0.0028530173477078146,0.0032197021545511276,-0.0004890761795084797,-1.57368056687649,-0.0013196622731967977,1.5704093540640685,0.10289999842643738,0.40549999475479126,1.6497999429702759,-0.5,-0.5,0.5,-0.5,4.556492328643799,0.17957641184329987,0.0
13.329,0.9767525847464311,2.6713502010209575,0.6419665062606743,5.019301049167901,-0.007619089684967939,3.8337833159641628,-0.2716684867050976,0.1044408051369419,0.40428886969609645,1.6465122858867325,-0.004047324157061891,0.0037310360679131266,-0.0001553326099872187,-1.5737592630837447,-0.0013251721571836406,1.5704353078544981,0.10289999842643738,0.40549999475479126,1.6497999429702759,-0.5,-0.5,0.5,-0.5,4.587963581085205,0.17242644727230072,0.0
13.339,0.9756519589101424,2.67078885165854,0.6434476530877573,5.0194385059372335,-0.0072501988893423075,3.8339795574719906,-0.27284111912960185,0.10442575844622909,0.40425985387849345,1.6465668094018182,-0.004169884577845781,0.0038940888765097827,-0.00015630304102085712,-1.5738169742685804,-0.0013409578662271215,1.5704842189016566,0.10289999842643738,0.40549999475479126,1.6497999429702759,-0.5,-0.5,0.5,-0.5,4.589425563812256,0.1636275202035904,0.0
13.349,0.9745323144800375,2.670233519596045,0.6449487298678447,5.019575303167463,-0.006887866064499981,3.834168393300514,-0.2740162491976328,0.10441627676624642,0.40423517628005257,1.6466238018224884,-0.002886322765987847,0.003611143511405453,-0.0003949880359587321,-1.573873375046298,-0.0013680101079422968,1.5705392848048838,0.10289999842643738,0.40549999475479126,1.6497999429702759,-0.5,-0.5,0.5,-0.5,4.357205867767334,0.16193003952503204,0.0
13.359,0.9734187687121212,2.6697082828833762,0.6464491658208269,5.01971852806346,-0.006562087273594308,3.8343562867033416,-0.27515130336378135,0.10440511270785711,0.4042090550935121,1.6466773069824432,-0.001918336034123276,0.00315800903071548,-0.0007052700735422053,-1.5739314960450483,-0.0013753925278399137,1.5705901283083765,0.10289999842643738,0.40549999475479126,1.6497999429702759,-0.5,-0.5,0.5,-0.5,4.502078056335449,0.17079491913318634,0.0
13.369,0.9723370854191478,2.669189426677101,0.6479396509913373,5.019852260313929,-0.0062343695841100555,3.834557578622049,-0.27629243002955306,0.10438791380961861,0.4041858400068306,1.6467259159998513,-0.0017084386426980513,0.0027830145970452655,-0.0009081111292801577,-1.5739927536286573,-0.001361020716208472,1.5706202518993404,0.10289999842643738,0.40549999475479126,1.6497999429702759,-0.5,-0.5,0.5,-0.5,4.4726715087890625,0.17207638919353485,0.0
13.379,0.9712719439363591,2.6686584551848886,0.6494301021080169,5.019982496833219,-0.005898841705710645,3.834780546188383,-0.2774428786224785,0.1043645625899322,0.4041665258234255,1.6467746361977271,-0.001697426592609524,0.002725432555777329,-0.0007634334954210115,-1.574059634437374,-0.0013403852609767952,1.5706355841793418,0.10289999842643738,0.40549999475479126,1.6497999429702759,-0.5,-0.5,0.5,-0.5,4.293615818023682,0.1625491827726364,0.0
13.389,0.9701939903180401,2.6681161042517845,0.6509339581623079,5.020121499258362,-0.005576966522194304,3.8350201860550834,-0.2785603784206252,0.1043404534018963,0.4041486688560314,1.6468258536317035,-0.00151340440453309,0.002749678311846519,-0.000589545211739763,-1.5741033406688223,-0.0013135190619979475,1.5706394742399747,0.10289999842643738,0.40549999475479126,1.6497999429702759,-0.5,-0.5,0.5,-0.5,4.392262935638428,0.17228266596794128,0.0
13.399000000000001,0.9691065159899575,2.667569754854223,0.652455051125072,5.02027505963435,-0.005235095341803664,3.8352709596485512,-0.2796791725562624,0.10431686254309755,0.40412926195482135,1.6468796821906408,-0.0013318664476306976,0.002667263734473707,-0.0006208923930711871,-1.5741125822848687,-0.0012853321062804568,1.5706469523179223,0.10289999842643738,0.40549999475479126,1.6497999429702759,-0.5,-0.5,0.5,-0.5,4.228884220123291,0.1598377227783203,0.0
13.409,0.9680151432939796,2.6670237089511426,0.6539966769799435,5.020435512063766,-0.004858436843369951,3.8355328351250266,-0.28083104429677874,0.10429088463849152,0.40410883409993914,1.6469341941319924,-0.0008217473680336535,0.002588373402845538,-0.0006067382377690544,-1.574111825476512,-0.0012668763596819232,1.5706592260180772,0.10289999842643738,0.40549999475479126,1.6497999429702759,-0.5,-0.5,0.5,-0.5,4.222153186798096,0.162187859416008,0.0
13.418,0.96702003238532,2.666541310250559,0.6554005244567707,5.020576457624761,-0.0045241798321544735,3.8357636610478947,-0.2818581104551221,0.10426313133794168,0.4040892037168653,1.6469834678742545,-0.00015126992825040522,0.0025581434659540346,-0.0004761688994966283,-1.5741070307940437,-0.0012493615270479097,1.5706644284386717,0.10289999842643738,0.40549999475479126,1.6497999429702759,-0.5,-0.5,0.5,-0.5,4.207269668579102,0.15042084455490112,0.0
13.429,0.9658080098756967,2.6659540750025466,0.6571113575761949,5.0207287586949585,-0.004113619833240101,3.8360297968815233,-0.28311047400733713,0.10423658646100972,0.40407213992126023,1.6470242972472244,-0.00035334454741413194,0.002509237142224516,-0.00043775556176929196,-1.5740923245983527,-0.0012264902620495732,1.570664655249266,0.10289999842643738,0.40549999475479126,1.6497999429702759,-0.5,-0.5,0.5,-0.5,4.059911251068115,0.14296868443489075,0.0
13.439,0.9647207100590984,2.6654168005281713,0.6586566218734946,5.020862517103988,-0.0037115606311370897,3.8362658207328133,-0.2842903618829826,0.1042107971413513,0.4040600302833845,1.6470609266726988,-0.0001357466435673292,0.002404818324193048,-0.00042363790840988126,-1.5740890527547429,-0.0012153831857220077,1.570666905835009,0.10289999842643738,0.40549999475479126,1.6497999429702759,-0.5,-0.5,0.5,-0.5,4.208365440368652,0.16828495264053345,0.0
13.449,0.9636458985908147,2.6648823454262116,0.6601881379830958,5.021005398566382,-0.003316238339959199,3.8364864100784875,-0.2854615812237178,0.10418430368084752,0.4040457978972481,1.6470969008281573,-0.0004640476014659223,0.002289241792228986,-0.00045466708162918623,-1.5741025588344537,-0.0012058138509596361,1.5706881059629028,0.10289999842643738,0.40549999475479126,1.6497999429702759,-0.5,-0.5,0.5,-0.5,4.148372650146484,0.15998944640159607,0.0
13.459,0.9625857803360729,2.664346302194631,0.6617060555678478,5.021136072482879,-0.002942942226088263,3.836682131024376,-0.28659340485868157,0.10415596537968447,0.4040332352075797,1.6471320223923822,-0.00020607348565211133,0.0021888938404954665,-0.0004127231982803798,-1.5741007490031207,-0.0011772721986345047,1.5707291612213816,0.10289999842643738,0.40549999475479126,1.6497999429702759,-0.5,-0.5,0.5,-0.5,4.031032085418701,0.14627453684806824,0.0
13.47,0.9613949911387047,2.6637605795050243,0.6633982680740091,5.021241794352117,-0.002526936328796303,3.8368892799313983,-0.2878319810394139,0.10412563628434611,0.40402419782943894,1.6471603395342558,0.0004281671500191841,0.002380666162187232,-7.765495632115811e-06,-1.574080625168238,-0.0011379059252241142,1.5707673859677223,0.10289999842643738,0.40549999475479126,1.6497999429702759,-0.5,-0.5,0.5,-0.5,4.223464488983154,0.1594364047050476,0.0
13.479,0.960389394094828,2.6632824920990954,0.6647997488390169,5.021291288058576,-0.0021917625947693864,3.83705273317445,-0.2888197726965558,0.10410933488120824,0.4040248231922955,1.6471681926228783,0.0004761795961075612,0.0025225769397083414,0.0002091494365914863,-1.5740465865436202,-0.0011290589163062137,1.5707578556181485,0.10289999842643738,0.40549999475479126,1.6497999429702759,-0.5,-0.5,0.5,-0.5,4.2673797607421875,0.14297430217266083,0.0
13.488,0.9593861947118247,2.6627975342344454,0.6661865282777564,5.021326235845961,-0.0018790742727210485,3.8372029944245956,-0.28975663684393815,0.1040999345181021,0.40402993912817364,1.6471703438224978,-0.0002699051739634867,0.0024725494364379423,8.068670514381711e-05,-1.5739728943385833,-0.0011273234840385449,1.5707315509076745,0.10289999842643738,0.40549999475479126,1.6497999429702759,-0.5,-0.5,0.5,-0.5,4.162238121032715,0.13240332901477814,0.0
13.5,0.9580849513396954,2.662126391353172,0.6680076081459614,5.021369524589855,-0.0014504084060158462,3.8373943199856155,-0.2910092334521739,0.1040917427401465,0.4040374418753218,1.64717588536654,-0.0012349434792949684,0.002297465166324643,-0.00010493025477129743,-1.573871008261203,-0.001118718253435791,1.5707162823312963,0.10289999842643738,0.40549999475479126,1.6497999429702759,-0.5,-0.5,0.5,-0.5,3.848498821258545,0.13381950557231903,0.0
13.509,0.9571321716622192,2.6616144416438727,0.6693614381423751,5.0214169503724415,-0.001123483655981694,3.837531078663427,-0.2919583690718941,0.10407996841542183,0.4040446886939194,1.6471908490918703,-0.0014484467204651217,0.002006744680860809,-0.00032290786867960263,-1.5737648540382612,-0.0011075628341572497,1.5707259414496784,0.10289999842643738,0.40549999475479126,1.6497999429702759,-0.5,-0.5,0.5,-0.5,3.923290252685547,0.15260440111160278,0.0
13.519,0.9560785567938082,2.6610530666798615,0.6708666476249574,5.021492995051751,-0.0007953173347585718,3.8376735696376336,-0.29297798941286146,0.10406440899368814,0.40404682342343423,1.6472105704288473,-0.001029604936612081,0.0018493696128959864,-0.00027799538580712145,-1.5736718137566352,-0.0010688309318229727,1.5707597591475206,0.10289999842643738,0.40549999475479126,1.6497999429702759,-0.5,-0.5,0.5,-0.5,3.9433844089508057,0.14272205531597137,0.0
13.529,0.9549955856495975,2.660510481352273,0.6724009312764823,5.0215861051747055,-0.0004655261674768596,3.8378225282837244,-0.29401454854517795,0.10404466194591437,0.40404584615499445,1.6472350420761597,0.0002500259303497829,0.001782387174052336,-2.8232059412077166e-05,-1.5735709745039346,-0.001003736944278355,1.5708023068541435,0.10289999842643738,0.40549999475479126,1.6497999429702759,-0.5,-0.5,0.5,-0.5,3.937065839767456,0.14524607360363007,0.0
13.538,0.9539999476624006,2.6600251949401743,0.6737982534930378,5.02166881980418,-0.00014196952226086523,3.837962698032822,-0.2949769167596994,0.10402903657745317,0.4040432834732026,1.647255907382807,-7.808886831748482e-06,0.001921701958213133,0.00016855130915070438,-1.5734883357899137,-0.0009605162313253146,1.5708347358641253,0.10289999842643738,0.40549999475479126,1.6497999429702759,-0.5,-0.5,0.5,-0.5,3.948331594467163,0.14013227820396423,0.0
13.549,0.9527848013675468,2.659392339333489,0.6754959827070808,5.021752166725502,0.00024717846396971055,3.83813010919419,-0.29612679160699074,0.10401963353206649,0.4040454911678608,1.6472822213220484,-0.0006159882308775539,0.0020694844217804785,0.0002954338127323846,-1.5733840892952133,-0.0009343084572819293,1.5708729313936396,0.10289999842643738,0.40549999475479126,1.6497999429702759,-0.5,-0.5,0.5,-0.5,3.9315404891967773,0.12742191553115845,0.0
13.558,0.9517997858092615,2.6588505815165027,0.6768742232765641,5.021809606987171,0.0005651499226466683,3.838266118223032,-0.29705930235337163,0.10401515198623133,0.4040525250707331,1.6473166905580932,-0.0006555589329749414,0.0019795236102542672,0.00021473964514567595,-1.5732447083279253,-0.0009077214123034416,1.5709251168372262,0.10289999842643738,0.40549999475479126,1.6497999429702759,-0.5,-0.5,0.5,-0.5,3.8662970066070557,0.13899996876716614,0.0
13.568,0.950738079048004,2.6582432939929648,0.6783924804867656,5.021863021391639,0.0009409875371035881,3.8384214420273084,-0.2981272963636066,0.10401058096475012,0.40406420826652406,1.6473540846647452,-0.00041434074078793134,0.001555059458528241,-0.00016976453899315855,-1.573109759917661,-0.0008886431079799806,1.5709791669810356,0.10289999842643738,0.40549999475479126,1.6497999429702759,-0.5,-0.5,0.5,-0.5,3.6527626514434814,0.14730876684188843,0.0
13.579,0.9495792451404013,2.6575908253012814,0.6800676740876481,5.021911934864181,0.0013461899596842741,3.838576926704465,-0.2992939461779347,0.1039988514122488,0.4040796831879927,1.647391087230222,0.0005510408001131083,0.0014415822279193902,8.847605182266424e-05,-1.5729842739436386,-0.0008536076047285235,1.5710302536267164,0.10289999842643738,0.40549999475479126,1.6497999429702759,-0.5,-0.5,0.5,-0.5,3.599879026412964,0.14083386957645416,0.0
13.588,0.9486049276005444,2.6570753957781124,0.6814569045914931,5.021948474687863,0.0016684858146280845,3.8386920592628586,-0.3002415350151644,0.10398924958026275,0.4040962308086894,1.6474247555252324,0.001169383647922465,0.0013886498845960982,0.00026365253591682433,-1.5728538360342992,-0.000810677770263446,1.5710753707431993,0.10289999842643738,0.40549999475479126,1.6497999429702759,-0.5,-0.5,0.5,-0.5,3.6529476642608643,0.13313204050064087,0.0
13.598,0.9475066763399331,2.656504322180255,0.6830102447312134,5.0219864600003,0.0020452182120660467,3.838828320042392,-0.30133554154727804,0.10398410682272487,0.4041133397285844,1.6474564217109424,0.0010325142623188366,0.0014782679607334031,0.0004680798811720375,-1.5727429195027913,-0.0007804487853366737,1.5711100254535346,0.10289999842643738,0.40549999475479126,1.6497999429702759,-0.5,-0.5,0.5,-0.5,3.5466532707214355,0.13466084003448486,0.0
13.608,0.9463974970816915,2.655920639242022,0.684563184313502,5.022021792790469,0.0024210831722699666,3.8389801528505094,-0.30244942507593287,0.1039852900025393,0.40413168401815264,1.6474906669430962,0.0008019277620462441,0.0015403604854372405,0.000613243309899397,-1.5726516935790655,-0.0007716312954038074,1.571135540617124,0.10289999842643738,0.40549999475479126,1.6497999429702759,-0.5,-0.5,0.5,-0.5,3.4652388095855713,0.13162125647068024,0.0
13.619,0.9451484015344684,2.6552665466854934,0.6862693225797489,5.022061118272852,0.0028053603346211986,3.839165038550756,-0.30365484006503785,0.10399431739860626,0.4041504885910729,1.6475274382855793,0.0006780673697463268,0.0018290384883382226,0.0010175224993931925,-1.5725636872698938,-0.0007703467355626437,1.5711475265660853,0.10289999842643738,0.40549999475479126,1.6497999429702759,-0.5,-0.5,0.5,-0.5,3.6418657302856445,0.12988883256912231,0.0
13.628,0.9441015276462563,2.6547211894697034,0.6876723193119894,5.022094549860522,0.003127947290970212,3.839327350989227,-0.30465663554192446,0.1040167065912398,0.40416898950109736,1.6475670710727726,0.00037575533906492503,0.0018101657711878608,0.0009172837494771245,-1.572472878234714,-0.0007958361448769935,1.5711492497901332,0.10289999842643738,0.40549999475479126,1.6497999429702759,-0.5,-0.5,0.5,-0.5,3.730483293533325,0.13522039353847504,0.0
13.638,0.9429415021747571,2.6541093080869347,0.6892281098372068,5.022140117172465,0.0034920552360082624,3.8395110003336708,-0.30577892747666624,0.10404459450037719,0.40418685503993346,1.6476123856039615,0.0002801263145198066,0.001614907184740168,0.0006835592223458917,-1.5723860715586049,-0.0008392713594034262,1.5711547380875819,0.10289999842643738,0.40549999475479126,1.6497999429702759,-0.5,-0.5,0.5,-0.5,3.5523529052734375,0.12965701520442963,0.0
13.648,0.9417921654472741,2.6535021869473328,0.690779882536483,5.0221996033177945,0.0038256620389942597,3.8396870734825015,-0.3068822798124433,0.10407388851064303,0.4042039124730674,1.6476690385765456,0.000430004836278294,0.0012272004986010271,0.0003340257549573707,-1.5722891853190728,-0.0008670210044900983,1.571174142471549,0.10289999842643738,0.40549999475479126,1.6497999429702759,-0.5,-0.5,0.5,-0.5,3.5193285942077637,0.13783955574035645,0.0
13.658,0.9406633703270311,2.652905188125824,0.692327204030005,5.022266440184959,0.004139975817115449,3.8398562119714796,-0.3080008648458801,0.10409218298753371,0.40421640881400706,1.647719117170469,0.0006636161536422263,0.0008676900899998362,0.00012778275574727425,-1.5722318818465677,-0.0008586706197535321,1.5711963106819242,0.10289999842643738,0.40549999475479126,1.6497999429702759,-0.5,-0.5,0.5,-0.5,3.450052499771118,0.1375228464603424,0.0
13.668,0.9395331121587587,2.6523212309291955,0.6938882850645456,5.022333464955552,0.004455383719107253,3.8400255960874583,-0.30915055604377706,0.10410776766853563,0.40423064496475225,1.6477758601524715,0.001485711353790243,0.0007454948391074605,0.00025236385875629586,-1.5722034686424997,-0.0008346065095903299,1.5712174154257423,0.10289999842643738,0.40549999475479126,1.6497999429702759,-0.5,-0.5,0.5,-0.5,3.5244150161743164,0.14646229147911072,0.0
13.678,0.9383892961951998,2.6517568343516187,0.6954698069081928,5.022402979879757,0.004757639017604731,3.8401963131674535,-0.3102823655461897,0.10412262961646711,0.40424500087680854,1.6478286364198749,0.002132642506727086,0.0005212611753226991,0.00018617451900784654,-1.5721837514515729,-0.000802777898032847,1.5712211434634653,0.10289999842643738,0.40549999475479126,1.6497999429702759,-0.5,-0.5,0.5,-0.5,3.4401943683624268,0.1291505992412567,0.0
13.689,0.9371404743727139,2.6511434473362483,0.6972119310500755,5.022488431026645,0.005098697814026387,3.840404160795498,-0.3115292189893051,0.10413357137387841,0.4042585839014708,1.6478788341828419,0.0019809202042236833,0.0004426086728633739,0.0002773126436178309,-1.5721496627669151,-0.0007579258659911048,1.5712121034560216,0.10289999842643738,0.40549999475479126,1.6497999429702759,-0.5,-0.5,0.5,-0.5,3.3811051845550537,0.12924925982952118,0.0
