eef_pos_x,eef_pos_y,eef_pos_z,eef_vel_0,eef_vel_1,eef_vel_2,eef_rpy_roll,eef_rpy_pitch,eef_rpy_yaw,target_pos_x,target_pos_y,target_pos_z,target_rpy_roll,target_rpy_pitch,target_rpy_yaw,drone_pos_x,drone_pos_y,drone_pos_z
-0.009084409090168052,0.6417481540367347,2.0600386641932174,-0.012493556840197494,-0.00019718701907761577,0.00012238507043865206,-1.571572543258025,-0.0010001139167119533,1.1237437120723839,0.10289999842643738,0.40549999475479126,1.6497999429702759,-1.5707963267948966,0.0,1.5707963267948966,2.797630702540016e-05,0.008876371120699061,2.15357292441727
-0.009085214355767328,0.6416194975961331,2.060415357714816,-0.018148765812233656,-0.00024297999891699558,7.088934536804567e-06,-1.5715799979545275,-0.000985020965861949,1.1237129134337107,0.10289999842643738,0.40549999475479126,1.6497999429702759,-1.5707963267948966,0.0,1.5707963267948966,2.8272469840797862e-05,0.008757850053475036,2.1540234344439035
-0.009092171183849876,0.6413091966119059,2.0613658756396154,-0.03545809223549259,-0.00024421699654715833,-0.00013578532413969664,-1.5715963403208888,-0.000954847492484312,1.1234925955490307,0.10289999842643738,0.40549999475479126,1.6497999429702759,-1.5707963267948966,0.0,1.5707963267948966,2.9659064500391395e-05,0.008469689093514698,2.1550305137963495
-0.009102946778917043,0.6410128965510765,2.062260481309566,-0.039459443722917924,-5.043063541741535e-05,-3.2266776707705896e-05,-1.5716248913770732,-0.0009479863965471402,1.1230657535056277,0.10289999842643738,0.40549999475479126,1.6497999429702759,-1.5707963267948966,0.0,1.5707963267948966,3.168323265980655e-05,0.008190761801648211,2.155896244276781
-0.009115113141768993,0.640725386966601,2.063028865841246,-0.0356312187190841,0.00015506658642075964,7.420371444405556e-05,-1.571667256498408,-0.000942720837311839,1.1224498523638209,0.10289999842643738,0.40549999475479126,1.6497999429702759,-1.5707963267948966,0.0,1.5707963267948966,3.406544319825726e-05,0.007916685666158075,2.1566483504815004
-0.009130808343395807,0.6403903868640094,2.0637808861760276,-0.028717920084774518,0.0002582631368526916,0.0001533010951472313,-1.571715994624881,-0.000933145532019175,1.1215489024313077,0.10289999842643738,0.40549999475479126,1.6497999429702759,-1.5707963267948966,0.0,1.5707963267948966,3.730019031123843e-05,0.007592015071778906,2.157414610307731
-0.009143446948521764,0.6401496402868267,2.064232238344165,-0.023377831170978105,0.0002810869165049743,0.000121936846997846,-1.5717509602021547,-0.0009493715034949446,1.1208021604500895,0.10289999842643738,0.40549999475479126,1.6497999429702759,-1.5707963267948966,0.0,1.5707963267948966,3.99759751841462e-05,0.0073512613646627605,2.15789570158735
-0.009158090011768753,0.6399203070476203,2.0645952354481083,-0.019405440205861775,1.4459856743335831e-05,0.00013879949810399617,-1.5717688011853845,-0.0009731248742266274,1.1200293816874982,0.10289999842643738,0.40549999475479126,1.6497999429702759,-1.5707963267948966,0.0,1.5707963267948966,4.295794068883612e-05,0.007113098093977438,2.1582988349153456
-0.009177377187414786,0.6396539657738183,2.064934544779878,-0.0164454682058768,-0.0004310497234706309,0.00021733738910323914,-1.5717600660371753,-0.0010016500623120095,1.119087594953243,0.10289999842643738,0.40549999475479126,1.6497999429702759,-1.5707963267948966,0.0,1.5707963267948966,4.669186829051335e-05,0.006826900739793527,2.158687335415547
-0.00919470389933395,0.6394256996017851,2.0651497862133876,-0.01457911961371715,-0.000759478480268794,0.00029975765455444607,-1.5717378578261731,-0.0010543003747471857,1.1182399626085204,0.10289999842643738,0.40549999475479126,1.6497999429702759,-1.5707963267948966,0.0,1.5707963267948966,4.999541584672268e-05,0.006572152224479502,2.1589335658277586
-0.009210235905421506,0.6392296037840357,2.0652671470397665,-0.012204078378920282,-0.000918417430568987,0.00031296294118701723,-1.5717187239698238,-0.0011025628994936199,1.11748814004082,0.10289999842643738,0.40549999475479126,1.6497999429702759,-1.5707963267948966,0.0,1.5707963267948966,5.289388562072792e-05,0.006347654899062403,2.1590686029358817
-0.009227708072720702,0.6390195761263757,2.06531203662741,-0.009970426840238208,-0.0009358970405260593,0.00034118869127452295,-1.5716842930332633,-0.0011434418282751935,1.1166835973108626,0.10289999842643738,0.40549999475479126,1.6497999429702759,-1.5707963267948966,0.0,1.5707963267948966,5.609051202559322e-05,0.006103959624972896,2.159139659161159
-0.009243030084793836,0.6388389615846953,2.0652807879469885,-0.008384708746258353,-0.0008619399428347947,0.00033945991717772555,-1.5716428299890177,-0.0011948528370364642,1.1159845816618228,0.10289999842643738,0.40549999475479126,1.6497999429702759,-1.5707963267948966,0.0,1.5707963267948966,5.927185708128029e-05,0.005866586645860681,2.159128309007122
-0.009259954925271123,0.6386480922825625,2.065170605999241,-0.006580421292660111,-0.0007311981028369715,0.0003328124627239613,-1.5716026626010224,-0.0012567832593890493,1.115232209341424,0.10289999842643738,0.40549999475479126,1.6497999429702759,-1.5707963267948966,0.0,1.5707963267948966,6.250261407067658e-05,0.005635799864088311,2.159038209018608
-0.00927716147412885,0.6384653082402146,2.06498485080667,-0.004741295438011658,-0.0006034423413159142,0.00033451960583635886,-1.5715617877273396,-0.001301503698687867,1.114506213005844,0.10289999842643738,0.40549999475479126,1.6497999429702759,-1.5707963267948966,0.0,1.5707963267948966,6.54623237603434e-05,0.005433876302257273,2.1588939157295863
-0.009295074748814434,0.6382741431158572,2.064698384540524,-0.0027777359385359733,-0.0004902957637405931,0.000390695341894109,-1.5715067036341983,-0.0013642048382171978,1.1137341252056534,0.10289999842643738,0.40549999475479126,1.6497999429702759,-1.5707963267948966,0.0,1.5707963267948966,6.902152991195999e-05,0.005194528451175645,2.158636039748422
-0.009315114925608988,0.6380633141198544,2.064252819267964,-0.0002478341478118316,-0.00042608634059337994,0.00034753808149187715,-1.5714521533477626,-0.001441735047268189,1.1128591552595735,0.10289999842643738,0.40549999475479126,1.6497999429702759,-1.5707963267948966,0.0,1.5707963267948966,7.315106431232483e-05,0.004922360326621699,2.158225923265435
-0.009326054163047352,0.6379553980762834,2.0639673267847605,0.001036007197653121,-0.0004075927574793028,0.00035350992109812497,-1.5714258712146774,-0.001471077465546422,1.1124047515894997,0.10289999842643738,0.40549999475479126,1.6497999429702759,-1.5707963267948966,0.0,1.5707963267948966,7.539370441348939e-05,0.004780618144722888,2.1579581538307937
-0.00934092590373356,0.6378081713332271,2.063507917850328,0.0027597211044798915,-0.0004038355496961054,0.0003661391714946124,-1.5713794983681857,-0.001526237698104893,1.1117795542575024,0.10289999842643738,0.40549999475479126,1.6497999429702759,-1.5707963267948966,0.0,1.5707963267948966,7.854288602790385e-05,0.004584116354544007,2.157524266751015
-0.009355604989654818,0.6376707821485098,2.062989838598097,0.004303735728868616,-0.00042095418155039025,0.00030925359797473787,-1.5713350233195167,-0.0015866811374340983,1.1111760942171225,0.10289999842643738,0.40549999475479126,1.6497999429702759,-1.5707963267948966,0.0,1.5707963267948966,8.16998356921806e-05,0.0043946142536573345,2.157029559802225
-0.00937143079574728,0.6375420642666179,2.0624164650169288,0.00574953844143279,-0.00043196766216584685,0.0002874503210278559,-1.57129637232606,-0.0016276810958393284,1.1105950602360246,0.10289999842643738,0.40549999475479126,1.6497999429702759,-1.5707963267948966,0.0,1.5707963267948966,8.49993746609034e-05,0.004212294556621525,2.156479910997189
-0.00938747465357058,0.6374209744421558,2.0617918075085595,0.0069203932508123765,-0.0004269775458691411,0.00031412201600889035,-1.5712491946743552,-0.0016766718931688906,1.1100367517428684,0.10289999842643738,0.40549999475479126,1.6497999429702759,-1.5707963267948966,0.0,1.5707963267948966,8.833666428510066e-05,0.004037211098360548,2.155875371087385
-0.009401449992449126,0.6373198313989229,2.061187180542154,0.00806840475968493,-0.00041322606691451136,0.00034754560918987324,-1.5712032441238097,-0.0017299478144883196,1.109556820582771,0.10289999842643738,0.40549999475479126,1.6497999429702759,-1.5707963267948966,0.0,1.5707963267948966,9.128285914498507e-05,0.003885852814483716,2.1552896510245594
-0.009416799669168287,0.6372161744795719,2.0604690265962184,0.009429931316684502,-0.0003895612381820972,0.0003558709442669345,-1.5711610415923112,-0.0017733540776463386,1.1090417003933486,0.10289999842643738,0.40549999475479126,1.6497999429702759,-1.5707963267948966,0.0,1.5707963267948966,9.478870234122754e-05,0.003708693012397607,2.1545206413727915
-0.00943337488211401,0.6371112811668342,2.0596264878474804,0.010672360848332067,-0.00036084623657110565,0.0003477986513932021,-1.5711126887896991,-0.0018243563699886778,1.1084998343801833,0.10289999842643738,0.40549999475479126,1.6497999429702759,-1.5707963267948966,0.0,1.5707963267948966,9.793419171951173e-05,0.003555135912087575,2.153775166057495
-0.009457682212470463,0.6370178445657204,2.0587326432673767,0.011942840812014022,-0.00038170893277520026,-0.0003163077474637838,-1.5710372131628851,-0.0018705994398859893,1.1079855418169866,0.10289999842643738,0.40549999475479126,1.6497999429702759,-1.5707963267948966,0.0,1.5707963267948966,0.00010260341125095258,0.003394396259334848,2.152909640017389
-0.009487951480386276,0.636950258051207,2.0579653310897155,0.012955044072648246,-0.000261952606603865,-0.00032383502990336366,-1.5709544662700718,-0.0018757218795890651,1.1075857973553722,0.10289999842643738,0.40549999475479126,1.6497999429702759,-1.5707963267948966,0.0,1.5707963267948966,0.00010794276072604518,0.003269205056014609,2.1521719012256866
-0.00952673574597215,0.6368823443793734,2.05708088188128,0.01379120784356261,-0.00010458858683266953,-0.0002106766834576857,-1.5708446689676336,-0.0018745863431175458,1.1071626777159227,0.10289999842643738,0.40549999475479126,1.6497999429702759,-1.5707963267948966,0.0,1.5707963267948966,0.00011459926444339003,0.0031368420075818053,2.1513215795094403
-0.009578291279372382,0.636811714233199,2.0559793596512983,0.014980560614011353,9.873349413259775e-06,-5.5248400340228664e-05,-1.5706856689479811,-0.0018677763852741336,1.106683384999057,0.10289999842643738,0.40549999475479126,1.6497999429702759,-1.5707963267948966,0.0,1.5707963267948966,0.00012328945747225127,0.0029871747369666123,2.150260529554098
-0.009614941920651144,0.6367719828136156,2.0552210047677706,0.015713190171333432,3.175328826195966e-05,5.006768847248226e-05,-1.5705770907079002,-0.0018494364970744748,1.1063781791144587,0.10289999842643738,0.40549999475479126,1.6497999429702759,-1.5707963267948966,0.0,1.5707963267948966,0.00012935946839684521,0.002892810855188435,2.1495305546216845
-0.009661784089273193,0.6367290800067293,2.054248469875184,0.016608661239479912,1.3488646945364036e-05,0.00019175848938483717,-1.5704417423496146,-0.0018270026693913977,1.1060105871138668,0.10289999842643738,0.40549999475479126,1.6497999429702759,-1.5707963267948966,0.0,1.5707963267948966,0.00013782014052547253,0.0027700986252080055,2.148498702746932
-0.009708952712292034,0.636693556834833,2.0532507178481794,0.01716010940665889,-3.581114411858855e-05,0.00027265022861983686,-1.5702934883511586,-0.001811914344028498,1.1056605215180753,0.10289999842643738,0.40549999475479126,1.6497999429702759,-1.5707963267948966,0.0,1.5707963267948966,0.00014474106407300495,0.0026757008395024494,2.147632276221386
-0.009756841245793032,0.6366670650254248,2.052229744644262,0.017591530102325434,-8.625621706773474e-05,0.00031487486030007584,-1.5701427083815191,-0.001785128244126799,1.1053246267879184,0.10289999842643738,0.40549999475479126,1.6497999429702759,-1.5707963267948966,0.0,1.5707963267948966,0.00015243906157128546,0.0025770799224621695,2.146647829768267
-0.00980022695026335,0.6366501609016836,2.05129193352236,0.017924664923021555,-0.00011431442156730288,0.00035025859527042865,-1.5700129493918134,-0.0017601415297492373,1.1050316415910073,0.10289999842643738,0.40549999475479126,1.6497999429702759,-1.5707963267948966,0.0,1.5707963267948966,0.00015934911076482473,0.002493889255956836,2.1457440834383674
-0.0098533856002879,0.6366366356526426,2.050123224203946,0.01836380124313311,-0.00012936922251280164,0.0003364748673125815,-1.5698442691531274,-0.0017407709992260934,1.104689768530613,0.10289999842643738,0.40549999475479126,1.6497999429702759,-1.5707963267948966,0.0,1.5707963267948966,0.00016778055584958115,0.0023993202159643357,2.1446197144206742
-0.00990586424166849,0.6366315459615919,2.0489322223510995,0.018506751810202154,-9.252652254214772e-05,0.0004574492222196667,-1.5696728041947856,-0.001711056233795638,1.1043681479973513,0.10289999842643738,0.40549999475479126,1.6497999429702759,-1.5707963267948966,0.0,1.5707963267948966,0.0001760569899420815,0.0023125014823580366,2.1434755482484227
-0.009951600091770763,0.6366332715493822,2.047833227314623,0.01882739439751782,-4.951792283340562e-05,0.00046268881876553475,-1.569533311133524,-0.0016808635981817588,1.1040928906573702,0.10289999842643738,0.40549999475479126,1.6497999429702759,-1.5707963267948966,0.0,1.5707963267948966,0.00018328155135073022,0.0022402374299672905,2.1424210860640733
-0.009996328721490623,0.6366399651332423,2.04672070273874,0.019233392099107953,1.1070076181468417e-05,0.00043362193900744805,-1.569392434212989,-0.0016576623300954552,1.1038328937060564,0.10289999842643738,0.40549999475479126,1.6497999429702759,-1.5707963267948966,0.0,1.5707963267948966,0.00019038017235929492,0.0021740293819235523,2.1413552782928367
-0.010040942722226885,0.6366531708755462,2.0455956046780432,0.019666770752093103,6.34762282901239e-05,0.00038769782339467904,-1.569247310514556,-0.0016264642214425251,1.1035861893843308,0.10289999842643738,0.40549999475479126,1.6497999429702759,-1.5707963267948966,0.0,1.5707963267948966,0.00019816153555083336,0.0021078615433555953,2.1401717220361505
-0.010090107990640642,0.6366757241629705,2.0443447200436715,0.01984014126957204,0.00010207350328376012,0.0003692305807703607,-1.569098626635184,-0.001587837599180908,1.103324657036115,0.10289999842643738,0.40549999475479126,1.6497999429702759,-1.5707963267948966,0.0,1.5707963267948966,0.00020525078227198347,0.0020535982433269894,2.1390867282564847
-0.010125678203090373,0.6366960593415655,2.0434279965112836,0.019893260708413015,0.00011296672437682162,0.0003601792731360109,-1.56899080619822,-0.0015661430800859577,1.1031427851281728,0.10289999842643738,0.40549999475479126,1.6497999429702759,-1.5707963267948966,0.0,1.5707963267948966,0.00021162126221699798,0.0020095560397767375,2.1381054637601595
-0.010170251631664691,0.6367265685759402,2.042273883865186,0.019799584130706923,0.00011474265059719628,0.00034483677650106733,-1.5688476768114472,-0.001533568237996441,1.1029266575711678,0.10289999842643738,0.40549999475479126,1.6497999429702759,-1.5707963267948966,0.0,1.5707963267948966,0.00021799636861351922,0.0019699603155585665,2.137121307283782
-0.010214594331463489,0.6367664888217878,2.041104527098523,0.02074105681435494,0.00012311291369749384,0.00040132668566187095,-1.5687099745573783,-0.0014950348740030428,1.1027063249758617,0.10289999842643738,0.40549999475479126,1.6497999429702759,-1.5707963267948966,0.0,1.5707963267948966,0.00022499966860527765,0.0019305190504626095,2.136026649337915
-0.01025760537389507,0.6368187999778913,2.0399115855835244,0.021274730476213855,0.00011062244617407399,0.00043640656728008166,-1.568585512291613,-0.0014676388408552121,1.1024576202740963,0.10289999842643738,0.40549999475479126,1.6497999429702759,-1.5707963267948966,0.0,1.5707963267948966,0.00023174530017045866,0.0018950556218144498,2.1349349185495887
-0.010299026263617896,0.6368796270099599,2.038704798974148,0.020300082396606974,0.00013442386732291905,0.0004625562726302652,-1.5684651654516346,-0.0014393884482144514,1.1021961345372357,0.10289999842643738,0.40549999475479126,1.6497999429702759,-1.5707963267948966,0.0,1.5707963267948966,0.00023824441194020155,0.0018642723262862512,2.133845946038344
-0.010338656766058217,0.6369479789814116,2.0374878062394655,0.01968077877116851,0.0002563002783569285,0.000398589014998739,-1.5683696642420701,-0.0014036551139877673,1.1019223666107387,0.10289999842643738,0.40549999475479126,1.6497999429702759,-1.5707963267948966,0.0,1.5707963267948966,0.00024533222204706277,0.0018362227934325742,2.1326519026920954
-0.010377430441330448,0.6370224583211442,2.0362633736728486,0.018045696588611125,0.0004338392377672456,0.0003254246463738651,-1.5683028138512234,-0.0013668640038329016,1.1016360311280828,0.10289999842643738,0.40549999475479126,1.6497999429702759,-1.5707963267948966,0.0,1.5707963267948966,0.00025192989032546404,0.0018159984704864158,2.1315721987837843
-0.010415890880531516,0.6370997143784731,2.035043241499673,0.01709421453808083,0.0006374702468275176,0.0003376027404880156,-1.5682344889795814,-0.001320975331349672,1.1013609231504633,0.10289999842643738,0.40549999475479126,1.6497999429702759,-1.5707963267948966,0.0,1.5707963267948966,0.0002586014302961034,0.001800885858574304,2.130496045510287
-0.010462347240621393,0.6371963439130387,2.033584612339887,0.017027653742212864,0.0008748190045633723,0.00024807222650556176,-1.5681490278699044,-0.0012550859852753504,1.1010498390702503,0.10289999842643738,0.40549999475479126,1.6497999429702759,-1.5707963267948966,0.0,1.5707963267948966,0.00026605679765408794,0.0017896288608245203,2.1293209748293016
-0.010490263184063221,0.6372537905609785,2.0327374768934723,0.01715503215545216,0.0009903687118406421,0.0002425767876010744,-1.5681015298491776,-0.00121760718718944,1.1008788600612398,0.10289999842643738,0.40549999475479126,1.6497999429702759,-1.5707963267948966,0.0,1.5707963267948966,0.0002709345494087989,0.001785162592415273,2.1285779125573296
-0.010526209843360945,0.6373372076929184,2.031532306779023,0.01829569959673954,0.0012126363588377059,0.0007391531978447137,-1.5680308241739713,-0.0011683112682647767,1.1006451513966757,0.10289999842643738,0.40549999475479126,1.6497999429702759,-1.5707963267948966,0.0,1.5707963267948966,0.0002777222229733277,0.0017819047516762349,2.12752394360219
-0.010552689255880404,0.6374245771187301,2.0303299669672623,0.019453210408923942,0.0014258812319645157,0.0008921049427201812,-1.5679551939472074,-0.0011192789205143328,1.100431939967276,0.10289999842643738,0.40549999475479126,1.6497999429702759,-1.5707963267948966,0.0,1.5707963267948966,0.0002823973896604029,0.0017817455672685704,2.126485293460686
-0.010575836046240237,0.6375267263613503,2.0290162243010292,0.019877857608631953,0.001574162480944418,0.0007612968668444202,-1.5678842828167323,-0.0010680154251616614,1.1002199470811052,0.10289999842643738,0.40549999475479126,1.6497999429702759,-1.5707963267948966,0.0,1.5707963267948966,0.0002871093282691707,0.001785162223185475,2.1253594219419667
-0.010599404699504279,0.6376522068250507,2.02748732399584,0.018941227214376657,0.0016570490935929592,0.0005638321374436805,-1.567807435267621,-0.0010188472590177966,1.099997833091901,0.10289999842643738,0.40549999475479126,1.6497999429702759,-1.5707963267948966,0.0,1.5707963267948966,0.000291720486799199,0.0017945044161908341,2.1240498392316534
-0.010611050687228722,0.6377220834762953,2.0266762695681493,0.0184901975891704,0.001665454945439518,0.0004987149099160248,-1.5677624988132544,-0.0009874999561709785,1.0998891197990845,0.10289999842643738,0.40549999475479126,1.6497999429702759,-1.5707963267948966,0.0,1.5707963267948966,0.000294109357879469,0.0018019291094049396,2.12335338943302
-0.010627559765756824,0.6378358618174449,2.025413217211208,0.018153255492439516,0.0016477524073664714,0.0004423538400440142,-1.5677020631650085,-0.0009388485307129102,1.0997227809315642,0.10289999842643738,0.40549999475479126,1.6497999429702759,-1.5707963267948966,0.0,1.5707963267948966,0.0002981584759792225,0.0018166763420263997,2.1222729728478447
-0.01063970795775914,0.6379306853522194,2.024389997535377,0.017826778405904364,0.001612149737375679,0.00036961943354784076,-1.5676596754566148,-0.0009046345297099023,1.0995891093568484,0.10289999842643738,0.40549999475479126,1.6497999429702759,-1.5707963267948966,0.0,1.5707963267948966,0.00030102898995896263,0.0018314250846939498,2.121401766787533
-0.010652546957316912,0.6380376953935182,2.023264884642411,0.017247582379491127,0.001567979470610333,0.00032346658610927706,-1.5676040765366226,-0.000861628549857052,1.0994442417985866,0.10289999842643738,0.40549999475479126,1.6497999429702759,-1.5707963267948966,0.0,1.5707963267948966,0.0003049891073416696,0.0018525675646937994,2.1203530862430817
-0.010664729189541996,0.6381485774151757,2.022151529965756,0.016635341227875022,0.0015272069675173476,0.0002870105078617289,-1.5675493068679596,-0.0008156857657630745,1.099300665102834,0.10289999842643738,0.40549999475479126,1.6497999429702759,-1.5707963267948966,0.0,1.5707963267948966,0.0003083330135662124,0.0018722546493889754,2.1195085413125714
-0.010676570152713994,0.6382618529052402,2.0210496547619794,0.016076748971663418,0.0014761047473381389,0.0002360988212545251,-1.5675046317359531,-0.0007750989928450025,1.0991541734409953,0.10289999842643738,0.40549999475479126,1.6497999429702759,-1.5707963267948966,0.0,1.5707963267948966,0.00031210792902011355,0.0018965440191825932,2.118584805816168
-0.010688768257277397,0.6383759319680189,2.0199593390303643,0.01553835708845609,0.0014022545570047142,0.00019760380712990469,-1.5674527174366144,-0.0007304287794744901,1.099007681867747,0.10289999842643738,0.40549999475479126,1.6497999429702759,-1.5707963267948966,0.0,1.5707963267948966,0.0003160922640345524,0.0019232542644795493,2.11767754906208
-0.010699864510112842,0.6384807218217009,2.0189875965400335,0.014918081725476522,0.0013366287422471354,0.00021697023251678537,-1.5674007270698016,-0.0006861026832565287,1.0988769260197304,0.10289999842643738,0.40549999475479126,1.6497999429702759,-1.5707963267948966,0.0,1.5707963267948966,0.0003194736349611764,0.0019492289967083713,2.1168758450023772
-0.01071199467344706,0.6385994477363611,2.017920063659816,0.014070545645480293,0.0012533366353319165,0.00020099594183483764,-1.5673504105500051,-0.000642261395532806,1.0987274861080683,0.10289999842643738,0.40549999475479126,1.6497999429702759,-1.5707963267948966,0.0,1.5707963267948966,0.00032376751432166504,0.0019833895654682025,2.1159140145862754
-0.010726169984637445,0.6387290144328196,2.016768472785318,0.012216507869755323,0.0011859321805760032,0.0002053114878380665,-1.567280125430889,-0.0005956348481825913,1.0985675458218083,0.10289999842643738,0.40549999475479126,1.6497999429702759,-1.5707963267948966,0.0,1.5707963267948966,0.00032825588045027026,0.002017017911688977,2.1150562380576217
-0.010739777031777269,0.6388447011785827,2.015746017697991,0.011570972946132695,0.0011696220315815225,0.00022946976401313498,-1.5671844740382594,-0.0005594820031822323,1.0984435956140395,0.10289999842643738,0.40549999475479126,1.6497999429702759,-1.5707963267948966,0.0,1.5707963267948966,0.00033248692548783063,0.002053137719933847,2.1142148023833847
-0.010755208757555331,0.6389612992938916,2.0147354233417714,0.012738952206384309,0.0011151128701549153,6.557324445335409e-05,-1.5670812114672545,-0.0005353525486575528,1.0983193894177017,0.10289999842643738,0.40549999475479126,1.6497999429702759,-1.5707963267948966,0.0,1.5707963267948966,0.0003371407134886016,0.002090686604099232,2.113391362882691
-0.01077599829535048,0.6390803211229621,2.013730633354708,0.01370032150312199,0.0010367356594963195,-0.00012884058918896706,-1.566962582995763,-0.0005147977055708353,1.098181608624797,0.10289999842643738,0.40549999475479126,1.6497999429702759,-1.5707963267948966,0.0,1.5707963267948966,0.00034321128513205675,0.0021287064006353983,2.112589509268397
-0.010798020496013232,0.6392017043503155,2.0127463538799675,0.012622928116705125,0.0011618398429504276,0.00028256149626901446,-1.5668193468133687,-0.0005021957575799263,1.0980543935959326,0.10289999842643738,0.40549999475479126,1.6497999429702759,-1.5707963267948966,0.0,1.5707963267948966,0.0003493390111289961,0.002167707145240929,2.1118071698289245
-0.010814018915429997,0.6393251254642942,2.0117904172209027,0.011694400704132158,0.0013563696022442708,0.0006243585702254603,-1.5666693683107429,-0.0005119634680474938,1.0979551818510984,0.10289999842643738,0.40549999475479126,1.6497999429702759,-1.5707963267948966,0.0,1.5707963267948966,0.00035511990420524,0.002208248055711688,2.1110464050721327
-0.010824797894873756,0.639448051969986,2.010861248336275,0.011049325357171002,0.0015037459953989821,0.0006453908070026746,-1.5665080669348932,-0.0005250256897459948,1.0978876851228545,0.10289999842643738,0.40549999475479126,1.6497999429702759,-1.5707963267948966,0.0,1.5707963267948966,0.0003600802946428266,0.0022501534975621967,2.1103084262319274
-0.010830246209130106,0.6395571801622218,2.010048340139704,0.010391565743359775,0.0007212539563701932,0.0008249367349519719,-1.5663479582945725,-0.0005343857285167175,1.097855405435237,0.10289999842643738,0.40549999475479126,1.6497999429702759,-1.5707963267948966,0.0,1.5707963267948966,0.00036535417307258456,0.0022933074242246876,2.1095910393418142
-0.010826526992593642,0.6396752381075543,2.0091721085684826,0.009464105470252643,0.0017339259908560733,0.0011560824012311914,-1.5661718553251094,-0.0005559404406159096,1.0978594521851055,0.10289999842643738,0.40549999475479126,1.6497999429702759,-1.5707963267948966,0.0,1.5707963267948966,0.0003693646401966165,0.0023381187830552965,2.108894658193659
-0.010812546819667836,0.6397892999187643,2.008321767494936,0.009475880340947413,0.0009474084813855212,0.0011844999289053082,-1.5660031215166224,-0.0005738818601574991,1.0978985753975818,0.10289999842643738,0.40549999475479126,1.6497999429702759,-1.5707963267948966,0.0,1.5707963267948966,0.00037221281326757846,0.0023795631735042504,2.108286463939058
-0.010787937033952538,0.6399126988359468,2.007410786496532,0.009408238835051458,0.00171075524999185,0.0012002856475641648,-1.5658005024490533,-0.0005983155783848559,1.0979639936867787,0.10289999842643738,0.40549999475479126,1.6497999429702759,-1.5707963267948966,0.0,1.5707963267948966,0.00037384989557807876,0.0024308086464264233,2.1075662674338362
-0.010756525800057775,0.6400250620603216,2.0066070986394906,0.00907171621908058,0.0015383207609255903,0.0012384250163199107,-1.565601001113415,-0.0006400355801314817,1.0980449555524059,0.10289999842643738,0.40549999475479126,1.6497999429702759,-1.5707963267948966,0.0,1.5707963267948966,0.0003741946514626332,0.002477932265962865,2.1069302132968337
-0.01071952566678325,0.640137268950103,2.0058276626433273,0.008720935426105327,0.0013928572279036104,0.000938437035659992,-1.565406002905251,-0.0006798194888064657,1.0981410468095096,0.10289999842643738,0.40549999475479126,1.6497999429702759,-1.5707963267948966,0.0,1.5707963267948966,0.00037388677167368316,0.0025255613894823057,2.1063113486416696
-0.010677371869435917,0.6402566308616874,2.0050014267812166,0.00852432633387191,0.001192953227380918,0.000719263235625629,-1.5651816601487096,-0.0007350525438392097,1.098277896554606,0.10289999842643738,0.40549999475479126,1.6497999429702759,-1.5707963267948966,0.0,1.5707963267948966,0.0003737445420069402,0.002578599994392084,2.1056514525868275
-0.01063652080489086,0.6403538351481739,2.00434851167571,0.008944011077851257,0.0010086471451301335,0.0011747229999052537,-1.5650051384222805,-0.0008114009417621304,1.098421226170652,0.10289999842643738,0.40549999475479126,1.6497999429702759,-1.5707963267948966,0.0,1.5707963267948966,0.0003728384681082349,0.0026220596195679906,2.105128506817286
-0.01056801900431298,0.6404742653799653,2.003575565776966,0.009769502227741119,-5.954502529958121e-05,0.0015412151506884236,-1.5648490564545348,-0.0009236157241843124,1.098628667232025,0.10289999842643738,0.40549999475479126,1.6497999429702759,-1.5707963267948966,0.0,1.5707963267948966,0.00036987843627866356,0.0026747360414387266,2.104513503926604
-0.01049795086836377,0.6405712025995981,2.002965666174995,0.010088327697751084,0.0006847799154219767,0.001732014096720687,-1.5647518403748135,-0.001028614352402979,1.0988227084712188,0.10289999842643738,0.40549999475479126,1.6497999429702759,-1.5707963267948966,0.0,1.5707963267948966,0.00036541691701420277,0.0027175693974936855,2.104030091560149
-0.010403589651835951,0.6406752453776884,2.00231487926129,0.010083579735167606,0.0008565983301456194,0.001975827903519626,-1.564654695829081,-0.0011911472624004382,1.0990765752197085,0.10289999842643738,0.40549999475479126,1.6497999429702759,-1.5707963267948966,0.0,1.5707963267948966,0.00035816457601656697,0.0027652357840914606,2.1035120290246345
-0.010291214299790706,0.6407758860326458,2.001695219708733,0.009608214348087294,0.0011696487792766097,0.0020263912580998898,-1.5645904507944763,-0.001375448169943727,1.0993816771980955,0.10289999842643738,0.40549999475479126,1.6497999429702759,-1.5707963267948966,0.0,1.5707963267948966,0.00034854835727817494,0.0028131356940862286,2.1030122877844755
-0.010174706622070004,0.6408630842188315,2.0011656995799934,0.009595313709647736,0.0013572461553445268,0.0021473420268938222,-1.564576882559009,-0.0015514899375137503,1.0997054076156085,0.10289999842643738,0.40549999475479126,1.6497999429702759,-1.5707963267948966,0.0,1.5707963267948966,0.0003366858714403192,0.0028610841613423517,2.1025281694985742
-0.010025370200739927,0.6409570045580228,2.000604517819333,0.009839313690523505,0.0015080724362500852,0.0022608965288343466,-1.5645950105054411,-0.0017951719010724787,1.1001193724829053,0.10289999842643738,0.40549999475479126,1.6497999429702759,-1.5707963267948966,0.0,1.5707963267948966,0.0003242389426438588,0.002903851506151404,2.102105546110599
-0.009840808614316193,0.6410593764662562,2.000017908958085,0.010488351352529656,0.0015724629927152509,0.002076739757708666,-1.564640583045775,-0.002103333052069445,1.1006467908970294,0.10289999842643738,0.40549999475479126,1.6497999429702759,-1.5707963267948966,0.0,1.5707963267948966,0.00030644971886709615,0.002955305646162935,2.1016041000835064
-0.009662018692142662,0.6411516726868269,1.9995086162400537,0.010933027086421255,0.0015356970448652935,0.0015855710797989559,-1.5647071045168826,-0.002391843108648928,1.1011852290178332,0.10289999842643738,0.40549999475479126,1.6497999429702759,-1.5707963267948966,0.0,1.5707963267948966,0.00028800670586053007,0.003001121120379804,2.101164896480516
-0.009479289951420958,0.6412424570815064,1.9990202873240253,0.011217866933383077,0.0006531058710872569,0.0009853665779457211,-1.5647836780905149,-0.002708863296200459,1.1017719428204371,0.10289999842643738,0.40549999475479126,1.6497999429702759,-1.5707963267948966,0.0,1.5707963267948966,0.0002702444313197677,0.0030459727826842426,2.1007430397991875
-0.009297765849447434,0.6413346392477435,1.9985489395991336,0.011460985891485262,0.0012302418492775333,0.0003846859684552742,-1.5648629658945943,-0.0030277088277665953,1.1024026410124073,0.10289999842643738,0.40549999475479126,1.6497999429702759,-1.5707963267948966,0.0,1.5707963267948966,0.00025340485585389897,0.0030896689022520203,2.1003424155526598
-0.009120532986046119,0.6414283560996752,1.9980936222693622,0.01054412117873232,0.0003741226865650642,0.00013050290098511673,-1.5649549881752611,-0.003316237803343114,1.10306824945414,0.10289999842643738,0.40549999475479126,1.6497999429702759,-1.5707963267948966,0.0,1.5707963267948966,0.0002376498845553941,0.003132378215487393,2.099963354222615
-0.008939230268882247,0.6415194608782798,1.9976579243488086,0.009251849862496683,0.0012187766325285735,0.0006604211582551597,-1.5650454359838777,-0.0036315425321689077,1.1037696817133105,0.10289999842643738,0.40549999475479126,1.6497999429702759,-1.5707963267948966,0.0,1.5707963267948966,0.00022184839201663537,0.0031746811208744445,2.099603250533455
-0.008705488080692417,0.6416280628372037,1.9971549408791902,0.007958983246844744,0.0007875153185526935,0.0010373799998839482,-1.5651324256225299,-0.0040418329063549585,1.1046526892560888,0.10289999842643738,0.40549999475479126,1.6497999429702759,-1.5707963267948966,0.0,1.5707963267948966,0.0002010643336110779,0.0032246159848936876,2.099197127399525
-0.008563924508343295,0.6416928358780069,1.9968695102164555,0.007668976226054448,0.0015864223671610705,0.0008087125411251477,-1.5651831487472454,-0.00427329782195951,1.1051783983410854,0.10289999842643738,0.40549999475479126,1.6497999429702759,-1.5707963267948966,0.0,1.5707963267948966,0.00018650355303697095,0.0032569706948426275,2.098940521258416
-0.008349073657972453,0.6417928703783428,1.9964352499785605,0.007240155580486528,0.0006987571677961844,-0.00023704955159792407,-1.565262343736102,-0.0046457701853031,1.1060171489711879,0.10289999842643738,0.40549999475479126,1.6497999429702759,-1.5707963267948966,0.0,1.5707963267948966,0.0001688271218974798,0.0033002072406360943,2.0986051199905478
-0.008184131040972497,0.6418701143959825,1.996097477797295,0.00727289074631531,0.001234402318542026,-0.0003904789779918594,-1.5653108541377914,-0.004955028939038542,1.106735352389994,0.10289999842643738,0.40549999475479126,1.6497999429702759,-1.5707963267948966,0.0,1.5707963267948966,0.00015783721467037802,0.0033309326263766177,2.0983767118243466
-0.008002013688425128,0.6419503176733046,1.9957416426090728,0.00664506869665232,0.0012408474770669088,0.00016022907839698485,-1.5653538694878193,-0.0052650927570372374,1.10756547213723,0.10289999842643738,0.40549999475479126,1.6497999429702759,-1.5707963267948966,0.0,1.5707963267948966,0.00014476375887213455,0.003368646745771367,2.098107179796735
-0.007815355074132417,0.642024582773594,1.9954067833147433,0.00625733707439281,0.0012714983205166707,0.0002764677885027034,-1.5654011996506974,-0.005568266915261688,1.108425351437453,0.10289999842643738,0.40549999475479126,1.6497999429702759,-1.5707963267948966,0.0,1.5707963267948966,0.00013035387639674092,0.0034091722103210746,2.0978294076652393
-0.0076268876715951065,0.6420926367431152,1.9950892469578247,0.005679389113034524,0.001334742950213145,0.0004929696903795153,-1.5654258711643934,-0.005907349157499908,1.1093126180018689,0.10289999842643738,0.40549999475479126,1.6497999429702759,-1.5707963267948966,0.0,1.5707963267948966,0.00011885822502416021,0.003441387683052167,2.097613353548264
-0.0073953834699722835,0.64216597237029,1.994734193580837,0.0047197561992153155,0.000680466410516015,0.0006578123518366013,-1.5654492178007506,-0.006307663918684092,1.110450048517206,0.10289999842643738,0.40549999475479126,1.6497999429702759,-1.5707963267948966,0.0,1.5707963267948966,0.00010364158967713711,0.0034833610941230365,2.097336357077374
-0.007214671799749329,0.6422139684447644,1.9944851983675962,0.004890900540556156,0.0006374159559316406,0.0011122796772244563,-1.5654913277176234,-0.006607376117190533,1.1113582135718798,0.10289999842643738,0.40549999475479126,1.6497999429702759,-1.5707963267948966,0.0,1.5707963267948966,9.026960080230526e-05,0.0035172967493651884,2.0971127658550706
-0.006956391925083402,0.6422670118782907,1.9941688196346419,0.006409391986410743,0.0011302518103947173,0.001455037506353607,-1.5655566058634007,-0.007052007753713063,1.1126252026188324,0.10289999842643738,0.40549999475479126,1.6497999429702759,-1.5707963267948966,0.0,1.5707963267948966,7.385482180350016e-05,0.003552846225880272,2.0968770944462527
-0.006775827891156393,0.6422963016237054,1.9939663601487139,0.007234012701518448,0.00046413306199896205,0.0013350240311452428,-1.5656020476224821,-0.007335112495165053,1.1135003447976999,0.10289999842643738,0.40549999475479126,1.6497999429702759,-1.5707963267948966,0.0,1.5707963267948966,6.131359679537836e-05,0.003577357636300217,2.096711979753821
-0.006519696678304194,0.6423280504453438,1.9937082132110537,0.00725892571712689,0.00046875751348227773,0.0013689150618387228,-1.5656928297060222,-0.007719128841083389,1.114756323851672,0.10289999842643738,0.40549999475479126,1.6497999429702759,-1.5707963267948966,0.0,1.5707963267948966,4.358659180459051e-05,0.0036095726849007643,2.0964904318216084
-0.006235569503406687,0.642349766291757,1.9934538970017395,0.00852342731393765,0.0011183783527226098,0.0006247210445246118,-1.5658144432456416,-0.008173582117599665,1.1161759113688587,0.10289999842643738,0.40549999475479126,1.6497999429702759,-1.5707963267948966,0.0,1.5707963267948966,2.486669901064381e-05,0.0036425090982066294,2.0962524228059367
-0.006075045859725368,0.6423580929910417,1.9933141150764286,0.009083460699065432,0.0011413945669790275,0.00011625979252805818,-1.565882154845276,-0.008412582035020932,1.1170135881309058,0.10289999842643738,0.40549999475479126,1.6497999429702759,-1.5707963267948966,0.0,1.5707963267948966,1.5187097533816182e-05,0.0036603048024504044,2.0961176682091414
-0.005854538079849886,0.6423674250108429,1.993122549273267,0.010399388908364223,0.001238853540650332,-0.00013435722215135237,-1.5659709701580475,-0.008722251654443625,1.1182189888608591,0.10289999842643738,0.40549999475479126,1.6497999429702759,-1.5707963267948966,0.0,1.5707963267948966,3.442832364640635e-06,0.0036836326657243507,2.0959332793654593
-0.005631906339723517,0.6423731983895923,1.992938415303605,0.010988179215515379,0.0013767200461693825,0.0005716004399777928,-1.5660572102195411,-0.009047118238103113,1.1194275795406026,0.10289999842643738,0.40549999475479126,1.6497999429702759,-1.5707963267948966,0.0,1.5707963267948966,-7.806088599921634e-06,0.0037043385393664367,2.095757707655311
-0.005375745743579966,0.6423716800763153,1.992755021808504,0.01016020753691256,0.0007316654648596837,0.000924455289649851,-1.5661414025977771,-0.009375944489086407,1.1207986500936702,0.10289999842643738,0.40549999475479126,1.6497999429702759,-1.5707963267948966,0.0,1.5707963267948966,-2.078669592954088e-05,0.0037248762124929475,2.095573663422576
-0.0051624345721908655,0.6423623441750101,1.9926232648428905,0.00942193041567949,0.0005609047477314022,0.0007066221471542527,-1.5662122367636944,-0.009623594214149822,1.1219677272549666,0.10289999842643738,0.40549999475479126,1.6497999429702759,-1.5707963267948966,0.0,1.5707963267948966,-3.166138456885809e-05,0.0037405709166418674,2.0954276710984443
-0.004926952108150537,0.6423415690472806,1.9924910320590925,0.008330800947395908,0.0009296900657164178,0.0005023257338644157,-1.56628704923745,-0.009935637984730405,1.1233121089106723,0.10289999842643738,0.40549999475479126,1.6497999429702759,-1.5707963267948966,0.0,1.5707963267948966,-4.361881615994367e-05,0.003758442156009449,2.0952530518344052
-0.004647921575454902,0.6422991680208846,1.9923533707611827,0.006781691389409247,0.0002948381319795646,0.0003487986900834906,-1.5663437245181113,-0.010290761991831765,1.1249978670411784,0.10289999842643738,0.40549999475479126,1.6497999429702759,-1.5707963267948966,0.0,1.5707963267948966,-5.4280421384498863e-05,0.003775046499109506,2.0950792949336914
-0.0044644428847504,0.6422623076768725,1.992272493828643,0.006003849378740128,0.0006783245078110873,0.0003469382299786388,-1.5663593886098524,-0.010506344776722631,1.1261633499757817,0.10289999842643738,0.40549999475479126,1.6497999429702759,-1.5707963267948966,0.0,1.5707963267948966,-6.137259842262533e-05,0.0037861737014698847,2.094951405267606
-0.0042567651128270195,0.6422135135568988,1.9921883225943005,0.005664154447377227,5.8418986371097005e-05,0.0005701964157792242,-1.5663740883500383,-0.010777485751936489,1.1275124079577221,0.10289999842643738,0.40549999475479126,1.6497999429702759,-1.5707963267948966,0.0,1.5707963267948966,-6.983137100647184e-05,0.0037985686526286607,2.0947885160163806
-0.004001147324438369,0.6421423379885431,1.9920905187185245,0.005815112869578041,0.0003620613077684852,0.0005359405837845665,-1.5663865755266029,-0.011102043578450349,1.1292112743618121,0.10289999842643738,0.40549999475479126,1.6497999429702759,-1.5707963267948966,0.0,1.5707963267948966,-7.781135382805211e-05,0.003808899735624611,2.09462267374687
-0.003771029090576947,0.6420704885424519,1.9919996485733984,0.0065190030519107324,0.00017228765527048972,0.0005421357243251174,-1.5663793555561272,-0.011360011143911386,1.1307948409609034,0.10289999842643738,0.40549999475479126,1.6497999429702759,-1.5707963267948966,0.0,1.5707963267948966,-8.508913009851567e-05,0.0038166222962345312,2.09445405283303
-0.0035397226313440416,0.6419990535046218,1.9918988511974145,0.007603398580166108,-0.00038425867137768474,0.0007208266803626159,-1.5663784590202963,-0.011660100208762625,1.1323886467735842,0.10289999842643738,0.40549999475479126,1.6497999429702759,-1.5707963267948966,0.0,1.5707963267948966,-9.194506350508563e-05,0.0038208013605975063,2.094281640087146
-0.0032837085639178505,0.6419213444827416,1.991772108504835,0.009031838316011098,-0.0004170435049267544,0.000672864711832234,-1.5663838652515734,-0.01199170210281153,1.1341457619169142,0.10289999842643738,0.40549999475479126,1.6497999429702759,-1.5707963267948966,0.0,1.5707963267948966,-9.918241667689954e-05,0.0038207586432157446,2.094088660297748
-0.0030719797456859755,0.6418577042003193,1.9916577133051743,0.009000966262729088,-0.0004109814894926396,0.0010639100543055856,-1.5663908936885325,-0.012233394085728655,1.1355959250590937,0.10289999842643738,0.40549999475479126,1.6497999429702759,-1.5707963267948966,0.0,1.5707963267948966,-0.00010486507871758526,0.00381736179116615,2.093928100020991
-0.002800710906138,0.6417779034854043,1.9915171550941917,0.007841638437692288,3.6647893250103574e-05,0.001326102572503712,-1.5664410408669038,-0.012567672698440724,1.1374132341008,0.10289999842643738,0.40549999475479126,1.6497999429702759,-1.5707963267948966,0.0,1.5707963267948966,-0.00011297353691590654,0.00381011658890895,2.093727649511119
-0.002568487377410459,0.6417072432161621,1.9914025946402922,0.007042578401824985,-0.0002108534955326229,0.0016688673715484835,-1.5665163237682729,-0.012838919998641174,1.1389318831411872,0.10289999842643738,0.40549999475479126,1.6497999429702759,-1.5707963267948966,0.0,1.5707963267948966,-0.0001204095606748178,0.003801937154778391,2.0935603857264007
-0.00223831006152595,0.6416056531658884,1.9912443775335584,0.005771455046047953,0.0007591210063632208,0.0020747067447471805,-1.5666279908594813,-0.013168082298757433,1.1409815167025643,0.10289999842643738,0.40549999475479126,1.6497999429702759,-1.5707963267948966,0.0,1.5707963267948966,-0.00013250022967646046,0.0037876737894233857,2.093334501253752
-0.001973214704695487,0.641525541591995,1.9911218479526047,0.004714351966695077,0.0011731165464157179,0.002231850860234963,-1.5667304527146273,-0.013448423790245911,1.1425244534684738,0.10289999842643738,0.40549999475479126,1.6497999429702759,-1.5707963267948966,0.0,1.5707963267948966,-0.0001432196343160768,0.0037745146787552452,2.093162378029239
-0.0017291856136960827,0.6414495588715239,1.9910092418206555,0.004750228888846919,0.0013039289941967917,0.0018198561027067143,-1.5668404156467748,-0.013710270914492728,1.1438844699071877,0.10289999842643738,0.40549999475479126,1.6497999429702759,-1.5707963267948966,0.0,1.5707963267948966,-0.00015445132918341694,0.003759070438755869,2.092987267566696
-0.0013866353247633794,0.6413367694199598,1.9908438056551823,0.005504360968828658,0.0014951630997241446,0.0017157764806660426,-1.567000140326393,-0.014046569411865661,1.1457339049053903,0.10289999842643738,0.40549999475479126,1.6497999429702759,-1.5707963267948966,0.0,1.5707963267948966,-0.00016696343924097788,0.003738757987670853,2.092791090254755
-0.0009979236300326569,0.6412062033518873,1.9906498798470864,0.005584974861669072,0.0014193986177312734,0.0016976327224715645,-1.5671800625944592,-0.014448932414800275,1.1477312495556142,0.10289999842643738,0.40549999475479126,1.6497999429702759,-1.5707963267948966,0.0,1.5707963267948966,-0.00018282534828733163,0.0037099164663119267,2.0925503091465916
-0.0007326717300873539,0.6411155621164307,1.9905137691945582,0.005612396398926737,0.0015986000192843516,0.0014221375890576566,-1.56731880348015,-0.014725274519674869,1.1490382515221593,0.10289999842643738,0.40549999475479126,1.6497999429702759,-1.5707963267948966,0.0,1.5707963267948966,-0.00019352738525553698,0.0036879296698907747,2.092384039956589
-0.0003637099567768375,0.6409837344267371,1.9903166398043861,0.0052085992435851785,0.0022062732227075893,0.0012955416211672046,-1.5675267471995338,-0.015067156154970895,1.1508094221534657,0.10289999842643738,0.40549999475479126,1.6497999429702759,-1.5707963267948966,0.0,1.5707963267948966,-0.00020790063102965272,0.0036541856274199796,2.09214886775456
-5.74395815295726e-05,0.6408721223627122,1.990145077508172,0.005145094238004016,0.0023914123646818384,0.001030745172098155,-1.5676998477229285,-0.01535695374245094,1.1522518831081268,0.10289999842643738,0.40549999475479126,1.6497999429702759,-1.5707963267948966,0.0,1.5707963267948966,-0.00021919456586121593,0.003623501724287758,2.0919500836375344
0.0002837074216908938,0.6407464034263511,1.9899377387265524,0.004996167705279155,0.00211558273823878,0.0008857581761541783,-1.5679139922596042,-0.015685556268092427,1.153850205694672,0.10289999842643738,0.40549999475479126,1.6497999429702759,-1.5707963267948966,0.0,1.5707963267948966,-0.00023185606163720848,0.003581939888769383,2.0917006815703845
0.0005913251640972692,0.6406272300891162,1.9897410461659846,0.0034785462956252703,0.0023433989255938967,0.0007837179657370628,-1.5681169926609693,-0.015951940951442367,1.155288529157972,0.10289999842643738,0.40549999475479126,1.6497999429702759,-1.5707963267948966,0.0,1.5707963267948966,-0.00024054291037876703,0.0035493769944858152,2.091514176500414
0.0010071917416003555,0.6404581426163778,1.9894788480683605,0.00047292155949705595,0.0020757315753164797,0.0010893252028836907,-1.5683651065232398,-0.016338478264707135,1.1572246629952945,0.10289999842643738,0.40549999475479126,1.6497999429702759,-1.5707963267948966,0.0,1.5707963267948966,-0.00025304305814742567,0.0034976214952843975,2.091221114113137
0.001363214678752009,0.6403117136631538,1.9892578570990775,-0.0011559531266339348,0.0017255572810775035,0.0011977630269487964,-1.5685941539009018,-0.01667840991216707,1.158846861184824,0.10289999842643738,0.40549999475479126,1.6497999429702759,-1.5707963267948966,0.0,1.5707963267948966,-0.00026358712862813437,0.003451592021426956,2.090966766376599
0.00168668392064417,0.6401768315587033,1.9890495345550734,-0.001570556533873943,0.0013383791800185493,0.0009544414627795985,-1.5688305101238424,-0.01694721035451341,1.1602896879288245,0.10289999842643738,0.40549999475479126,1.6497999429702759,-1.5707963267948966,0.0,1.5707963267948966,-0.0002726024254964749,0.003407130924738585,2.0907316987418643
0.0020452343908939708,0.6400261022437587,1.9888062517659215,-0.0019779214335564755,0.0010022926456623139,0.0008322457134372627,-1.5690762604934652,-0.01726011834886476,1.161872207253537,0.10289999842643738,0.40549999475479126,1.6497999429702759,-1.5707963267948966,0.0,1.5707963267948966,-0.00028146838823522413,0.003353826620254305,2.090465425656473
0.00240548558756397,0.6398755548255393,1.988554291367505,-0.0022718740303997145,0.000869191698878268,0.0009115601166359552,-1.5693089460809695,-0.017591798409940296,1.1634507057783803,0.10289999842643738,0.40549999475479126,1.6497999429702759,-1.5707963267948966,0.0,1.5707963267948966,-0.0002895422446531504,0.003296580304697087,2.090193584661374
0.0028133047079046992,0.6397055028190403,1.9882709374726293,-0.00297604258870268,0.0010423939673082903,0.0018005756113782293,-1.5695861610608102,-0.017928143187393886,1.1652041432846154,0.10289999842643738,0.40549999475479126,1.6497999429702759,-1.5707963267948966,0.0,1.5707963267948966,-0.0002991012971095433,0.003229436953373843,2.0898878857816903
0.0031635478509286366,0.6395593789287578,1.9880357408381877,-0.0031656665028060977,0.0012062470455243954,0.0019360819482498238,-1.5698277163823022,-0.018214182346683483,1.1666633446045933,0.10289999842643738,0.40549999475479126,1.6497999429702759,-1.5707963267948966,0.0,1.5707963267948966,-0.0003084627958724306,0.003171658588892019,2.0896377939645268
0.0035622200334704014,0.6393914234119664,1.987765998585374,-0.0038714168611638754,0.0012445921613090253,0.0017230684630527512,-1.570110879422296,-0.018553409869654036,1.1682962674818156,0.10289999842643738,0.40549999475479126,1.6497999429702759,-1.5707963267948966,0.0,1.5707963267948966,-0.0003190291783927914,0.003104521945515185,2.08936204453853
0.003960844206724507,0.6392182049137574,1.987488461880515,-0.0043087748163434,0.0009081379209865991,0.0008940214653315434,-1.5704191951310602,-0.018863874994363705,1.169926465937251,0.10289999842643738,0.40549999475479126,1.6497999429702759,-1.5707963267948966,0.0,1.5707963267948966,-0.0003282619763971544,0.003034259057793488,2.0890874446510623
0.004393433239386606,0.6390197190480091,1.987180038910584,-0.005813956426334799,0.0005118368485003789,0.0008972569021130399,-1.5707530504642067,-0.019181793234266387,1.171726734558108,0.10289999842643738,0.40549999475479126,1.6497999429702759,-1.5707963267948966,0.0,1.5707963267948966,-0.00033666800808993214,0.0029459560049697325,2.0887642617727114
0.004789921195284087,0.6388320064666093,1.9869065766553469,-0.0067066993024039855,0.00015593959655659355,0.000978583760654589,-1.5710376502417827,-0.01948190158893537,1.173390722891312,0.10289999842643738,0.40549999475479126,1.6497999429702759,-1.5707963267948966,0.0,1.5707963267948966,-0.0003423527091327569,0.0028771934650106794,2.088523033714901
0.005150159834721528,0.6386586123049485,1.9866628338095906,-0.006960285603804987,-1.7872131024028344e-07,0.0012657268103311301,-1.5713080312846945,-0.019722019198253893,1.1748811742954877,0.10289999842643738,0.40549999475479126,1.6497999429702759,-1.5707963267948966,0.0,1.5707963267948966,-0.0003477548442500813,0.002805890726674832,2.088280118867869
0.005557283682898434,0.6384590214744285,1.9863941477930658,-0.006219821094375169,-3.123249137358331e-05,0.0014358219799002045,-1.5716146761371075,-0.020000589821770998,1.1765150242828815,0.10289999842643738,0.40549999475479126,1.6497999429702759,-1.5707963267948966,0.0,1.5707963267948966,-0.0003538132039357901,0.0027233994184226416,2.0880078265748216
0.005971386724289471,0.6382538134839462,1.986127637942532,-0.005297816139683423,0.0001677671253395776,0.001531990588113198,-1.5719095747728,-0.0203238202067495,1.1781394619024008,0.10289999842643738,0.40549999475479126,1.6497999429702759,-1.5707963267948966,0.0,1.5707963267948966,-0.000360346809784107,0.0026283667311685454,2.0877036926033763
0.006516672502515645,0.6379803345718765,1.9857865853032475,-0.003763489841398222,0.0005646959455547879,0.0014399252162484904,-1.5723091409180054,-0.020742522360942317,1.1802655806611237,0.10289999842643738,0.40549999475479126,1.6497999429702759,-1.5707963267948966,0.0,1.5707963267948966,-0.0003668978375196219,0.002519604402433854,2.0873630540616266
0.006810429208022992,0.637829021944762,1.985604188938956,-0.0030073391159445256,0.0007303856634663709,0.0010971699309954286,-1.5725225521406347,-0.020976099906965473,1.181410508155461,0.10289999842643738,0.40549999475479126,1.6497999429702759,-1.5707963267948966,0.0,1.5707963267948966,-0.00036993173811390495,0.002453651695240481,2.087159642979363
0.007223740327185986,0.637608832163225,1.985344069717893,-0.002446956615804336,0.0008262756269301106,0.0007046030570136614,-1.5727925351154963,-0.021331055091815543,1.1830524205167317,0.10289999842643738,0.40549999475479126,1.6497999429702759,-1.5707963267948966,0.0,1.5707963267948966,-0.0003722364110768181,0.002356349459115374,2.086864991532961
0.007634200346585549,0.6373864050390078,1.9850840697171186,-0.00301415824743251,0.0007468228228883019,0.0010307680522026082,-1.573045516462474,-0.021676386407743387,1.1847087490769106,0.10289999842643738,0.40549999475479126,1.6497999429702759,-1.5707963267948966,0.0,1.5707963267948966,-0.0003730290527790129,0.002255777083692012,2.086567324179685
0.008050531892936603,0.6371569825736967,1.9848281836157944,-0.0037688675531503974,0.0004988041828680498,0.0013991282295944191,-1.5733184332432368,-0.02201602884963183,1.1863819770584367,0.10289999842643738,0.40549999475479126,1.6497999429702759,-1.5707963267948966,0.0,1.5707963267948966,-0.0003737387562615959,0.0021526468295895336,2.0862665263020403
0.008513540403639365,0.6368915193479322,1.9845528695980448,-0.00481768509507395,8.473754633160631e-05,0.001253247052164416,-1.573612279917373,-0.022439294619231998,1.1882387129446126,0.10289999842643738,0.40549999475479126,1.6497999429702759,-1.5707963267948966,0.0,1.5707963267948966,-0.00037391841344351515,0.0020367624260252833,2.085931319506724
0.008850013092389237,0.6366915477555517,1.9843561213918788,-0.005138611642367672,-0.00020039995708097472,0.001215957939840925,-1.5738045384480086,-0.022761222299759076,1.1895968076059842,0.10289999842643738,0.40549999475479126,1.6497999429702759,-1.5707963267948966,0.0,1.5707963267948966,-0.00037308838103828647,0.0019508157582958157,2.0856833203968503
0.009272668590918659,0.6364338743727571,1.98411018311583,-0.00482232082005484,-0.0004390991846703849,0.001385457355772476,-1.574036729875584,-0.02315727511262189,1.191286973299019,0.10289999842643738,0.40549999475479126,1.6497999429702759,-1.5707963267948966,0.0,1.5707963267948966,-0.0003713811075459463,0.0018411222249762177,2.0853664748917984
0.00974582217090777,0.6361429749701834,1.9838330277706049,-0.0034313441635228322,-0.0006642655873833996,0.0017264987618005301,-1.5742796848605913,-0.0236155209821991,1.1931366812316957,0.10289999842643738,0.40549999475479126,1.6497999429702759,-1.5707963267948966,0.0,1.5707963267948966,-0.00036950206457240034,0.0017167322686178618,2.085008866032536
0.010184433685848999,0.6358756136507175,1.9835741371944324,-0.003236192996628061,-0.0008181704932628934,0.001780872116602087,-1.5744820182417316,-0.02403790388207927,1.194838116854993,0.10289999842643738,0.40549999475479126,1.6497999429702759,-1.5707963267948966,0.0,1.5707963267948966,-0.0003680683460630985,0.0016000685218967568,2.084675839167306
0.01062837482604653,0.6356078255549801,1.9833121842842873,-0.003018713024633912,-0.0009256844396206187,0.001764984438607774,-1.5746976299170543,-0.024442193813180246,1.196561686253718,0.10289999842643738,0.40549999475479126,1.6497999429702759,-1.5707963267948966,0.0,1.5707963267948966,-0.00036644706080605377,0.0014801745085936922,2.0843325525218623
0.011072635476896978,0.6353385772492371,1.983039330777913,-0.002391870428299918,-0.0010449474314756268,0.0012245234827638358,-1.5749177896132558,-0.02486372611165244,1.1982750362835892,0.10289999842643738,0.40549999475479126,1.6497999429702759,-1.5707963267948966,0.0,1.5707963267948966,-0.0003637955981053356,0.0013568392825152784,2.083978691718512
0.011509860825254618,0.6350691033866526,1.9827507840970968,-0.00210264035605743,-0.0010987126877660233,0.0010634944051198844,-1.5751009021977336,-0.0252925303830982,1.199981654981329,0.10289999842643738,0.40549999475479126,1.6497999429702759,-1.5707963267948966,0.0,1.5707963267948966,-0.00035913327554888875,0.0012300599249439397,2.083618270914837
0.011946980924468938,0.6348016048712932,1.9824488966293803,-0.002741495722023662,-0.0009220056669727352,0.001437662459992418,-1.5752651784942182,-0.025714940230650463,1.201682308734466,0.10289999842643738,0.40549999475479126,1.6497999429702759,-1.5707963267948966,0.0,1.5707963267948966,-0.00035367895056235107,0.0011000779087945764,2.083250300011916
0.012393401100167751,0.6345332577843734,1.9821358026425568,-0.003264192638596701,-0.0006129312323620134,0.0020238271552540862,-1.5754269762285502,-0.026162009389608887,1.203370343429362,0.10289999842643738,0.40549999475479126,1.6497999429702759,-1.5707963267948966,0.0,1.5707963267948966,-0.0003489446350996812,0.0009672765699851698,2.08287453346513
0.012852355090031624,0.6342623814388382,1.981808490698055,-0.004220377559347621,-0.0004571161511267236,0.002222885673627139,-1.5755642593766084,-0.026631745998876077,1.2050443817984526,0.10289999842643738,0.40549999475479126,1.6497999429702759,-1.5707963267948966,0.0,1.5707963267948966,-0.00034534136184407314,0.0008318544551200427,2.082493236378457
0.013366309502953283,0.6339653263983666,1.9814329867115408,-0.00573571481929108,-0.0005514363330434407,0.0020786110415596977,-1.5756831539094713,-0.02713569262542581,1.2068794962850635,0.10289999842643738,0.40549999475479126,1.6497999429702759,-1.5707963267948966,0.0,1.5707963267948966,-0.0003416748588171841,0.0006799937464524059,2.0820643708637436
0.013744445376449987,0.6337498733790137,1.981149649952209,-0.00686643494021903,-0.000681869923553169,0.002050606369152721,-1.5757588226319823,-0.02750688068056828,1.2082023508782378,0.10289999842643738,0.40549999475479126,1.6497999429702759,-1.5707963267948966,0.0,1.5707963267948966,-0.0003389012396250257,0.0005676489089872174,2.0817440788602752
0.014273191797914827,0.633447983476032,1.9807432854047078,-0.007529102923888959,-0.0008083776580318467,0.002164821120819163,-1.5758411253095492,-0.028033353401772487,1.2100069456341955,0.10289999842643738,0.40549999475479126,1.6497999429702759,-1.5707963267948966,0.0,1.5707963267948966,-0.00033538908142680764,0.0004110162956391804,2.0812904915217834
0.014709871174030541,0.6331988983634277,1.98039018290018,-0.007756104862009288,-0.0009670370992334169,0.0017656635729473113,-1.5758787605904265,-0.02844974572150072,1.2114671824656373,0.10289999842643738,0.40549999475479126,1.6497999429702759,-1.5707963267948966,0.0,1.5707963267948966,-0.0003323017923732467,0.0002807498269875059,2.080908250392888
0.015291980983854356,0.6328657280317055,1.9798864203442972,-0.00770441731756588,-0.0011983563666066103,0.001670821113332875,-1.5759141348491938,-0.029020350266034,1.2133736473353678,0.10289999842643738,0.40549999475479126,1.6497999429702759,-1.5707963267948966,0.0,1.5707963267948966,-0.0003269397736660947,0.00010394628342398222,2.0803860221311434
0.015731993864434454,0.6326144045572999,1.9794858037102854,-0.008279032795993239,-0.001345695026044676,0.001787962590960156,-1.5759237272055386,-0.029481784816050016,1.2147714607475428,0.10289999842643738,0.40549999475479126,1.6497999429702759,-1.5707963267948966,0.0,1.5707963267948966,-0.00032224036144335827,-4.6160535541924126e-05,2.0799377559346346
0.01617718160750071,0.6323621189010148,1.9790717586818272,-0.009125415803183637,-0.0014769638435342559,0.002015774633956044,-1.5759134454873616,-0.02994765531010435,1.2161475437546543,0.10289999842643738,0.40549999475479126,1.6497999429702759,-1.5707963267948966,0.0,1.5707963267948966,-0.00031881509382640716,-0.00016778689213717534,2.079568543019332
0.016733884852889985,0.6320511108752278,1.978548096573547,-0.01024581225291918,-0.001610442122366927,0.0024182613279687534,-1.5759145214965167,-0.030555076588457908,1.217796677066169,0.10289999842643738,0.40549999475479126,1.6497999429702759,-1.5707963267948966,0.0,1.5707963267948966,-0.00031507223337029266,-0.0003522247228001496,2.078997808972242
0.017254743998939108,0.63176170828539,1.978056878211611,-0.011102090351102456,-0.0016492300387033565,0.0025311322319142167,-1.5759316797947098,-0.031165171049375218,1.219278823920762,0.10289999842643738,0.40549999475479126,1.6497999429702759,-1.5707963267948966,0.0,1.5707963267948966,-0.00031342913443288935,-0.000507449477317224,2.0785084897765507
0.01783593289072852,0.631439362163505,1.977496807217116,-0.010613155420074164,-0.0016370962654206102,0.0020215211813411206,-1.5759286028827275,-0.031845518785414306,1.220908637761849,0.10289999842643738,0.40549999475479126,1.6497999429702759,-1.5707963267948966,0.0,1.5707963267948966,-0.0003116820931493668,-0.0006804373619475039,2.0779562083233842
0.01831323614466031,0.6311770509830043,1.9770166020713071,-0.009759189428151195,-0.0015014781513443694,0.0019189440810123228,-1.575922346806758,-0.0324021541662467,1.222233423262672,0.10289999842643738,0.40549999475479126,1.6497999429702759,-1.5707963267948966,0.0,1.5707963267948966,-0.0003099374294509418,-0.0008081116881155225,2.0775475635301985
0.01885141368415554,0.6308862968703761,1.9764657220351347,-0.009809235739305946,-0.001290011021636271,0.0021013214592080715,-1.5759341383226737,-0.03302639083269909,1.2236985172301929,0.10289999842643738,0.40549999475479126,1.6497999429702759,-1.5707963267948966,0.0,1.5707963267948966,-0.00030810870934882786,-0.0009698491925544602,2.0770264295265104
0.019399752487793263,0.6305947466680046,1.9759086778343857,-0.010381825504685412,-0.0013022340242199123,0.002166575475733956,-1.5759368110066188,-0.03363095120811854,1.2251889350289895,0.10289999842643738,0.40549999475479126,1.6497999429702759,-1.5707963267948966,0.0,1.5707963267948966,-0.0003070394542687772,-0.0011335051932948865,2.076491016747021
0.019955351706320026,0.630302794645742,1.9753438118457278,-0.010177843620956825,-0.0014791682658853572,0.001899802473512241,-1.5759371547182595,-0.034245782052384044,1.2267116529061752,0.10289999842643738,0.40549999475479126,1.6497999429702759,-1.5707963267948966,0.0,1.5707963267948966,-0.0003060747172252503,-0.0012987827780805972,2.075940806034628
0.020456936948725336,0.6300384490075139,1.97482618018336,-0.010369944017474052,-0.0016064179207211844,0.0014801685481013157,-1.5759614229696457,-0.03482943642091829,1.2280958629450112,0.10289999842643738,0.40549999475479126,1.6497999429702759,-1.5707963267948966,0.0,1.5707963267948966,-0.00030400959530338785,-0.0014656520138205868,2.0753774617209237
0.021065463678617623,0.6297060310791357,1.9741912350952986,-0.01031079258677523,-0.001586450339262052,0.0011063911615127027,-1.575997378190084,-0.03551634590248964,1.2298214368931302,0.10289999842643738,0.40549999475479126,1.6497999429702759,-1.5707963267948966,0.0,1.5707963267948966,-0.00030020885092939156,-0.0016334164284506063,2.0748027750150757
0.02161627160782361,0.629398022308397,1.973607428751549,-0.009361487096951374,-0.0013633992368343771,0.001134697978472953,-1.5760314660080226,-0.0361207958773484,1.2314111594524386,0.10289999842643738,0.40549999475479126,1.6497999429702759,-1.5707963267948966,0.0,1.5707963267948966,-0.00029497512660330775,-0.0018023091360293694,2.0742181853492143
0.0221705965192671,0.6290850781403755,1.9730131172181322,-0.008218365749091835,-0.0010445231053971163,0.0013257400462780811,-1.5760952025925012,-0.03673530926597923,1.2329968871120187,0.10289999842643738,0.40549999475479126,1.6497999429702759,-1.5707963267948966,0.0,1.5707963267948966,-0.0002890356851131027,-0.0019725151589022666,2.0736228844760607
0.02278358393483025,0.6287326836714306,1.972349381844104,-0.007325443410227981,-0.0007117436572737723,0.0012375547988267158,-1.5761731330700999,-0.03740822991756687,1.234736172111471,0.10289999842643738,0.40549999475479126,1.6497999429702759,-1.5707963267948966,0.0,1.5707963267948966,-0.0002816531542285058,-0.0021611780667902918,2.0729551198185394
0.02328639530258557,0.6284418731025183,1.971798648263677,-0.007150246780723461,-0.0003793918994442382,0.0013374088207024541,-1.5762248956359435,-0.037964877061222424,1.2361597290838469,0.10289999842643738,0.40549999475479126,1.6497999429702759,-1.5707963267948966,0.0,1.5707963267948966,-0.0002747173644994592,-0.002316622904280015,2.072398380572429
0.023851152894945542,0.6281184282527507,1.9711778675624185,-0.007439324519744754,1.3436478761351965e-05,0.0015837978023423359,-1.5762972863967926,-0.03861389903370149,1.2377429716060095,0.10289999842643738,0.40549999475479126,1.6497999429702759,-1.5707963267948966,0.0,1.5707963267948966,-0.0002668140072422757,-0.002490284846405872,2.071769174529461
0.024415644260561385,0.6277916703358011,1.9705471623604591,-0.007690761609429218,0.00013735505332543904,0.0008492114400680358,-1.5763797152148502,-0.03924954360182298,1.2393377980178435,0.10289999842643738,0.40549999475479126,1.6497999429702759,-1.5707963267948966,0.0,1.5707963267948966,-0.0002577319062599734,-0.0026646902358707625,2.07113111974215
0.02497128801668807,0.6274655751251206,1.9699040445165494,-0.008214783292521248,6.661637999579823e-05,0.0007826574677572463,-1.576441140972665,-0.03986381398557004,1.2409590898969562,0.10289999842643738,0.40549999475479126,1.6497999429702759,-1.5707963267948966,0.0,1.5707963267948966,-0.00024599137397699925,-0.002840010374575768,2.0704903538726125
0.02552604091707232,0.6271442496601024,1.969247684346795,-0.00859920318423345,-0.00023042035833237723,0.0007519736169900659,-1.57650974359469,-0.04049151857805455,1.2425983665490707,0.10289999842643738,0.40549999475479126,1.6497999429702759,-1.5707963267948966,0.0,1.5707963267948966,-0.00023139774398131833,-0.0030340046433338223,2.069782328284339
0.026081154430411063,0.6268265230094867,1.9685762244512175,-0.008869276678017773,-0.000667541559800563,0.0011502716801023883,-1.5766091722626214,-0.04106715008906647,1.2442277278154654,0.10289999842643738,0.40549999475479126,1.6497999429702759,-1.5707963267948966,0.0,1.5707963267948966,-0.00021866528825659014,-0.0031937841660554197,2.069198325611749
0.02664225242011012,0.6265103751548585,1.9678942844000975,-0.009570335169517979,-0.0011893569301677375,0.0012469906216693533,-1.5767018723597996,-0.041635255240530356,1.24585852616212,0.10289999842643738,0.40549999475479126,1.6497999429702759,-1.5707963267948966,0.0,1.5707963267948966,-0.0002044194878632508,-0.003372070983465651,2.068545184453322
0.027259401936381104,0.626162715621684,1.9671388870128164,-0.010118638930814624,-0.0016747230593260353,0.0010128507727475416,-1.576795595319612,-0.042268847959303635,1.2476702890813345,0.10289999842643738,0.40549999475479126,1.6497999429702759,-1.5707963267948966,0.0,1.5707963267948966,-0.0001875856341766658,-0.0035684945383011716,2.067819594302487
0.027761761472687295,0.6258749077399071,1.9665158235156677,-0.009764647028772826,-0.0018931078433881833,0.0011218892134909073,-1.5768716935041274,-0.04276820133865478,1.249152533206695,0.10289999842643738,0.40549999475479126,1.6497999429702759,-1.5707963267948966,0.0,1.5707963267948966,-0.0001727671608055798,-0.003729342520336308,2.067220693345735
0.028320366173415556,0.6255499924923789,1.965816899780587,-0.009086489264204918,-0.0021141491409726143,0.0010842225731810323,-1.5769280653383155,-0.04331666877719709,1.25079843304952,0.10289999842643738,0.40549999475479126,1.6497999429702759,-1.5707963267948966,0.0,1.5707963267948966,-0.000155800544297618,-0.003908313300717964,2.066550757073887
0.028876848256347044,0.6252224766822271,1.965113060940523,-0.007964103071172578,-0.00218506638566965,0.0009939958933454919,-1.5769700322252171,-0.043866051526729954,1.252456189467509,0.10289999842643738,0.40549999475479126,1.6497999429702759,-1.5707963267948966,0.0,1.5707963267948966,-0.00013776202112758266,-0.004087638261322236,2.0658754168790665
0.02943051610210355,0.6248938174964755,1.9644007253650586,-0.0063224433972572085,-0.002068713926372544,0.0010065136064018947,-1.577043531317677,-0.044385436886316576,1.254108780612844,0.10289999842643738,0.40549999475479126,1.6497999429702759,-1.5707963267948966,0.0,1.5707963267948966,-0.00011878665433783032,-0.004267648035962156,2.0651947192119193
0.02998186436110103,0.6245639723075626,1.963680089258517,-0.005057422364963818,-0.0018520798451178567,0.0009805965459962658,-1.57710564676974,-0.044887631295635444,1.2557597064901815,0.10289999842643738,0.40549999475479126,1.6497999429702759,-1.5707963267948966,0.0,1.5707963267948966,-9.904129429294666e-05,-0.004448543118179407,2.06450844278957
0.030531476856451342,0.6242345319007903,1.9629534735240401,-0.004295173426742473,-0.0016206645604872373,0.001020273275404629,-1.5771211074127467,-0.04539907080356809,1.257424447618936,0.10289999842643738,0.40549999475479126,1.6497999429702759,-1.5707963267948966,0.0,1.5707963267948966,-7.849587860127806e-05,-0.004629982274807109,2.0638161092868046
0.03108118609111557,0.6239026513335224,1.962223470088526,-0.004951930247013991,-0.0014475664395374333,0.0011461013596509495,-1.577131535627406,-0.04590170563326801,1.259100602989991,0.10289999842643738,0.40549999475479126,1.6497999429702759,-1.5707963267948966,0.0,1.5707963267948966,-5.739702074143858e-05,-0.004811157950763154,2.063117742288099
0.0317413458329521,0.6234953972438703,1.9613508652003357,-0.005134770091178132,-0.0013911815129763166,0.0010201348137017585,-1.5771281679332814,-0.046497485867514676,1.2611548565140456,0.10289999842643738,0.40549999475479126,1.6497999429702759,-1.5707963267948966,0.0,1.5707963267948966,-3.115560750206736e-05,-0.00502748757248491,2.062272542604763
0.03218016609519129,0.623220630580502,1.9607664135176588,-0.00454940750649908,-0.0013753709401598284,0.0009184831299989917,-1.5770991225833115,-0.04690706490858343,1.2625541116646117,0.10289999842643738,0.40549999475479126,1.6497999429702759,-1.5707963267948966,0.0,1.5707963267948966,-1.0372772148713683e-05,-0.005189397567150361,2.061635767724304
0.03277805997856779,0.6228460609070883,1.9599499762354926,-0.0033665143723044964,-0.0014195546792776903,0.0006544633800093704,-1.577062117063969,-0.04744897344122512,1.264476673771852,0.10289999842643738,0.40549999475479126,1.6497999429702759,-1.5707963267948966,0.0,1.5707963267948966,1.4050084931819196e-05,-0.005369744749621131,2.0609273566996427
0.03320741825559432,0.6225745091443002,1.9593466170435394,-0.002971402742682539,-0.0014527362104863135,0.0005427332885738485,-1.57704114296121,-0.04782261540005628,1.2658651833076457,0.10289999842643738,0.40549999475479126,1.6497999429702759,-1.5707963267948966,0.0,1.5707963267948966,3.747107261115086e-05,-0.0055323523826002665,2.060290469723699
0.0337937147527421,0.6222017459713691,1.9585150101408777,-0.0037884402033733326,-0.00139962740316232,0.0006469552963929687,-1.5769783109841018,-0.04834950459265652,1.267778525182794,0.10289999842643738,0.40549999475479126,1.6497999429702759,-1.5707963267948966,0.0,1.5707963267948966,6.46751429002162e-05,-0.005712894956860894,2.059582045590034
0.03432492904131293,0.6218638075892705,1.9577642006209692,-0.004445789920963866,-0.0013211246128267359,0.0007437510176058036,-1.576925042829428,-0.048797378593773644,1.2695275519026588,0.10289999842643738,0.40549999475479126,1.6497999429702759,-1.5707963267948966,0.0,1.5707963267948966,9.270571782998512e-05,-0.005892955054038054,2.0588716963609524
0.034859355889075336,0.6215237358296408,1.9570153227558884,-0.004082832725816863,-0.001153880926043772,0.0013431980418552687,-1.5769122586720012,-0.049212313533998575,1.2712675447502804,0.10289999842643738,0.40549999475479126,1.6497999429702759,-1.5707963267948966,0.0,1.5707963267948966,0.00012068628343437767,-0.006072537441185716,2.0581606363099425
0.03540220273790172,0.6211790189999796,1.9562660207707483,-0.003758204546543034,-0.0010534979286267385,0.0013081103162679193,-1.5768977596571476,-0.049638705075549794,1.2730084246326352,0.10289999842643738,0.40549999475479126,1.6497999429702759,-1.5707963267948966,0.0,1.5707963267948966,0.00014793352431927148,-0.006251542667581207,2.057454055090524
0.035948571269026876,0.6208321951137147,1.9555124296765893,-0.0023188036165654002,-0.0009240636382236226,0.001374194208151523,-1.576879923449673,-0.05005434674379794,1.2747524506017562,0.10289999842643738,0.40549999475479126,1.6497999429702759,-1.5707963267948966,0.0,1.5707963267948966,0.00017541690139572495,-0.006430104868785332,2.0567537090791457
0.03650264452844429,0.6204849289432847,1.9547512801300695,-0.002230325574164634,-0.0006598391464085154,0.0015883767891952507,-1.5768958164850393,-0.05046639806952724,1.2764748456443962,0.10289999842643738,0.40549999475479126,1.6497999429702759,-1.5707963267948966,0.0,1.5707963267948966,0.0002023729377206921,-0.00660850821605904,2.05605844107595
0.03711706285159817,0.6200982926803216,1.953921535494414,-0.002053754939816571,-0.0004799801324182654,0.0011560768570994513,-1.5769094354940767,-0.05092824207980717,1.278377503529564,0.10289999842643738,0.40549999475479126,1.6497999429702759,-1.5707963267948966,0.0,1.5707963267948966,0.0002318669926700867,-0.006803926993062518,2.0552969744088685
0.03766952600335742,0.6197451237244457,1.953170193109909,-0.0010504043236028893,-0.00040163090721880224,0.0006709199896023408,-1.5769013394541602,-0.05131923301583541,1.2801235465883698,0.10289999842643738,0.40549999475479126,1.6497999429702759,-1.5707963267948966,0.0,1.5707963267948966,0.0002630405006001486,-0.006998816158905016,2.0545427230007607
0.03816185034888296,0.6194277819751327,1.9524918986655546,0.0004921726751163979,-0.00021435321962041108,0.0006881101796880803,-1.5769190091399514,-0.05164060654285496,1.2816889796714104,0.10289999842643738,0.40549999475479126,1.6497999429702759,-1.5707963267948966,0.0,1.5707963267948966,0.0002866723356919049,-0.007140612909962644,2.0540003298668053
0.0387605137991648,0.619041137123418,1.9516584082413626,0.0028444243945446005,9.111695663181514e-05,0.00041241728532993003,-1.5769591489897878,-0.05202572030635677,1.2835640794147491,0.10289999842643738,0.40549999475479126,1.6497999429702759,-1.5707963267948966,0.0,1.5707963267948966,0.0003201463315325894,-0.007336277507055582,2.053261343656732
0.039246808266241225,0.6187289867152215,1.9509733147418982,0.004024264873210961,0.0003592803291896381,0.0005773442733741224,-1.57698735958751,-0.052327051602581776,1.2850713021491602,0.10289999842643738,0.40549999475479126,1.6497999429702759,-1.5707963267948966,0.0,1.5707963267948966,0.00034861503668197206,-0.007497176731677346,2.0526614626646693
0.039735817569313214,0.6184199807698764,1.950290665192874,0.0042965945132370465,0.0004952967630008057,0.0007732504184714589,-1.5770426666945863,-0.05261005690800724,1.2865610262195009,0.10289999842643738,0.40549999475479126,1.6497999429702759,-1.5707963267948966,0.0,1.5707963267948966,0.000377148191247582,-0.0076583218803920085,2.0520645621808478
0.0403937371844475,0.6180079659471357,1.9493894742758069,0.0042475234987964005,0.00035418833966634894,0.0009438088633356884,-1.5771701093333481,-0.05296423784893545,1.288537498289528,0.10289999842643738,0.40549999475479126,1.6497999429702759,-1.5707963267948966,0.0,1.5707963267948966,0.000415191916608618,-0.007872981599764508,2.0512714158693512
0.04083464337021509,0.6177342360975115,1.9487931513989862,0.004262140860655309,7.3971370067445e-06,0.0007189614942448731,-1.577261095701714,-0.05318211202996137,1.2898587219277797,0.10289999842643738,0.40549999475479126,1.6497999429702759,-1.5707963267948966,0.0,1.5707963267948966,0.0004407858564095289,-0.008016096610219573,2.050743630916629
0.041383739105422285,0.6173971848192771,1.9480477168886319,0.004735619690719356,-0.0004967227607070138,0.0006290024489431355,-1.5773912798188865,-0.05342788813115895,1.2915013269860127,0.10289999842643738,0.40549999475479126,1.6497999429702759,-1.5707963267948966,0.0,1.5707963267948966,0.00047364700065501646,-0.008195398277093265,2.0500855104925857
0.041937255200215226,0.6170634236154239,1.9472988009007959,0.005072558690794934,-0.0009374406033199659,0.001065766941121418,-1.5775637676519174,-0.05367663661183508,1.293132710704871,0.10289999842643738,0.40549999475479126,1.6497999429702759,-1.5707963267948966,0.0,1.5707963267948966,0.0005062873801206082,-0.008375041784994536,2.049429073977789
0.042556509003602666,0.6166993382481972,1.946469463761089,0.004843001226152717,-0.0014206488806248003,0.0011259130654137953,-1.5777514976030929,-0.053965022053419354,1.294923047139694,0.10289999842643738,0.40549999475479126,1.6497999429702759,-1.5707963267948966,0.0,1.5707963267948966,0.0005409068938243348,-0.008572863494681969,2.0487116418446494
0.04312364530418867,0.6163723176138984,1.945710437800364,0.003882392021906955,-0.0016330494405061976,0.0009920736454146035,-1.577913277086034,-0.05422222262764631,1.2965472193335632,0.10289999842643738,0.40549999475479126,1.6497999429702759,-1.5707963267948966,0.0,1.5707963267948966,0.000571988623512545,-0.008752612806006352,2.0480627977616352
0.0436926598882196,0.6160472297655346,1.94494864982779,0.0025360637983091305,-0.0016020593373230361,0.0007826763057803749,-1.5781117059491971,-0.054492847190345195,1.2981512429877027,0.10289999842643738,0.40549999475479126,1.6497999429702759,-1.5707963267948966,0.0,1.5707963267948966,0.0006031750594329256,-0.00893195108654931,2.0474143769028914
0.04420248204190434,0.6157534778423268,1.9442617596921674,0.0014100177728772832,-0.0014912984631603155,0.00037999973848089737,-1.578294169009545,-0.05473191831832347,1.2995912904891347,0.10289999842643738,0.40549999475479126,1.6497999429702759,-1.5707963267948966,0.0,1.5707963267948966,0.0006351246393008596,-0.009110676656339014,2.046766023387208
0.04487475416643221,0.6153613372539829,1.9433399827975126,0.0009037331526545729,-0.0011533915113379166,0.0002499373416394441,-1.578521811710151,-0.05501401298850128,1.3015205791905848,0.10289999842643738,0.40549999475479126,1.6497999429702759,-1.5707963267948966,0.0,1.5707963267948966,0.0006716339747032244,-0.009306686535161226,2.046055959441581
0.04537723160820718,0.6150657122082637,1.9426414201336537,0.0005857705524868858,-0.0008242250547361512,0.00023266306505840688,-1.578719504135307,-0.05520948716525709,1.3029613204798733,0.10289999842643738,0.40549999475479126,1.6497999429702759,-1.5707963267948966,0.0,1.5707963267948966,0.0007020905700161711,-0.009466608207847293,2.0454767620250434
0.04593368737629073,0.6147322016080523,1.9418614137495802,0.000699305575026046,-0.0004508637921529235,0.00030415913622717323,-1.5789480817215462,-0.05540762066615823,1.3045620787888945,0.10289999842643738,0.40549999475479126,1.6497999429702759,-1.5707963267948966,0.0,1.5707963267948966,0.0007363889906494543,-0.009643747294154457,2.044832473319398
0.04648924017833013,0.6143949889643828,1.9410770781446238,0.0010632068333921614,-0.00030120099646366983,0.0002328997663705057,-1.5791575195590442,-0.05559440946481242,1.3061807893781259,0.10289999842643738,0.40549999475479126,1.6497999429702759,-1.5707963267948966,0.0,1.5707963267948966,0.0007711693916723403,-0.009820600024460257,2.0441864828432204
0.04703945055401359,0.6140554837822447,1.9402900809899783,0.0012202637309165802,-0.00035521125019236354,-0.00014912163518182066,-1.5793841384815694,-0.055778539437996155,1.3078121393816797,0.10289999842643738,0.40549999475479126,1.6497999429702759,-1.5707963267948966,0.0,1.5707963267948966,0.0008072055967901433,-0.009997243471865307,2.043537945503538
0.04758061129032231,0.6137119292347837,1.9395053710370802,0.0006479090752066027,-0.0005166967579694339,-0.0003084015184613176,-1.5796318187865144,-0.05596475216404517,1.3094423568247135,0.10289999842643738,0.40549999475479126,1.6497999429702759,-1.5707963267948966,0.0,1.5707963267948966,0.0008451053550469229,-0.01017358129968099,2.042887783604547
0.048117434872242404,0.6133620903606953,1.9387279746365291,0.00038591273824065093,-0.0007000642871584192,-6.436957637294824e-05,-1.5798560093531953,-0.05615239340324418,1.3110975391009547,0.10289999842643738,0.40549999475479126,1.6497999429702759,-1.5707963267948966,0.0,1.5707963267948966,0.0008840639533252684,-0.010349217398945043,2.042235532548725
0.04865480467544622,0.6130109990838901,1.9379545162491583,-9.942537972649652e-05,-0.0008392388776898481,8.273131643444903e-05,-1.5800883884786034,-0.05633289790983742,1.3127740399801722,0.10289999842643738,0.40549999475479126,1.6497999429702759,-1.5707963267948966,0.0,1.5707963267948966,0.0009232765865754593,-0.010524626118187927,2.0415819654847587
0.049187613114593805,0.6126607359773834,1.9371876999950988,-0.0010608876172815164,-0.0009476402762067228,-0.0002934761980600033,-1.580333186968426,-0.0565199580797735,1.3144598887351147,0.10289999842643738,0.40549999475479126,1.6497999429702759,-1.5707963267948966,0.0,1.5707963267948966,0.0009635373820018183,-0.010700044609090766,2.040926074846074
0.04965842356139343,0.6123466005879443,1.9365034171444777,-0.0019084344582152258,-0.0009073618236175653,-0.00038161177156414815,-1.5805004448068372,-0.05671475931327219,1.3159937911856892,0.10289999842643738,0.40549999475479126,1.6497999429702759,-1.5707963267948966,0.0,1.5707963267948966,0.0010014432431615355,-0.0108579128763371,2.0403350372966282
0.05017512006503526,0.6119999295088485,1.9357461653115522,-0.002256323995958051,-0.0008057950010211574,-0.00034860162261864667,-1.5806361109278846,-0.05694669871293856,1.317718142777637,0.10289999842643738,0.40549999475479126,1.6497999429702759,-1.5707963267948966,0.0,1.5707963267948966,0.0010448145308119688,-0.011033395893855748,2.039677161986036
0.05073979375286665,0.6116169969418261,1.9349121953093897,-0.001682190929820492,-0.0007151340317030439,-4.782077193024417e-05,-1.580802885709843,-0.05721358207099936,1.3196135228610428,0.10289999842643738,0.40549999475479126,1.6497999429702759,-1.5707963267948966,0.0,1.5707963267948966,0.0010935091349873543,-0.011226355037977254,2.038950702803771
0.05125222397497623,0.6112685536763527,1.934148322173667,0.00010674677009551165,-0.0006973201623904238,-0.00013482439371543552,-1.580943296023609,-0.057482956893743165,1.321322497023529,0.10289999842643738,0.40549999475479126,1.6497999429702759,-1.5707963267948966,0.0,1.5707963267948966,0.0011384067286716283,-0.011402374818989652,2.0382893535996534
0.05176127631017654,0.6109233801888521,1.9333798895420549,0.0009230939388422958,-0.000626285869860832,-6.529143672429145e-05,-1.5810795305028948,-0.05772293293146191,1.323017901215971,0.10289999842643738,0.40549999475479126,1.6497999429702759,-1.5707963267948966,0.0,1.5707963267948966,0.001184375638506855,-0.01157945732009389,2.037626946972652
0.05226587405212778,0.6105811070785148,1.9326135409356744,0.0016841253670593162,-0.0005607936944317012,-0.0004359081926084424,-1.5812458915628755,-0.05795093429858866,1.3247016099829525,0.10289999842643738,0.40549999475479126,1.6497999429702759,-1.5707963267948966,0.0,1.5707963267948966,0.0012316898790366807,-0.011757272763073378,2.036961652699537
0.05276128212473595,0.6102436107805068,1.9318438958188155,0.0022280204676961715,-0.0004062412986951371,-0.000456416430002619,-1.5814067775854934,-0.058202921387162654,1.32636333892684,0.10289999842643738,0.40549999475479126,1.6497999429702759,-1.5707963267948966,0.0,1.5707963267948966,0.001281086502404366,-0.011936081097072882,2.036296471764016
0.05325271139214213,0.6099108815788449,1.931076013673099,0.0006810614722438774,-6.57480580198906e-05,-0.00015856779373468472,-1.5815398342012372,-0.058458731271676445,1.3280066127034627,0.10289999842643738,0.40549999475479126,1.6497999429702759,-1.5707963267948966,0.0,1.5707963267948966,0.001331455337679777,-0.012115469776048675,2.035630055692839
0.05374299888208311,0.6095772349177274,1.9303176113161944,-0.0006800828779136909,0.00010560047571417058,2.6892623364526043e-05,-1.5816912224639814,-0.05870578384133296,1.3296441073341756,0.10289999842643738,0.40549999475479126,1.6497999429702759,-1.5707963267948966,0.0,1.5707963267948966,0.0013872742768259276,-0.012312008695470767,2.034894287293705
0.054183218238176144,0.6092741373524138,1.9296378461684993,-0.0017237527854770214,0.0001401716061645555,3.196853534605472e-05,-1.5818384456090886,-0.05895524678793729,1.331109581520569,0.10289999842643738,0.40549999475479126,1.6497999429702759,-1.5707963267948966,0.0,1.5707963267948966,0.0014334854847952976,-0.012472170773714214,2.0342907566254325
0.054669299400003236,0.6089300122870908,1.9288912568205492,-0.002690386973152982,0.0001924967032340984,9.675843299540504e-05,-1.581955818712606,-0.05924387856578539,1.332757915405119,0.10289999842643738,0.40549999475479126,1.6497999429702759,-1.5707963267948966,0.0,1.5707963267948966,0.0014803276192401809,-0.01263142948899242,2.033684044203032
0.05515429910852588,0.6085752029520503,1.9281526298545697,-0.0023058679009245243,0.00025878484912126865,0.00025658403912376724,-1.5820581540198002,-0.059522452634871215,1.3344475177891761,0.10289999842643738,0.40549999475479126,1.6497999429702759,-1.5707963267948966,0.0,1.5707963267948966,0.0015379460455495488,-0.01282473244323019,2.0329380584208563
0.055784828842905754,0.6081037958850707,1.9271976737984473,-0.0011265891817494507,7.196467167994255e-05,0.00020675979987165474,-1.5822089354765212,-0.05991749877787367,1.3366945793627025,0.10289999842643738,0.40549999475479126,1.6497999429702759,-1.5707963267948966,0.0,1.5707963267948966,0.0016011905583995312,-0.013035045728358582,2.0321199489118578
0.05616905281028684,0.6078095541597666,1.9266152533659187,-0.00021601631989430674,-0.00017086945117936997,-7.626371575533406e-05,-1.5822823539848123,-0.06015207125686084,1.338108129521462,0.10289999842643738,0.40549999475479126,1.6497999429702759,-1.5707963267948966,0.0,1.5707963267948966,0.0016440925612282234,-0.01317533263133242,2.0315714866312824
0.05664547950173563,0.6074397764037296,1.9258899716745357,0.0015584085862122056,-0.0002468592919470633,0.0002181103552746016,-1.5823782052987267,-0.0604241691178915,1.3399103916623853,0.10289999842643738,0.40549999475479126,1.6497999429702759,-1.5707963267948966,0.0,1.5707963267948966,0.0016984796951066813,-0.013351025829831059,2.0308847299205417
0.05717461474762269,0.607031878433232,1.925094074039254,0.0025075259641446704,-0.0001028304828303929,0.00043174396690340375,-1.5825267443902062,-0.060751732072236386,1.3419221552248457,0.10289999842643738,0.40549999475479126,1.6497999429702759,-1.5707963267948966,0.0,1.5707963267948966,0.0017578777623122478,-0.01354474438452527,2.0301307556678925
0.057606333950336965,0.6066964000143863,1.9244486098242688,0.0030372925510204992,-7.952311408762013e-05,-5.7249111567526566e-05,-1.582639685250756,-0.06101700034079105,1.3435847354812291,0.10289999842643738,0.40549999475479126,1.6497999429702759,-1.5707963267948966,0.0,1.5707963267948966,0.001806992578122721,-0.013703440248035124,2.029513844709718
0.058114313268562895,0.6062892246168993,1.9236565314824623,0.00366113318263248,-0.00028424427225428353,-0.0010170578786853045,-1.582733154121777,-0.06130478520607463,1.3456176056790812,0.10289999842643738,0.40549999475479126,1.6497999429702759,-1.5707963267948966,0.0,1.5707963267948966,0.0018705801799953222,-0.013898085193515049,2.028764689165653
0.05855493230271575,0.6059257991313176,1.9229269845146928,0.003700345396498069,-0.0005359637310550531,-0.0012425108278423908,-1.5828090971274749,-0.06156769000361306,1.34744341662977,0.10289999842643738,0.40549999475479126,1.6497999429702759,-1.5707963267948966,0.0,1.5707963267948966,0.0019320576185853674,-0.014075752328058943,2.02809444870311
0.05889872777477027,0.6056395570677419,1.9223362949664289,0.0032505874370149426,-0.0007940839617208337,-0.0008426147623948919,-1.582853756132186,-0.0617659012088998,1.3488814060549978,0.10289999842643738,0.40549999475479126,1.6497999429702759,-1.5707963267948966,0.0,1.5707963267948966,0.0019825559749872676,-0.014218322360097286,2.0275646063774864
0.059369735580585725,0.6052475578189319,1.9215191793254796,0.001706026617885719,-0.0013601597975099373,-0.0003318998374127526,-1.5828847668095287,-0.06201208147694137,1.3508321436144022,0.10289999842643738,0.40549999475479126,1.6497999429702759,-1.5707963267948966,0.0,1.5707963267948966,0.002052143607362859,-0.014414159062677342,2.0268436774250636
0.059799159424587946,0.6048884016850962,1.9207789174911338,-0.000447240462047807,-0.0017416693949056348,9.790874395372555e-05,-1.5829304003509421,-0.062262518182033766,1.3525777237504992,0.10289999842643738,0.40549999475479126,1.6497999429702759,-1.5707963267948966,0.0,1.5707963267948966,0.0021153591457144035,-0.01459112111893598,2.0261940709236512
0.06022671390294422,0.6045229129467874,1.92004298134659,-0.0011690647480964813,-0.0020319168731524257,-0.00019947971640139618,-1.5829994595367367,-0.06252738446870998,1.3542981109469476,0.10289999842643738,0.40549999475479126,1.6497999429702759,-1.5707963267948966,0.0,1.5707963267948966,0.0021790316023544503,-0.014766908547722462,2.02554871995522
0.06063931010800225,0.6041525698514959,1.9193011613534179,-0.0005547738235386124,-0.002168651622625866,-0.0008048343494942511,-1.583044745581026,-0.06274525540531606,1.3559945159137368,0.10289999842643738,0.40549999475479126,1.6497999429702759,-1.5707963267948966,0.0,1.5707963267948966,0.002245094047061301,-0.014942376062012772,2.0249091967883257
0.06103466455316329,0.6037831772596675,1.9185505424328404,0.0001669274627165031,-0.0019588310041386363,-0.0009423599177131755,-1.5830943462309026,-0.06295424915781478,1.3576561210020177,0.10289999842643738,0.40549999475479126,1.6497999429702759,-1.5707963267948966,0.0,1.5707963267948966,0.0023139238930570518,-0.015118273378835412,2.0242765348580036
0.061419487581886284,0.6034181885171532,1.9177978719826978,0.00021045721622549933,-0.0016995445074248269,-0.0008106567591388209,-1.583186913067852,-0.06314882465421912,1.3592825254258762,0.10289999842643738,0.40549999475479126,1.6497999429702759,-1.5707963267948966,0.0,1.5707963267948966,0.0023844945192591036,-0.015294981042801043,2.0236471063441255
0.06180008623851311,0.6030582520501616,1.9170471953134933,0.00048166067049309547,-0.001573585592041245,-0.00023709679532961167,-1.5832804507789169,-0.06329706659129775,1.3608822117422985,0.10289999842643738,0.40549999475479126,1.6497999429702759,-1.5707963267948966,0.0,1.5707963267948966,0.002455793651103935,-0.015472713132161482,2.0230169774730746
0.06218578229814803,0.6027039255794421,1.9162951059247402,0.0009834778898093711,-0.0017105039114250983,0.00022499319357857924,-1.583388922920119,-0.06345694141294933,1.3624532319918645,0.10289999842643738,0.40549999475479126,1.6497999429702759,-1.5707963267948966,0.0,1.5707963267948966,0.002526559965596068,-0.01565144226316947,2.0223884764629356
0.06257424821115865,0.6023516047340762,1.9155408716612763,0.0014196183265259732,-0.002081884894065707,0.00010750054029341947,-1.5835620022898587,-0.06361251569616044,1.363986858509208,0.10289999842643738,0.40549999475479126,1.6497999429702759,-1.5707963267948966,0.0,1.5707963267948966,0.002597327503036806,-0.015830781107622014,2.0217631039858244
0.06303181288324798,0.6019275696571129,1.914633717547864,0.0022489370530287336,-0.0026353264845272724,-0.0003613952113764806,-1.5837604313733182,-0.06375482905535979,1.365800241148414,0.10289999842643738,0.40549999475479126,1.6497999429702759,-1.5707963267948966,0.0,1.5707963267948966,0.0026840130842134876,-0.016046599561107894,2.0210143931131954
0.06329249396560174,0.6016806031035059,1.914102037686068,0.002486605005226115,-0.002782657369787609,-0.00040878746068521163,-1.5838739127897965,-0.06382154454751188,1.3668515541856288,0.10289999842643738,0.40549999475479126,1.6497999429702759,-1.5707963267948966,0.0,1.5707963267948966,0.002743155970881242,-0.016190938775466075,2.0205163104854718
0.06369619881013554,0.60129360158643,1.9132668286013736,0.001744681802085101,-0.0026826203888023667,-0.00047304141640796605,-1.5841081592677289,-0.06392079640460491,1.3684908510660139,0.10289999842643738,0.40549999475479126,1.6497999429702759,-1.5707963267948966,0.0,1.5707963267948966,0.002818136440975276,-0.01637161903442461,2.0198926900417558
0.06401868504628244,0.6009770777799162,1.9125877168661294,0.0013339545874772264,-0.002438817995983334,-0.0006605503356099785,-1.5843093251821498,-0.06397698631335125,1.3698314523302761,0.10289999842643738,0.40549999475479126,1.6497999429702759,-1.5707963267948966,0.0,1.5707963267948966,0.0028947765689355796,-0.016552460744245916,2.0192651906095196
0.06440160806678885,0.600591849837948,1.911754236924289,0.002252523519128027,-0.002088218364942071,-0.0007268652631045876,-1.5845448027221427,-0.06400040113920547,1.3714576298873253,0.10289999842643738,0.40549999475479126,1.6497999429702759,-1.5707963267948966,0.0,1.5707963267948966,0.002973248930007674,-0.01673404112662728,2.0186349258370564
0.06471219037443166,0.600277819740302,1.9110651461324326,0.002362458087728686,-0.0017095158158625427,-0.00015294590226935654,-1.5847769224636479,-0.0640100930401295,1.3727663446857234,0.10289999842643738,0.40549999475479126,1.6497999429702759,-1.5707963267948966,0.0,1.5707963267948966,0.003044413004377896,-0.016898077588344097,2.018065639041182
0.06509780331304392,0.599890921540318,1.910221937031079,0.002112168786089199,-0.0014955889668712993,0.00012506979855121255,-1.5850858947207866,-0.06401142561949946,1.3743748298773233,0.10289999842643738,0.40549999475479126,1.6497999429702759,-1.5707963267948966,0.0,1.5707963267948966,0.0031304546360346216,-0.01709834657869818,2.0173710856450797
0.06544941179754861,0.5995365221694275,1.9094502445875137,0.0019379889550320435,-0.001463764402095751,0.00019759415222973123,-1.585344487808147,-0.06399792126091342,1.3758303196753703,0.10289999842643738,0.40549999475479126,1.6497999429702759,-1.5707963267948966,0.0,1.5707963267948966,0.003208409610859632,-0.01728034544645582,2.0167421549798705
0.06580100412070437,0.5991813792944265,1.908671330918649,0.0018371217113719955,-0.001376995499403035,9.321079575996036e-05,-1.58561276641277,-0.06400304445370208,1.3772637618167989,0.10289999842643738,0.40549999475479126,1.6497999429702759,-1.5707963267948966,0.0,1.5707963267948966,0.003286265736003215,-0.017462495819054288,2.0161129353240623
0.06629432318307339,0.5986873542234858,1.9075636016431357,0.0021927249873782816,-0.0010496046972897353,0.0003177766057780635,-1.5859745891002162,-0.06400980636844444,1.3792324766674542,0.10289999842643738,0.40549999475479126,1.6497999429702759,-1.5707963267948966,0.0,1.5707963267948966,0.0033947440972457326,-0.017718361058457165,2.0152295786766397
0.06650772640269219,0.5984767938668432,1.9070820411089051,0.002074251978361206,-0.0008851965110109419,0.00026553316291384944,-1.586105269854015,-0.06400927574098425,1.38005979533334,0.10289999842643738,0.40549999475479126,1.6497999429702759,-1.5707963267948966,0.0,1.5707963267948966,0.0034407901633969917,-0.017828408872111266,2.014850291078951
0.06690211486447106,0.598090156793268,1.9061976388927857,0.0007769417832049995,-0.00042666050241354055,0.0005129746801589502,-1.586342164149716,-0.06403890259948408,1.38157515030187,0.10289999842643738,0.40549999475479126,1.6497999429702759,-1.5707963267948966,0.0,1.5707963267948966,0.003524575806159395,-0.018030167604536164,2.0141521164241714
0.06723115860893814,0.5977708224185547,1.905477856290873,-9.429732797394463e-05,-0.00016712344421953933,0.0005144237120236481,-1.5865358093384154,-0.06408926480063482,1.382841915375103,0.10289999842643738,0.40549999475479126,1.6497999429702759,-1.5707963267948966,0.0,1.5707963267948966,0.003592108857734758,-0.01819479997245153,2.0135782571929584
0.0675657456685177,0.5974484074129798,1.9047591164716557,7.034501016051625e-05,6.800819421066695e-05,0.0007548549582191584,-1.5867049964253908,-0.0641360516872651,1.3841400099404007,0.10289999842643738,0.40549999475479126,1.6497999429702759,-1.5707963267948966,0.0,1.5707963267948966,0.0036587047071997563,-0.018359285538147797,2.0130023649326927
0.06798732261091009,0.5970518189931697,1.903870918522642,0.0015782822835681744,0.00026057810791977503,0.0007474786769566868,-1.5869073609423527,-0.06422217713386047,1.3857361098801753,0.10289999842643738,0.40549999475479126,1.6497999429702759,-1.5707963267948966,0.0,1.5707963267948966,0.003738195548360852,-0.018560850901152812,2.0122985999023215
0.06833816897253656,0.5967286617598564,1.9031344426079762,0.0020523749364583896,0.00041025813342847274,0.00037414595054920634,-1.5870981844883572,-0.06431738815229693,1.3870334183633446,0.10289999842643738,0.40549999475479126,1.6497999429702759,-1.5707963267948966,0.0,1.5707963267948966,0.0038098025517802835,-0.018745093706080036,2.011658281076556
0.0687706015079815,0.5963321025302142,1.9022361228659195,0.0015110246362807405,0.0006389175027980475,0.00044573011863253715,-1.5873200182194036,-0.06442139607714115,1.3886442517908169,0.10289999842643738,0.40549999475479126,1.6497999429702759,-1.5707963267948966,0.0,1.5707963267948966,0.003881023211081096,-0.018929558667960745,2.011016591766817
0.0691700429803018,0.5959643059210797,1.901423155467771,0.0016358169429084913,0.0007420920646941888,0.00017302814040394356,-1.5875061236958854,-0.06452275071793556,1.3901459530650917,0.10289999842643738,0.40549999475479126,1.6497999429702759,-1.5707963267948966,0.0,1.5707963267948966,0.003951377120535496,-0.019113644318670436,2.0103747074620695
0.06956635003267025,0.5955896114525714,1.9006095314429414,0.0015131529952435746,0.000705291563737785,-0.00035461339296045166,-1.5876986307522754,-0.06463550495646064,1.3916582749003128,0.10289999842643738,0.40549999475479126,1.6497999429702759,-1.5707963267948966,0.0,1.5707963267948966,0.004022200609481067,-0.01929745808663797,2.0097338232050848
0.0699584317237476,0.5952068140391973,1.8998009630205066,0.001410312839726368,0.0005620711360601085,-0.0002443393118877513,-1.5878863905945673,-0.06472644925693416,1.3931977803618905,0.10289999842643738,0.40549999475479126,1.6497999429702759,-1.5707963267948966,0.0,1.5707963267948966,0.004093531971249076,-0.01948072911174175,2.009094873550119
0.0703592737518349,0.5948145184074816,1.898998400450113,0.001187240296432059,0.0004067947046923301,0.00046473491726823133,-1.58806248690757,-0.06481195975955112,1.3947626770663435,0.10289999842643738,0.40549999475479126,1.6497999429702759,-1.5707963267948966,0.0,1.5707963267948966,0.004163311901248061,-0.019663483816420184,2.008457675364601
0.07081868502604308,0.594369770734398,1.8981257357613486,0.0015361996046943437,1.3339807876093978e-05,0.0007008214362203059,-1.5882755107222755,-0.06492970209022397,1.3965180992726967,0.10289999842643738,0.40549999475479126,1.6497999429702759,-1.5707963267948966,0.0,1.5707963267948966,0.004236937219301302,-0.019863612550109166,2.0077608532297857
0.07119977105106318,0.5940010589702988,1.8974170707931033,0.0019600329178587786,-0.0003857321369383306,0.00014290689867778482,-1.5884583583991934,-0.0650284815634552,1.3979663480233853,0.10289999842643738,0.40549999475479126,1.6497999429702759,-1.5707963267948966,0.0,1.5707963267948966,0.004296183377989996,-0.02002744184126054,2.007193112994856
0.07161988529229962,0.5935889917543475,1.8966345626585646,0.002972673123327682,-0.0005649688487764225,-7.700550265897125e-05,-1.5886370916713977,-0.06513873008817672,1.3995794076837156,0.10289999842643738,0.40549999475479126,1.6497999429702759,-1.5707963267948966,0.0,1.5707963267948966,0.004362287097881285,-0.020210202741156064,2.0065651913486775
0.07203996716494372,0.5931711879229187,1.8958548168287586,0.004043230459828999,-0.0005894813051683791,-0.00033222908760235595,-1.588802933386905,-0.06527498256534692,1.4012019650676784,0.10289999842643738,0.40549999475479126,1.6497999429702759,-1.5707963267948966,0.0,1.5707963267948966,0.004428155038702016,-0.020393451146590864,2.0059399459614147
0.07245532784406325,0.592750244059277,1.8950789032986133,0.004256084237795367,-0.0004999934211678543,-0.0007036270591146498,-1.5889704303162084,-0.06540887212189794,1.4028321562885566,0.10289999842643738,0.40549999475479126,1.6497999429702759,-1.5707963267948966,0.0,1.5707963267948966,0.004494633781576502,-0.020577256923149347,2.005314817679125
0.0728648216670039,0.5923270126825878,1.8943116391602175,0.00317722267231632,-0.0002766835899343074,-0.0008863058492019448,-1.5891237190060117,-0.0655455036325332,1.4044661651882981,0.10289999842643738,0.40549999475479126,1.6497999429702759,-1.5707963267948966,0.0,1.5707963267948966,0.00456211128128169,-0.020761582825331075,2.004688409558466
0.07322982005271662,0.5919431579375187,1.8936282768881845,0.0030606345811126593,-0.00016597207133856121,-0.000883689269714682,-1.5892546164641752,-0.06566648673195097,1.4059378214288234,0.10289999842643738,0.40549999475479126,1.6497999429702759,-1.5707963267948966,0.0,1.5707963267948966,0.004630171977975198,-0.020946198080451017,2.0040592265917714
0.07363350425048035,0.5915167818803907,1.8928636111779755,0.002984793901992642,-7.047580256207725e-05,-0.0007702225129127175,-1.5894123512358347,-0.06579330569305153,1.4075571078067854,0.10289999842643738,0.40549999475479126,1.6497999429702759,-1.5707963267948966,0.0,1.5707963267948966,0.004698293739133101,-0.021131541787681077,2.003427346391774
0.07403911519490225,0.5910892464112706,1.8920945076182223,0.0027645213939756098,2.547174743207978e-05,-0.00044566441275027934,-1.5895612186253374,-0.06592737405609839,1.409170004570759,0.10289999842643738,0.40549999475479126,1.6497999429702759,-1.5707963267948966,0.0,1.5707963267948966,0.004759115667373657,-0.021298825496515864,2.002855805330679
0.07449224903009513,0.5906152639182063,1.8912406646652122,0.0029346188196789766,-1.5598947314325534e-05,-0.0002996299257438927,-1.5897323287877432,-0.06607000475764924,1.410939563114097,0.10289999842643738,0.40549999475479126,1.6497999429702759,-1.5707963267948966,0.0,1.5707963267948966,0.004832284152284444,-0.021503797102599347,2.002156317755663
0.07486722807597569,0.5902260369223046,1.8905360249281251,0.002690885802846945,-0.00014270361567006708,-0.00016348058632276115,-1.5898969077644953,-0.06618472676395104,1.412382757193091,0.10289999842643738,0.40549999475479126,1.6497999429702759,-1.5707963267948966,0.0,1.5707963267948966,0.0048912846333206625,-0.021671963284790385,2.001582998298966
0.07533275380403555,0.5897495350459487,1.889669442836566,0.0025710557219970993,-0.00043121353166624283,-2.3929026438757295e-05,-1.5901016721525292,-0.06634486569062625,1.4141346461904623,0.10289999842643738,0.40549999475479126,1.6497999429702759,-1.5707963267948966,0.0,1.5707963267948966,0.004961812559086419,-0.02187819929162363,2.000879869551862
0.07576049608202202,0.5893183135330726,1.8888705192471686,0.002839677737044716,-0.0007405813812963229,-0.00023397486223816375,-1.5902744266802291,-0.06647669344083695,1.4157057019623016,0.10289999842643738,0.40549999475479126,1.6497999429702759,-1.5707963267948966,0.0,1.5707963267948966,0.005024597304966758,-0.022066887855187976,2.000239342497531
0.07618589808151091,0.5888926862971123,1.8880606224673844,0.0021154739917295514,-0.0009469394137712807,-0.0006701818339902124,-1.5904380823086952,-0.06658971481441212,1.4172568633380003,0.10289999842643738,0.40549999475479126,1.6497999429702759,-1.5707963267948966,0.0,1.5707963267948966,0.005087334481939329,-0.022256959799295855,1.999598459292086
0.07660262328714762,0.5884690962772958,1.8872544040883974,0.00041733664150501207,-0.0011073133808831507,-0.0012513965053396216,-1.590599392048048,-0.06669211173334277,1.4188207611917727,0.10289999842643738,0.40549999475479126,1.6497999429702759,-1.5707963267948966,0.0,1.5707963267948966,0.005151290876762033,-0.022447708825820253,1.9989569831042298
0.07700892852015313,0.5880433395739376,1.8864545248335582,-0.00020420246916849608,-0.0012032159901239443,-0.0013065661802925362,-1.5907388262179984,-0.06677709648696517,1.420408824274911,0.10289999842643738,0.40549999475479126,1.6497999429702759,-1.5707963267948966,0.0,1.5707963267948966,0.005216790320017948,-0.022638867118521123,1.9983175872334955
0.07741149447336813,0.5876157463090566,1.8856554238759293,-0.0002710479033088287,-0.0012099364486075554,-0.001110258872972915,-1.5908724782900237,-0.06685560507072941,1.4220070008274703,0.10289999842643738,0.40549999475479126,1.6497999429702759,-1.5707963267948966,0.0,1.5707963267948966,0.005282757207880448,-0.022830690746387824,1.9976797781294922
0.0778098138735116,0.5871867863812754,1.8848603079741646,-0.000950661473659685,-0.0012923065677846802,-0.001368633187786895,-1.591017989343451,-0.0669389801471274,1.423602499170449,0.10289999842643738,0.40549999475479126,1.6497999429702759,-1.5707963267948966,0.0,1.5707963267948966,0.005349387287903923,-0.023023306075281667,1.997040875713587
0.07819731351915381,0.5867558261967412,1.8840726764464364,-0.0013436787275037628,-0.0014252286312045532,-0.0016112295198226914,-1.5911587793731459,-0.06700795357737332,1.4252019036468653,0.10289999842643738,0.40549999475479126,1.6497999429702759,-1.5707963267948966,0.0,1.5707963267948966,0.005417739144215916,-0.023216746816851444,1.9964005827464402
0.0786109731846011,0.586285400661017,1.8832077620097014,-0.0013292734006990414,-0.0014731321938766088,-0.00174307460771265,-1.5913002501492624,-0.067070641593725,1.4269587090752125,0.10289999842643738,0.40549999475479126,1.6497999429702759,-1.5707963267948966,0.0,1.5707963267948966,0.005494813091738575,-0.0234311370015025,1.99569571361485
0.07894038318395069,0.5859066333697159,1.8824996059520285,-0.0016026257890547,-0.0014221777492848455,-0.001760919903060158,-1.591413022435005,-0.06711127436114994,1.4283897584463694,0.10289999842643738,0.40549999475479126,1.6497999429702759,-1.5707963267948966,0.0,1.5707963267948966,0.005559184410074228,-0.023608154558282853,1.9951174647983942
0.07933429957824277,0.585446948012469,1.881637766206766,-0.0019072529339768875,-0.0013965018875007373,-0.0015517080826246339,-1.5915283993226874,-0.06714694600938653,1.4301429746582826,0.10289999842643738,0.40549999475479126,1.6497999429702759,-1.5707963267948966,0.0,1.5707963267948966,0.0056389952698070005,-0.023826040931626474,1.9944065245024571
0.07964976919776244,0.5850711757405775,1.880934199221742,-0.0018752477695216658,-0.0015784390416915134,-0.0016047353510479669,-1.5915844246716992,-0.06715945299538095,1.431577582570986,0.10289999842643738,0.40549999475479126,1.6497999429702759,-1.5707963267948966,0.0,1.5707963267948966,0.005704915922021917,-0.024005266299028404,1.9938221586840503
0.07995619112057925,0.5846971265769157,1.8802286265707917,-0.0012389114523908352,-0.0019948394353505082,-0.0016513372060157285,-1.5916137712938152,-0.06716716770356079,1.4329941744197778,0.10289999842643738,0.40549999475479126,1.6497999429702759,-1.5707963267948966,0.0,1.5707963267948966,0.005779279930189928,-0.024205686797853437,1.993170883648607
0.08028393056287891,0.5842813251396373,1.879439813676741,-0.0010542270478260717,-0.0025799875079208774,-0.002006752952414066,-1.5916127196643226,-0.06715586857045519,1.43454686251093,0.10289999842643738,0.40549999475479126,1.6497999429702759,-1.5707963267948966,0.0,1.5707963267948966,0.0058475803265311665,-0.02438708448362008,1.992582939893412
0.08059570045592297,0.583862056979949,1.8786496125489516,-0.0012531182777910563,-0.0029703754798666568,-0.0018326435961381702,-1.5915706239047351,-0.0670909227493639,1.4361109204851061,0.10289999842643738,0.40549999475479126,1.6497999429702759,-1.5707963267948966,0.0,1.5707963267948966,0.005933333258273608,-0.02460934623542705,1.9918647395173774
0.08093314545985394,0.5833986584104326,1.8777767158400052,-0.002160370216610423,-0.003187943914078251,-0.0013409390122811106,-1.5915200989959521,-0.06699146960557112,1.4378437391071326,0.10289999842643738,0.40549999475479126,1.6497999429702759,-1.5707963267948966,0.0,1.5707963267948966,0.006011692206323861,-0.024811676450420515,1.991215046171578
0.08123771090414747,0.5829740440531097,1.8769822724898293,-0.0030864937777632835,-0.0032865347860327704,-0.0012444451048122106,-1.591470844419215,-0.06688624529514131,1.439431603793735,0.10289999842643738,0.40549999475479126,1.6497999429702759,-1.5707963267948966,0.0,1.5707963267948966,0.006090177515792392,-0.025014017715062727,1.990569534461397
0.08156563433686281,0.5825033215398916,1.8761082234791777,-0.004459024655996955,-0.0032886538565383575,-0.0013023262017043571,-1.5914133794079428,-0.06673310868987281,1.4411916098651738,0.10289999842643738,0.40549999475479126,1.6497999429702759,-1.5707963267948966,0.0,1.5707963267948966,0.006177557722595348,-0.02523666893653357,1.989861969682304
0.08183106683902834,0.5821147295875162,1.8753960358171005,-0.005610254967633395,-0.003018933037894928,-0.0009421392569460743,-1.5913781498975546,-0.06660475433321444,1.442637940360617,0.10289999842643738,0.40549999475479126,1.6497999429702759,-1.5707963267948966,0.0,1.5707963267948966,0.006249474229171368,-0.025418692129952444,1.9892821859684655
0.08212853575225243,0.5816790816455193,1.8746075087314253,-0.006202532103944594,-0.002717708514335227,-0.0007456535670300983,-1.5913277047126364,-0.06648398282866985,1.4442464686101006,0.10289999842643738,0.40549999475479126,1.6497999429702759,-1.5707963267948966,0.0,1.5707963267948966,0.006328684475925987,-0.025620811540125264,1.988638748244017
0.08242818608860225,0.5812400521846609,1.8738172267528046,-0.005677484758328563,-0.0024712854655041445,-0.0004572843863603773,-1.5912597583991506,-0.06636782707533406,1.4458613157554103,0.10289999842643738,0.40549999475479126,1.6497999429702759,-1.5707963267948966,0.0,1.5707963267948966,0.00640722270235019,-0.02582320380818594,1.9879970764606423
0.08273487523584504,0.5808008586833897,1.873021469081314,-0.004995777000481625,-0.0021934327637626112,-0.00025343424449856286,-1.5912056777813903,-0.0662785079391135,1.4474555442778174,0.10289999842643738,0.40549999475479126,1.6497999429702759,-1.5707963267948966,0.0,1.5707963267948966,0.0064919553964503125,-0.02604677037016461,1.987293878406402
0.08308135405866718,0.5803193345947144,1.8721460370309764,-0.004232214569041505,-0.001927489400732672,-2.9165773787752466e-05,-1.5911650668177466,-0.06622362239241397,1.4491756137716514,0.10289999842643738,0.40549999475479126,1.6497999429702759,-1.5707963267948966,0.0,1.5707963267948966,0.006567259471162239,-0.0262510647020642,1.986655463457731
0.08337149819512954,0.5799260087834048,1.8714331404073965,-0.003976827807145666,-0.0016625403837734443,-0.00024316021114890473,-1.5911154804564247,-0.06619744341126044,1.4505673677656084,0.10289999842643738,0.40549999475479126,1.6497999429702759,-1.5707963267948966,0.0,1.5707963267948966,0.006633764335898384,-0.026435783393676675,1.9860807278203085
0.08369492238468605,0.5794927623661056,1.8706473326165465,-0.003715945925797018,-0.0013699739094855537,-0.0004504766484604525,-1.591058994427366,-0.06617796177979862,1.4521039764811359,0.10289999842643738,0.40549999475479126,1.6497999429702759,-1.5707963267948966,0.0,1.5707963267948966,0.0067073130666473095,-0.026642199797101345,1.9854420414541216
0.08401780649952234,0.5790598658461887,1.869870537365356,-0.0036531686956412573,-0.0012654723531920868,-0.0008223272570499204,-1.5910242654697182,-0.0661741336579098,1.4536446587526812,0.10289999842643738,0.40549999475479126,1.6497999429702759,-1.5707963267948966,0.0,1.5707963267948966,0.006780661741717738,-0.026849328211968764,1.9848023242509774
0.08440282037293004,0.5785341893349527,1.868953453067062,-0.003672444987211626,-0.0014530853837444095,-0.000700025541781748,-1.5910048317674441,-0.0661317896344249,1.4555109909240747,0.10289999842643738,0.40549999475479126,1.6497999429702759,-1.5707963267948966,0.0,1.5707963267948966,0.0068756366880434235,-0.027118738971566546,1.9839698834182466
0.08469656848074444,0.5781337819247198,1.8682749577904396,-0.0032758944044312664,-0.00179841601611967,-0.000529527098910098,-1.5910109492082416,-0.06608286846613609,1.4569225764235791,0.10289999842643738,0.40549999475479126,1.6497999429702759,-1.5707963267948966,0.0,1.5707963267948966,0.006932901468577436,-0.02728440018554346,1.9834580421206074
0.08499415360544857,0.5777324223848639,1.8675981570713895,-0.002782088528473072,-0.0021087197380223813,-0.0006582430035193202,-1.5910378437699486,-0.06603256541421132,1.4583327028031614,0.10289999842643738,0.40549999475479126,1.6497999429702759,-1.5707963267948966,0.0,1.5707963267948966,0.006996288102640766,-0.027471097326734348,1.9828833821912881
0.08532770119486906,0.5772844368872128,1.8668509652800775,-0.0029727642945473593,-0.002317380429267767,-0.0005034923147463505,-1.5910554650575695,-0.065976397235465,1.4599070167716437,0.10289999842643738,0.40549999475479126,1.6497999429702759,-1.5707963267948966,0.0,1.5707963267948966,0.007065628123493565,-0.027678733961364468,1.9822455239922703
0.08569879568952177,0.5767856014030892,1.8660432146312298,-0.004019164385726594,-0.0026391458154015742,-0.0008407793647496454,-1.591050931452938,-0.06592456806943447,1.4616671135972603,0.10289999842643738,0.40549999475479126,1.6497999429702759,-1.5707963267948966,0.0,1.5707963267948966,0.0071405391620169255,-0.027906684276507457,1.981543587120917
0.0859982118694635,0.5763754469012365,1.8653953181528484,-0.004748866798149393,-0.0027882400676913473,-0.0012316468677739739,-1.5910437891934837,-0.06588843540578448,1.4631203455490023,0.10289999842643738,0.40549999475479126,1.6497999429702759,-1.5707963267948966,0.0,1.5707963267948966,0.007201895064369965,-0.028092981765465617,1.9809693400148454
0.086324878046191,0.5759186844889568,1.8646868699580648,-0.005007152525423165,-0.0027722398179160206,-0.0012841575765584218,-1.5910261514473771,-0.0658462682316916,1.464739035953526,0.10289999842643738,0.40549999475479126,1.6497999429702759,-1.5707963267948966,0.0,1.5707963267948966,0.0072701441156248275,-0.028299986040951134,1.9803324796567583
0.08665029434194484,0.5754578507409405,1.8639892626727592,-0.005249437423293744,-0.0025138949292501716,-0.0011843011178588997,-1.591003277408743,-0.06579846409762347,1.4663699960795875,0.10289999842643738,0.40549999475479126,1.6497999429702759,-1.5707963267948966,0.0,1.5707963267948966,0.007337669773289952,-0.028506802014971418,1.979696054444498
0.08703666334859558,0.5748990583925115,1.8631675181907013,-0.004654447215154756,-0.0023078827905839874,-0.0014445462719668753,-1.5909943185344715,-0.06574099379411313,1.4683350260371948,0.10289999842643738,0.40549999475479126,1.6497999429702759,-1.5707963267948966,0.0,1.5707963267948966,0.007418039732262333,-0.028754680848030068,1.9789304420084162
0.08725671673376527,0.5745720748243128,1.8626918494958324,-0.003793915887855044,-0.0022896359165918063,-0.0016056454051281176,-1.5909987327975939,-0.06570566529887412,1.4694777758525115,0.10289999842643738,0.40549999475479126,1.6497999429702759,-1.5707963267948966,0.0,1.5707963267948966,0.00746507627881873,-0.02889946666978791,1.9784838038162293
0.08766111282170487,0.5739663413095213,1.8618087198984954,-0.0017773754179266927,-0.0023645525367517947,-0.0013508990420710101,-1.5910117350250996,-0.065632642106765,1.4715957248620701,0.10289999842643738,0.40549999475479126,1.6497999429702759,-1.5707963267948966,0.0,1.5707963267948966,0.007551867172259225,-0.029169443519103378,1.9776559673954965
0.08788041997004639,0.5736422953038472,1.8613323838919382,-0.000839172565618915,-0.0025657001804559746,-0.0014248416948753509,-1.591035241876433,-0.06559312818051755,1.4727363414960635,0.10289999842643738,0.40549999475479126,1.6497999429702759,-1.5707963267948966,0.0,1.5707963267948966,0.007604402328078772,-0.029336349113904838,1.9771484061820448
0.088221136532852,0.5731437214410241,1.8605799815764363,-0.00017338438639342087,-0.0028060710253817994,-0.001611419132263375,-1.5910927065699654,-0.0655410309694675,1.4745134883559536,0.10289999842643738,0.40549999475479126,1.6497999429702759,-1.5707963267948966,0.0,1.5707963267948966,0.007669864377024252,-0.029546293887410556,1.9765162042073479
0.08849646471330969,0.5727423920690178,1.8599651144975422,8.269777317612672e-05,-0.002810164816654484,-0.00176799861078337,-1.5911443453060203,-0.06550215522904068,1.4759640719873486,0.10289999842643738,0.40549999475479126,1.6497999429702759,-1.5707963267948966,0.0,1.5707963267948966,0.007728605659437273,-0.029736122880525014,1.9759475420153834
0.08882414217580636,0.5722609201858948,1.8592119946112522,0.001115994896175373,-0.002683608681869819,-0.0021754007668941693,-1.5912046872885832,-0.0654452530079257,1.477728277420824,0.10289999842643738,0.40549999475479126,1.6497999429702759,-1.5707963267948966,0.0,1.5707963267948966,0.00780084971780474,-0.02996943387886589,1.975252438291436
0.08916170342439202,0.5717479392485347,1.8583821495976036,0.0019993807727623067,-0.0023669504828936904,-0.0026926706661475628,-1.5912870643929986,-0.06541161468855305,1.479620917385077,0.10289999842643738,0.40549999475479126,1.6497999429702759,-1.5707963267948966,0.0,1.5707963267948966,0.007881597022667863,-0.03022572069529366,1.9744978139726383
0.08934905172744184,0.5714532842198238,1.857895957583552,0.002320241463600691,-0.002132346172583481,-0.002508900282296854,-1.5913374711991914,-0.06539654292021568,1.4807128802822307,0.10289999842643738,0.40549999475479126,1.6497999429702759,-1.5707963267948966,0.0,1.5707963267948966,0.007929583316999146,-0.030375862464042325,1.9740603262211964
0.08961298923817534,0.5710394264041733,1.8572006789592135,0.0018808903982890943,-0.0018859843922564166,-0.0022866756973525092,-1.5914108219096854,-0.06537239636787184,1.4822561087025898,0.10289999842643738,0.40549999475479126,1.6497999429702759,-1.5707963267948966,0.0,1.5707963267948966,0.007997853414706565,-0.030591142204524188,1.9734389558950403
0.08989910378115828,0.5705912991764696,1.856438138043491,0.0015126751791166037,-0.001694744281935286,-0.00192055248252413,-1.5915003000322367,-0.0653729471432789,1.4839286838727292,0.10289999842643738,0.40549999475479126,1.6497999429702759,-1.5707963267948966,0.0,1.5707963267948966,0.008072564069877178,-0.030828491035708224,1.972758392841432
0.09016012764430269,0.5701866411940271,1.8557401282432446,0.0009857687524295181,-0.0015140427653255913,-0.0016708609641265804,-1.59158155041792,-0.06541035642378379,1.4854291787537404,0.10289999842643738,0.40549999475479126,1.6497999429702759,-1.5707963267948966,0.0,1.5707963267948966,0.008145997917709294,-0.03106587772154939,1.97208236241547
0.09042227590323836,0.5697823704283569,1.8550404924048773,0.0002496920634964853,-0.0013469527760115074,-0.0014110210230651218,-1.591648009195229,-0.06545180312995047,1.48692206390973,0.10289999842643738,0.40549999475479126,1.6497999429702759,-1.5707963267948966,0.0,1.5707963267948966,0.008204931735226066,-0.0312598461870972,1.9715319605228563
0.09071446900870676,0.5693381145360541,1.8542683273293554,-0.0006329153427824636,-0.0012599888382584662,-0.0013807751147121667,-1.591713535166768,-0.06553681495215624,1.4885369848544576,0.10289999842643738,0.40549999475479126,1.6497999429702759,-1.5707963267948966,0.0,1.5707963267948966,0.008275368261610475,-0.03149652088393252,1.9708620490661484
0.09095559939809506,0.5689779266969132,1.8536329789993298,-0.0017854124860790836,-0.0011876849405005835,-0.001240265090511312,-1.591761699354403,-0.06563646971207948,1.4898213177311668,0.10289999842643738,0.40549999475479126,1.6497999429702759,-1.5707963267948966,0.0,1.5707963267948966,0.008331729062984948,-0.0316901488920495,1.9703148501269727
0.09122770613273659,0.5685814134717133,1.8529267674390384,-0.003112904713781069,-0.0010681386808540916,-0.0011781444435286052,-1.5917997150339214,-0.06574290275403705,1.4912236586251777,0.10289999842643738,0.40549999475479126,1.6497999429702759,-1.5707963267948966,0.0,1.5707963267948966,0.008398445574494469,-0.03192671499196715,1.9696457044330897
0.09152688028154832,0.5681458220092486,1.8521536764125683,-0.00436454851853623,-0.000913059769244754,-0.0016097777642112734,-1.5918418150357159,-0.06586786475510031,1.4927543526885507,0.10289999842643738,0.40549999475479126,1.6497999429702759,-1.5707963267948966,0.0,1.5707963267948966,0.00845792944213156,-0.03214135007017859,1.969035804941088
0.09176596504532455,0.5677865396496725,1.8515270948437688,-0.004320944861605297,-0.0007218967189996768,-0.001767128202135663,-1.5918912829967677,-0.06598061574826275,1.494011883752149,0.10289999842643738,0.40549999475479126,1.6497999429702759,-1.5707963267948966,0.0,1.5707963267948966,0.008511390799341328,-0.032333988968129945,1.96848681039323
0.09205555096253062,0.5673463176509069,1.8507577391995305,-0.0026071945755076023,-0.0003580950877177783,-0.0016845362077277648,-1.5919597016452331,-0.06609934953001684,1.4955448396239575,0.10289999842643738,0.40549999475479126,1.6497999429702759,-1.5707963267948966,0.0,1.5707963267948966,0.008575609782154256,-0.03256952313419865,1.9678179175792756
0.0922911040722534,0.5669884694455855,1.8501205430625451,-0.0013307199263561055,-1.7658707758956903e-05,-0.0018260071897966178,-1.5920200467977534,-0.06619306993006013,1.4967742412725575,0.10289999842643738,0.40549999475479126,1.6497999429702759,-1.5707963267948966,0.0,1.5707963267948966,0.0086270820900764,-0.03276289785564842,1.9672718720040971
0.09254713813817333,0.5665935323053084,1.8494097038501587,-0.000371709328835547,0.0003912959845333095,-0.0020621704588031824,-1.5920790065974162,-0.06632549859138592,1.4981159998264795,0.10289999842643738,0.40549999475479126,1.6497999429702759,-1.5707963267948966,0.0,1.5707963267948966,0.008683885303114553,-0.03297831539239011,1.9666651947330176
0.09282270384170027,0.5661644391235883,1.8486226250457551,0.0003915413014262897,0.0007638509220718785,-0.001974684994234585,-1.5921118063311817,-0.06647191368719696,1.4995741151382278,0.10289999842643738,0.40549999475479126,1.6497999429702759,-1.5707963267948966,0.0,1.5707963267948966,0.00874566194106771,-0.033215986866603264,1.9659985103785207
0.09305000065488836,0.5658185429271503,1.8479738420738883,0.0002080300985705846,0.001003613364954781,-0.0015953261715868983,-1.5921191228090348,-0.06658941547129604,1.5007569159589242,0.10289999842643738,0.40549999475479126,1.6497999429702759,-1.5707963267948966,0.0,1.5707963267948966,0.008794654464520124,-0.033410891992699705,1.9654537255773463
0.09330818783719871,0.5654395914475401,1.8472519988551304,4.333568960722308e-05,0.0010622456516300204,-0.0016836159875408677,-1.5921273343661675,-0.06674881217791073,1.5020678597287371,0.10289999842643738,0.40549999475479126,1.6497999429702759,-1.5707963267948966,0.0,1.5707963267948966,0.008847138626619731,-0.03362771557181614,1.9648503373158652
0.09356319238156975,0.565063869554875,1.8465285393979167,0.0003872259353204998,0.0008899130076130016,-0.001973717588677218,-1.5921274096235134,-0.06690632135093066,1.5033691168768912,0.10289999842643738,0.40549999475479126,1.6497999429702759,-1.5707963267948966,0.0,1.5707963267948966,0.008899038538036192,-0.033844712484980624,1.96425003795297
0.0938565502235189,0.5646203865930932,1.8456456717896481,0.002008491223078651,0.0005819018768577671,-0.002712722197419518,-1.592108579666584,-0.06707211196230833,1.5049029633558362,0.10289999842643738,0.40549999475479126,1.6497999429702759,-1.5707963267948966,0.0,1.5707963267948966,0.008961819837197875,-0.034105996271019304,1.9635359304674647
0.0940410725222221,0.5643329210110809,1.8450439746261273,0.0020638060705705083,0.0006144575099647961,-0.0028502257729459413,-1.5920960471290024,-0.0671772817647307,1.5059007142380947,0.10289999842643738,0.40549999475479126,1.6497999429702759,-1.5707963267948966,0.0,1.5707963267948966,0.00900451723601544,-0.03428103323077508,1.9630662423315608
0.09426532118617544,0.5639815128116719,1.8442863351854546,0.001560929779960155,0.0008133404680729697,-0.0026620585836353095,-1.5920929123654801,-0.06730249378059927,1.5071231087274732,0.10289999842643738,0.40549999475479126,1.6497999429702759,-1.5707963267948966,0.0,1.5707963267948966,0.009057769717879994,-0.034500300529905305,1.9624835235974245
0.09450553338736178,0.5635988050144506,1.8434504175147144,6.524272864138798e-06,0.0011253024718399177,-0.0025932188533255318,-1.5920812389087895,-0.06742043465972092,1.5084443939273653,0.10289999842643738,0.40549999475479126,1.6497999429702759,-1.5707963267948966,0.0,1.5707963267948966,0.009115715616141775,-0.03474128821902255,1.9618452587829525
0.0946940912598219,0.5632869590267118,1.8427688684517294,-0.0008259358527365037,0.0013097636251913685,-0.002807712878016787,-1.5920685374782941,-0.06751545303346784,1.5095101793402015,0.10289999842643738,0.40549999475479126,1.6497999429702759,-1.5707963267948966,0.0,1.5707963267948966,0.009163208466065935,-0.03493802641697991,1.9613226287229828
0.09489124822182188,0.5629450905065407,1.842005380236554,-0.0010121625373513373,0.0014623388297687423,-0.002996788702783897,-1.5920706012608405,-0.06761977474422354,1.510670484902577,0.10289999842643738,0.40549999475479126,1.6497999429702759,-1.5707963267948966,0.0,1.5707963267948966,0.00921687611037399,-0.035156776557344845,1.9607430405558182
0.09507501086675268,0.5626062603742216,1.8412346203889485,-0.0007647797309974084,0.001587615150810713,-0.0031649978228975324,-1.5920703965802603,-0.06769650420966489,1.5118097075103487,0.10289999842643738,0.40549999475479126,1.6497999429702759,-1.5707963267948966,0.0,1.5707963267948966,0.009271488255985078,-0.03537571729077535,1.960164717976659
0.09526280004575519,0.5622370775975165,1.8403750610196252,0.0003299194162513891,0.0014956625773774224,-0.003033980447203409,-1.5920720484091124,-0.06775163915452254,1.5130313328229907,0.10289999842643738,0.40549999475479126,1.6497999429702759,-1.5707963267948966,0.0,1.5707963267948966,0.009332519710175808,-0.03561695739992897,1.9595297508141754
0.09541235080861382,0.5619369724093837,1.8396602817572032,0.0006382972453351284,0.001385883136080142,-0.002589325491648119,-1.5920859644192151,-0.06779524182758934,1.5139983170649411,0.10289999842643738,0.40549999475479126,1.6497999429702759,-1.5707963267948966,0.0,1.5707963267948966,0.009382279490487597,-0.035814575117584235,1.9590115622020168
0.09557904658999636,0.5616024120428154,1.8388617316456,0.0007441430156408531,0.0012147494535384743,-0.0023643210086719602,-1.5921001420677119,-0.06782304713675336,1.515056516112121,0.10289999842643738,0.40549999475479126,1.6497999429702759,-1.5707963267948966,0.0,1.5707963267948966,0.00943650958463517,-0.03603384293981211,1.9584380426390016
0.09574102928629517,0.5612689182919819,1.8380598414334957,0.0003021488336159416,0.0010283771962423234,-0.002570753357071507,-1.5921120228650962,-0.06781956456992955,1.5161114886711013,0.10289999842643738,0.40549999475479126,1.6497999429702759,-1.5707963267948966,0.0,1.5707963267948966,0.009490602455132715,-0.03625301498281551,1.9578669783738318
0.09589530082933541,0.5609376323274369,1.8372588518298318,-2.1052203431616583e-06,0.0010529433494836067,-0.0024399494579307257,-1.592125931239647,-0.06780204696567882,1.5171634210984264,0.10289999842643738,0.40549999475479126,1.6497999429702759,-1.5707963267948966,0.0,1.5707963267948966,0.009550420517488866,-0.0364940071811131,1.9572399165999304
0.09604949626725652,0.560607112705045,1.836456388219713,7.503860299395664e-05,0.0011679406475145254,-0.001981335342888673,-1.5921342322700682,-0.06776706264777266,1.518206954046124,0.10289999842643738,0.40549999475479126,1.6497999429702759,-1.5707963267948966,0.0,1.5707963267948966,0.009598352637654654,-0.03669108233973592,1.9567283987512776
0.09619296003842663,0.5603091304631935,1.8357341024834228,4.3758589728061025e-05,0.0012393817861128787,-0.0016522572748481044,-1.592140233527699,-0.06772719595814536,1.5191320098060015,0.10289999842643738,0.40549999475479126,1.6497999429702759,-1.5707963267948966,0.0,1.5707963267948966,0.009644700404448658,-0.03688800303230171,1.9562193779957422
0.09637821274150879,0.559944066176245,1.8348514181616593,0.0005430323599199122,0.0014538126754334974,-0.001041426972878834,-1.5921617048600276,-0.0677088083760844,1.5202445733437664,0.10289999842643738,0.40549999475479126,1.6497999429702759,-1.5707963267948966,0.0,1.5707963267948966,0.009698528058632786,-0.03712834778797311,1.9556019908801554
0.09655796208928925,0.5596089409255389,1.8340472145008822,0.0010832126128279627,0.0015446871715641053,-0.0011667046225736525,-1.5921830873778784,-0.06771828693008608,1.5212552381491582,0.10289999842643738,0.40549999475479126,1.6497999429702759,-1.5707963267948966,0.0,1.5707963267948966,0.009744389169467621,-0.03734630847105305,1.955048143726615
0.09675780480498178,0.5592376599609148,1.83316691964648,0.0012579557321040233,0.0015969751310779818,-0.001242268287010448,-1.5921815203413507,-0.06773014411020206,1.522367948388026,0.10289999842643738,0.40549999475479126,1.6497999429702759,-1.5707963267948966,0.0,1.5707963267948966,0.009793081621371833,-0.037585747304974514,1.9544453891204765
0.09694838729576208,0.5588966251592544,1.8323738964462655,0.001054563992213647,0.0016450271320925295,-0.0008654962158534198,-1.5921766082450426,-0.06778082120196594,1.5233635633630545,0.10289999842643738,0.40549999475479126,1.6497999429702759,-1.5707963267948966,0.0,1.5707963267948966,0.009834865922924452,-0.037802956035421026,1.953899043725075
0.09711157777052228,0.5586219773510002,1.8317397150189896,0.0019470815858566393,0.0016140902281862658,-0.0007897064970087271,-1.5921742723616898,-0.06784305724872963,1.5241468704587349,0.10289999842643738,0.40549999475479126,1.6497999429702759,-1.5707963267948966,0.0,1.5707963267948966,0.009865906377380286,-0.03797645337729496,1.9534639683633284
0.0973409872048949,0.5582469274749902,1.8308513668337425,0.0032812185751311725,0.0015674773788424332,-0.001457906757776073,-1.5921647595334754,-0.06792320824084008,1.52518241291065,0.10289999842643738,0.40549999475479126,1.6497999429702759,-1.5707963267948966,0.0,1.5707963267948966,0.009906804063436659,-0.03821551841090768,1.952871822285045
0.09754818399163918,0.5579089677493935,1.830031154836432,0.003370379235223407,0.001886249188635064,-0.001390449222712568,-1.5921648542024263,-0.06800115728703249,1.5260831295290456,0.10289999842643738,0.40549999475479126,1.6497999429702759,-1.5707963267948966,0.0,1.5707963267948966,0.009943199922766734,-0.03843307809115007,1.952341502691243
0.09782882060267703,0.5574741438305623,1.8289638833068544,0.0015889194431291482,0.002492871756624008,-0.0012535596711409508,-1.5921920722295078,-0.06813430896805794,1.5271965296676626,0.10289999842643738,0.40549999475479126,1.6497999429702759,-1.5707963267948966,0.0,1.5707963267948966,0.009987365483879362,-0.03871571668565265,1.9516591738931364
0.09798422872416662,0.5572404119908061,1.82839417226653,0.001061229709468972,0.0027205893664612856,-0.001294813978151397,-1.592210210493351,-0.0681958515080332,1.527778939909402,0.10289999842643738,0.40549999475479126,1.6497999429702759,-1.5707963267948966,0.0,1.5707963267948966,0.010013004463726582,-0.038889454766722696,1.9512392452790517
0.09823118210664465,0.556872328132912,1.827500855506745,0.0010181473562021054,0.00287142446832584,-0.0015522323782033566,-1.5922743795002772,-0.0682967004084114,1.5286781853280735,0.10289999842643738,0.40549999475479126,1.6497999429702759,-1.5707963267948966,0.0,1.5707963267948966,0.010044114848150005,-0.03910660327645361,1.9507132785300845
0.09840869332016489,0.5566031324140517,1.8268552506729463,0.0007032799260245301,0.0028086356852388625,-0.0020396623911029545,-1.5923514619271224,-0.06837397546589274,1.5293288460849557,0.10289999842643738,0.40549999475479126,1.6497999429702759,-1.5707963267948966,0.0,1.5707963267948966,0.010072084468935193,-0.03930192845835132,1.950238752951632
0.09862054989601192,0.556263567000164,1.826057942109461,0.0001787154531557959,0.0026225807472077395,-0.0023922306880508485,-1.5924426935072455,-0.06843739022669659,1.5301565013436866,0.10289999842643738,0.40549999475479126,1.6497999429702759,-1.5707963267948966,0.0,1.5707963267948966,0.010100863354271862,-0.0394970041702755,1.949765500612545
0.09884796058018334,0.5558871661396386,1.8251922793826707,4.9841868810417767e-05,0.0025294965694469696,-0.002026248514467184,-1.592531743436824,-0.06847232385721647,1.5310695569964057,0.10289999842643738,0.40549999475479126,1.6497999429702759,-1.5707963267948966,0.0,1.5707963267948966,0.010135811170438686,-0.03973521633092929,1.9491898389416653
0.09905801667708843,0.5555450737157541,1.8244095527617226,0.000731946858496497,0.002448509998508551,-0.0018625561555180685,-1.5926170057396276,-0.06850834700235131,1.5318783336022044,0.10289999842643738,0.40549999475479126,1.6497999429702759,-1.5707963267948966,0.0,1.5707963267948966,0.010165926196141147,-0.03995196417613655,1.9486703587836476
0.09926881509278553,0.5552019730311474,1.8236274770765828,0.0011901676472311706,0.0023802292786633673,-0.0017008747762029932,-1.5926874004848954,-0.06852745438484709,1.5326612360704055,0.10289999842643738,0.40549999475479126,1.6497999429702759,-1.5707963267948966,0.0,1.5707963267948966,0.010194783611202208,-0.04016892295158178,1.9481533262189197
0.09948093114620002,0.5548564891332587,1.8228455541583448,0.001623190584159734,0.0022126272503739,-0.0016752895485038141,-1.592728164164915,-0.06854205935374136,1.5334308871846432,0.10289999842643738,0.40549999475479126,1.6497999429702759,-1.5707963267948966,0.0,1.5707963267948966,0.010222303214499216,-0.04038585474255898,1.9476367274766087
0.0996936939782679,0.5545083279337184,1.8220624859182277,0.0016057882547293762,0.002165521872195923,-0.0015935259287335691,-1.592758992766679,-0.0685761832239642,1.5341908665189674,0.10289999842643738,0.40549999475479126,1.6497999429702759,-1.5707963267948966,0.0,1.5707963267948966,0.010248769667442585,-0.04060261181449914,1.94711918041182
0.0999141746561573,0.5541592352637168,1.821281452620026,0.00127765311574162,0.0022005791407960864,-0.001015013266014718,-1.5927705501017524,-0.0686252903775082,1.5349435210227125,0.10289999842643738,0.40549999475479126,1.6497999429702759,-1.5707963267948966,0.0,1.5707963267948966,0.010273081292008318,-0.040819294350358415,1.9465994286106783
0.1001431971387639,0.5538117813492629,1.8204983839934363,0.002107311692181697,0.0017989571324922003,-0.0014383494586854596,-1.5927612506811022,-0.06866785557279975,1.5356812850791124,0.10289999842643738,0.40549999475479126,1.6497999429702759,-1.5707963267948966,0.0,1.5707963267948966,0.01029515424672467,-0.0410363202759691,1.946082474156687
0.10034451562921302,0.5535039988996233,1.8197863039064794,0.0027363929522143263,0.001381712997048665,-0.0019292848424106123,-1.592747128641113,-0.06870102433443481,1.5363241906824334,0.10289999842643738,0.40549999475479126,1.6497999429702759,-1.5707963267948966,0.0,1.5707963267948966,0.010315209280757433,-0.04123242119656052,1.945623943694944
0.10056012364312972,0.5531680935794479,1.8189928565975353,0.0027741783504116073,0.0012016721828246107,-0.002328048116125351,-1.592713860319087,-0.06873559725013978,1.5370221901431314,0.10289999842643738,0.40549999475479126,1.6497999429702759,-1.5707963267948966,0.0,1.5707963267948966,0.010338197484561423,-0.04145115059680285,1.945121830801881
0.10078767455500945,0.5528027262242007,1.818125175806544,0.00202099230000072,0.0011965657084159823,-0.0023610205052857977,-1.5926263050117178,-0.06874430947264187,1.5377879849777059,0.10289999842643738,0.40549999475479126,1.6497999429702759,-1.5707963267948966,0.0,1.5707963267948966,0.010366669055581462,-0.041714288853886755,1.9445263834898714
0.1009894035935095,0.5524742560984687,1.8173400829358606,0.0018893513464094984,0.0011159685173224789,-0.002407106916618234,-1.592519001539499,-0.06875099141399277,1.538478502255954,0.10289999842643738,0.40549999475479126,1.6497999429702759,-1.5707963267948966,0.0,1.5707963267948966,0.010388297943876286,-0.04191208173438702,1.944081840496786
0.10118572651644873,0.5521504983042435,1.8165484275176516,0.0021205702227866333,0.0009046860268897912,-0.0023460151254853785,-1.592417667317959,-0.06875910951648301,1.539149172454285,0.10289999842643738,0.40549999475479126,1.6497999429702759,-1.5707963267948966,0.0,1.5707963267948966,0.010412740210714961,-0.042132576756183135,1.9435886808719849
0.10137879275135712,0.5518264093272427,1.8157519952007637,0.0020656725889806977,0.0006704493559832358,-0.0020425262779452226,-1.592311945280661,-0.068740064961891,1.5398166006925393,0.10289999842643738,0.40549999475479126,1.6497999429702759,-1.5707963267948966,0.0,1.5707963267948966,0.010436982266922376,-0.04235331752967214,1.9430943768599716
0.10157100960285691,0.5515019740226923,1.8149547843175198,0.0013723801798072076,0.00044244939884020916,-0.0020644097520102285,-1.5922213194688721,-0.06871180216923811,1.5404812674631716,0.10289999842643738,0.40549999475479126,1.6497999429702759,-1.5707963267948966,0.0,1.5707963267948966,0.01046073890617663,-0.04257418517641996,1.9425984882494693
0.10175944132969911,0.5511786326421491,1.8141614737492495,0.0004896685413745863,0.0004271335219080854,-0.001910893165943761,-1.5921561009798568,-0.06869549460923041,1.5411499396904407,0.10289999842643738,0.40549999475479126,1.6497999429702759,-1.5707963267948966,0.0,1.5707963267948966,0.010486953698811157,-0.042817300917005155,1.942050851989912
0.10194789368343511,0.5508552440483786,1.8133716916694966,-1.9203297452312126e-05,0.0005418698416370758,-0.001764954762582767,-1.592090570485911,-0.06867606780923197,1.5418307806947869,0.10289999842643738,0.40549999475479126,1.6497999429702759,-1.5707963267948966,0.0,1.5707963267948966,0.01050788567469726,-0.0430163211467902,1.941601180057656
0.10213552800956835,0.5505306196449962,1.8125835632693466,-0.0003233062643707291,0.0006038651234939284,-0.0016932542326890693,-1.5920046930973375,-0.06866118616658667,1.5425270473525483,0.10289999842643738,0.40549999475479126,1.6497999429702759,-1.5707963267948966,0.0,1.5707963267948966,0.010533059068011514,-0.04325965943785328,1.941049040419526
0.10232424420013345,0.5502056124029343,1.81179231242838,9.457484831195983e-05,0.0006633610004558039,-0.0014768031315035392,-1.5919199703170124,-0.06868614611970614,1.543220621674487,0.10289999842643738,0.40549999475479126,1.6497999429702759,-1.5707963267948966,0.0,1.5707963267948966,0.010553164122234256,-0.04345897826282715,1.9405947753763486
0.1025172022827496,0.5498800316818107,1.8109945068670976,-7.358282564393416e-06,0.0006461581291788161,-0.0012889777800254285,-1.5918378826388897,-0.06873865265293233,1.5439041099583546,0.10289999842643738,0.40549999475479126,1.6497999429702759,-1.5707963267948966,0.0,1.5707963267948966,0.010574491087838181,-0.04368073304531051,1.9400884720411147
0.10271396321174264,0.5495501219319564,1.8101991524651968,-0.0008032193370949024,0.0006226839500639972,-0.0012241076272250999,-1.5917560138233675,-0.06880610448781077,1.5445880875483473,0.10289999842643738,0.40549999475479126,1.6497999429702759,-1.5707963267948966,0.0,1.5707963267948966,0.010594952261913683,-0.043902228751555396,1.9395796386406086
0.10291435009086765,0.5492167578300308,1.8094085034014575,-0.001697764046968598,0.0008078955866255061,-0.0011884387880583681,-1.5916970068079892,-0.06891709450152028,1.545264386552208,0.10289999842643738,0.40549999475479126,1.6497999429702759,-1.5707963267948966,0.0,1.5707963267948966,0.010616651964560627,-0.044145536926230085,1.9390155722822806
0.10313607000799509,0.5488474948130616,1.808543647876789,-0.0020392271475928978,0.0011153403199149565,-0.0013791392835988984,-1.591643235558506,-0.06905429708772504,1.5460000648721344,0.10289999842643738,0.40549999475479126,1.6497999429702759,-1.5707963267948966,0.0,1.5707963267948966,0.010635890226487898,-0.0443667291005667,1.9384981742621266
0.10331358561959081,0.5485460563353134,1.8078341344338948,-0.0009505647080313792,0.0012687614128379097,-0.0015910474455208495,-1.5915862309486746,-0.0691488126538582,1.5465942147220733,0.10289999842643738,0.40549999475479126,1.6497999429702759,-1.5707963267948966,0.0,1.5707963267948966,0.010653289098412247,-0.04456634204001148,1.93803086870107
0.10350662407578137,0.5482145511537319,1.807035201446832,0.0004282682039625518,0.0014583227699952132,-0.001561092046162579,-1.591528586027394,-0.0692676874685132,1.547230981262744,0.10289999842643738,0.40549999475479126,1.6497999429702759,-1.5707963267948966,0.0,1.5707963267948966,0.010672619781127386,-0.04478910933652458,1.9375129708936825
0.10369706995146799,0.5478873203364882,1.8062290882878702,0.0008629064843058706,0.0015982717378343226,-0.0017127238220183258,-1.5914788999927805,-0.06940165595888415,1.5478545455795245,0.10289999842643738,0.40549999475479126,1.6497999429702759,-1.5707963267948966,0.0,1.5707963267948966,0.010691744881082819,-0.045012827138516925,1.9369958981291797
0.10388018651537057,0.5475628165017785,1.8054233242117095,0.0002651173612520348,0.0015621919844916966,-0.0019189497599678832,-1.5914163097207428,-0.06951716577243428,1.5484846080556216,0.10289999842643738,0.40549999475479126,1.6497999429702759,-1.5707963267948966,0.0,1.5707963267948966,0.01071163413177566,-0.045237145734887255,1.9364789612627928
0.10403764017915117,0.5472735668015942,1.804700798861791,-0.00025674069412576147,0.0014369022825467884,-0.0020428018639991356,-1.5913509498103653,-0.06963149060951235,1.549058921981218,0.10289999842643738,0.40549999475479126,1.6497999429702759,-1.5707963267948966,0.0,1.5707963267948966,0.010730363039761217,-0.0454393592461008,1.9360142653355932
0.10420504778357538,0.5469568499664158,1.8038928112686756,5.271842471129988e-05,0.0012749615221748739,-0.0019397360735497078,-1.5912864091200094,-0.0697799017557652,1.5496949169852436,0.10289999842643738,0.40549999475479126,1.6497999429702759,-1.5707963267948966,0.0,1.5707963267948966,0.010751805780879678,-0.045664580341536996,1.935500009264122
0.1043822602416492,0.5466109481917157,1.8029915766127103,0.00038660284050356865,0.0010843022873955209,-0.0018867917131057531,-1.591219844356336,-0.06993644467201676,1.5503906526870355,0.10289999842643738,0.40549999475479126,1.6497999429702759,-1.5707963267948966,0.0,1.5707963267948966,0.01077575099944234,-0.045912832108908626,1.9349373619436814
0.10453950602779959,0.5463016960834627,1.8021623933134043,0.0002519219065608206,0.0009838340905863154,-0.0015469492986887742,-1.591157376881123,-0.07008798620229584,1.5510088297524771,0.10289999842643738,0.40549999475479126,1.6497999429702759,-1.5707963267948966,0.0,1.5707963267948966,0.010797632839311056,-0.04613921703848807,1.9344270060856785
0.10470030632277148,0.545998075637995,1.8013234077992784,0.0001256665885594064,0.0009130050170893297,-0.0010982757684844069,-1.59111000697238,-0.0702713761511724,1.5516036831970257,0.10289999842643738,0.40549999475479126,1.6497999429702759,-1.5707963267948966,0.0,1.5707963267948966,0.010818428710378334,-0.04636613044896824,1.9339191109225906
0.104865222217748,0.5457001061286918,1.8004764330933256,-0.0007717612181548909,0.0007507650106975676,-0.0010386873466051412,-1.591067780324233,-0.07045717970560528,1.5521790837892155,0.10289999842643738,0.40549999475479126,1.6497999429702759,-1.5707963267948966,0.0,1.5707963267948966,0.010837936342111902,-0.04659354189090068,1.9334157574805284
0.10501200280636322,0.54543423043628,1.799714994840139,-0.0016930362222701088,0.0006202502490143364,-0.0012033151257810364,-1.5910276084668153,-0.0706173507750294,1.5526818004207528,0.10289999842643738,0.40549999475479126,1.6497999429702759,-1.5707963267948966,0.0,1.5707963267948966,0.010855264045227516,-0.0467983376431514,1.9329645270900007
0.10518798729440844,0.5451072084323542,1.7987859021619217,-0.0018778158102817953,0.0004467199825681962,-0.0011590286920596703,-1.5909921967614649,-0.07083848183329522,1.5532835941099783,0.10289999842643738,0.40549999475479126,1.6497999429702759,-1.5707963267948966,0.0,1.5707963267948966,0.0108765081382197,-0.04704836182516796,1.932414239854055
0.10535040503940808,0.5448059227376834,1.797941115250273,-0.0018429657228535064,0.0003477388806722954,-0.0008062270610870411,-1.590957216459059,-0.07104424826782729,1.553830442783517,0.10289999842643738,0.40549999475479126,1.6497999429702759,-1.5707963267948966,0.0,1.5707963267948966,0.01089498256908367,-0.04727541576755205,1.9319146687677875
0.10551772735687934,0.5444983472299924,1.7971030931539207,-0.002500336929394791,0.00039759492324294285,-0.0007878722458346011,-1.5909004487122644,-0.0712492694692255,1.5544019312977537,0.10289999842643738,0.40549999475479126,1.6497999429702759,-1.5707963267948966,0.0,1.5707963267948966,0.01091229881703064,-0.0475019416946047,1.9314154660751308
0.10568588035598168,0.5441866932212782,1.7962755728907829,-0.002704993989791985,0.0004729665344297629,-0.0009718988191539049,-1.59084984015696,-0.07148241760271157,1.554990779674297,0.10289999842643738,0.40549999475479126,1.6497999429702759,-1.5707963267948966,0.0,1.5707963267948966,0.010929457588859465,-0.04772813135371514,1.9309156091597883
0.10585311622525258,0.5438742197030769,1.795453734309486,-0.002462815091934441,0.0004943774394635355,-0.0011026814180242696,-1.5907990552364775,-0.07173374335593019,1.5555845584902699,0.10289999842643738,0.40549999475479126,1.6497999429702759,-1.5707963267948966,0.0,1.5707963267948966,0.010946813710606159,-0.04795460058446341,1.9304153778459652
0.10601519034460473,0.5435570510016376,1.794637835851091,-0.0019905429427265102,0.00031290196448425036,-0.0014891691585762002,-1.590718352233419,-0.07196864000203274,1.556188555417889,0.10289999842643738,0.40549999475479126,1.6497999429702759,-1.5707963267948966,0.0,1.5707963267948966,0.01096482924407052,-0.04818103602243626,1.9299149736561014
0.10616715662051884,0.5432342336291011,1.7938256971474769,-0.0013066621792130549,7.088372806633189e-05,-0.0016096884610476998,-1.5906328797472995,-0.07220872803916967,1.556796935866482,0.10289999842643738,0.40549999475479126,1.6497999429702759,-1.5707963267948966,0.0,1.5707963267948966,0.010984320960370272,-0.04840720783064049,1.9294171605037158
0.10631538836609261,0.5429068667541987,1.7930172898236836,-0.0008471031036616706,4.102700526136854e-05,-0.0012928834247205813,-1.5905459611909485,-0.07245646658004778,1.557403627399295,0.10289999842643738,0.40549999475479126,1.6497999429702759,-1.5707963267948966,0.0,1.5707963267948966,0.011004298400995854,-0.048633231766342024,1.928921844985644
0.10646393295595143,0.5425750768318744,1.792214111937616,-0.0004086931028712914,0.00011872534218624116,-0.001162483816518176,-1.590426120475502,-0.07268342616521206,1.558018199866873,0.10289999842643738,0.40549999475479126,1.6497999429702759,-1.5707963267948966,0.0,1.5707963267948966,0.011023945438987357,-0.048859132538525946,1.9284285634103753
0.10660816126735685,0.542242171240017,1.791412718319182,-1.5032045542231083e-05,0.00020509358845553712,-0.0013838329017179032,-1.5902892659748629,-0.07292009139048794,1.5586260273881591,0.10289999842643738,0.40549999475479126,1.6497999429702759,-1.5707963267948966,0.0,1.5707963267948966,0.011044114251177777,-0.04908515585253722,1.9279370278870018
0.10675632371044501,0.5418801304045578,1.7905296963752282,-0.00035395946652966797,0.00030860590211965425,-0.0015020415344633405,-1.590117081619829,-0.0731759023920624,1.5592637734284263,0.10289999842643738,0.40549999475479126,1.6497999429702759,-1.5707963267948966,0.0,1.5707963267948966,0.01106761250998074,-0.04933436764071619,1.9273987274317967
0.10686974748275671,0.5415854956561588,1.7898079076920663,-0.0010123714371650758,0.0003482681694590341,-0.0015467825527926765,-1.5899425630859425,-0.07335710384264216,1.5597623784441443,0.10289999842643738,0.40549999475479126,1.6497999429702759,-1.5707963267948966,0.0,1.5707963267948966,0.011087684155643396,-0.04953841226237905,1.9269590602507638
0.10699964184015655,0.5412263610285373,1.788924233703549,-0.0014685054844391662,0.00036455440950628067,-0.0015042217501670316,-1.589723578543486,-0.07357856636730808,1.5603292083393483,0.10289999842643738,0.40549999475479126,1.6497999429702759,-1.5707963267948966,0.0,1.5707963267948966,0.01111327085135692,-0.04978777201591024,1.9264213807806712
0.10710273124978822,0.5409322940582159,1.7882000062167636,-0.0021959169067500917,0.0004493569593144639,-0.0010425341999053652,-1.5895492464292897,-0.07377014060016229,1.5607585392101606,0.10289999842643738,0.40549999475479126,1.6497999429702759,-1.5707963267948966,0.0,1.5707963267948966,0.011134456956619243,-0.04999165842492731,1.9259804461528554
0.10722140229747296,0.5406010803351463,1.7873972399052165,-0.002319806891026317,0.0004547318454617479,-0.0006137476898656998,-1.5893419411491518,-0.0739705059212401,1.5612244026676476,0.10289999842643738,0.40549999475479126,1.6497999429702759,-1.5707963267948966,0.0,1.5707963267948966,0.011156855972322865,-0.05021752037337406,1.9254918030403465
0.10734326043683777,0.5402647503962683,1.7865944694313236,-0.002828533774403452,0.0004645153775027508,-0.00046280896779853304,-1.5891444561757873,-0.07417492215076926,1.5616847623034735,0.10289999842643738,0.40549999475479126,1.6497999429702759,-1.5707963267948966,0.0,1.5707963267948966,0.011178282992058242,-0.05044256620459502,1.9250075870109211
0.10747958759385827,0.5398870796552171,1.7857214235690482,-0.0026208467474937427,0.00046804866446091624,-0.0003588472103750447,-1.5889463878122787,-0.07442205845181604,1.5622051975565665,0.10289999842643738,0.40549999475479126,1.6497999429702759,-1.5707963267948966,0.0,1.5707963267948966,0.011201140920743523,-0.05068910669780504,1.9244764879376692
0.10759243346062322,0.5395752597148314,1.7850107644758264,-0.0017036893550428935,0.0003571891203351117,-0.00040111388025112674,-1.5887804615011867,-0.07460897421511525,1.5626383107800765,0.10289999842643738,0.40549999475479126,1.6497999429702759,-1.5707963267948966,0.0,1.5707963267948966,0.011219218705800353,-0.05089079308049354,1.924042121754809
0.10771717100406555,0.5392315723348264,1.784218773726383,8.4695882475078e-05,8.092005323984908e-05,-0.000528829122463665,-1.5886144368785469,-0.07480739347529974,1.5631094702698192,0.10289999842643738,0.40549999475479126,1.6497999429702759,-1.5707963267948966,0.0,1.5707963267948966,0.011238963642848352,-0.05111571294963804,1.923559666480608
0.10784267518934432,0.5388927934301679,1.7834210073239987,0.0018006035248000801,-6.384719014560097e-05,-0.0003113813890101696,-1.5884841045668647,-0.07503082988801246,1.5635650085309059,0.10289999842643738,0.40549999475479126,1.6497999429702759,-1.5707963267948966,0.0,1.5707963267948966,0.011258050707376442,-0.05134172638369636,1.9230780134181822
0.10799273939014974,0.5384918377793755,1.7824666517907037,0.0015964233546318302,-0.00014976970442491638,-0.0007871399896874127,-1.588328845440429,-0.07528471636222411,1.564126200075704,0.10289999842643738,0.40549999475479126,1.6497999429702759,-1.5707963267948966,0.0,1.5707963267948966,0.01128030579788156,-0.0516139318643341,1.9225018149471074
0.10808541264795196,0.5382290208774335,1.781837819120945,0.001174795762449601,-0.0001732725079613218,-0.00103984592221445,-1.5882185223436527,-0.07544189721987316,1.564520071030333,0.10289999842643738,0.40549999475479126,1.6497999429702759,-1.5707963267948966,0.0,1.5707963267948966,0.01129804525729101,-0.051818561694252856,1.9220727464670586
0.10820780968086363,0.5378740042176249,1.7809770520479664,0.0011882351202569,-0.00018217942508188444,-0.0007847854031042341,-1.5880619893562895,-0.07567243369737753,1.56506796246365,0.10289999842643738,0.40549999475479126,1.6497999429702759,-1.5707963267948966,0.0,1.5707963267948966,0.011318117151124041,-0.05204638815470305,1.9216003488811497
0.10832026690731388,0.53755380765949,1.7801974617024592,0.0010484132744160706,-0.00024178172920145355,-0.0006137002101555955,-1.587895419740632,-0.07586737865731141,1.5655774412291468,0.10289999842643738,0.40549999475479126,1.6497999429702759,-1.5707963267948966,0.0,1.5707963267948966,0.011337580483482702,-0.052274443636482454,1.9211323249877823
0.10842111646781952,0.5372667353471513,1.779500495821744,0.0010749719893580522,-0.0003262286552442721,-0.0005086132616833465,-1.5877374230906172,-0.07604200368727954,1.5660480606505394,0.10289999842643738,0.40549999475479126,1.6497999429702759,-1.5707963267948966,0.0,1.5707963267948966,0.01135481295157642,-0.05247980517274951,1.920712942850414
0.10853440434180597,0.5369465276608563,1.7787336117058907,0.0008115682112752712,-0.00045900797586176015,-0.00036871935835969293,-1.5875717016239477,-0.07626279097353317,1.5665844292055202,0.10289999842643738,0.40549999475479126,1.6497999429702759,-1.5707963267948966,0.0,1.5707963267948966,0.011373566309136418,-0.05270793176482376,1.9202468950459413
0.10864918865066467,0.5366216444884787,1.7779804021699872,0.0010037548498986566,-0.0006976394819182032,-0.00020920213174392165,-1.5873936137385385,-0.07647919599179964,1.5671472253635235,0.10289999842643738,0.40549999475479126,1.6497999429702759,-1.5707963267948966,0.0,1.5707963267948966,0.01139164593426061,-0.052935776849395606,1.919779166929027
0.10876852085486771,0.5362934112903681,1.7772353293447078,0.0013884846231239365,-0.0009940410104693307,0.0001511421622228531,-1.5872056281960971,-0.07669309320111095,1.5677259977860025,0.10289999842643738,0.40549999475479126,1.6497999429702759,-1.5707963267948966,0.0,1.5707963267948966,0.011408409658530974,-0.053163601453742264,1.9193107497960393
0.10889421004442425,0.5359622900936782,1.7764962120371348,0.002077346327344149,-0.0014326439971212076,-4.861614539895448e-05,-1.5870371369585354,-0.07693847786790009,1.56832440444133,0.10289999842643738,0.40549999475479126,1.6497999429702759,-1.5707963267948966,0.0,1.5707963267948966,0.011423657520076095,-0.05339128364223291,1.9188441501308255
0.10901630782991303,0.5356315368976691,1.7757585851390056,0.002266604810324187,-0.0018324145856393977,-0.0003591196129601892,-1.586854485279115,-0.07717930517397464,1.5689391667897468,0.10289999842643738,0.40549999475479126,1.6497999429702759,-1.5707963267948966,0.0,1.5707963267948966,0.011438891736912555,-0.05361918551857989,1.9183820107330856
0.10913193622654464,0.5353020388086467,1.7750254592889259,0.0018988006878551465,-0.0022141842431036333,-0.0007122046124310154,-1.5866314097898422,-0.07739402554703778,1.5695626073485527,0.10289999842643738,0.40549999475479126,1.6497999429702759,-1.5707963267948966,0.0,1.5707963267948966,0.011454396855392217,-0.053847257771960255,1.917923691269893
0.10926172817087418,0.534907132840021,1.7741551968468454,0.00040408304853190166,-0.0024107365751036332,-0.0007352816124588977,-1.5863510568077628,-0.07765989339303436,1.5703034018466595,0.10289999842643738,0.40549999475479126,1.6497999429702759,-1.5707963267948966,0.0,1.5707963267948966,0.011475340936978771,-0.05414351545698187,1.9173323090042929
0.10934593841290123,0.5346398097652482,1.7735862188600153,-0.0005449202776174633,-0.0024616501150987935,-0.0005035640974852436,-1.5861558016426325,-0.07783748617996755,1.5708032193384598,0.10289999842643738,0.40549999475479126,1.6497999429702759,-1.5707963267948966,0.0,1.5707963267948966,0.01148647331717006,-0.054302486738336986,1.917014096053731
0.10943951728675765,0.5343364519233901,1.772953866398905,-0.0013650028458682274,-0.002521219323766407,-0.0008131713525378524,-1.5859346465564959,-0.07801809563436102,1.5713676430703345,0.10289999842643738,0.40549999475479126,1.6497999429702759,-1.5707963267948966,0.0,1.5707963267948966,0.011500511867167771,-0.05450660135917388,1.9166053773653011
0.10953837561961857,0.5339675582233927,1.7721943660485417,-0.0024121617141545123,-0.0026250579498727973,-0.0011666541574549712,-1.5856617381426925,-0.07821512118148499,1.5720631591388192,0.10289999842643738,0.40549999475479126,1.6497999429702759,-1.5707963267948966,0.0,1.5707963267948966,0.0115193212437876,-0.05475615248601957,1.9161099587912562
0.10961716469093634,0.533635209951986,1.7715160146383824,-0.0025698927636888663,-0.0026535775914749734,-0.0011506871834206834,-1.585410957561291,-0.07838460967971628,1.5726903247081137,0.10289999842643738,0.40549999475479126,1.6497999429702759,-1.5707963267948966,0.0,1.5707963267948966,0.011539168831402689,-0.05500611326444098,1.915619197627936
0.10968772907036012,0.5333059487679802,1.7708425019200342,-0.0018847431915398262,-0.002753927957293701,-0.001134620048007752,-1.5851432956674563,-0.07851859722810861,1.573291698273332,0.10289999842643738,0.40549999475479126,1.6497999429702759,-1.5707963267948966,0.0,1.5707963267948966,0.011555749309871717,-0.05521130125870377,1.9152193082260747
0.10974934973793611,0.5329830625534538,1.7701656842684932,-0.0008616147941010336,-0.002927898175251589,-0.0012870699810328765,-1.5848932421973072,-0.07863261905675589,1.5738579721533297,0.10289999842643738,0.40549999475479126,1.6497999429702759,-1.5707963267948966,0.0,1.5707963267948966,0.01157487032282379,-0.05544045633858766,1.9147756510177063
0.10980091690830585,0.5326669316677732,1.7694860702469668,-0.000862946542164432,-0.0029532571181387322,-0.0012224096795547148,-1.5846754854056464,-0.07872836796314031,1.5743947404587302,0.10289999842643738,0.40549999475479126,1.6497999429702759,-1.5707963267948966,0.0,1.5707963267948966,0.01159697074232805,-0.05569371094460139,1.9142876574491
0.10984714206931245,0.5323506647947549,1.7688107678871856,-0.0011783133031106324,-0.002763454478400964,-0.0008560730068427619,-1.58445784760483,-0.0787834676834267,1.574937538633766,0.10289999842643738,0.40549999475479126,1.6497999429702759,-1.5707963267948966,0.0,1.5707963267948966,0.01161509649099649,-0.05590089440948718,1.9138874801579666
0.10989424656682839,0.5320306569407883,1.7681373592705252,-0.0015546625499861782,-0.002294063778124069,-0.00040737302514856866,-1.5842436992570663,-0.07881628214865888,1.575491856637044,0.10289999842643738,0.40549999475479126,1.6497999429702759,-1.5707963267948966,0.0,1.5707963267948966,0.011634362954695682,-0.05613050932501001,1.9134441801430617
0.10994752870505413,0.5316767701492966,1.7674004586909153,-0.00198461170538304,-0.0019461796835952496,-0.0005437836223545276,-1.5840196601318604,-0.07886460342432233,1.5761061140251325,0.10289999842643738,0.40549999475479126,1.6497999429702759,-1.5707963267948966,0.0,1.5707963267948966,0.011654509551794855,-0.056382511480008876,1.9129603726046764
0.10998340661190487,0.5313867066478407,1.7668019454149133,-0.002237504475038341,-0.001810314003214915,-0.0008921097081634384,-1.5838243945890604,-0.07888387944449082,1.5766136682917322,0.10289999842643738,0.40549999475479126,1.6497999429702759,-1.5707963267948966,0.0,1.5707963267948966,0.011671592834119946,-0.05658852699888352,1.91256746465622
0.11001115979488185,0.5310648807550061,1.7661421373736947,-0.0021423399205060295,-0.0016950026652109644,-0.0011501247580543734,-1.5835874833350294,-0.07888148915839999,1.5771824394247806,0.10289999842643738,0.40549999475479126,1.6497999429702759,-1.5707963267948966,0.0,1.5707963267948966,0.011691704203186172,-0.05681747759586932,1.9121336552586752
0.11003213699203958,0.5306838054466775,1.7653544378563635,-0.0013604931360064513,-0.0015977081975620954,-0.0010275707334229836,-1.5833088189184694,-0.07887822987070425,1.5778486966254583,0.10289999842643738,0.40549999475479126,1.6497999429702759,-1.5707963267948966,0.0,1.5707963267948966,0.011716547195708998,-0.05709294180714808,1.9116157387767627
0.11004237497932268,0.5304299808699655,1.764831141059548,-0.00027770858792071747,-0.0016483024492462417,-0.0008145608760987327,-1.5831290328267862,-0.07886443281852706,1.5782851657868449,0.10289999842643738,0.40549999475479126,1.6497999429702759,-1.5707963267948966,0.0,1.5707963267948966,0.011732908619129742,-0.05727691738536899,1.9112709250017517
0.11005265596030957,0.5301152431606742,1.7641749368948065,0.0010223725843245633,-0.0019061135653048262,-0.0007948628531223358,-1.582910299122977,-0.07882121756459881,1.578820784798782,0.10289999842643738,0.40549999475479126,1.6497999429702759,-1.5707963267948966,0.0,1.5707963267948966,0.011752773937457417,-0.05750761781162128,1.9108408846518918
0.1100606503037524,0.5297732526091627,1.7634517133345144,0.0014449289677486046,-0.0022041445041621763,-0.000485293499606361,-1.5826924991613487,-0.07877000359120512,1.5793828260023386,0.10289999842643738,0.40549999475479126,1.6497999429702759,-1.5707963267948966,0.0,1.5707963267948966,0.011773962270898596,-0.05776215683117252,1.9103677331275666
0.11006879884899176,0.5295252125687531,1.7629267127489756,0.001304109645321571,-0.0023460176644864994,-0.00027999050238362475,-1.5825447702707758,-0.07873598853024655,1.579772738233011,0.10289999842643738,0.40549999475479126,1.6497999429702759,-1.5707963267948966,0.0,1.5707963267948966,0.011788195978962994,-0.05794734145297581,1.9100235208513907
0.11007972502083181,0.5292155565030838,1.7622716396327176,0.000637080327688859,-0.0025058956765616164,-0.00034275562965630006,-1.5823543010233263,-0.07866695035148386,1.580247742897249,0.10289999842643738,0.40549999475479126,1.6497999429702759,-1.5707963267948966,0.0,1.5707963267948966,0.011804894619307874,-0.05817870617758329,1.9095936844455559
0.1100874669463288,0.5289053975070837,1.761620711577072,-0.0002839247938718334,-0.002541677125469695,-0.0004726471582275152,-1.5821666706202502,-0.07858882583258531,1.580719632450649,0.10289999842643738,0.40549999475479126,1.6497999429702759,-1.5707963267948966,0.0,1.5707963267948966,0.011822655565802854,-0.05843278298355774,1.9091197560573434
0.11009256301181691,0.5285955547814019,1.7609744715512703,-0.00021285719067470172,-0.0023710543822557492,-0.000469349015968109,-1.5819865721142377,-0.0785076186417335,1.5811873087168544,0.10289999842643738,0.40549999475479126,1.6497999429702759,-1.5707963267948966,0.0,1.5707963267948966,0.011836629852787803,-0.05864055932780325,1.9087300550175046
0.11009848360936346,0.5282877823200615,1.7603215796286362,0.000782420854176617,-0.0020662453013504936,-0.0003022939630086026,-1.58179861839958,-0.07839209245906131,1.5816310693873923,0.10289999842643738,0.40549999475479126,1.6497999429702759,-1.5707963267948966,0.0,1.5707963267948966,0.011851084833328624,-0.05887184802314641,1.9082959748701291
0.1101065419303457,0.5279834237305894,1.7596593595632213,0.0016637686309632536,-0.001715699657473919,-0.00046905837635113895,-1.5816111474710506,-0.07826647011947152,1.5820427445376508,0.10289999842643738,0.40549999475479126,1.6497999429702759,-1.5707963267948966,0.0,1.5707963267948966,0.011864390751996851,-0.05910376374669873,1.9078618256429243
0.11010684544145105,0.5276524178038351,1.7589274246834479,0.0017089696648665564,-0.0012700445484967876,-0.0010323222088027852,-1.5813986211749755,-0.0781096026000121,1.5824749426893898,0.10289999842643738,0.40549999475479126,1.6497999429702759,-1.5707963267948966,0.0,1.5707963267948966,0.01187942075793298,-0.05935939277432907,1.9073853152596842
0.11009126474289894,0.5273522231860563,1.7582671041904119,0.0003267687917667562,-0.0007803839065452746,-0.001413222085604628,-1.581169523283282,-0.07791193269784236,1.5828721833417931,0.10289999842643738,0.40549999475479126,1.6497999429702759,-1.5707963267948966,0.0,1.5707963267948966,0.011894608283840657,-0.05959164323666594,1.906955360625651
0.11006374897710551,0.5270465257220014,1.7576203463769315,-0.0009620043348693485,-0.0003857031874575168,-0.001146919627993076,-1.5809176839085146,-0.0776933052985802,1.5832923380347164,0.10289999842643738,0.40549999475479126,1.6497999429702759,-1.5707963267948966,0.0,1.5707963267948966,0.011910778392071771,-0.05982275130247034,1.9065283589488171
0.11003483700063418,0.5267306458479306,1.7569832069783595,-0.0009238343121000634,-0.00016336975007659511,-0.000644513057292062,-1.580677003090808,-0.07748548198652605,1.5837399988689718,0.10289999842643738,0.40549999475479126,1.6497999429702759,-1.5707963267948966,0.0,1.5707963267948966,0.011926132792171737,-0.06005233623532823,1.9061057730367839
0.11000793312585948,0.5264048949549698,1.756350503964938,0.00023569081151682042,-0.00013711486977184133,-0.0003831923664776719,-1.5804350900851998,-0.07727452556192915,1.584224283681933,0.10289999842643738,0.40549999475479126,1.6497999429702759,-1.5707963267948966,0.0,1.5707963267948966,0.011939988914776073,-0.06028084238585375,1.9056897910384278
0.10997781997934378,0.526042764172818,1.755656297775801,0.0014168764782624692,-0.00012565950379672856,-0.00042379679393690807,-1.5801784153783855,-0.07704569624318847,1.5847818640309426,0.10289999842643738,0.40549999475479126,1.6497999429702759,-1.5707963267948966,0.0,1.5707963267948966,0.0119539524830737,-0.06053207280707877,1.905238356203405
0.1099520107166135,0.5257460307559856,1.7550921038850684,0.0021761268732125427,2.4861678675554962e-05,-0.000429113601214114,-1.5799890182169773,-0.0768807456773768,1.5852503762462005,0.10289999842643738,0.40549999475479126,1.6497999429702759,-1.5707963267948966,0.0,1.5707963267948966,0.011964739024545878,-0.06073790849437357,1.9048703195918961
0.10991316771893817,0.5253150760763856,1.7542851624022366,0.0023194123541823153,0.0002793355591602526,-0.0005347073505166903,-1.579709106849736,-0.07665100425450433,1.5859371351418212,0.10289999842643738,0.40549999475479126,1.6497999429702759,-1.5707963267948966,0.0,1.5707963267948966,0.011979397666582852,-0.06103550131357225,1.904336795199974
0.10989183589541268,0.5250837965772933,1.753852336726002,0.0020487096376437565,0.00038964195920840225,-0.00044597389488659474,-1.5795587394720971,-0.07653265349099891,1.5862965562330176,0.10289999842643738,0.40549999475479126,1.6497999429702759,-1.5707963267948966,0.0,1.5707963267948966,0.01198689908166617,-0.06119594304794288,1.9040480682554228
0.1098674224634069,0.5247549414202837,1.7532312096582678,0.0016785901818819906,0.0006070898813146812,-9.391665210665093e-05,-1.5793709816943455,-0.07639159459605427,1.5867930498837244,0.10289999842643738,0.40549999475479126,1.6497999429702759,-1.5707963267948966,0.0,1.5707963267948966,0.011996102163296225,-0.06142516993308286,1.9036353347059523
0.1098510078641129,0.5244609246438487,1.7526654382107267,0.0015003669164738698,0.00072199067319339,-0.00022934495807871877,-1.5792057092508065,-0.07626841673153484,1.5872265248789001,0.10289999842643738,0.40549999475479126,1.6497999429702759,-1.5707963267948966,0.0,1.5707963267948966,0.012002806689806371,-0.06163142948741606,1.9032664361170422
0.10983311730790946,0.5241379413779086,1.7520278711740234,0.001289793712850479,0.0008412191248048526,-0.00037939367845899385,-1.579014213787267,-0.07611353402831877,1.5877037794572342,0.10289999842643738,0.40549999475479126,1.6497999429702759,-1.5707963267948966,0.0,1.5707963267948966,0.01200947833103245,-0.061860779629797816,1.902860467690008
0.1098152851884665,0.5237851938512467,1.7513238855811826,0.0005958534558691645,0.001022694616351355,-0.0003601189448246497,-1.5788086533827126,-0.07596799844767554,1.5882336361704201,0.10289999842643738,0.40549999475479126,1.6497999429702759,-1.5707963267948966,0.0,1.5707963267948966,0.012015521325617243,-0.06211307222275289,1.9024156346325123
0.10980162429584268,0.5234966401156231,1.7507512877351248,0.0002004926993938921,0.0010372161242589884,-0.000531303712587531,-1.5786412526905953,-0.07585940754041998,1.5886763307485472,0.10289999842643738,0.40549999475479126,1.6497999429702759,-1.5707963267948966,0.0,1.5707963267948966,0.012019398400345304,-0.06231939757067046,1.9020508901207138
0.1097830680994056,0.5231760251954287,1.7501152509569096,0.00012302136033131572,0.000870610675892125,-0.0007247011700316459,-1.5784690695341588,-0.07571857394474524,1.589169756165426,0.10289999842643738,0.40549999475479126,1.6497999429702759,-1.5707963267948966,0.0,1.5707963267948966,0.012023740485962794,-0.06257167920678036,1.9016054899106265
0.10976494102699039,0.5228571686106698,1.749478339424574,-0.0003259149640417751,0.000649324601603286,-0.0005175464811022223,-1.5783424434224418,-0.07558647030105892,1.5896474519548314,0.10289999842643738,0.40549999475479126,1.6497999429702759,-1.5707963267948966,0.0,1.5707963267948966,0.012026537605792129,-0.06277827031275261,1.9012417277908769
0.10975103671483553,0.5225043167395995,1.7487805714160274,-0.0007784584062698323,0.0006217735317742867,-0.000382707578047499,-1.578236309905427,-0.07545888740136864,1.590160812609424,0.10289999842643738,0.40549999475479126,1.6497999429702759,-1.5707963267948966,0.0,1.5707963267948966,0.012028129947754247,-0.06303044897702598,1.9007984314545863
0.10974337915030061,0.5221810146602922,1.7481472291822935,-0.0009743630622407059,0.0008059178314956222,-0.00012904075546960202,-1.5781430596525137,-0.07534097724665623,1.5906254627009746,0.10289999842643738,0.40549999475479126,1.6497999429702759,-1.5707963267948966,0.0,1.5707963267948966,0.012027887938277835,-0.06325940574671367,1.9003965282843636
0.10974260245096923,0.5218574856951522,1.7475102543555243,-0.0006718141321961676,0.0009684888914936529,-0.00030936961468273547,-1.5780620874433624,-0.07524281446716774,1.5910760807874345,0.10289999842643738,0.40549999475479126,1.6497999429702759,-1.5707963267948966,0.0,1.5707963267948966,0.012025860072076363,-0.06348828721490019,1.8999966683895129
0.10974221629003315,0.521474201579254,1.746731176235361,-0.000169529887656265,0.0011479820832378206,-0.0005101565558540676,-1.5779795257151552,-0.07512251881014054,1.5915764479363592,0.10289999842643738,0.40549999475479126,1.6497999429702759,-1.5707963267948966,0.0,1.5707963267948966,0.012022509993119502,-0.06376344295949357,1.8995226395699212
0.10974327166934728,0.5212542137226397,1.7462685296712093,-0.0006238699716544782,0.0013310119044122465,-0.0005725557388482951,-1.5779391693377474,-0.07503588761002344,1.5918430044209448,0.10289999842643738,0.40549999475479126,1.6497999429702759,-1.5707963267948966,0.0,1.5707963267948966,0.012019987066701302,-0.06392428276714024,1.8992483495456325
0.10974725703105798,0.5209438735991351,1.7456041962235975,-0.0016227925327141344,0.0016998004424715804,-0.0005109945545454198,-1.577894046520541,-0.07491318317242124,1.5921969970303103,0.10289999842643738,0.40549999475479126,1.6497999429702759,-1.5707963267948966,0.0,1.5707963267948966,0.012015474935977872,-0.06415419896111009,1.898856580348293
0.10975472755076264,0.5206052535788703,1.7448704447830754,-0.002417600510019348,0.002074437313751729,-0.0007382700816974639,-1.577871941098999,-0.07479635969742038,1.5925615025469892,0.10289999842643738,0.40549999475479126,1.6497999429702759,-1.5707963267948966,0.0,1.5707963267948966,0.012009425105182296,-0.06440704630946471,1.898425147998793
0.10976073437579918,0.5202965873514984,1.7442015650320593,-0.0023829141406381447,0.0024988700539069013,-0.0005951753081100319,-1.5778627356834738,-0.07468055368358417,1.5928869892282098,0.10289999842643738,0.40549999475479126,1.6497999429702759,-1.5707963267948966,0.0,1.5707963267948966,0.01200349503560983,-0.06463667134302162,1.8980339614853
0.1097678701540213,0.5200167191910774,1.743594366042093,-0.0013282672500586536,0.0026024587723091777,-0.0008987300690052604,-1.5778637939518279,-0.07458491423424451,1.593178039257031,0.10289999842643738,0.40549999475479126,1.6497999429702759,-1.5707963267948966,0.0,1.5707963267948966,0.011997388500722336,-0.06484309186675687,1.8976847431949284
0.10976714102102277,0.5196768598626114,1.742840628567524,-0.0007071327774109521,0.0025469063018331807,-0.0013407792974653905,-1.5778809070414292,-0.07447489990446154,1.5935247834273378,0.10289999842643738,0.40549999475479126,1.6497999429702759,-1.5707963267948966,0.0,1.5707963267948966,0.0119908688657296,-0.06509566351259904,1.8972650462546894
0.1097567264734673,0.5193700070216801,1.7421583431478234,-0.0021763491876541433,0.0024801139779165016,-0.0016001360890103252,-1.5778978935147205,-0.07435108069488727,1.593847081525055,0.10289999842643738,0.40549999475479126,1.6497999429702759,-1.5707963267948966,0.0,1.5707963267948966,0.011985993949721895,-0.06532526126302358,1.8968888200474376
0.10973905824712477,0.5190945017457338,1.7415537568878148,-0.0033097560058314344,0.002379247311592599,-0.0015988297642149164,-1.5779012937205286,-0.07422314276553177,1.5941406718029232,0.10289999842643738,0.40549999475479126,1.6497999429702759,-1.5707963267948966,0.0,1.5707963267948966,0.011982006928017857,-0.06555446785318338,1.8965148851115736
0.10970949983064973,0.5187545307056718,1.7408196731824266,-0.003985395137915788,0.002126148263066444,-0.0015878155886760645,-1.5779124080515203,-0.07407014073057594,1.594489691828127,0.10289999842643738,0.40549999475479126,1.6497999429702759,-1.5707963267948966,0.0,1.5707963267948966,0.011978508059832693,-0.06578300753731672,1.89614211610097
0.10967339063093776,0.5184389414233124,1.7401579661727005,-0.00393613541529036,0.0018878069172208612,-0.0014618754672026902,-1.5779128250019352,-0.07391827820283936,1.594797397899396,0.10289999842643738,0.40549999475479126,1.6497999429702759,-1.5707963267948966,0.0,1.5707963267948966,0.011975527028894649,-0.06601074667457532,1.8957681259037156
0.10962252463322818,0.5180510601570465,1.7393706195280005,-0.00385388953986238,0.0017800722848782594,-0.0012035199002636307,-1.5778818930860639,-0.07372878628889445,1.5951630453247843,0.10289999842643738,0.40549999475479126,1.6497999429702759,-1.5707963267948966,0.0,1.5707963267948966,0.011971782511967063,-0.06628305622385346,1.8953169968741064
0.10958928860263,0.5178213848969356,1.7389171520494815,-0.0034557336288617863,0.0017683423207816129,-0.0012854239421056786,-1.5778533058320412,-0.07362365448139441,1.5953780840897156,0.10289999842643738,0.40549999475479126,1.6497999429702759,-1.5707963267948966,0.0,1.5707963267948966,0.011969221089719624,-0.06646418351967529,1.8950145546694526
0.10951562722206043,0.5174241232869491,1.73814551096056,-0.002552027309369211,0.0017677613117341986,-0.0018109097970547678,-1.5777693132077968,-0.07341765255590538,1.5957577680496267,0.10289999842643738,0.40549999475479126,1.6497999429702759,-1.5707963267948966,0.0,1.5707963267948966,0.011967124365234756,-0.06671305591791463,1.8945983672238196
0.10945260444160901,0.5171595289702826,1.7376349469040746,-0.002228465454026276,0.0019493577121343615,-0.0016882758733593286,-1.5776882190014625,-0.07324767754083483,1.5960223046392539,0.10289999842643738,0.40549999475479126,1.6497999429702759,-1.5707963267948966,0.0,1.5707963267948966,0.011966990360847182,-0.0668941017154667,1.894297727162145
0.10936125046544136,0.5167994236318768,1.7369363857281597,-0.0017163474543676661,0.0021211604862958,-0.0013591257226178214,-1.5775732890742882,-0.07301312030563611,1.5963977717317033,0.10289999842643738,0.40549999475479126,1.6497999429702759,-1.5707963267948966,0.0,1.5707963267948966,0.011966700651416612,-0.06714318986740386,1.8938893666081404
0.10927351993388984,0.5164768045447259,1.7363033013894729,-0.0015189778514888186,0.002020416555132048,-0.0012661534447721313,-1.577468073060249,-0.07278869353782103,1.5967468012598924,0.10289999842643738,0.40549999475479126,1.6497999429702759,-1.5707963267948966,0.0,1.5707963267948966,0.011966504098747412,-0.06736995563716343,1.8935222701672036
0.10918134962136251,0.5161590699381234,1.7356747734300766,-0.001225742508079992,0.0019066597577350026,-0.0010977195930674422,-1.5773593478187726,-0.07253970095197637,1.5970979539506251,0.10289999842643738,0.40549999475479126,1.6497999429702759,-1.5707963267948966,0.0,1.5707963267948966,0.011966527777444804,-0.06759721626499159,1.893155993467325
0.10908688504152071,0.5158467827333183,1.7350508779370635,-0.0009093321208783366,0.0017397510894549618,-0.0010252648782606293,-1.5772559814675862,-0.07228974653356168,1.5974494260446195,0.10289999842643738,0.40549999475479126,1.6497999429702759,-1.5707963267948966,0.0,1.5707963267948966,0.01196641675415554,-0.06782507337656181,1.8927892527932042
0.10894902274674438,0.5154154788593014,1.7341864515009746,0.00014538328204266064,0.001537123086501178,-0.0008300426486235146,-1.577090288597112,-0.07192815908479355,1.5979414409521626,0.10289999842643738,0.40549999475479126,1.6497999429702759,-1.5707963267948966,0.0,1.5707963267948966,0.011966163964396922,-0.06814488334991838,1.8922729575060215
0.1088892657375568,0.5152324955962729,1.7338175315355633,0.0008878190371329117,0.0014623737739371957,-0.0007378900703504288,-1.5770048451208871,-0.07176614372365275,1.5981500185638253,0.10289999842643738,0.40549999475479126,1.6497999429702759,-1.5707963267948966,0.0,1.5707963267948966,0.01196583454753283,-0.06828229768674876,1.892050728525588
0.10879256825427772,0.5149322835551888,1.7332000452721001,0.002004454562296261,0.0015348250608951618,-0.0003788197478690007,-1.5768550442168119,-0.07150166447651651,1.598489886212007,0.10289999842643738,0.40549999475479126,1.6497999429702759,-1.5707963267948966,0.0,1.5707963267948966,0.011964541554962264,-0.06851199341105094,1.8916800768162911
0.10870506711774326,0.5146380826017762,1.7325777068924004,0.0032940384864500157,0.0018565728916123537,5.7443242031993126e-05,-1.5766931202162142,-0.07125730669672192,1.5988185545542337,0.10289999842643738,0.40549999475479126,1.6497999429702759,-1.5707963267948966,0.0,1.5707963267948966,0.01196144989167554,-0.06874232403413556,1.8913114345547395
0.10862699662221946,0.5143508068661812,1.7319480930378042,0.0033714356615200817,0.0021789189881691977,-9.547622611948759e-05,-1.5765264634402305,-0.07101774342761358,1.5991351421556999,0.10289999842643738,0.40549999475479126,1.6497999429702759,-1.5707963267948966,0.0,1.5707963267948966,0.011956738442545764,-0.06897328565397597,1.890947595131671
0.10854006068915724,0.5140435153859958,1.731262172867816,0.0015870807679111236,0.0025759534171760257,-0.0005510712050673225,-1.5763570116839913,-0.07074011819991455,1.599466832294106,0.10289999842643738,0.40549999475479126,1.6497999429702759,-1.5707963267948966,0.0,1.5707963267948966,0.011951900617669722,-0.06922781305218365,1.8905510450390952
0.1084654450086322,0.5137978816819455,1.7307109012398318,5.0139296451378727e-05,0.002891987879881088,-0.0006596029959212344,-1.5762207517094073,-0.07051869034237424,1.5997184210140023,0.10289999842643738,0.40549999475479126,1.6497999429702759,-1.5707963267948966,0.0,1.5707963267948966,0.011948680155581834,-0.06943612586824303,1.8902291663057051
0.10838745729893941,0.5135517740454242,1.73016666301618,-0.0007909587322275819,0.0029609983435332104,-0.0009090341522666728,-1.5760709834529343,-0.07029177302885525,1.5999591561137472,0.10289999842643738,0.40549999475479126,1.6497999429702759,-1.5707963267948966,0.0,1.5707963267948966,0.011945992593362514,-0.06964397478317212,1.8899089201124395
0.10828533370334688,0.5132468702191648,1.7295034474314965,-0.00045554494064885373,0.002775152374341038,-0.0006713744042156792,-1.5758740366502404,-0.07000271372143185,1.600240848526299,0.10289999842643738,0.40549999475479126,1.6497999429702759,-1.5707963267948966,0.0,1.5707963267948966,0.011943639667888042,-0.06989718520798174,1.8895207226002504
0.108161727474256,0.5128836860334789,1.7287203768653139,-0.0015590218943243082,0.0022206383217228025,-0.0009524324193227581,-1.5756668139003702,-0.0696666523487357,1.6005497246755196,0.10289999842643738,0.40549999475479126,1.6497999429702759,-1.5707963267948966,0.0,1.5707963267948966,0.011940973892230151,-0.07021845845975601,1.8890334643234235
0.10808881792170638,0.5126878644449001,1.7283071522575093,-0.0022669727409634598,0.0019307712679822158,-0.0009423459525564086,-1.575567490079536,-0.0694631068307272,1.6007199235081817,0.10289999842643738,0.40549999475479126,1.6497999429702759,-1.5707963267948966,0.0,1.5707963267948966,0.011940600736291872,-0.07035587226660342,1.8888258859846774
0.10798373482224291,0.5124061348083978,1.7277220846738668,-0.0017851165400227,0.0015960178021029246,-0.0006927145317772872,-1.5754336379142897,-0.06916424397692023,1.600972955137391,0.10289999842643738,0.40549999475479126,1.6497999429702759,-1.5707963267948966,0.0,1.5707963267948966,0.011939885497929688,-0.07058445394959671,1.8884821352286218
0.10786718387865653,0.5120928602849731,1.7270776471513238,-0.00032781563746699186,0.0013039004006612164,-0.0005669355840981582,-1.5752990094372792,-0.06884387596661679,1.6012634301565016,0.10289999842643738,0.40549999475479126,1.6497999429702759,-1.5707963267948966,0.0,1.5707963267948966,0.011939089267926173,-0.07083551871066247,1.8881066580004515
0.10775871258489876,0.5118016389286585,1.7264919354657429,0.0007878775449026631,0.0010453077152296165,-0.0005571145003939578,-1.575175957119983,-0.06855209565108389,1.6015472713529846,0.10289999842643738,0.40549999475479126,1.6497999429702759,-1.5707963267948966,0.0,1.5707963267948966,0.011938694249784797,-0.0710632092369252,1.887764918484595
0.10765876172009688,0.5115356034990437,1.7259652137744583,0.0016599509601248979,0.0009634273862729571,-0.0004469544672670567,-1.5750646087828153,-0.06828555613148346,1.601817728741804,0.10289999842643738,0.40549999475479126,1.6497999429702759,-1.5707963267948966,0.0,1.5707963267948966,0.011938618092986228,-0.07129055064798338,1.8874205879159762
0.10754709480211026,0.5112387766741152,1.7253790518610428,0.0022455541969317993,0.001110426988896557,-0.0003628251556373927,-1.5749515732716042,-0.06799079711558598,1.6021172984983933,0.10289999842643738,0.40549999475479126,1.6497999429702759,-1.5707963267948966,0.0,1.5707963267948966,0.011938411191708641,-0.07149508966047076,1.88710784055365
0.10743609076662405,0.5109405850741012,1.7247964898027073,0.002005273290043168,0.0013721878042375962,-5.3101934748518205e-05,-1.5748495775068332,-0.06768288749916085,1.6024217200472293,0.10289999842643738,0.40549999475479126,1.6497999429702759,-1.5707963267948966,0.0,1.5707963267948966,0.011937733670835986,-0.07174485640168869,1.8867204681039462
0.1073309884352876,0.5106404611133862,1.7242208375386519,0.0019011693014706176,0.0013575386420237043,0.00018132522828343835,-1.5747570454046367,-0.06735979032833272,1.6027474839425908,0.10289999842643738,0.40549999475479126,1.6497999429702759,-1.5707963267948966,0.0,1.5707963267948966,0.011936059927063793,-0.07194886401332184,1.8864006407420122
0.10723200706411842,0.5103412550428666,1.7236439221531759,0.002905828008147456,0.001011318244798198,0.00036435055890674797,-1.57467833428477,-0.06703763141674735,1.6030709241649346,0.10289999842643738,0.40549999475479126,1.6497999429702759,-1.5707963267948966,0.0,1.5707963267948966,0.011932957071883186,-0.0721755804621176,1.8860444899085276
0.10713899688255404,0.5100416322568534,1.7230601831656827,0.003889422065014004,0.0004896528441647228,0.00032287124493260113,-1.5745995653182976,-0.06671270006046859,1.6033878541962632,0.10289999842643738,0.40549999475479126,1.6497999429702759,-1.5707963267948966,0.0,1.5707963267948966,0.011928556444142138,-0.07240231916305778,1.8856883886563591
0.10705050990911993,0.509739546439414,1.7224727943672564,0.004899550652080374,0.00022382942257655124,0.0005676279625092584,-1.5744933169936415,-0.0663746951885198,1.603710600167522,0.10289999842643738,0.40549999475479126,1.6497999429702759,-1.5707963267948966,0.0,1.5707963267948966,0.011923186580888171,-0.07262887827103812,1.885331971852061
0.10697379921464961,0.5094370769602556,1.7218817119167587,0.004985397098057918,0.00026200109482610144,0.0007635188153526495,-1.5743705931155692,-0.06605491481100056,1.6040269192382617,0.10289999842643738,0.40549999475479126,1.6497999429702759,-1.5707963267948966,0.0,1.5707963267948966,0.011915896010043602,-0.07285540924217682,1.8849764842143022
0.10690669767468493,0.5091333625518186,1.7212949283058094,0.004300010654468332,0.0003621094189633026,0.0007164839593984722,-1.5742458275503763,-0.06575575568231873,1.604335296688334,0.10289999842643738,0.40549999475479126,1.6497999429702759,-1.5707963267948966,0.0,1.5707963267948966,0.011907141261014675,-0.07308167933745771,1.884620501239064
0.10684240684835417,0.5088268098533373,1.7207142452040374,0.0032847441861162214,0.00045773214949253627,0.00020730824158176256,-1.5741270323953371,-0.06546470499656731,1.6046398393396437,0.10289999842643738,0.40549999475479126,1.6497999429702759,-1.5707963267948966,0.0,1.5707963267948966,0.011898106175161167,-0.07330748773778409,1.8842628844726157
0.10676772598704068,0.5084896249962076,1.7200788128703304,0.003063748083041459,0.0006387393976154585,0.0001276228133311561,-1.5740086773002324,-0.06515057424342796,1.6049571893383634,0.10289999842643738,0.40549999475479126,1.6497999429702759,-1.5707963267948966,0.0,1.5707963267948966,0.011889060483125703,-0.07355567423423805,1.8838720291583966
0.10669631062036879,0.5081516275211095,1.7194371717675845,0.0033228683298322298,0.0010789646318642705,0.0002257779750261137,-1.5739026333452115,-0.0648503331725534,1.6052484649336003,0.10289999842643738,0.40549999475479126,1.6497999429702759,-1.5707963267948966,0.0,1.5707963267948966,0.011879465597086693,-0.07380362083369406,1.883486295402655
0.1066463011003117,0.507906678620967,1.7189654598784918,0.003247844911076788,0.0014321369683130776,0.0003184349638375443,-1.573821174804281,-0.06462843341926927,1.605440983415051,0.10289999842643738,0.40549999475479126,1.6497999429702759,-1.5707963267948966,0.0,1.5707963267948966,0.011872080937815978,-0.0739840103917156,1.8832071335605436
0.10658771769664734,0.5076067071452393,1.718368218429134,0.0029508039805275386,0.0017346330710186874,0.0003080329640788918,-1.5737251285440361,-0.0643520126106698,1.6056456023310084,0.10289999842643738,0.40549999475479126,1.6497999429702759,-1.5707963267948966,0.0,1.5707963267948966,0.01186219588127771,-0.07421011755086758,1.882858429086647
0.10653109464595995,0.5073136125125393,1.717762241195223,0.0023120460682096206,0.0016951028113741916,0.00016275368154821293,-1.5736567138182156,-0.06407750776025356,1.605808244611999,0.10289999842643738,0.40549999475479126,1.6497999429702759,-1.5707963267948966,0.0,1.5707963267948966,0.01185222391328781,-0.07443693852264781,1.8825092784777684
0.10647668170538394,0.5070221204645657,1.7171537695422245,0.0016857704321668451,0.0014847645547967643,0.00032532877783607745,-1.5736190327086297,-0.06380301575230796,1.6059623965911345,0.10289999842643738,0.40549999475479126,1.6497999429702759,-1.5707963267948966,0.0,1.5707963267948966,0.011842321504328629,-0.07466390037953312,1.882158875509779
0.10643177785281963,0.5067299070201289,1.716544302584017,0.0011046171406204387,0.001259373233842121,0.0007432182700978233,-1.573611331550946,-0.06354314422693186,1.6061160587852976,0.10289999842643738,0.40549999475479126,1.6497999429702759,-1.5707963267948966,0.0,1.5707963267948966,0.01183130951313232,-0.07489078436122291,1.881808166741077
0.10640059266058154,0.5064350868559243,1.7159370312483473,0.0007204650650730292,0.0009299982693980294,0.0010864615592645545,-1.5736359126634087,-0.06330896262119712,1.606269920219986,0.10289999842643738,0.40549999475479126,1.6497999429702759,-1.5707963267948966,0.0,1.5707963267948966,0.011818330902060269,-0.07511736920797128,1.8814589121072354
0.10638360540232408,0.5061376414647781,1.7153328182791163,0.0003501277822448441,0.0006254847943794054,0.0012265237930878374,-1.5736774901065034,-0.06309426383066707,1.6064295731612788,0.10289999842643738,0.40549999475479126,1.6497999429702759,-1.5707963267948966,0.0,1.5707963267948966,0.011803242898233986,-0.07534373813146934,1.8811123957286753
0.10637962170092727,0.5058088003958503,1.7146704582285806,0.001254314855339935,0.0002496246231061204,0.0010832994981758198,-1.5737537773326593,-0.06288171881977789,1.6066186474165172,0.10289999842643738,0.40549999475479126,1.6497999429702759,-1.5707963267948966,0.0,1.5707963267948966,0.011784686754865674,-0.07559288299000924,1.8807337216607893
0.10638303541327615,0.5055435919657457,1.7141199431106577,0.002665075188804937,6.871463800966714e-06,0.0008118837309252114,-1.5738434868108595,-0.06272414897576617,1.606756171172829,0.10289999842643738,0.40549999475479126,1.6497999429702759,-1.5707963267948966,0.0,1.5707963267948966,0.011768767464434456,-0.07579767897806026,1.8804267594214428
0.10638949646034442,0.5052532535802705,1.713499473971662,0.003524670843167822,8.608886083867444e-05,0.0005006066822152124,-1.5739610339692196,-0.06254661879606527,1.606889239618018,0.10289999842643738,0.40549999475479126,1.6497999429702759,-1.5707963267948966,0.0,1.5707963267948966,0.011750830109128375,-0.07602626535340547,1.8800887642601
0.10639550815896398,0.5049664029687368,1.712875926891765,0.0033038348673874855,0.00044140902485082027,0.00019052384070964633,-1.5740998939390825,-0.06236388146461813,1.607000981615516,0.10289999842643738,0.40549999475479126,1.6497999429702759,-1.5707963267948966,0.0,1.5707963267948966,0.011733171848568855,-0.07625561576566599,1.8797532020695769
0.10639824418232074,0.5047137973042232,1.7123128647869588,0.003125179777490157,0.0007613436460145105,-0.0001237573552290788,-1.5742365246534697,-0.06220602661586838,1.6070779504320196,0.10289999842643738,0.40549999475479126,1.6497999429702759,-1.5707963267948966,0.0,1.5707963267948966,0.011716328704978145,-0.07648589990059707,1.8794202294306268
0.10639602141950999,0.5044140862507202,1.7116175613863318,0.002007413526035353,0.0010920249698547098,-0.0002473083734084314,-1.5744038848077488,-0.062011778323585176,1.607138778846535,0.10289999842643738,0.40549999475479126,1.6497999429702759,-1.5707963267948966,0.0,1.5707963267948966,0.011700549807624234,-0.0767171331462705,1.879090969186213
0.10638963230337874,0.5041466861921766,1.7109854786112124,0.0006659812208524264,0.001194280343757531,-0.0002902624171698991,-1.5745271016050477,-0.061828626495809225,1.607175628276112,0.10289999842643738,0.40549999475479126,1.6497999429702759,-1.5707963267948966,0.0,1.5707963267948966,0.011685377047887927,-0.0769487764905336,1.8787628155111376
0.10637642586877795,0.5038856601514916,1.710349250806266,-0.00017178013927833606,0.0009550574104837732,-0.0005987534014111158,-1.5746321574321391,-0.06164674364683709,1.6071860600544683,0.10289999842643738,0.40549999475479126,1.6497999429702759,-1.5707963267948966,0.0,1.5707963267948966,0.011671310070755402,-0.07718108892874329,1.8784344528945083
0.1063538382407725,0.5036304157647362,1.7097038231398844,-0.0005795278429685853,0.000791479300854212,-0.00042220094947489694,-1.5747176159958272,-0.061461527771260016,1.607161248826344,0.10289999842643738,0.40549999475479126,1.6497999429702759,-1.5707963267948966,0.0,1.5707963267948966,0.011658654402210486,-0.07741403868974951,1.8781079879032905
0.10633150227029334,0.5033770099498923,1.7090482851295703,-0.0008107928780426025,0.0007494631505603396,-1.7778633993696614e-05,-1.574782637445589,-0.06129595257150866,1.6071033758543853,0.10289999842643738,0.40549999475479126,1.6497999429702759,-1.5707963267948966,0.0,1.5707963267948966,0.011645903102677938,-0.0776471574983962,1.877785303747749
0.10631673169036616,0.5031223490686353,1.7083856426268083,-0.001424424164761745,0.001001272768560331,0.0007084280051519535,-1.574832648748802,-0.061174914911538814,1.6070084452239517,0.10289999842643738,0.40549999475479126,1.6497999429702759,-1.5707963267948966,0.0,1.5707963267948966,0.011632085989462915,-0.07788010969722481,1.8774666805838582
0.10631440717255582,0.502859397562494,1.7077255998052698,-0.002232500987372223,0.0011995188788368062,0.0008951917589899427,-1.5748555820835513,-0.06110736118649962,1.6069031300511039,0.10289999842643738,0.40549999475479126,1.6497999429702759,-1.5707963267948966,0.0,1.5707963267948966,0.011616426201891355,-0.07811197224477218,1.8771535252395029
0.10631437139603994,0.5025586217562865,1.7070050453017684,-0.0026402810670087358,0.0013246264456497775,0.0006266764248838506,-1.574832870461793,-0.061054579742777726,1.6067877374985882,0.10289999842643738,0.40549999475479126,1.6497999429702759,-1.5707963267948966,0.0,1.5707963267948966,0.011598754768426991,-0.07836569357060298,1.876814152218924
0.10631102679059565,0.502280201315418,1.706351230157517,-0.0023377695391984723,0.0014194963651346284,0.0003177086508637509,-1.5747763656196674,-0.061014326954659026,1.6066782239008484,0.10289999842643738,0.40549999475479126,1.6497999429702759,-1.5707963267948966,0.0,1.5707963267948966,0.011583164495599135,-0.07859601871081608,1.8765083055020784
0.10630508981902723,0.5020281566314613,1.7057630964507162,-0.0021951350968396326,0.0014725069398832437,0.00020210832822188283,-1.5747164291382054,-0.060977111289534314,1.606580840151049,0.10289999842643738,0.40549999475479126,1.6497999429702759,-1.5707963267948966,0.0,1.5707963267948966,0.01156970078415829,-0.07880346071875632,1.8762347520926534
0.10629671825225878,0.5017484060996036,1.7051141510476528,-0.002404130087621526,0.0014086657042100086,5.510058047713513e-05,-1.5746516572624123,-0.060921584408857754,1.6064642580008797,0.10289999842643738,0.40549999475479126,1.6497999429702759,-1.5707963267948966,0.0,1.5707963267948966,0.01155525684244993,-0.07903445362700988,1.875929964163849
0.10628579477192804,0.5014971692624735,1.7045351825787052,-0.0019698380646501518,0.0011795472696747268,-5.119488046377073e-05,-1.574603409857279,-0.06085973907381659,1.6063505402140434,0.10289999842643738,0.40549999475479126,1.6497999429702759,-1.5707963267948966,0.0,1.5707963267948966,0.0115429944575604,-0.07924292764129977,1.8756536372208836
0.10627260580943307,0.5011888717378836,1.703828570213361,-0.001038490006333454,0.0009467534910285713,0.00046719113172714405,-1.5745692676518113,-0.06077673024311814,1.6062106175868445,0.10289999842643738,0.40549999475479126,1.6497999429702759,-1.5707963267948966,0.0,1.5707963267948966,0.011528014299930606,-0.07949829657558205,1.8753141090586993
0.10627197776206562,0.5009322508327813,1.7032529382676636,-0.00021117044809735127,0.000952556389506694,0.0010583818754899,-1.574548330400221,-0.06072490875409908,1.6061079025552296,0.10289999842643738,0.40549999475479126,1.6497999429702759,-1.5707963267948966,0.0,1.5707963267948966,0.011514183334807332,-0.07970722180459568,1.875037160007821
0.1062871033660891,0.5006437807053281,1.702614747025099,0.0009248439306407989,0.0011541202214906917,0.0014682702378122727,-1.5745285347282576,-0.06069814617206104,1.6060069066703522,0.10289999842643738,0.40549999475479126,1.6497999429702759,-1.5707963267948966,0.0,1.5707963267948966,0.011494626691706996,-0.07996263661327427,1.8747041880267659
0.10632007741258732,0.5003218180158551,1.7019153207654796,0.0014400317849180301,0.0014649136039629896,0.0014713098889771203,-1.5745190997743197,-0.06071176268294387,1.6059084131426586,0.10289999842643738,0.40549999475479126,1.6497999429702759,-1.5707963267948966,0.0,1.5707963267948966,0.01147501511108082,-0.08019479240313963,1.8744065378757193
0.1063538339568269,0.5000527114020696,1.7013513388758974,0.0011911134919892765,0.001654991831464139,0.0011493310187388483,-1.5745177043485479,-0.06074589402988373,1.6058403063822158,0.10289999842643738,0.40549999475479126,1.6497999429702759,-1.5707963267948966,0.0,1.5707963267948966,0.011454932646999354,-0.08042665035576926,1.8741097031891683
0.1064178290049353,0.4995956447526204,1.7004293338486514,0.0005660747725124397,0.0021842096962436694,0.001121209604433502,-1.5745036040846905,-0.06084335547998965,1.605742284328048,0.10289999842643738,0.40549999475479126,1.6497999429702759,-1.5707963267948966,0.0,1.5707963267948966,0.011426807660174997,-0.08075094856234097,1.8736946985506924
0.10645470005134072,0.49937766199277206,1.7000058827977773,0.0006893998163693579,0.00249122690931014,0.0011638817137883592,-1.574495343067403,-0.06091404613543627,1.6057058195405698,0.10289999842643738,0.40549999475479126,1.6497999429702759,-1.5707963267948966,0.0,1.5707963267948966,0.01141225032845325,-0.08091285116784229,1.8734863409428377
0.10650961741903718,0.49909551525559237,1.6994571482421685,0.0014324472411974712,0.0028151120629994007,0.0013347156671828253,-1.574493476569545,-0.06102453008404041,1.605656467390948,0.10289999842643738,0.40549999475479126,1.6497999429702759,-1.5707963267948966,0.0,1.5707963267948966,0.011392860917963335,-0.08112113063699154,1.8732178283355996
0.10658173980812734,0.4987795024748276,1.6988436432288534,0.001331642642164304,0.002973254581449411,0.001186875679724534,-1.574507698204361,-0.06116941690853217,1.605599505363456,0.10289999842643738,0.40549999475479126,1.6497999429702759,-1.5707963267948966,0.0,1.5707963267948966,0.011370309623968683,-0.08135263565953449,1.8729181787373768
0.10665819383155281,0.4984609593553914,1.6982341358417474,0.0003072552745481444,0.0030268409161352335,0.0010010348871865528,-1.5745406878199388,-0.06132261343966272,1.605547966778784,0.10289999842643738,0.40549999475479126,1.6497999429702759,-1.5707963267948966,0.0,1.5707963267948966,0.011347864199953999,-0.08158406966584895,1.8726168031365236
0.10674059617165671,0.4981391849099663,1.6976358026450238,-0.001147929023476691,0.0029450040647909714,0.0010410462761815658,-1.574599348665746,-0.061490681424308136,1.605509286159534,0.10289999842643738,0.40549999475479126,1.6497999429702759,-1.5707963267948966,0.0,1.5707963267948966,0.011325161091358492,-0.08181526918521742,1.872312158817532
0.10685599839907761,0.49771636764467875,1.6968754314349408,-0.0017434115734408801,0.0024205331757283627,0.0008321993386130097,-1.5746711507985536,-0.06171831220119017,1.6054849295358802,0.10289999842643738,0.40549999475479126,1.6497999429702759,-1.5707963267948966,0.0,1.5707963267948966,0.011295062666471546,-0.08211585515830874,1.871908675868283
0.10692704516394952,0.49745440333719326,1.6964124633315996,-0.0013173986738215925,0.0020672852638310988,0.0006075195962532697,-1.5747181631263492,-0.061850559287571105,1.6054841169266887,0.10289999842643738,0.40549999475479126,1.6497999429702759,-1.5707963267948966,0.0,1.5707963267948966,0.011276927322296723,-0.08230109935917802,1.871657568184276
0.10700744505851763,0.4971613703754106,1.6958888787065396,-5.700072206689709e-05,0.0018776006125210078,0.000763787459999368,-1.574788481105016,-0.06199575630746201,1.6054814882037896,0.10289999842643738,0.40549999475479126,1.6497999429702759,-1.5707963267948966,0.0,1.5707963267948966,0.011256834238419744,-0.08251018290471648,1.8713747310771043
0.10710475715303003,0.4968367525420744,1.6953011256164707,0.0010642946123597186,0.0019121386483434881,0.0009731026570674217,-1.574875748335515,-0.062157873768939886,1.605477301952183,0.10289999842643738,0.40549999475479126,1.6497999429702759,-1.5707963267948966,0.0,1.5707963267948966,0.011233834378875172,-0.08274323004805231,1.8710617315976814
0.10721693341988782,0.4964824160211882,1.6946540167036077,0.0006169519621173835,0.001931067840354704,0.0007382928139313194,-1.574973427136188,-0.062328781746835205,1.6054786546099165,0.10289999842643738,0.40549999475479126,1.6497999429702759,-1.5707963267948966,0.0,1.5707963267948966,0.011208404189546496,-0.0830004281090073,1.8707169299643902
0.10730492656774457,0.4961964461170783,1.6941301680762413,-0.0004797545824903661,0.001906776258014754,0.0004444768823410285,-1.5750519686341216,-0.062462982454252636,1.6054791540176478,0.10289999842643738,0.40549999475479126,1.6497999429702759,-1.5707963267948966,0.0,1.5707963267948966,0.011188656064071777,-0.08321140528993756,1.8704336544345121
0.10739638790791137,0.49588225001139996,1.6935520608346006,-0.001815313510997963,0.0017629072796349688,0.00022120544529068045,-1.5751343817465635,-0.06260733796784779,1.6054760723199615,0.10289999842643738,0.40549999475479126,1.6497999429702759,-1.5707963267948966,0.0,1.5707963267948966,0.011168261213991,-0.08344614381036838,1.870119061150289
0.10749727087519113,0.4955123412267793,1.6928604824506295,-0.0033000038648716783,0.0015047096654580384,0.00018128638907374966,-1.5752243279613174,-0.06274573379228077,1.6054554031033508,0.10289999842643738,0.40549999475479126,1.6497999429702759,-1.5707963267948966,0.0,1.5707963267948966,0.011145702411055844,-0.0837284837033527,1.8697412905307225
0.10756760554096026,0.49523985352699273,1.6923413919313137,-0.0037684058162588486,0.0011633579623349574,0.00012206607033030494,-1.5752977215086161,-0.06283683401720497,1.6054163922194773,0.10289999842643738,0.40549999475479126,1.6497999429702759,-1.5707963267948966,0.0,1.5707963267948966,0.011129969455745042,-0.08394078922298158,1.869456047696065
0.10763249505971582,0.4949673010337672,1.6918193924270202,-0.0031233103825695956,0.0008774400575470006,0.0002768261549412925,-1.575362626691104,-0.06291922328890154,1.6053563744712003,0.10289999842643738,0.40549999475479126,1.6497999429702759,-1.5707963267948966,0.0,1.5707963267948966,0.011115361322247832,-0.08415332215979812,1.8691686968245362
0.10770354113667528,0.49466179592160536,1.6912331616000038,-0.0011219933766696707,0.0007699316783481429,0.0006159598074711273,-1.5753924601836102,-0.06301510287206025,1.605271507350161,0.10289999842643738,0.40549999475479126,1.6497999429702759,-1.5707963267948966,0.0,1.5707963267948966,0.01109950919735684,-0.08438974318071672,1.8688482809577422
0.10777525951098055,0.4943564491294803,1.6906370737966656,0.000595205341615508,0.0007633791436854366,0.0006512825592470131,-1.5753776168900349,-0.0631357497060634,1.605172230382107,0.10289999842643738,0.40549999475479126,1.6497999429702759,-1.5707963267948966,0.0,1.5707963267948966,0.011082452468372276,-0.08465062474683946,1.868496568180435
0.10784603036154161,0.4940535648015398,1.6900364785611501,0.0009399616626801796,0.0008173526212685991,0.0008542433468642469,-1.575338941035063,-0.06327754817294018,1.6050565189380614,0.10289999842643738,0.40549999475479126,1.6497999429702759,-1.5707963267948966,0.0,1.5707963267948966,0.011069169904687348,-0.08486475187238436,1.8682078840697078
0.10792122323644052,0.4937517214596618,1.6894385029239378,-0.0006465166229091104,0.00076303162342376,0.0011152412056391486,-1.5752788211922084,-0.0634357541211008,1.6049199704909285,0.10289999842643738,0.40549999475479126,1.6497999429702759,-1.5707963267948966,0.0,1.5707963267948966,0.011054202029233623,-0.08510282983657545,1.867884807245034
0.10800007378745599,0.4934472340011128,1.6888502008611168,-0.0023690622766212466,0.0005272383365217264,0.0011977371020640657,-1.5751971052452403,-0.06361002075445299,1.6047829749432967,0.10289999842643738,0.40549999475479126,1.6497999429702759,-1.5707963267948966,0.0,1.5707963267948966,0.011039103910520646,-0.08534028835391612,1.8675587696027665
0.1080748409255806,0.493170561348774,1.688321038227258,-0.0031267713380990344,0.00034360661323385496,0.0014412099502976719,-1.5751158719987033,-0.06379737836661548,1.6046476837161154,0.10289999842643738,0.40549999475479126,1.6497999429702759,-1.5707963267948966,0.0,1.5707963267948966,0.011024029166135518,-0.0855770586781238,1.8672306211885652
0.10817744265618982,0.4928293136585438,1.6876650496233923,-0.0033799767658870884,0.0002512857908649542,0.0016295838645623611,-1.5750226302859522,-0.06406047904269929,1.6044693466779145,0.10289999842643738,0.40549999475479126,1.6497999429702759,-1.5707963267948966,0.0,1.5707963267948966,0.011008177422492054,-0.08581320036761743,1.8669025972035425
0.10829089870441008,0.4924896494631861,1.686998010213628,-0.003795327646752276,0.00031104665075956986,0.0018013454221099863,-1.574945512875327,-0.06434513114104767,1.604269086946918,0.10289999842643738,0.40549999475479126,1.6497999429702759,-1.5707963267948966,0.0,1.5707963267948966,0.010990139745564701,-0.08607288165400133,1.8665417252503285
0.10838271803802396,0.4922431548117755,1.6865091374935663,-0.0036556016909011575,0.0003964985839410806,0.0020136876555335447,-1.5749064160731605,-0.06457655639789817,1.6041094755226584,0.10289999842643738,0.40549999475479126,1.6497999429702759,-1.5707963267948966,0.0,1.5707963267948966,0.010976272018797686,-0.08626170251128652,1.8662781868482987
0.10850916463058904,0.49193515679592803,1.685888524216584,-0.002850677397026446,0.00042769646417787385,0.0019142741361131916,-1.574867889674619,-0.06487969045958497,1.603894809539739,0.10289999842643738,0.40549999475479126,1.6497999429702759,-1.5707963267948966,0.0,1.5707963267948966,0.010956051852536949,-0.0865212893105073,1.8659166444186093
0.1086396368168527,0.4916295594294704,1.6852560134390466,-0.0026912012426538456,0.00042861733153625885,0.001483912351372448,-1.5748179983545838,-0.06516682081909897,1.6036660639282605,0.10289999842643738,0.40549999475479126,1.6497999429702759,-1.5707963267948966,0.0,1.5707963267948966,0.010937892855692261,-0.08675743070411264,1.8655901838074163
0.1087832831417549,0.4912982977278246,1.6845556204718644,-0.003476763434059845,0.0005286096654288771,0.001390429283064655,-1.5747489361409681,-0.06547211985217416,1.6034143480591567,0.10289999842643738,0.40549999475479126,1.6497999429702759,-1.5707963267948966,0.0,1.5707963267948966,0.01092048906952209,-0.08699362181878957,1.8652661274270945
0.10890567699348565,0.49102885104768434,1.6839851486753576,-0.0048140118868218885,0.0006075879102509945,0.001446608075058805,-1.574676310437241,-0.06572821656418126,1.6032136773401573,0.10289999842643738,0.40549999475479126,1.6497999429702759,-1.5707963267948966,0.0,1.5707963267948966,0.010904640604246655,-0.08720588585051196,1.8649749603116113
0.10905713292170495,0.4906957559696834,1.6832996589049833,-0.006155465075853636,0.0005211847820888296,0.001201749145041769,-1.5745541826634029,-0.06602417139185945,1.6029869989508072,0.10289999842643738,0.40549999475479126,1.6497999429702759,-1.5707963267948966,0.0,1.5707963267948966,0.010885524255582825,-0.08746439631998497,1.8646159512000213
0.10919062949648041,0.4903887114634668,1.682685212723839,-0.006379320212924046,0.00029674333914855085,0.001040368151941704,-1.5744250524688217,-0.0662809567532534,1.6027902088951402,0.10289999842643738,0.40549999475479126,1.6497999429702759,-1.5707963267948966,0.0,1.5707963267948966,0.010869326793140689,-0.08769863655547713,1.8642880521869847
0.10931955775923079,0.4900784197316865,1.6820772928467398,-0.005644255552739049,-0.00015946292606118257,0.0007538445508610028,-1.5743055195682092,-0.06653197114259335,1.6025944487866366,0.10289999842643738,0.40549999475479126,1.6497999429702759,-1.5707963267948966,0.0,1.5707963267948966,0.010854366685192685,-0.08793249627171171,1.8639593647514612
0.10943972694308081,0.48976479497404257,1.6814726237248856,-0.0044112504504445465,-0.0007149641297442661,0.0005946298390102979,-1.5741885122232144,-0.06675036776213084,1.6023977847700854,0.10289999842643738,0.40549999475479126,1.6497999429702759,-1.5707963267948966,0.0,1.5707963267948966,0.010841274381041238,-0.08816619010692878,1.8636310239589047
0.10955469189583739,0.4894493205579058,1.6808707826869536,-0.003303482221490734,-0.0012169335413759843,0.0006770756284511847,-1.5740720133605057,-0.066959650458291,1.6021939775845337,0.10289999842643738,0.40549999475479126,1.6497999429702759,-1.5707963267948966,0.0,1.5707963267948966,0.010829666863229772,-0.08839990957001105,1.8633027158769977
0.10966844021105666,0.48913438425412104,1.680273922223237,-0.002688255226166071,-0.001550331121861528,0.0008673129987252536,-1.573969405838835,-0.06717777459523155,1.601971413530922,0.10289999842643738,0.40549999475479126,1.6497999429702759,-1.5707963267948966,0.0,1.5707963267948966,0.010818842970907355,-0.08863385524226673,1.8629726367525068
0.10978378510120529,0.4888212026831354,1.6796849269002199,-0.0021756439504382855,-0.0016376991089225943,0.0011770416871838612,-1.5738805936999947,-0.06738567509143722,1.6017417464446397,0.10289999842643738,0.40549999475479126,1.6497999429702759,-1.5707963267948966,0.0,1.5707963267948966,0.010808298707059582,-0.08886812742758464,1.8626401075140362
0.10990318200527492,0.4885081620714486,1.6791038751402145,-0.001497990668384089,-0.0015717775270094963,0.0012791748996632889,-1.5738021465380152,-0.06758265244772366,1.6015133065869886,0.10289999842643738,0.40549999475479126,1.6497999429702759,-1.5707963267948966,0.0,1.5707963267948966,0.010797605514487113,-0.08910246058607463,1.862306172663247
0.1100219515113912,0.4881968129886204,1.6785292592344974,-0.0005581093749211877,-0.001497805275733179,0.001131279338262418,-1.5737500466346235,-0.0677781430553166,1.6012883540552036,0.10289999842643738,0.40549999475479126,1.6497999429702759,-1.5707963267948966,0.0,1.5707963267948966,0.010787527387068263,-0.08933699718848141,1.8619708723554886
0.1101363932630343,0.48788868799442153,1.6779602738124544,-0.0001485648851225382,-0.0013915073053598027,0.0009601998690245204,-1.5737044443278707,-0.06795856901431252,1.601074496952444,0.10289999842643738,0.40549999475479126,1.6497999429702759,-1.5707963267948966,0.0,1.5707963267948966,0.010778643939270343,-0.08957194698708397,1.8616339060099925
0.11024672713411902,0.4875813718601009,1.6774037554266925,-0.00020774965833330401,-0.00123768187394337,0.0009949298363782836,-1.5736529200158778,-0.06812088747791911,1.6008858740906118,0.10289999842643738,0.40549999475479126,1.6497999429702759,-1.5707963267948966,0.0,1.5707963267948966,0.010771007145559272,-0.08980690469686595,1.861294215566005
0.11035643635430521,0.4872743367148985,1.676856538214741,4.4252860117833045e-05,-0.0011354381461599334,0.0010577282030102412,-1.5736134331190794,-0.06829021655690237,1.600716369563627,0.10289999842643738,0.40549999475479126,1.6497999429702759,-1.5707963267948966,0.0,1.5707963267948966,0.010764231413852772,-0.09004170108733511,1.8609516670014867
0.1104637363890753,0.4869657694711866,1.6763164944443405,0.0006604298472455443,-0.001327097175332405,0.000945407271498649,-1.5735743654537406,-0.06844876369847519,1.6005642486974214,0.10289999842643738,0.40549999475479126,1.6497999429702759,-1.5707963267948966,0.0,1.5707963267948966,0.010758012304129578,-0.09029973946072911,1.860571030907918
0.11056476492554887,0.48665621735566644,1.6757857409802326,0.0013462356533136442,-0.0017195945259001282,0.0009230609241950633,-1.573513824653129,-0.06858222260010205,1.6004370820504195,0.10289999842643738,0.40549999475479126,1.6497999429702759,-1.5707963267948966,0.0,1.5707963267948966,0.010754177468219415,-0.09051088284761027,1.8602567299911077
0.11066171591933227,0.48634674424188384,1.6752655785728552,0.002355072763071523,-0.002300239873202902,0.0008388963882565003,-1.573460832524781,-0.0687215296650221,1.6003306358730671,0.10289999842643738,0.40549999475479126,1.6497999429702759,-1.5707963267948966,0.0,1.5707963267948966,0.010750987672398394,-0.09074565601221724,1.8599043237056534
0.11077011560978514,0.4859787027719022,1.6746448956838191,0.0039576713638468245,-0.003029348017815411,0.0007849582973292344,-1.5734220823260983,-0.06887228707738835,1.6002133312603988,0.10289999842643738,0.40549999475479126,1.6497999429702759,-1.5707963267948966,0.0,1.5707963267948966,0.010749184344368496,-0.09102807969955196,1.8594788976825967
0.11085702987986308,0.48567428377023963,1.6741319501189538,0.004145334218024587,-0.003246424864830632,0.001110431954151486,-1.5734043527267392,-0.06896053432379512,1.6001314859595015,0.10289999842643738,0.40549999475479126,1.6497999429702759,-1.5707963267948966,0.0,1.5707963267948966,0.010748644573636513,-0.09126386879762365,1.8591218959170377
0.11092019264061234,0.4854601070896171,1.673781672931811,0.00354495025969306,-0.003100010533806632,0.0014166052063118398,-1.5734064242147976,-0.06901939877477314,1.60009816473881,0.10289999842643738,0.40549999475479126,1.6497999429702759,-1.5707963267948966,0.0,1.5707963267948966,0.010748120465738469,-0.09142866609070789,1.8588704315803548
0.11101404124807027,0.4851499576542241,1.6732967455809413,0.002547431857070554,-0.0028110111393792386,0.0015607241853717302,-1.573420269471219,-0.06910932312621121,1.6001057656633408,0.10289999842643738,0.40549999475479126,1.6497999429702759,-1.5707963267948966,0.0,1.5707963267948966,0.01074702551347102,-0.09166312845567717,1.858510886366775
0.11110513435630584,0.4848347503153624,1.6728240348829218,0.0021728724701042938,-0.002655236050555777,0.00127002966815691,-1.5734300866950706,-0.06918062164055172,1.600178778671835,0.10289999842643738,0.40549999475479126,1.6497999429702759,-1.5707963267948966,0.0,1.5707963267948966,0.010746461725290597,-0.09189644300505274,1.8581516172970467
0.11118705170485696,0.4845169148393682,1.6723531023490295,0.0028094040396250235,-0.002519660749313663,0.0011477595677209889,-1.5734311730377155,-0.06923020927733381,1.6002977849611437,0.10289999842643738,0.40549999475479126,1.6497999429702759,-1.5707963267948966,0.0,1.5707963267948966,0.010747432242405602,-0.09212895456649801,1.8577951028178346
0.11128156777123241,0.4841344734011683,1.6717843885776629,0.0031374813334727747,-0.002385535844747349,0.0012590195234376952,-1.573450910223136,-0.06929068231950986,1.600482137156928,0.10289999842643738,0.40549999475479126,1.6497999429702759,-1.5707963267948966,0.0,1.5707963267948966,0.010749604712781267,-0.09240731341787697,1.8573716447818163
0.11135045304140649,0.48384461262386225,1.6713645485251543,0.0025949195172063834,-0.002378121402813617,0.0013171811823455464,-1.573462494050345,-0.06931834748095156,1.6006583119823106,0.10289999842643738,0.40549999475479126,1.6497999429702759,-1.5707963267948966,0.0,1.5707963267948966,0.010751693967048406,-0.09261550596876184,1.8570538510303771
0.11141428801851279,0.48355165035852404,1.6709576163509576,0.0018450107496928124,-0.0025444539273132456,0.0009412265708572732,-1.5734645369371936,-0.06932959783270487,1.600860992227785,0.10289999842643738,0.40549999475479126,1.6497999429702759,-1.5707963267948966,0.0,1.5707963267948966,0.010755105559155749,-0.09284627489007485,1.8566980722881272
0.1114775221443783,0.4831897952257501,1.6704753078313597,0.0006687859363958306,-0.002834045893473244,0.0007854048430444666,-1.57346607716548,-0.06932647082941479,1.6011287880739846,0.10289999842643738,0.40549999475479126,1.6497999429702759,-1.5707963267948966,0.0,1.5707963267948966,0.010760859130708336,-0.09307638664691244,1.8563426200221114
0.111526223422327,0.4828590592220936,1.6700512531200569,-0.0005035048079517601,-0.003053536911220565,0.0007691874831834634,-1.5734439464710568,-0.06929795428180885,1.6013882636394399,0.10289999842643738,0.40549999475479126,1.6497999429702759,-1.5707963267948966,0.0,1.5707963267948966,0.010768739289761358,-0.09332894788471131,1.855951773971649
0.11156489270392472,0.48252661225017207,1.6696388647094953,-0.0008887210025191128,-0.003349554003108046,0.0008597588672676243,-1.5733739814596104,-0.0692290096914916,1.6016647898543666,0.10289999842643738,0.40549999475479126,1.6497999429702759,-1.5707963267948966,0.0,1.5707963267948966,0.01077622603701325,-0.09353522327764084,1.8556305890205202
0.11159898643167546,0.4821935620115021,1.669227337995868,-0.0001505341415675266,-0.0037382015399108604,0.0010883879819540432,-1.5732869421880809,-0.06915428625890296,1.6019374477069266,0.10289999842643738,0.40549999475479126,1.6497999429702759,-1.5707963267948966,0.0,1.5707963267948966,0.010784964488230143,-0.09376421718197006,1.8552735891595822
0.11163096173905235,0.48185985702575834,1.6688116247252598,0.00025730772907704946,-0.0041233323397822435,0.0011670784587840832,-1.573194591138266,-0.06905168116473526,1.60219729422289,0.10289999842643738,0.40549999475479126,1.6497999429702759,-1.5707963267948966,0.0,1.5707963267948966,0.010793886511364911,-0.09399309814354123,1.8549179528372244
0.11166225708970955,0.48152592135985967,1.6683994153966095,-0.00019761504006016045,-0.00430974043386589,0.0015496158128176741,-1.573086880177038,-0.06891500825303387,1.6024719096657123,0.10289999842643738,0.40549999475479126,1.6497999429702759,-1.5707963267948966,0.0,1.5707963267948966,0.010802830115268149,-0.09422183693091056,1.8545617959423428
0.11170077954630606,0.48119296253022303,1.667996079274258,-0.0011079445784227104,-0.004485141481223488,0.001653570977959579,-1.5729945795465423,-0.06879264417488473,1.6027575084657772,0.10289999842643738,0.40549999475479126,1.6497999429702759,-1.5707963267948966,0.0,1.5707963267948966,0.010810666038873108,-0.09445035229775244,1.8542061545241715
0.11173861619072388,0.4808608770847306,1.66760315593682,-0.0015715435158145648,-0.004791376339404119,0.0013427629850141483,-1.5729000853848343,-0.06865869862936558,1.6030584019732097,0.10289999842643738,0.40549999475479126,1.6497999429702759,-1.5707963267948966,0.0,1.5707963267948966,0.010819370366565904,-0.09470157409269447,1.8538156683000462
0.11177081711449147,0.48053156318512186,1.6672146686069882,-0.0011819129902778073,-0.004927257766967106,0.0012539712913164657,-1.5728104728956829,-0.06849002942480986,1.603358405731948,0.10289999842643738,0.40549999475479126,1.6497999429702759,-1.5707963267948966,0.0,1.5707963267948966,0.01082718875000337,-0.0949073833587765,1.8534978054292701
0.11180385708416395,0.4802056516704243,1.6668275667886092,-0.0006947300247381204,-0.004775259595650169,0.00142387398465988,-1.5727466454040506,-0.06831826650012918,1.6036486028179389,0.10289999842643738,0.40549999475479126,1.6497999429702759,-1.5707963267948966,0.0,1.5707963267948966,0.010835526293737794,-0.09513640579566399,1.8531466439851039
0.11184106549204038,0.47988077800235496,1.6664442377578117,1.4126638259131399e-05,-0.004484248594856885,0.0016749701605877714,-1.5727032337053517,-0.06813359029802113,1.6039455941781287,0.10289999842643738,0.40549999475479126,1.6497999429702759,-1.5707963267948966,0.0,1.5707963267948966,0.010842906620700291,-0.09536555204807345,1.852796818876106
0.11188363911660318,0.4795557006053923,1.666061621869311,0.0009137508207712905,-0.004227895517004224,0.0016411937853558056,-1.572675909929978,-0.06792183449110034,1.6042521085201744,0.10289999842643738,0.40549999475479126,1.6497999429702759,-1.5707963267948966,0.0,1.5707963267948966,0.010849129878148858,-0.09559471527586758,1.8524494519988934
0.11192764169898829,0.4792276057174931,1.66568019647226,0.0014074755155867558,-0.00395276137980387,0.0015614049969499653,-1.5726753698344484,-0.06771567264522105,1.6045669718936417,0.10289999842643738,0.40549999475479126,1.6497999429702759,-1.5707963267948966,0.0,1.5707963267948966,0.01085502356557163,-0.09582346856235414,1.8521040275628096
0.11196741823591945,0.4789294668174897,1.6653388016458104,0.0018592905467894074,-0.0037969162674176752,0.0013084878024007037,-1.5726865851999294,-0.06753001918040624,1.604854825488334,0.10289999842643738,0.40549999475479126,1.6497999429702759,-1.5707963267948966,0.0,1.5707963267948966,0.01086008451013633,-0.09602896882282026,1.8517931998260218
0.11200789959727359,0.47856408990118815,1.6649226507580948,0.0017663275039724248,-0.0038050923591898588,0.0008447062748233434,-1.5726911726595487,-0.06726974017805354,1.6051947396847683,0.10289999842643738,0.40549999475479126,1.6497999429702759,-1.5707963267948966,0.0,1.5707963267948966,0.010866983173356388,-0.09627997630437647,1.8514140740517335
0.11203676636065892,0.47823347703667707,1.6645464478175314,0.0022186423444735775,-0.003873507129258677,0.0008758276940950753,-1.5727101197966504,-0.06702218336760257,1.6054861262214766,0.10289999842643738,0.40549999475479126,1.6497999429702759,-1.5707963267948966,0.0,1.5707963267948966,0.010873855851290448,-0.0965081519574246,1.8510718011522431
0.1120666294213771,0.4779069712568778,1.6641653533206946,0.002471772320301866,-0.003930356550811137,0.0010430697220237977,-1.5727535463128173,-0.06677546589372074,1.605744065824541,0.10289999842643738,0.40549999475479126,1.6497999429702759,-1.5707963267948966,0.0,1.5707963267948966,0.010880032874126495,-0.09673668228885299,1.8507330188554472
0.11209851877782626,0.4775820688642141,1.6637847070695322,0.0017908037480619786,-0.0039010964165844407,0.0011414432158812237,-1.5728076343189263,-0.06651090214500766,1.6059805784571166,0.10289999842643738,0.40549999475479126,1.6497999429702759,-1.5707963267948966,0.0,1.5707963267948966,0.010885279588941407,-0.09696520572787731,1.8503960021212145
0.11213093310951436,0.47725606071144955,1.6634091212268625,0.00017101972164677056,-0.003802958669444835,0.000979232109840564,-1.5728883405302887,-0.06625093141116078,1.6062059358547092,0.10289999842643738,0.40549999475479126,1.6497999429702759,-1.5707963267948966,0.0,1.5707963267948966,0.010889926738387215,-0.09719312065020955,1.8500588735219459
0.1121580328597106,0.4769295577739297,1.6630417936268298,-0.0012787319473472128,-0.003655377868591527,0.0006373522546715018,-1.5729999379252535,-0.0659751296584643,1.6064427130280772,0.10289999842643738,0.40549999475479126,1.6497999429702759,-1.5707963267948966,0.0,1.5707963267948966,0.010894900324437105,-0.09742041004192542,1.8497207114793548
0.11217501968552263,0.4766023690106739,1.6626769182902872,-0.0012553029636058796,-0.003474235895521375,0.00022863567558747082,-1.5731272290839518,-0.06566363511194684,1.6066962466052686,0.10289999842643738,0.40549999475479126,1.6497999429702759,-1.5707963267948966,0.0,1.5707963267948966,0.010900915681037883,-0.09764722085539546,1.849383679029153
0.11217751405500608,0.4762431112541202,1.6622659400813178,-0.00030275926573470957,-0.003241762316678475,-0.0001163924051109135,-1.5732832214553547,-0.06529356483053705,1.606979859427272,0.10289999842643738,0.40549999475479126,1.6497999429702759,-1.5707963267948966,0.0,1.5707963267948966,0.01090930761039274,-0.09789639846858385,1.8490185532379864
0.11216643820281484,0.4759534532701786,1.6619196393910414,9.935700657944965e-05,-0.0031173452755164,-0.0002656940704521656,-1.5734231245057473,-0.0649664495322293,1.6072013052797212,0.10289999842643738,0.40549999475479126,1.6497999429702759,-1.5707963267948966,0.0,1.5707963267948966,0.010917370307712667,-0.09810041682474739,1.848724630717507
0.11214012288206587,0.4756033002121897,1.6614892636883558,-0.00039263187541348075,-0.0028587097336721518,-0.00014457985820099352,-1.5735955253154095,-0.06453326027158734,1.6074650884266084,0.10289999842643738,0.40549999475479126,1.6497999429702759,-1.5707963267948966,0.0,1.5707963267948966,0.010928274028473912,-0.09834977780625921,1.8483683635522166
0.11211312894154758,0.47531844480312213,1.6611356057918754,-0.0006267886522808284,-0.0026250666852596343,0.00011941824826749273,-1.5737353906044391,-0.0641813426150244,1.6076725069376194,0.10289999842643738,0.40549999475479126,1.6497999429702759,-1.5707963267948966,0.0,1.5707963267948966,0.010937209121434463,-0.0985535351359126,1.8480778744673698
0.11208196184603604,0.47500398149035844,1.6607358009383975,-0.0007823594325896473,-0.00234633649514283,0.0004135344967068981,-1.5738923757160668,-0.06381758664601822,1.6078799784507614,0.10289999842643738,0.40549999475479126,1.6497999429702759,-1.5707963267948966,0.0,1.5707963267948966,0.01094636649498645,-0.09877967754779647,1.8477579203953916
0.11205006072287046,0.4746898053918839,1.6603359800715365,-0.001137976995157031,-0.002085193190476486,0.0006259842117564576,-1.574021708011187,-0.0634602854535462,1.6080855204875908,0.10289999842643738,0.40549999475479126,1.6497999429702759,-1.5707963267948966,0.0,1.5707963267948966,0.010954393651871432,-0.09900538960476568,1.847440734302817
0.11202136543667497,0.47440897203699733,1.6599770059992633,-0.001875554478643078,-0.001834979614818066,0.0005034367718143606,-1.574122404121803,-0.0631514021441868,1.6082631205038433,0.10289999842643738,0.40549999475479126,1.6497999429702759,-1.5707963267948966,0.0,1.5707963267948966,0.010960743126753554,-0.09920837834959689,1.8471571182090407
0.1119786898725359,0.4740671732105761,1.6595471516387323,-0.003037524661471595,-0.001364291387167462,0.00016040853967996506,-1.5742571814869672,-0.06277672310691873,1.6084862462815857,0.10289999842643738,0.40549999475479126,1.6497999429702759,-1.5707963267948966,0.0,1.5707963267948966,0.01096882575003063,-0.09945614381838695,1.8468111526279045
0.11192951634103313,0.4737281227179608,1.6591246619038105,-0.0033958765071144346,-0.0005633004399259062,0.00029105771280169403,-1.5744088731783217,-0.06238110299734245,1.6087093713358998,0.10289999842643738,0.40549999475479126,1.6497999429702759,-1.5707963267948966,0.0,1.5707963267948966,0.010977691344672438,-0.09972633544244612,1.8464349676484522
0.1118903311778491,0.47344708559035487,1.6587835242914535,-0.0033795075558407032,0.00010482412053854635,0.0005363878814628321,-1.5745428204461305,-0.062056784824346956,1.6088931835759037,0.10289999842643738,0.40549999475479126,1.6497999429702759,-1.5707963267948966,0.0,1.5707963267948966,0.010982764349019224,-0.09990589783114301,1.8461852749834773
0.11185434108514702,0.47315834234868925,1.6584502203351377,-0.0034730131696136153,0.0006748168752095975,0.0006954122397977523,-1.5746837853032998,-0.06175540363378751,1.6090899304676634,0.10289999842643738,0.40549999475479126,1.6497999429702759,-1.5707963267948966,0.0,1.5707963267948966,0.010987343123206265,-0.10010685324677203,1.8459051829131041
0.11181495190946088,0.4728299905898785,1.658090893508368,-0.0036820274695989292,0.0009078714266123884,0.0004510682283407988,-1.5748349815517624,-0.06143281374131515,1.6093267479171605,0.10289999842643738,0.40549999475479126,1.6497999429702759,-1.5707963267948966,0.0,1.5707963267948966,0.01099150429607604,-0.1003290846752604,1.8455941957899176
0.11176766473568231,0.4724631795358597,1.657707698084206,-0.0032651632739948986,0.0008882114451499228,0.0005092715947308006,-1.5749918886610181,-0.06106591327089639,1.6096170209224694,0.10289999842643738,0.40549999475479126,1.6497999429702759,-1.5707963267948966,0.0,1.5707963267948966,0.010995752104170886,-0.10057277788047189,1.8452526278157395
0.11173213483735114,0.4721599429486515,1.6574015576911307,-0.0031605420012282633,0.0007143588197692028,0.0004813411809658417,-1.5751356957340128,-0.06077925623563463,1.6098742145887932,0.10289999842643738,0.40549999475479126,1.6497999429702759,-1.5707963267948966,0.0,1.5707963267948966,0.010997924037799211,-0.10077167855481925,1.8449745140970906
0.11169164092720729,0.47181871184747715,1.6570757796536357,-0.0032150432362204294,0.00046860567882179324,0.0003976934242261266,-1.5753127915324199,-0.0604547744261934,1.6101870176729647,0.10289999842643738,0.40549999475479126,1.6497999429702759,-1.5707963267948966,0.0,1.5707963267948966,0.010999762244553757,-0.10101407432158659,1.8446340131810848
0.11164757571333925,0.4714360049100379,1.6567325211868364,-0.0032470212532509646,0.0002476554086461642,0.0003524233134569478,-1.575505908888942,-0.06008885616182935,1.6105622598892158,0.10289999842643738,0.40549999475479126,1.6497999429702759,-1.5707963267948966,0.0,1.5707963267948966,0.011000425297721238,-0.10123361428310529,1.8443222722791826
0.11160706864541459,0.4710827003862065,1.656436107983126,-0.0031917575107181877,0.00012994235825053855,0.00020890202671663142,-1.5756786005373957,-0.05976470981708193,1.6109264784739483,0.10289999842643738,0.40549999475479126,1.6497999429702759,-1.5707963267948966,0.0,1.5707963267948966,0.01100025756413464,-0.10145254246004742,1.8440063650545944
0.11156741414139844,0.4707630435080317,1.6561795933475798,-0.0028326797977529156,2.833635196793272e-05,-9.419797293089269e-05,-1.575823486750738,-0.05947188448342766,1.6112714722377794,0.10289999842643738,0.40549999475479126,1.6497999429702759,-1.5707963267948966,0.0,1.5707963267948966,0.010999837791102019,-0.10167124426019211,1.8436866563949073
0.11151637745217131,0.4704060532494511,1.6559012966376137,-0.0019400447719811096,-3.6942424666862994e-05,-0.00024653539831625236,-1.575968612793958,-0.05912550270138173,1.6116860775812152,0.10289999842643738,0.40549999475479126,1.6497999429702759,-1.5707963267948966,0.0,1.5707963267948966,0.010999667337496594,-0.10186777428048795,1.8433981866311688
0.11146127874893895,0.47004720490450164,1.6556230435491768,-0.0007506687550639529,-9.740835082373917e-05,-0.00026573025719147324,-1.5761076664832068,-0.05877104653282572,1.6121312075690093,0.10289999842643738,0.40549999475479126,1.6497999429702759,-1.5707963267948966,0.0,1.5707963267948966,0.01099920087848886,-0.10208566375824082,1.843078471170186
0.11139673985867816,0.46965577821435683,1.6553116004717903,2.8002825773895194e-05,-0.00012695102203596267,-0.00046627819900274217,-1.5762618976547906,-0.05837734793702598,1.6126257700212832,0.10289999842643738,0.40549999475479126,1.6497999429702759,-1.5707963267948966,0.0,1.5707963267948966,0.010998451908276835,-0.10232532071796924,1.8427269045306929
0.11133246409496698,0.46930858732197983,1.6550229607584108,-0.0008392003011719077,0.0001055444427248445,-0.0004389519165340515,-1.576394467326369,-0.05800316331141753,1.6130600480957986,0.10289999842643738,0.40549999475479126,1.6497999429702759,-1.5707963267948966,0.0,1.5707963267948966,0.010997979142999794,-0.10254350825794904,1.8424078859501427
0.11126119457742954,0.46893382480440493,1.654705403533142,-0.0024076738178804348,0.00041908051121845917,-0.0003087365660816581,-1.5765345140312175,-0.057605656681810835,1.6135169489492056,0.10289999842643738,0.40549999475479126,1.6497999429702759,-1.5707963267948966,0.0,1.5707963267948966,0.010996887397655331,-0.10278307821061274,1.8420576387319234
0.11120283083773445,0.46863113250385297,1.6544428272351566,-0.0031260712861278764,0.0005224474274111807,-0.00031620438573315337,-1.576660623228355,-0.057293058663143714,1.613869321942992,0.10289999842643738,0.40549999475479126,1.6497999429702759,-1.5707963267948966,0.0,1.5707963267948966,0.0109955138790766,-0.10297847278086465,1.8417721039639718
0.11113880277927483,0.46829770330747383,1.654141698590654,-0.003197854750823901,0.0007084553774368675,-4.149496585232227e-05,-1.5768250496815241,-0.05693978551329959,1.6142361979078352,0.10289999842643738,0.40549999475479126,1.6497999429702759,-1.5707963267948966,0.0,1.5707963267948966,0.010993445071055034,-0.10319496770217237,1.841456742576711
0.1110818987718064,0.4679661423522492,1.6538333772759521,-0.0032238315078047864,0.0008804338199066358,-6.6607335616537795e-06,-1.5770198756199634,-0.056593853002556926,1.6145813817556491,0.10289999842643738,0.40549999475479126,1.6497999429702759,-1.5707963267948966,0.0,1.5707963267948966,0.010989728860041249,-0.10341070635945501,1.8411449992684008
0.11102375353936905,0.46763847701597616,1.6535218084348078,-0.0035000997254739266,0.0008552181790112507,-0.0003430917398699823,-1.5772399721992516,-0.05625341884276569,1.614894788914767,0.10289999842643738,0.40549999475479126,1.6497999429702759,-1.5707963267948966,0.0,1.5707963267948966,0.010985519838293318,-0.1036259954477062,1.8408368637025572
0.11096594009385759,0.46734276742944125,1.653245874310354,-0.003944473325133233,0.0007481136417385387,-0.00047330532525856046,-1.5774417382922896,-0.055937946372259795,1.615171044808337,0.10289999842643738,0.40549999475479126,1.6497999429702759,-1.5707963267948966,0.0,1.5707963267948966,0.010981534635886437,-0.10384032849325456,1.8405308851050264
0.11089252022695813,0.46697529949845495,1.6529168837447497,-0.003639856904199459,0.0005148424465092635,-0.00045509048209080104,-1.5776754552766104,-0.055544712956605125,1.615522554682844,0.10289999842643738,0.40549999475479126,1.6497999429702759,-1.5707963267948966,0.0,1.5707963267948966,0.010977131900432698,-0.10405326965757782,1.8402262154036133
0.11083129181987253,0.46667028173937897,1.6526480411811084,-0.0026184570590817723,0.00028432223098525273,-0.00044499437790716855,-1.5778587611663515,-0.055226311827683006,1.615812732017208,0.10289999842643738,0.40549999475479126,1.6497999429702759,-1.5707963267948966,0.0,1.5707963267948966,0.010972236162235078,-0.10426510521553017,1.8399220896455164
0.11075733736246396,0.4662973685808655,1.6523138205505286,-0.001203983958128938,0.00011312656481641295,-0.00032468729690925477,-1.5780711281798305,-0.054838426966391296,1.6161659196008606,0.10289999842643738,0.40549999475479126,1.6497999429702759,-1.5707963267948966,0.0,1.5707963267948966,0.010966623901945433,-0.1044764801484414,1.8396178841662272
0.11069454630991928,0.46596287049915946,1.6520044081163565,-0.0007037239568319909,0.00011862823914826821,-0.0002436319512107499,-1.5782551325600158,-0.05449413975133455,1.6164745477642504,0.10289999842643738,0.40549999475479126,1.6497999429702759,-1.5707963267948966,0.0,1.5707963267948966,0.010959812868609614,-0.10468781387923363,1.8393135508516136
0.11063442224504183,0.46563267378122536,1.6516958529484165,-0.0008550863072967644,0.00026934382234857645,-0.0003219420774058882,-1.5784423460251047,-0.05416855226176853,1.616771567579497,0.10289999842643738,0.40549999475479126,1.6497999429702759,-1.5707963267948966,0.0,1.5707963267948966,0.010952042884249303,-0.10489890274572257,1.8390082581625022
0.11057251792860674,0.4653049958581653,1.6513927243448416,-0.001343922991561932,0.0004920526290407911,-0.00046749733443419224,-1.5786231642234572,-0.053854115123059376,1.6170669203139203,0.10289999842643738,0.40549999475479126,1.6497999429702759,-1.5707963267948966,0.0,1.5707963267948966,0.01094369794421926,-0.10510943096183491,1.8387011410620993
0.11050757329570099,0.46497916837491,1.6510957776442121,-0.001563918161404216,0.0006933251723579531,-0.0005697054066700562,-1.578797981532282,-0.053536375553588034,1.617362616271314,0.10289999842643738,0.40549999475479126,1.6497999429702759,-1.5707963267948966,0.0,1.5707963267948966,0.010934962988893975,-0.1053193224090174,1.8383922761986389
0.11043824472725677,0.46465747451806405,1.6507994131688735,-0.0012516298705318259,0.000650508234188892,-0.0009543313957958044,-1.5789752168388276,-0.05321740767356431,1.6176427756952205,0.10289999842643738,0.40549999475479126,1.6497999429702759,-1.5707963267948966,0.0,1.5707963267948966,0.010925462514920511,-0.10554988839701308,1.8380518781426003
0.11036755041187653,0.46437374465974723,1.6505295258593227,-0.0009290389757878122,0.0006618449600934359,-0.0011313926066220878,-1.5791473536011722,-0.052917254870574304,1.6178755974322132,0.10289999842643738,0.40549999475479126,1.6497999429702759,-1.5707963267948966,0.0,1.5707963267948966,0.010918580073631569,-0.10573839876412648,1.8377761226638585
0.11027726559762682,0.4640270080744733,1.650200192711768,-0.001490125307371542,0.0009072535821573876,-0.0007225393698416034,-1.579360696271433,-0.052549408953017185,1.6181615628075123,0.10289999842643738,0.40549999475479126,1.6497999429702759,-1.5707963267948966,0.0,1.5707963267948966,0.010910923822666249,-0.10594680158424459,1.837472951975594
0.1102021312946466,0.4637110790685838,1.6499057242929556,-0.0015889622139919769,0.0010615809226572443,-0.0003195057953669434,-1.5795550360449364,-0.05224017864292163,1.618433388559443,0.10289999842643738,0.40549999475479126,1.6497999429702759,-1.5707963267948966,0.0,1.5707963267948966,0.010901778840236827,-0.10615385814001545,1.8371740535872472
0.11013242882144694,0.4633976668556474,1.649603686746923,-0.0008097682374441001,0.0008741968340761188,-0.0003977419214922554,-1.5797571540089215,-0.051949586788424984,1.6186913310579307,0.10289999842643738,0.40549999475479126,1.6497999429702759,-1.5707963267948966,0.0,1.5707963267948966,0.010891286451637717,-0.10635991585078446,1.8368833388432093
0.11005848986763278,0.4630909415069982,1.6492903205820788,-0.00038816613677754096,0.00035179121569172984,-0.0009694878502487468,-1.5799632292638202,-0.051652074534018766,1.6189199176653686,0.10289999842643738,0.40549999475479126,1.6497999429702759,-1.5707963267948966,0.0,1.5707963267948966,0.010880801829416543,-0.10656556815066592,1.8366004092130621
0.10997091129293843,0.46279476977950523,1.6489745961474802,-0.0010412388690372715,-0.00017886946833967304,-0.0013232098929604485,-1.580169571179503,-0.05132152379576915,1.6191244230743809,0.10289999842643738,0.40549999475479126,1.6497999429702759,-1.5707963267948966,0.0,1.5707963267948966,0.010871658972218015,-0.10677121138407868,1.8363253799142658
0.10987403393428082,0.462507001549556,1.6486683439717333,-0.002333861623161944,-0.0005338503994368843,-0.00127738849799066,-1.5803822500850844,-0.050972096700423464,1.6193171438995004,0.10289999842643738,0.40549999475479126,1.6497999429702759,-1.5707963267948966,0.0,1.5707963267948966,0.010862983686644054,-0.10697649837793251,1.8360557935972026
0.10978380335262655,0.4622529392003445,1.6484011274354295,-0.002843865901933511,-0.0007036588785436788,-0.000932860751763605,-1.580574617477871,-0.050648232181445874,1.6194834589370732,0.10289999842643738,0.40549999475479126,1.6497999429702759,-1.5707963267948966,0.0,1.5707963267948966,0.01085370352724022,-0.10718123241305859,1.8357886852171195
0.10967776970917516,0.4619430533358404,1.6480832857824081,-0.0028972487778463657,-0.0008521334055992814,-0.0006519913192928416,-1.5808153618858993,-0.05026309561615694,1.6196887142675855,0.10289999842643738,0.40549999475479126,1.6497999429702759,-1.5707963267948966,0.0,1.5707963267948966,0.010842919868064762,-0.10738500543432848,1.8355253115680406
0.10957965577837073,0.46166298027946595,1.6478057607201944,-0.0028655502588341188,-0.0010768838636687269,-0.0009083891504833423,-1.5810456073146713,-0.04991372293916596,1.6198840309519404,0.10289999842643738,0.40549999475479126,1.6497999429702759,-1.5707963267948966,0.0,1.5707963267948966,0.010831619955140462,-0.10758805379904846,1.835265117620244
0.10947384495377417,0.46138604080624557,1.647539297949415,-0.0025825203447990327,-0.0012097005799699206,-0.0010022237514029796,-1.5812737447974161,-0.04954793863050089,1.6200863892577841,0.10289999842643738,0.40549999475479126,1.6497999429702759,-1.5707963267948966,0.0,1.5707963267948966,0.010819493938439876,-0.10781091852877257,1.8349816196635045
0.10936422085488298,0.46111054477029567,1.6472853131616676,-0.001640899767700819,-0.0012601406184840813,-0.0009588813231589205,-1.5814849543453067,-0.049173415852133306,1.6203063006336615,0.10289999842643738,0.40549999475479126,1.6497999429702759,-1.5707963267948966,0.0,1.5707963267948966,0.010809240203217468,-0.1079928535086724,1.83475070509448
0.10925210545841546,0.46083742449380716,1.6470396711092699,-0.00021573265063864986,-0.0013651699747643086,-0.0008753037456201988,-1.5816839832893916,-0.04879664789299554,1.6205426747133755,0.10289999842643738,0.40549999475479126,1.6497999429702759,-1.5707963267948966,0.0,1.5707963267948966,0.010797288231089443,-0.10819487724774116,1.834494130824663
0.10913693433926973,0.4605665521542909,1.6468015257129551,0.0013435152977870116,-0.0015235531093260066,-0.001037055912340151,-1.5818715642188474,-0.04841326251539613,1.6207960705424365,0.10289999842643738,0.40549999475479126,1.6497999429702759,-1.5707963267948966,0.0,1.5707963267948966,0.010784870511416264,-0.10839677994066678,1.8342369726292524
0.10901295274342417,0.4603002565888556,1.6465634953378336,0.0028687671762042855,-0.001672422864038433,-0.001312724866945039,-1.582040651385226,-0.04801026948224907,1.6210449095125672,0.10289999842643738,0.40549999475479126,1.6497999429702759,-1.5707963267948966,0.0,1.5707963267948966,0.010772786212543442,-0.10859867130995997,1.8339812250018797
0.10887631916321948,0.4600405931071974,1.6463230338734847,0.0034124165962056015,-0.0017577827187188495,-0.0017076101731741385,-1.582206700938526,-0.04758390709001681,1.6212809307795635,0.10289999842643738,0.40549999475479126,1.6497999429702759,-1.5707963267948966,0.0,1.5707963267948966,0.010761755016876325,-0.10880052704714029,1.8337288333811181
0.10872483263076473,0.45978709647722377,1.6460860568652602,0.0033518407367299015,-0.0015526452429109744,-0.0016634500373325235,-1.582369930632423,-0.04712559341932199,1.6215153108321994,0.10289999842643738,0.40549999475479126,1.6497999429702759,-1.5707963267948966,0.0,1.5707963267948966,0.010751997886063645,-0.10900198980664731,1.833480572904256
0.108568837062238,0.4595404182535914,1.6458494544765911,0.003602356935207785,-0.0010678953825636291,-0.0012429723217693518,-1.582514672030787,-0.04665206313775361,1.62172613690124,0.10289999842643738,0.40549999475479126,1.6497999429702759,-1.5707963267948966,0.0,1.5707963267948966,0.010741799926175766,-0.10920305533407394,1.8332374397100704
0.10842907879880097,0.45932561494802226,1.6456327193968971,0.0038961024040162946,-0.0006418598041775823,-0.0010527510355096152,-1.5826235353919862,-0.046224908984237256,1.6218808805260008,0.10289999842643738,0.40549999475479126,1.6497999429702759,-1.5707963267948966,0.0,1.5707963267948966,0.010731597683179545,-0.10938384899944976,1.8330244239051499
0.10827376255556678,0.4590926048056131,1.6453901920229113,0.0033603997230292524,-0.0001410696621480619,-0.0008057321401840141,-1.5827330314417916,-0.04575826180228937,1.6220248481008948,0.10289999842643738,0.40549999475479126,1.6497999429702759,-1.5707963267948966,0.0,1.5707963267948966,0.010719517546765988,-0.10958426876424127,1.8327927774916881
0.10810712381743501,0.45883900786507575,1.6451304158749598,0.002378259694630206,0.0003304913224414068,-0.000711799684500608,-1.582857200575292,-0.045272025327433685,1.622168726946301,0.10289999842643738,0.40549999475479126,1.6497999429702759,-1.5707963267948966,0.0,1.5707963267948966,0.010704851131820596,-0.10980363834156437,1.8325411914756977
0.10795475293869053,0.4586121840593535,1.6448987527514172,0.0017387854045281467,0.0005280994012413395,-0.0008906985823255859,-1.5829796592110128,-0.044839947290333804,1.6222759664589486,0.10289999842643738,0.40549999475479126,1.6497999429702759,-1.5707963267948966,0.0,1.5707963267948966,0.010690877589380515,-0.11000235351289486,1.8323140943509522
0.10781273843716101,0.4584091404201957,1.6446916793919633,0.001833169092433747,0.0005393846184465205,-0.0010355329775789473,-1.5830915275037134,-0.04445480992546447,1.6223527425372453,0.10289999842643738,0.40549999475479126,1.6497999429702759,-1.5707963267948966,0.0,1.5707963267948966,0.010678302219155309,-0.11018048642769993,1.8321106409879204
0.10765136010886905,0.4581824326690213,1.6444563062345874,0.0026075526911067157,0.0005394797903290837,-0.001008494169205888,-1.583230831494238,-0.04402835018109519,1.6224198472670839,0.10289999842643738,0.40549999475479126,1.6497999429702759,-1.5707963267948966,0.0,1.5707963267948966,0.010664178050052556,-0.11037743088463742,1.8318867230946623
0.10748905649344388,0.45795203583120486,1.6442147304771406,0.003199816436760001,0.0005260231933542568,-0.0008577453165354526,-1.5833779007673194,-0.043596989063761526,1.622491853054728,0.10289999842643738,0.40549999475479126,1.6497999429702759,-1.5707963267948966,0.0,1.5707963267948966,0.010649385459059173,-0.11057305927097093,1.8316645542778336
0.10732675102972725,0.4577170645086661,1.6439721288639801,0.0031401718469046135,0.000586179523560398,-0.0008840066891568102,-1.5835139510658842,-0.043165565092237124,1.622579624857432,0.10289999842643738,0.40549999475479126,1.6497999429702759,-1.5707963267948966,0.0,1.5707963267948966,0.010633732638451762,-0.11076724343458312,1.8314432209464355
0.10716144423384477,0.4574823756140114,1.6437318472331979,0.002497241232190708,0.0008719463887340955,-0.0009395137864832723,-1.5836477599687515,-0.04272766576054998,1.6226737952063746,0.10289999842643738,0.40549999475479126,1.6497999429702759,-1.5707963267948966,0.0,1.5707963267948966,0.01061766671897606,-0.11096047691900324,1.8312216831855108
0.10699462908586316,0.457248477935027,1.6434959722834002,0.0012870418829597397,0.0013378795675617079,-0.0009258311310818193,-1.5837812947445273,-0.042281373487991214,1.6227873141387479,0.10289999842643738,0.40549999475479126,1.6497999429702759,-1.5707963267948966,0.0,1.5707963267948966,0.01060109965932668,-0.11115276525844413,1.830998642563175
0.10682419735940542,0.4570151925208428,1.6432676276114675,7.243936539313139e-05,0.0017009688666652048,-0.0012650784347550562,-1.583903892975897,-0.04182331890310609,1.6229262368245174,0.10289999842643738,0.40549999475479126,1.6497999429702759,-1.5707963267948966,0.0,1.5707963267948966,0.010584371865999252,-0.11134403352381642,1.830772795969123
0.1066214930668282,0.4567613180330191,1.6430154143406168,-0.0001826980573486989,0.0018012305021007707,-0.00169312179461943,-1.5840227936624591,-0.041297538950235246,1.623095247901114,0.10289999842643738,0.40549999475479126,1.6497999429702759,-1.5707963267948966,0.0,1.5707963267948966,0.010567554714779714,-0.11155340428172926,1.8305263068888022
0.10642413550551895,0.45653555077589614,1.6427802471423976,-0.0004412967820353769,0.0020705888803523166,-0.0017326182986834675,-1.5841194853724856,-0.04080717680028778,1.6232582290226545,0.10289999842643738,0.40549999475479126,1.6497999429702759,-1.5707963267948966,0.0,1.5707963267948966,0.010553717865966612,-0.11174312450584327,1.83030743686044
0.10621849906216965,0.4563119664543255,1.642546379913403,-0.0007939513261746312,0.0023269095940079963,-0.0016332121637403938,-1.584211555969484,-0.040294765257258724,1.6234342116520286,0.10289999842643738,0.40549999475479126,1.6497999429702759,-1.5707963267948966,0.0,1.5707963267948966,0.010540462364369918,-0.1119321065061304,1.830090870279906
0.10600677088645163,0.4560920696077574,1.6423126863467,-0.00045581379158292866,0.0024108944489433484,-0.0014989091596625474,-1.584319797407488,-0.03976461982495483,1.6236137088990226,0.10289999842643738,0.40549999475479126,1.6497999429702759,-1.5707963267948966,0.0,1.5707963267948966,0.010527592731595477,-0.11212074454033652,1.8298744948661179
0.10574812976838491,0.45583281272509707,1.642023563076351,0.0009053422394861307,0.0022903937707398044,-0.0011958025098282616,-1.5844787406908967,-0.039107592296074856,1.623805088990431,0.10289999842643738,0.40549999475479126,1.6497999429702759,-1.5707963267948966,0.0,1.5707963267948966,0.010511987285619907,-0.11234688378455772,1.8296154957104431
0.10557503713664695,0.45566244304701,1.6418234118654413,0.0012456975780349093,0.0021362156960844105,-0.0009685348584328069,-1.584590837833527,-0.038659132626163384,1.6239169117914491,0.10289999842643738,0.40549999475479126,1.6497999429702759,-1.5707963267948966,0.0,1.5707963267948966,0.010500947447649471,-0.11249739568799,1.8294442491885994
0.10533959214129944,0.4554302469594507,1.6415485720254352,0.0004985046970985541,0.0019709456154560602,-0.0006339221219496337,-1.5847561877357044,-0.03804186728743808,1.6240620791346714,0.10289999842643738,0.40549999475479126,1.6497999429702759,-1.5707963267948966,0.0,1.5707963267948966,0.010484377212270246,-0.11270358252739193,1.8292100572831895
0.10512938512350821,0.45522090762521344,1.6413009566830228,-6.409673079056828e-05,0.001898276696036816,-0.000540983439082165,-1.5849188822214286,-0.03749439894657858,1.6241917009332472,0.10289999842643738,0.40549999475479126,1.6497999429702759,-1.5707963267948966,0.0,1.5707963267948966,0.010467848430925202,-0.11289006383536074,1.8289991294719805
0.10494041826783716,0.45503580483745726,1.641075720341155,-0.00013399891228011357,0.0018275757077587454,-0.0008224805763078465,-1.5850657951649092,-0.03700197069735367,1.6242990804317268,0.10289999842643738,0.40549999475479126,1.6497999429702759,-1.5707963267948966,0.0,1.5707963267948966,0.010452496278259645,-0.11305745267230351,1.828810952969375
0.10472461305363587,0.45483492371971646,1.640818549518844,0.00019551314648437275,0.0018763838528747172,-0.000980628455074964,-1.585235542989337,-0.03644719960636689,1.624409396064202,0.10289999842643738,0.40549999475479126,1.6497999429702759,-1.5707963267948966,0.0,1.5707963267948966,0.01043619492756876,-0.1132431277225478,1.828605414151712
0.10448516417457568,0.4546197178822285,1.6405266369217348,0.0003538735443228516,0.002237265526235654,-0.000992913388880153,-1.5854277672118706,-0.035857341877188365,1.6245221719509297,0.10289999842643738,0.40549999475479126,1.6497999429702759,-1.5707963267948966,0.0,1.5707963267948966,0.010418450029007601,-0.11344692195026213,1.8283838896507547
0.10426527468153655,0.45442938103068015,1.6402606215762041,-0.0002839494788979405,0.0028837187163439464,-0.0008799369392141574,-1.585594008110895,-0.03532362397174005,1.624621224895513,0.10289999842643738,0.40549999475479126,1.6497999429702759,-1.5707963267948966,0.0,1.5707963267948966,0.010402400672508015,-0.11363198407973418,1.8281825938841152
0.10406779993034307,0.45426019578064425,1.6400301379271227,-0.00046422624066633884,0.0034522787987018738,-0.000827415196216865,-1.5857459011686539,-0.03483672559507678,1.6247198412371302,0.10289999842643738,0.40549999475479126,1.6497999429702759,-1.5707963267948966,0.0,1.5707963267948966,0.010387673030138772,-0.11379828469094146,1.8279988718498876
0.10384506679983503,0.4540749143057453,1.6397746784545588,0.00107954939366194,0.0036523758983135683,-0.0010134806351956977,-1.5859200314874538,-0.03429445188726188,1.624817460039524,0.10289999842643738,0.40549999475479126,1.6497999429702759,-1.5707963267948966,0.0,1.5707963267948966,0.010371445436691381,-0.1139830696597393,1.8277929808954485
0.10361671210300548,0.4538953377089715,1.6395086477777145,0.0028003692200404143,0.003642642856799524,-0.0008754750831193482,-1.586087745509191,-0.03374521532442554,1.6248803732463803,0.10289999842643738,0.40549999475479126,1.6497999429702759,-1.5707963267948966,0.0,1.5707963267948966,0.010355583423869939,-0.11416834343834396,1.827587530426082
0.1033692490049711,0.4537006126173912,1.639211666343935,0.0032045120403923666,0.00359661127503942,-0.00040991335996852653,-1.5862486103439661,-0.03314982802099786,1.6249289992652765,0.10289999842643738,0.40549999475479126,1.6497999429702759,-1.5707963267948966,0.0,1.5707963267948966,0.010336868032028962,-0.11437200574550907,1.8273627536129282
0.103173595018126,0.45354088279761595,1.638973021391096,0.0025782089395758965,0.003487748802888236,-0.00012856133687670168,-1.5863764463318673,-0.03268233369672213,1.62496721586931,0.10289999842643738,0.40549999475479126,1.6497999429702759,-1.5707963267948966,0.0,1.5707963267948966,0.010318016026568058,-0.11455624025557366,1.8271598681275465
0.10292068360566556,0.45332153427546545,1.6386665656826849,0.0011014152753497295,0.003385692607448373,-2.4131291314899575e-05,-1.5865528848672354,-0.032071974252169344,1.625043652200694,0.10289999842643738,0.40549999475479126,1.6497999429702759,-1.5707963267948966,0.0,1.5707963267948966,0.010295578379478545,-0.11475708946879906,1.8269377634283992
0.10275449110931735,0.45317053000703367,1.63847130169347,0.0003542617770977309,0.003266388399015815,-0.00017946279923427669,-1.5866712205736837,-0.031658467776491506,1.6251124586490098,0.10289999842643738,0.40549999475479126,1.6497999429702759,-1.5707963267948966,0.0,1.5707963267948966,0.010278555898465703,-0.11490196728057289,1.8267751248176252
0.10254487635478854,0.4529797117880877,1.638229125978625,-0.00013260425698479914,0.0030720361583646276,-0.00034506066609144747,-1.5868330618088062,-0.031139478519959685,1.6251919997844315,0.10289999842643738,0.40549999475479126,1.6497999429702759,-1.5707963267948966,0.0,1.5707963267948966,0.010257252684863894,-0.11508212610743193,1.8265711928248614
0.1023166485895704,0.4527635430540803,1.6379672260948244,-0.00030370080121480165,0.002900295180060151,-0.00020629450417773587,-1.5870468317480795,-0.030582768406786975,1.6252951189915872,0.10289999842643738,0.40549999475479126,1.6497999429702759,-1.5707963267948966,0.0,1.5707963267948966,0.01023326520992969,-0.11527871271422785,1.8263455735342682
0.1021550153937205,0.4526028304861231,1.6377773887301417,-9.701442606578339e-05,0.0028517994600509204,-0.0001359224621435488,-1.5872242432997665,-0.030187927663055447,1.6253776874209913,0.10289999842643738,0.40549999475479126,1.6497999429702759,-1.5707963267948966,0.0,1.5707963267948966,0.010214999956609303,-0.11542083054921899,1.8261805768916684
0.10195828518585212,0.4523994890741746,1.6375432110627464,-0.0003110142890043813,0.002924492230722223,7.356718797801618e-05,-1.5874533649929539,-0.029709685316730905,1.6254923021592926,0.10289999842643738,0.40549999475479126,1.6497999429702759,-1.5707963267948966,0.0,1.5707963267948966,0.010191170064437542,-0.11559774105755977,1.8259724076174226
0.10173949087418793,0.45214753036585237,1.637274821044007,-5.1242672834788734e-05,0.0031497131701705753,0.0006516007527534867,-1.5877453857703976,-0.02919127068699723,1.6256656860748202,0.10289999842643738,0.40549999475479126,1.6497999429702759,-1.5707963267948966,0.0,1.5707963267948966,0.01015964814691689,-0.11580840378612844,1.825719786473887
0.10159302012261517,0.4519521180957822,1.6370764132441844,0.0007114491558798237,0.0033319451407184276,0.00084724456466374,-1.5879677983610805,-0.028849433496503707,1.625811944060595,0.10289999842643738,0.40549999475479126,1.6497999429702759,-1.5707963267948966,0.0,1.5707963267948966,0.010133179525171558,-0.11596513401561445,1.825532358716021
0.10143076744751205,0.4517143668568212,1.636831764210653,0.0007853310576946449,0.0034830231515317733,0.0007271568859089414,-1.5882361660136186,-0.028469833957212476,1.6259828032623302,0.10289999842643738,0.40549999475479126,1.6497999429702759,-1.5707963267948966,0.0,1.5707963267948966,0.010098496567312322,-0.11615625154191109,1.8253062389001784
0.10132046912197515,0.4515424407946809,1.6366580384177423,0.00033982126507464406,0.003437962952300628,0.00034792195435873966,-1.58842738641661,-0.028220767143488867,1.6261046725583694,0.10289999842643738,0.40549999475479126,1.6497999429702759,-1.5707963267948966,0.0,1.5707963267948966,0.010072268222263547,-0.11629492800374046,1.8251412861123988
0.1011838086695479,0.45132918002854727,1.6364476258310232,-0.0006325189524236368,0.003258086709238709,6.848818645020899e-05,-1.5886468360986128,-0.027926095125884398,1.6262597559178973,0.10289999842643738,0.40549999475479126,1.6497999429702759,-1.5707963267948966,0.0,1.5707963267948966,0.010039616806677193,-0.11646786350221562,1.8249353572716653
0.10104266821023217,0.45109068307582145,1.6362273004991987,-0.0017843883343619917,0.0029812688565209683,0.00012246892594662402,-1.588872121758919,-0.027634680067678552,1.6264464358534196,0.10289999842643738,0.40549999475479126,1.6497999429702759,-1.5707963267948966,0.0,1.5707963267948966,0.010002759949902214,-0.11665670722742062,1.8247095472544543
0.10093590866652756,0.4508934020658703,1.6360521905543328,-0.0022490896065955252,0.002765993834814442,0.00019631877981030377,-1.589043158607432,-0.02742573519804692,1.626600597964315,0.10289999842643738,0.40549999475479126,1.6497999429702759,-1.5707963267948966,0.0,1.5707963267948966,0.009967993662449768,-0.11682730875733303,1.8245026865299883
0.10082730950140022,0.45067167811500286,1.6358618436975119,-0.0025091405086125527,0.0027102823566892806,0.0003258446618151352,-1.5892258450607188,-0.02722318779869859,1.626773290932736,0.10289999842643738,0.40549999475479126,1.6497999429702759,-1.5707963267948966,0.0,1.5707963267948966,0.009931832703889584,-0.11699702884468387,1.8242929736183229
0.10071241936243215,0.45040308068046436,1.6356430495728804,-0.0027064098117558894,0.0027452969074174137,0.0004064338494667549,-1.5894261539155232,-0.02701237020546232,1.6269850985320593,0.10289999842643738,0.40549999475479126,1.6497999429702759,-1.5707963267948966,0.0,1.5707963267948966,0.009890219339600517,-0.11718296077525994,1.8240581791982842
0.10063771600757777,0.45020275413722244,1.6354849267470999,-0.002531897463468319,0.0027663168250365872,0.00046788883508183004,-1.5895800441597863,-0.026879523487740364,1.6271452675253475,0.10289999842643738,0.40549999475479126,1.6497999429702759,-1.5707963267948966,0.0,1.5707963267948966,0.009854841058475701,-0.1173349171353536,1.823862440419789
0.10056600486611095,0.4499806105423907,1.6353138606566515,-0.0012079738050480321,0.0026442751409671756,0.0003918975662790017,-1.589760163767875,-0.026759776525246082,1.6273354452778865,0.10289999842643738,0.40549999475479126,1.6497999429702759,-1.5707963267948966,0.0,1.5707963267948966,0.009814097418035139,-0.11750360188756741,1.8236411480136472
0.10049613556636802,0.4497375210849835,1.6351218670664607,0.000556109200212763,0.002491486465665657,0.000245906199410294,-1.589979226920487,-0.026636265156637418,1.6275427421713884,0.10289999842643738,0.40549999475479126,1.6497999429702759,-1.5707963267948966,0.0,1.5707963267948966,0.009768294572387164,-0.11768922949055517,1.8233957490157013
0.10044438425275812,0.4495399838953593,1.6349631394439301,0.0017664594172650916,0.002389106122863568,3.55227559756501e-05,-1.5901787166184511,-0.026532992098131203,1.627706420795894,0.10289999842643738,0.40549999475479126,1.6497999429702759,-1.5707963267948966,0.0,1.5707963267948966,0.009726069196872349,-0.11785800840167608,1.823171241212642
0.10039006529176696,0.449325779064351,1.634781762396638,0.002776350671366928,0.0023152648817277182,-4.57661897962966e-05,-1.590412676541637,-0.026422034614418166,1.6278746114172191,0.10289999842643738,0.40549999475479126,1.6497999429702759,-1.5707963267948966,0.0,1.5707963267948966,0.009688030171355973,-0.11801017257977897,1.8229696927694339
0.10034312768702046,0.44911630186364815,1.6346002183890092,0.0029698208035432764,0.002440484576330067,0.00013982705641243253,-1.5906452668800821,-0.026316900303869684,1.628039460031695,0.10289999842643738,0.40549999475479126,1.6497999429702759,-1.5707963267948966,0.0,1.5707963267948966,0.009645068264220631,-0.11817933246163273,1.8227456262544013
0.10030421930506848,0.4489109971426513,1.6344220442530812,0.0029651043599167736,0.002524052330538939,-0.00012626787243741802,-1.590856955193404,-0.026225812541130544,1.6282050414325255,0.10289999842643738,0.40549999475479126,1.6497999429702759,-1.5707963267948966,0.0,1.5707963267948966,0.009601380275117985,-0.11834843037415964,1.8225209194673477
0.10026343946089813,0.44870906483610584,1.6342442052533936,0.003250495551274907,0.0025848570008033807,-0.000334378511202083,-1.5910584573639557,-0.026140708871126073,1.6283779032190526,0.10289999842643738,0.40549999475479126,1.6497999429702759,-1.5707963267948966,0.0,1.5707963267948966,0.009558732928245647,-0.11851724968139257,1.8222992295295253
0.10022447390124645,0.4485060218043296,1.6340641474101383,0.003477523221129671,0.0027905494857689925,-0.0002591990889923674,-1.5912553624073305,-0.026079509630824393,1.6285621623573459,0.10289999842643738,0.40549999475479126,1.6497999429702759,-1.5707963267948966,0.0,1.5707963267948966,0.009516626699194772,-0.11868515218303499,1.8220819798619625
0.10018929197525858,0.4483008722189217,1.6338795408518512,0.003256878623086657,0.0029339707793659096,-5.1100231629099095e-05,-1.5914426243513207,-0.02602683144598572,1.628747554913728,0.10289999842643738,0.40549999475479126,1.6497999429702759,-1.5707963267948966,0.0,1.5707963267948966,0.009474406038248789,-0.11885191989254332,1.821867353274145
0.10016018066888278,0.44809514707739495,1.6336911615589182,0.0023706529918087692,0.002835681712288183,0.00014202040442842396,-1.5916170195596182,-0.02598507020568963,1.628919350554513,0.10289999842643738,0.40549999475479126,1.6497999429702759,-1.5707963267948966,0.0,1.5707963267948966,0.00943148245678809,-0.11901760109474334,1.8216543045520306
0.10013389895552093,0.44786924795285377,1.6334851788344933,0.001162193124982259,0.002447675653073927,2.486753424442208e-07,-1.5917836903877238,-0.025935297862094586,1.6291054804796088,0.10289999842643738,0.40549999475479126,1.6497999429702759,-1.5707963267948966,0.0,1.5707963267948966,0.00938361568106291,-0.11919868589110261,1.8214205327777957
0.10010533224332105,0.4476660358761416,1.6332977668973074,0.0006771022561216461,0.0017567053165306434,-0.00042928845310706543,-1.5919115338735959,-0.025859400351408546,1.6292599247328254,0.10289999842643738,0.40549999475479126,1.6497999429702759,-1.5707963267948966,0.0,1.5707963267948966,0.00934115724466473,-0.11936267683761241,1.8212100777154534
0.10006741758533823,0.4474655614726819,1.6331099116779237,0.0007187732909220086,0.0010970314502011301,-0.0007848815794785552,-1.5920341638034714,-0.0257561689320136,1.6294018015046128,0.10289999842643738,0.40549999475479126,1.6497999429702759,-1.5707963267948966,0.0,1.5707963267948966,0.009300657858332196,-0.11952631104487998,1.8210045790544966
0.1000207072689845,0.4472712546191794,1.6329186736629238,0.002029096754089424,0.0007486881723382577,-0.0007495994555316816,-1.5921581017860726,-0.02563654492505929,1.6295303008048296,0.10289999842643738,0.40549999475479126,1.6497999429702759,-1.5707963267948966,0.0,1.5707963267948966,0.00926207651398781,-0.11969018238579036,1.820805416916356
0.09998212399373767,0.44711960270043233,1.6327581152495672,0.003400465980746786,0.0006558727788982448,-0.0005429698109315948,-1.5922603329425147,-0.025532985469781444,1.6296243292809796,0.10289999842643738,0.40549999475479126,1.6497999429702759,-1.5707963267948966,0.0,1.5707963267948966,0.00923190264338035,-0.11982158255694661,1.8206505331014091
0.09992382165535765,0.44690084291169724,1.6325111959893939,0.004538591219736734,0.0006822309088038303,-0.0005445700941264719,-1.5924261186470852,-0.025369084130677955,1.6297531106640968,0.10289999842643738,0.40549999475479126,1.6497999429702759,-1.5707963267948966,0.0,1.5707963267948966,0.009187715476566315,-0.12001959312065458,1.8204222066223064
0.09987524300978265,0.4467455619249311,1.632323727861077,0.004968048464235251,0.000741402029655772,-0.00049816062393407,-1.5925533567723187,-0.02524288179665035,1.6298291230559003,0.10289999842643738,0.40549999475479126,1.6497999429702759,-1.5707963267948966,0.0,1.5707963267948966,0.009155977089065119,-0.12016899122029075,1.8202526946963755
0.09982420874219927,0.44659797206793633,1.6321325082050053,0.005291988588531423,0.0008065995273244288,-0.00046161885954603576,-1.5926711320927938,-0.025114278383311373,1.6298765143880118,0.10289999842643738,0.40549999475479126,1.6497999429702759,-1.5707963267948966,0.0,1.5707963267948966,0.009125084358238878,-0.12031912231814211,1.8200838277877291
0.0997405647836831,0.44640188786938634,1.6318442677447287,0.00482203450483557,0.0007963889273036309,-0.0005702140446767985,-1.5928061736534262,-0.024895878891389778,1.6298800501275912,0.10289999842643738,0.40549999475479126,1.6497999429702759,-1.5707963267948966,0.0,1.5707963267948966,0.0090823766395158,-0.12053746077267681,1.8198401882663173
0.09968179584454101,0.4462939810137967,1.6316605179216193,0.003629463896468919,0.0007263308753400912,-0.000646958588417457,-1.592874518773942,-0.02474585831805909,1.629840278000742,0.10289999842643738,0.40549999475479126,1.6497999429702759,-1.5707963267948966,0.0,1.5707963267948966,0.009057445118554202,-0.12067274754908369,1.8196899820699344
0.09960157251125484,0.44616672912694333,1.6314275732270733,0.001556317194167961,0.0006376572225808284,-0.0004445226814894252,-1.592954013165628,-0.02453932010357862,1.6297591471809234,0.10289999842643738,0.40549999475479126,1.6497999429702759,-1.5707963267948966,0.0,1.5707963267948966,0.009027914511298963,-0.12084192335438419,1.81950177245127
0.09952012048923088,0.44604118588086245,1.6311898793070183,-4.797543374229285e-05,0.0005212705399222484,-0.00015500199739379021,-1.5930359924738489,-0.02432317203773149,1.6296480338721653,0.10289999842643738,0.40549999475479126,1.6497999429702759,-1.5707963267948966,0.0,1.5707963267948966,0.008999302104666065,-0.12101025398413166,1.8193148679969615
0.0994203831074453,0.4458871624100842,1.6308978571561887,-0.0018129250077439302,0.0004601132699971438,0.00010550698821705394,-1.5931460207109758,-0.02406814306583316,1.6294824122264902,0.10289999842643738,0.40549999475479126,1.6497999429702759,-1.5707963267948966,0.0,1.5707963267948966,0.008966092913863733,-0.12121058687191118,1.8190938115138793
0.09935335578816004,0.44577650551768394,1.6307081722028043,-0.002625115472426626,0.0005159264668399152,0.0004001315145404597,-1.5932238479319727,-0.023903300919394965,1.629370080499688,0.10289999842643738,0.40549999475479126,1.6497999429702759,-1.5707963267948966,0.0,1.5707963267948966,0.008944492575211833,-0.12134264985958192,1.8189466993235373
0.09925979202368983,0.4455937383598002,1.6304266452662626,-0.002182342861623764,0.0005234941806199397,0.0008362121963900212,-1.5933233048418582,-0.02367620219371247,1.6292181415542464,0.10289999842643738,0.40549999475479126,1.6497999429702759,-1.5707963267948966,0.0,1.5707963267948966,0.008911868173849383,-0.12153826790080254,1.8187289635417363
0.09920215023159801,0.4454612796015404,1.630238442009203,-0.0016244219486284907,0.0004002680274237746,0.0009083833515511943,-1.5933860463353497,-0.023538138307993783,1.629128885224929,0.10289999842643738,0.40549999475479126,1.6497999429702759,-1.5707963267948966,0.0,1.5707963267948966,0.008890032853795296,-0.12166721564751819,1.8185873198424245
0.09913012233640872,0.4452924172526121,1.6300008696474368,-0.0009893578670634676,-4.2603003506904286e-05,0.00048019976479308525,-1.593474358334997,-0.023367942740531333,1.6290131774438992,0.10289999842643738,0.40549999475479126,1.6497999429702759,-1.5707963267948966,0.0,1.5707963267948966,0.008863492855284875,-0.12182784133504872,1.8184131120498224
0.09904143056114077,0.4451130652543222,1.6297294843220393,-0.00028749655863580974,-0.0004754155355257709,0.00018777005924007113,-1.593566891298677,-0.023168166134046597,1.6288577115928422,0.10289999842643738,0.40549999475479126,1.6497999429702759,-1.5707963267948966,0.0,1.5707963267948966,0.008836661234671727,-0.12200496226120612,1.818227728801289
0.09896463295065994,0.4449707688322203,1.6295006841213902,-0.00030699382607422783,-0.0007469541127561226,0.00026952569418800786,-1.593656506207992,-0.022993362748193746,1.6287113962383897,0.10289999842643738,0.40549999475479126,1.6497999429702759,-1.5707963267948966,0.0,1.5707963267948966,0.0088158713811161,-0.1221499716273824,1.8180811166712667
0.09887847885625899,0.4448146191392521,1.6292436231418883,-0.000731540508357616,-0.001097931406931664,0.0004128265486770597,-1.5937840996461354,-0.02279123099706748,1.6285421947900114,0.10289999842643738,0.40549999475479126,1.6497999429702759,-1.5707963267948966,0.0,1.5707963267948966,0.008793223934314889,-0.12231073438573842,1.8179210187683206
0.0987875877367837,0.4446580953652186,1.6289879243106706,-0.001224360889609237,-0.001458404613816513,0.0003062690369767845,-1.5939031144794948,-0.022569106979836384,1.6283837396684049,0.10289999842643738,0.40549999475479126,1.6497999429702759,-1.5707963267948966,0.0,1.5707963267948966,0.008771226840829382,-0.12247084718532249,1.817761807328671
0.09868563725839916,0.4445010397863594,1.628733216626125,-0.0008707153972736417,-0.001734097294137871,0.00011384880374635898,-1.5939921968507658,-0.022316455758142784,1.62822415571435,0.10289999842643738,0.40549999475479126,1.6497999429702759,-1.5707963267948966,0.0,1.5707963267948966,0.008748730618820588,-0.12264640033151465,1.8175876180478032
0.09857247473353062,0.44434278405539296,1.6284737573420918,7.117485071826956e-05,-0.0017944229950165717,0.0002050174640046566,-1.5940694798389903,-0.022043000900149767,1.6280462339461041,0.10289999842643738,0.40549999475479126,1.6497999429702759,-1.5707963267948966,0.0,1.5707963267948966,0.008731746019645307,-0.12278965878553334,1.817447309682478
0.0984457467848997,0.44416460934034024,1.628186672201929,0.00016107680211308078,-0.0013654767691201894,0.0006742957319594687,-1.594155290393572,-0.021733291150575873,1.627831948290976,0.10289999842643738,0.40549999475479126,1.6497999429702759,-1.5707963267948966,0.0,1.5707963267948966,0.008711510427389272,-0.12296404021592543,1.8172782952284348
0.09834523208396853,0.4440147546139948,1.6279569090202661,2.8627347105643607e-05,-0.0008887136751991067,0.0008103727430758266,-1.5942348053445559,-0.021478843252894286,1.6276568082013119,0.10289999842643738,0.40549999475479126,1.6497999429702759,-1.5707963267948966,0.0,1.5707963267948966,0.008694968677269098,-0.12310589259908596,1.8171425510904344
0.0982338427338463,0.44384689277434747,1.6277010679255013,3.353164902628748e-06,-0.00033080187796188026,0.0010015646278814876,-1.594340726648712,-0.02119922163657373,1.627458899824715,0.10289999842643738,0.40549999475479126,1.6497999429702759,-1.5707963267948966,0.0,1.5707963267948966,0.008677135039347163,-0.12326289798840744,1.8169950675842186
0.09813103659960068,0.44367631593828477,1.6274462227198105,-0.0002706901092061467,0.000255202460033483,0.0014651297035576467,-1.59446411340869,-0.020939489172548065,1.6272651855219455,0.10289999842643738,0.40549999475479126,1.6497999429702759,-1.5707963267948966,0.0,1.5707963267948966,0.0086587541127309,-0.12341906361731521,1.8168502641736424
0.09804244609765948,0.44350115162434217,1.6271937546717348,-0.0013379985130987262,0.0006559834966518703,0.0017482671550813765,-1.5945890381952423,-0.020703740180084473,1.627075681433512,0.10289999842643738,0.40549999475479126,1.6497999429702759,-1.5707963267948966,0.0,1.5707963267948966,0.008639134901548183,-0.12357403981922016,1.8167097391153038
0.09796634756903991,0.4433189202463446,1.6269510940931327,-0.002917849044742584,0.0008178985851641244,0.001851807971779127,-1.5947253357019504,-0.02049413170501868,1.6268987640837238,0.10289999842643738,0.40549999475479126,1.6497999429702759,-1.5707963267948966,0.0,1.5707963267948966,0.008618719299774619,-0.12372741292710195,1.8165720246086312
0.09790700673780428,0.4431477354908804,1.6267403482016418,-0.003930808441501001,0.0007739113910645555,0.001756072238202783,-1.594857996488017,-0.020332972885579004,1.6267584703372746,0.10289999842643738,0.40549999475479126,1.6497999429702759,-1.5707963267948966,0.0,1.5707963267948966,0.008599799298837144,-0.12386394442745649,1.8164488146074522
0.09783986118757522,0.44293210759077906,1.6264846408589417,-0.00374394968707493,0.0004588097164099533,0.0015223292050349044,-1.5950156202516341,-0.020150772158343155,1.626601999821952,0.10289999842643738,0.40549999475479126,1.6497999429702759,-1.5707963267948966,0.0,1.5707963267948966,0.008576897387670373,-0.12402943976465905,1.816299721121413
0.09777854342297818,0.44271183801350994,1.6262256812524611,-0.003306372743192083,9.540129225045095e-05,0.0014807071044683525,-1.5951725836730573,-0.01998913897545096,1.6264577502973334,0.10289999842643738,0.40549999475479126,1.6497999429702759,-1.5707963267948966,0.0,1.5707963267948966,0.00855406132239883,-0.12419388233090731,1.8161535097471029
0.09773291701384375,0.4425258313754201,1.6260161985168897,-0.0029419623477654287,-9.57460845450064e-05,0.0013536987090045638,-1.5953071497373792,-0.019879778812295967,1.6263491253651854,0.10289999842643738,0.40549999475479126,1.6497999429702759,-1.5707963267948966,0.0,1.5707963267948966,0.00853529644284838,-0.12432742559920282,1.816034170968468
0.09768074728419592,0.44231363490581943,1.6257851340982434,-0.002563663248692882,-0.0001459417935939087,0.0009663386116076629,-1.5954583749018807,-0.019760162408731574,1.6262316306243858,0.10289999842643738,0.40549999475479126,1.6497999429702759,-1.5707963267948966,0.0,1.5707963267948966,0.008515251536108331,-0.12447488090718414,1.8159021928864865
0.09761483575533651,0.4420775124449108,1.6255345248923327,-0.001956112214603574,0.0001458098352975963,0.0005826695475532609,-1.5956030859795716,-0.019629314980271317,1.6261087855574758,0.10289999842643738,0.40549999475479126,1.6497999429702759,-1.5707963267948966,0.0,1.5707963267948966,0.008495369698175563,-0.12463631727279398,1.8157608011921595
0.09754900427634708,0.4418665270666892,1.6253045618793802,-0.0012732305836140926,0.0006224156756334744,0.0006606932249724191,-1.5957129524126568,-0.019525518621070326,1.6259939734684012,0.10289999842643738,0.40549999475479126,1.6497999429702759,-1.5707963267948966,0.0,1.5707963267948966,0.00847909741418732,-0.12478297716855279,1.815638287749068
0.09747764788526234,0.44163670361106466,1.6250518347088478,-0.0010960072786344109,0.0008703995777624694,0.0008264251208932818,-1.5958110064752582,-0.019421290658155677,1.6258729252626063,0.10289999842643738,0.40549999475479126,1.6497999429702759,-1.5707963267948966,0.0,1.5707963267948966,0.008461805726713071,-0.12494390340818845,1.8155091781732031
0.09741836191495937,0.44145039540891023,1.6248487300097936,-0.0013102818947637851,0.0007299464766357119,0.0007372899702582758,-1.5958876601472474,-0.01932541390126552,1.6257809277946247,0.10289999842643738,0.40549999475479126,1.6497999429702759,-1.5707963267948966,0.0,1.5707963267948966,0.008446837385117315,-0.1250898399143251,1.8153942755246937
0.09735393582191555,0.44126471170613896,1.6246507787062257,-0.0017946979947175506,0.00030183441881786137,0.0005536190040146517,-1.5959726633193942,-0.019218193492080538,1.6256908257189424,0.10289999842643738,0.40549999475479126,1.6497999429702759,-1.5707963267948966,0.0,1.5707963267948966,0.00843596917909612,-0.12520620827239498,1.815303145974114
0.09727784519210815,0.44105801298408603,1.6244345642996454,-0.0021765721076800197,-9.829839724528324e-05,0.00079495870559245,-1.5960739812239728,-0.019091987198617044,1.625588231610967,0.10289999842643738,0.40549999475479126,1.6497999429702759,-1.5707963267948966,0.0,1.5707963267948966,0.008423592276943587,-0.12535099259061877,1.8151908776127572
0.09720492406727016,0.44084983134784345,1.6242212155213667,-0.0026744669031377255,-0.00022664874966186,0.0009971396416717133,-1.5961727046428076,-0.018958301379336184,1.6254783413891358,0.10289999842643738,0.40549999475479126,1.6497999429702759,-1.5707963267948966,0.0,1.5707963267948966,0.008411108818822953,-0.12549477404244938,1.8150824435622872
0.09713242470715597,0.44064202737616454,1.624011595953722,-0.0032613894782904545,-0.00019624007930102655,0.0010083741223583425,-1.5962795792683682,-0.01881754050084483,1.6253626371088774,0.10289999842643738,0.40549999475479126,1.6497999429702759,-1.5707963267948966,0.0,1.5707963267948966,0.008399066656534483,-0.12563769565950783,1.8149773817252395
0.09705952517396702,0.44043349020152367,1.6238058650388203,-0.003193944696947224,-2.798015424134577e-06,0.0010393312019582903,-1.5963921140666397,-0.018679469299967444,1.6252490491325013,0.10289999842643738,0.40549999475479126,1.6497999429702759,-1.5707963267948966,0.0,1.5707963267948966,0.00838771678202717,-0.12577976515142084,1.814873562562245
0.09698804832650262,0.44022099930353725,1.6236031438111604,-0.0027138538037996466,0.00028292431275443286,0.0012669587725188884,-1.5964942202068193,-0.018545648020984906,1.625139051659628,0.10289999842643738,0.40549999475479126,1.6497999429702759,-1.5707963267948966,0.0,1.5707963267948966,0.008376777008996803,-0.1259208509510985,1.814769809295224
0.09692346475252925,0.44001030836422417,1.6234034913336928,-0.002776907024208673,0.0005192031824654616,0.001480615378996857,-1.5965968115772662,-0.018430437883281137,1.6250271680111021,0.10289999842643738,0.40549999475479126,1.6497999429702759,-1.5707963267948966,0.0,1.5707963267948966,0.00836537815274467,-0.12606159668791558,1.814666532537652
0.09686560550211318,0.4398012837273777,1.6232138063339518,-0.0026685920913086516,0.0006369114509530359,0.0015533294960589764,-1.5967069226462642,-0.018333170129300136,1.624933040121776,0.10289999842643738,0.40549999475479126,1.6497999429702759,-1.5707963267948966,0.0,1.5707963267948966,0.008353553007182712,-0.12620190252925867,1.8145636521559347
0.09681750575041263,0.4396138234681721,1.623047110058277,-0.0019774765871478153,0.0005718075785857009,0.0015145332180864144,-1.5968031361157373,-0.018250255048136488,1.624869312405456,0.10289999842643738,0.40549999475479126,1.6497999429702759,-1.5707963267948966,0.0,1.5707963267948966,0.008341541652423344,-0.1263417164113051,1.8144616135415508
0.09676768096330068,0.43940356874898656,1.622864128585668,-0.0007526479812806529,0.0004981819947765088,0.0016875782790697516,-1.5968923102154549,-0.01815594179136726,1.6248278268664378,0.10289999842643738,0.40549999475479126,1.6497999429702759,-1.5707963267948966,0.0,1.5707963267948966,0.008329233840706586,-0.12648076163086008,1.814360582268628
0.09672400215470991,0.4391682846362207,1.6226658644203407,0.0005913511429899413,0.0003556406389518159,0.00184169979622782,-1.5969841738263795,-0.018071697289053112,1.6248134592326755,0.10289999842643738,0.40549999475479126,1.6497999429702759,-1.5707963267948966,0.0,1.5707963267948966,0.008315807425408672,-0.1266188769425072,1.814262268062077
0.09668867186473547,0.43895245537788224,1.6224917068058988,0.0016237587317586768,8.648456145098461e-07,0.001360378253941842,-1.5970357002544866,-0.018004513636429742,1.6248341122606222,0.10289999842643738,0.40549999475479126,1.6497999429702759,-1.5707963267948966,0.0,1.5707963267948966,0.008302129061531686,-0.12675632749038446,1.8141667274732844
0.09663860783351992,0.4387167595293116,1.6223065901507314,0.002848372987475656,-0.0004175556782490263,0.0007342787077382823,-1.5970478083763975,-0.017915376881449063,1.6248878147447945,0.10289999842643738,0.40549999475479126,1.6497999429702759,-1.5707963267948966,0.0,1.5707963267948966,0.008289437557512542,-0.12690714728631727,1.8140691845040493
0.09658662595680187,0.4385262912895641,1.622158829254699,0.003068332441145919,-0.0007396056141193736,0.00026464431229488827,-1.5970432866507989,-0.017835378009286806,1.6249465139232147,0.10289999842643738,0.40549999475479126,1.6497999429702759,-1.5707963267948966,0.0,1.5707963267948966,0.00828143974649053,-0.12703021342393217,1.8139986467319893
0.09651301929701908,0.43831868377005817,1.6220069325056496,0.001932457988376452,-0.001038314426672656,-0.0002558826946109163,-1.5970236046520547,-0.017717701742878234,1.625031974180707,0.10289999842643738,0.40549999475479126,1.6497999429702759,-1.5707963267948966,0.0,1.5707963267948966,0.008276043209510439,-0.12716660733118157,1.8139292117379398
0.09642081308316315,0.4381110472152218,1.621869578994443,0.00024427707059831446,-0.00117562643490648,-0.00034779633089848156,-1.5969954435417426,-0.01755594871279076,1.6251471778542306,0.10289999842643738,0.40549999475479126,1.6497999429702759,-1.5707963267948966,0.0,1.5707963267948966,0.008274706153901487,-0.12730184938332711,1.8138695440470174
0.09631712547642707,0.43790058777686375,1.6217479655869584,-0.0013412457064120406,-0.0012002726434582553,-0.00013849645825002934,-1.5969654095340386,-0.017379518670144645,1.6252927183837975,0.10289999842643738,0.40549999475479126,1.6497999429702759,-1.5707963267948966,0.0,1.5707963267948966,0.00827630561584558,-0.12743554809785942,1.8138172442819243
0.0962157138212919,0.4377067386296651,1.6216493340450915,-0.0013879829323476436,-0.0012815771797619806,6.526343051452919e-05,-1.5969339610001414,-0.017203288326561594,1.6254441244122855,0.10289999842643738,0.40549999475479126,1.6497999429702759,-1.5707963267948966,0.0,1.5707963267948966,0.008279792871012244,-0.12755455300659996,1.813774231680481
0.09609693719983697,0.43748494103759916,1.62153643214725,0.0004059881983646852,-0.001148145038635643,0.0005714293810164617,-1.5968880175502147,-0.016985956627247223,1.625608814154773,0.10289999842643738,0.40549999475479126,1.6497999429702759,-1.5707963267948966,0.0,1.5707963267948966,0.008285357937043525,-0.12768545456452599,1.813732295851152
0.09598004253765877,0.4372579011514638,1.6214132216508375,0.0022400729522194258,-0.0009205579407819309,0.0009735141972877662,-1.596841858803693,-0.01677279252290509,1.6257515305729873,0.10289999842643738,0.40549999475479126,1.6497999429702759,-1.5707963267948966,0.0,1.5707963267948966,0.008291949154035663,-0.12782803888101038,1.8136969862407135
0.09586402383601594,0.4370304616807228,1.6212825412586742,0.0031224386054795497,-0.0008336769107460418,0.0010556775335193206,-1.596797079738309,-0.01656444978559435,1.6258609358504812,0.10289999842643738,0.40549999475479126,1.6497999429702759,-1.5707963267948966,0.0,1.5707963267948966,0.008297892522089219,-0.12794405532821806,1.8136764166927282
0.09573374256332028,0.43678494230698384,1.6211393887870675,0.002612033662980088,-0.00084957539086722,0.00100721110628903,-1.5967542808546284,-0.016324579483820045,1.6259472457495967,0.10289999842643738,0.40549999475479126,1.6497999429702759,-1.5707963267948966,0.0,1.5707963267948966,0.00830642927768625,-0.12808571534651603,1.8136563837670654
0.09562490671881296,0.4365902807519722,1.6210315975913931,0.0010848818416028627,-0.0008934714941210111,0.0009824188226283692,-1.5967265130563393,-0.01612812968643773,1.625997640728372,0.10289999842643738,0.40549999475479126,1.6497999429702759,-1.5707963267948966,0.0,1.5707963267948966,0.008314364749481424,-0.12820175990158797,1.8136400125131835
0.09546705211273515,0.43631956220490775,1.6208964178917395,-0.0013473991719539467,-0.0009507931165132498,0.0011767896725921785,-1.5967104381342927,-0.015847271490312842,1.6260393262519806,0.10289999842643738,0.40549999475479126,1.6497999429702759,-1.5707963267948966,0.0,1.5707963267948966,0.008326909899865157,-0.12836953856290226,1.8136127269915832
0.09534762973814544,0.4361134146770251,1.6208048447902248,-0.0022347100127419594,-0.0011363316702105242,0.0013190147626641671,-1.59669880297949,-0.01563502855559884,1.6260600517230472,0.10289999842643738,0.40549999475479126,1.6497999429702759,-1.5707963267948966,0.0,1.5707963267948966,0.008336782699474327,-0.12849794099154518,1.8135904053483813
0.09526534077793881,0.43596766301763246,1.6207441865184022,-0.002400678655845762,-0.0012470362648292455,0.0014853490281506367,-1.5966900021931798,-0.01549689234994478,1.6260768630881683,0.10289999842643738,0.40549999475479126,1.6497999429702759,-1.5707963267948966,0.0,1.5707963267948966,0.00834470730990387,-0.12859989611242442,1.8135728503073674
0.09514323762452778,0.4357322794136753,1.6206539090169558,-0.0021443611472336094,-0.0013475601092294816,0.0018634271013594575,-1.5966794796236037,-0.01531182114051255,1.6261227185314346,0.10289999842643738,0.40549999475479126,1.6497999429702759,-1.5707963267948966,0.0,1.5707963267948966,0.008353846519845356,-0.1287259277234056,1.813552477313891
0.09503894699793197,0.43551405632348544,1.620571917486315,-0.0017418667871402504,-0.0015084392166355778,0.0017308209036778197,-1.5966619932500732,-0.01516218635888622,1.626175210509693,0.10289999842643738,0.40549999475479126,1.6497999429702759,-1.5707963267948966,0.0,1.5707963267948966,0.008362161886228339,-0.12885066617939087,1.8135366815366545
0.09493129479320216,0.43529833448619065,1.6204916100961977,-0.0016285560292664408,-0.0015425561509096926,0.0013089410183494217,-1.5966268294403823,-0.015007192660094315,1.6262217794003064,0.10289999842643738,0.40549999475479126,1.6497999429702759,-1.5707963267948966,0.0,1.5707963267948966,0.008371140793962248,-0.12897490738362863,1.8135259232351015
0.0948174972956752,0.43508902238330094,1.6204122982828595,-0.0010092052553977516,-0.0013534914598574198,0.0011729754273702524,-1.596574216886694,-0.014845619325772663,1.6262498264450018,0.10289999842643738,0.40549999475479126,1.6497999429702759,-1.5707963267948966,0.0,1.5707963267948966,0.00838127979423722,-0.1290990975874882,1.8135212116162165
0.09470281924268031,0.43488571507006835,1.6203280480618005,-0.000438483690381844,-0.0009441034946216824,0.0012623085694981357,-1.596494232171399,-0.014677690177483882,1.6262481080494307,0.10289999842643738,0.40549999475479126,1.6497999429702759,-1.5707963267948966,0.0,1.5707963267948966,0.008391787790497996,-0.12922322062967279,1.8135222551965484
0.09458867094148755,0.43468862337678243,1.6202386152959742,-0.0004367776757643693,-0.0005472355815438354,0.0011344715933012306,-1.5963897344217435,-0.014506586125357046,1.626219423699155,0.10289999842643738,0.40549999475479126,1.6497999429702759,-1.5707963267948966,0.0,1.5707963267948966,0.008402529317921292,-0.1293471646676138,1.8135269476303062
0.09446887306765578,0.43449801534772886,1.6201427870138316,-0.0014072189520156215,-0.00024151803728667727,0.0009057555314921247,-1.5962851143017007,-0.014333218432322603,1.6261602893386713,0.10289999842643738,0.40549999475479126,1.6497999429702759,-1.5707963267948966,0.0,1.5707963267948966,0.008414701446460643,-0.12947064926875346,1.813535553253672
0.09434434070243707,0.43431136457312164,1.620046924832995,-0.003133725614762827,8.08405643229358e-05,0.0009709540176126787,-1.5961764988491038,-0.01415540273135818,1.6260867241084236,0.10289999842643738,0.40549999475479126,1.6497999429702759,-1.5707963267948966,0.0,1.5707963267948966,0.008428119389665263,-0.12959310773562724,1.8135469214720223
0.09421945175990679,0.43412498127861543,1.6199552410528104,-0.004338121835822849,0.0002906420564960933,0.0011795217450619889,-1.5960391647587417,-0.013975184580756306,1.6260218458370101,0.10289999842643738,0.40549999475479126,1.6497999429702759,-1.5707963267948966,0.0,1.5707963267948966,0.008441875880084401,-0.12971416119915047,1.8135597277437538
0.09409854978463908,0.43393945769812375,1.6198676028268246,-0.004626527192175228,0.00033158289550651163,0.0015505199420968955,-1.5958720217540665,-0.01381277029107153,1.6259593914418549,0.10289999842643738,0.40549999475479126,1.6497999429702759,-1.5707963267948966,0.0,1.5707963267948966,0.008455310427993828,-0.12983416780064924,1.8135738451134384
0.09395350447313211,0.43369920188636235,1.619760048015925,-0.0034471516488295798,6.400921134781383e-05,0.001621154278099398,-1.59561507302421,-0.01364211398639803,1.6258902824343595,0.10289999842643738,0.40549999475479126,1.6497999429702759,-1.5707963267948966,0.0,1.5707963267948966,0.008471154668266343,-0.12998903762488068,1.813596327296592
0.09386621594571369,0.43355430437118014,1.6196948542172047,-0.0027954034925101283,-0.00022096075644446544,0.0015524561126701488,-1.5954445079275759,-0.013538432228658692,1.625849703729164,0.10289999842643738,0.40549999475479126,1.6497999429702759,-1.5707963267948966,0.0,1.5707963267948966,0.008480822652422235,-0.13008419627626397,1.8136129630052777
0.09376062727723672,0.4333771586417915,1.6196185433015517,-0.002331390368807696,-0.000528583532542411,0.0015871364391631569,-1.595225048253555,-0.013431495953676542,1.625810357687064,0.10289999842643738,0.40549999475479126,1.6497999429702759,-1.5707963267948966,0.0,1.5707963267948966,0.008492644579230968,-0.1302030205129173,1.813633961520538
0.0936601926078853,0.4332055073373794,1.6195471209863481,-0.0020803941201574323,-0.0007137517387598428,0.0015356337722700832,-1.5950116312410514,-0.013351009079874743,1.625777902204371,0.10289999842643738,0.40549999475479126,1.6497999429702759,-1.5707963267948966,0.0,1.5707963267948966,0.008503915364488931,-0.1303217881268844,1.8136538969626803
0.09354918349468874,0.43302626449344694,1.6194734160076312,-0.002168976964842601,-0.0009830043704163636,0.0010532775563211953,-1.5947777348218581,-0.01325656060754854,1.6257378104733538,0.10289999842643738,0.40549999475479126,1.6497999429702759,-1.5707963267948966,0.0,1.5707963267948966,0.00851671317303384,-0.13045267793982648,1.8136743547523912
0.09346233304022446,0.4329013614605268,1.6194208761497881,-0.0019436168248800657,-0.001111402339521391,0.0008589210032011053,-1.5946044443407406,-0.013176141418854925,1.6257051156407532,0.10289999842643738,0.40549999475479126,1.6497999429702759,-1.5707963267948966,0.0,1.5707963267948966,0.008527181150600112,-0.130547732224292,1.8136905031883785
0.09333901067464741,0.4327331558909325,1.619344245724014,-0.001856499349089466,-0.0011452121332974016,0.0008872472132532225,-1.5943776425613503,-0.013052451487010508,1.6256603564619478,0.10289999842643738,0.40549999475479126,1.6497999429702759,-1.5707963267948966,0.0,1.5707963267948966,0.008542311997605096,-0.13067750037749423,1.813717114823671
0.09322292075416032,0.4325835026171421,1.6192794326927968,-0.0026515533888697173,-0.0012069900140091203,0.0007171734033301766,-1.594174978258929,-0.012907893273570004,1.6256341576798226,0.10289999842643738,0.40549999475479126,1.6497999429702759,-1.5707963267948966,0.0,1.5707963267948966,0.008556804612586226,-0.13079457636421135,1.813741864530044
0.09308683476879197,0.43242252470620246,1.6192185862460184,-0.003683156340666415,-0.0012426663296518366,0.000704516046262956,-1.5939564300234548,-0.012712708843459541,1.6256236949583676,0.10289999842643738,0.40549999475479126,1.6497999429702759,-1.5707963267948966,0.0,1.5707963267948966,0.00857430151982882,-0.13092237503238768,1.8137684571890682
0.09295981473355976,0.4322792251157511,1.6191679820474576,-0.0032722046521570097,-0.001285110982297431,0.0006527367485471377,-1.5937783544854187,-0.012527786042341393,1.6256276214596785,0.10289999842643738,0.40549999475479126,1.6497999429702759,-1.5707963267948966,0.0,1.5707963267948966,0.008591128140969932,-0.1310375755818422,1.8137926053854834
0.09285376030267944,0.43216773279923426,1.61911862191434,-0.0018992080655627966,-0.0012080512986472614,0.0005070408103110125,-1.5936427543854979,-0.012365254856943064,1.6256234654519328,0.10289999842643738,0.40549999475479126,1.6497999429702759,-1.5707963267948966,0.0,1.5707963267948966,0.008605649614693216,-0.13112930213560847,1.813813397492972
0.0927293130599062,0.43204742636945576,1.6190461723134904,-9.116240752853074e-05,-0.0010180757927664016,0.0005297538764566751,-1.593501028470059,-0.012160382543707993,1.625594784956554,0.10289999842643738,0.40549999475479126,1.6497999429702759,-1.5707963267948966,0.0,1.5707963267948966,0.008625390616573636,-0.13124374090649032,1.8138427432436417
0.09257975285680924,0.4319044627978635,1.6189445367998916,0.00029003827527680033,-0.0007130143000264724,0.0010114447918062688,-1.5933580289728082,-0.011917857818456667,1.6255481616988672,0.10289999842643738,0.40549999475479126,1.6497999429702759,-1.5707963267948966,0.0,1.5707963267948966,0.008645686532646754,-0.13135737530620423,1.8138748904341873
0.09245321931731779,0.4317711457596458,1.6188581089905778,-0.0007857961904874278,-0.0006710601676837758,0.001301174766167994,-1.5932479951637735,-0.011713844251302064,1.6255307157616643,0.10289999842643738,0.40549999475479126,1.6497999429702759,-1.5707963267948966,0.0,1.5707963267948966,0.008665404083999463,-0.13146913431930377,1.8139090554893365
0.09233306736283038,0.43163455056299904,1.6187841665154536,-0.001820027977962356,-0.0008580212678039225,0.0014280908479721703,-1.5931378308499675,-0.011502988781550982,1.6255519968153973,0.10289999842643738,0.40549999475479126,1.6497999429702759,-1.5707963267948966,0.0,1.5707963267948966,0.008684839672239842,-0.13157906023110852,1.813944766547484
0.092219385362262,0.43149514311792536,1.6187204503087618,-0.0018799643128809566,-0.0010457629999334201,0.001442653750397507,-1.593027382425454,-0.01131340840353845,1.6256059238139053,0.10289999842643738,0.40549999475479126,1.6497999429702759,-1.5707963267948966,0.0,1.5707963267948966,0.00870388795496782,-0.13168738478008316,1.813980350493215
0.09210859194028746,0.43135242474820895,1.6186610586821788,-0.0010072269121463398,-0.0011730939927902403,0.0013093029018975213,-1.5929119295634229,-0.011142220033218742,1.6256814113836568,0.10289999842643738,0.40549999475479126,1.6497999429702759,-1.5707963267948966,0.0,1.5707963267948966,0.008722893109531579,-0.13179430000869904,1.8140150194006135
0.09199782204252428,0.4312117070011508,1.6185978628343796,0.0005035120644045475,-0.0011491002550182876,0.0011151518798586343,-1.592779988446533,-0.01096790090425337,1.6257480846551637,0.10289999842643738,0.40549999475479126,1.6497999429702759,-1.5707963267948966,0.0,1.5707963267948966,0.008742193377306258,-0.13190063018429213,1.814049005171804
0.0918714858175846,0.43106028598805296,1.6185187703608508,0.0021234750163626687,-0.0010728956952663733,0.000671750677482315,-1.5926341009640255,-0.010769946052155088,1.625795082236078,0.10289999842643738,0.40549999475479126,1.6497999429702759,-1.5707963267948966,0.0,1.5707963267948966,0.008764350812288298,-0.1320169861842747,1.8140867360326358
0.09175752132070053,0.4309406922335177,1.6184465618410782,0.0028978901479428812,-0.0009968562125276504,0.00022423274158699658,-1.5925200708561527,-0.010596631960474223,1.6258069678043905,0.10289999842643738,0.40549999475479126,1.6497999429702759,-1.5707963267948966,0.0,1.5707963267948966,0.008784297239859944,-0.13211172247709047,1.8141196300359994
0.09161813088353656,0.430817035560053,1.6183582950090818,0.0030125081799213037,-0.0007516463870750898,-1.1924871656059541e-05,-1.5923916684034476,-0.010375595666603399,1.6257934452365552,0.10289999842643738,0.40549999475479126,1.6497999429702759,-1.5707963267948966,0.0,1.5707963267948966,0.008808789788136349,-0.1322167979005745,1.814161022553703
0.09148546695194941,0.4307151069238673,1.618274179540709,0.002564107919644362,-0.0004583217035015534,0.00013673902009119892,-1.5922835908138726,-0.010152623372707836,1.6257630475166889,0.10289999842643738,0.40549999475479126,1.6497999429702759,-1.5707963267948966,0.0,1.5707963267948966,0.008832401440511749,-0.13231123440455433,1.8142014871229681
0.09129808813017452,0.43057900607940797,1.6181562532829925,0.0014769092974581256,8.066351678144394e-05,0.0006761334600847723,-1.592164181116424,-0.009836717897855785,1.625706823755084,0.10289999842643738,0.40549999475479126,1.6497999429702759,-1.5707963267948966,0.0,1.5707963267948966,0.008866929515020584,-0.13244693614107894,1.8142623013898447
0.09120127128974014,0.43050753242421747,1.618098843740684,0.0014040591246043462,0.00024657599514546036,0.0008946938045819424,-1.5921177881866397,-0.009667790957212041,1.6256801210346805,0.10289999842643738,0.40549999475479126,1.6497999429702759,-1.5707963267948966,0.0,1.5707963267948966,0.008887939383942535,-0.13252972798761684,1.814301244946362
0.09107034558152019,0.43040232106421794,1.6180231473241875,0.0023003761467114917,0.0002548807884267997,0.001219362567726844,-1.5920620152109586,-0.009437510485629907,1.625646106775583,0.10289999842643738,0.40549999475479126,1.6497999429702759,-1.5707963267948966,0.0,1.5707963267948966,0.008913457179750228,-0.1326320794828482,1.814352095644619
0.09092154262820452,0.43026787954992257,1.6179365570019024,0.003775768607243652,-8.524257454732715e-05,0.0011753099257785652,-1.592002549119571,-0.009203183524653102,1.6256177850253093,0.10289999842643738,0.40549999475479126,1.6497999429702759,-1.5707963267948966,0.0,1.5707963267948966,0.008940935265821497,-0.13274299225397093,1.8144110238682725
0.09082359891946837,0.430174095994601,1.6178826184764252,0.004073835155132315,-0.00026361177497209574,0.0011913694511303547,-1.5919586124514806,-0.00905609036616184,1.6256068456790866,0.10289999842643738,0.40549999475479126,1.6497999429702759,-1.5707963267948966,0.0,1.5707963267948966,0.00896089811774431,-0.132822727281286,1.8144537832271384
0.09069571706975066,0.43004238750562745,1.6178259410053852,0.002981450269028152,-0.00030667639388144577,0.0012753997839412405,-1.5918811527262775,-0.008852652171730924,1.6256206319903181,0.10289999842643738,0.40549999475479126,1.6497999429702759,-1.5707963267948966,0.0,1.5707963267948966,0.008987356360158145,-0.13293130569901174,1.8145084956282937
0.09059561031643486,0.42993370111671136,1.6177959145726855,0.0019649107760262587,-0.00035655861767220015,0.0012044206571174235,-1.591799920945832,-0.008692290749165998,1.6256647391343857,0.10289999842643738,0.40549999475479126,1.6497999429702759,-1.5707963267948966,0.0,1.5707963267948966,0.009008454465580915,-0.1330192868591629,1.8145487482379443
0.09048790506131686,0.42981213647767713,1.6177772599176359,0.0007889090527123184,-0.0004999101355043416,0.0010499783553932726,-1.59169945619708,-0.008524510907699678,1.6257392567027873,0.10289999842643738,0.40549999475479126,1.6497999429702759,-1.5707963267948966,0.0,1.5707963267948966,0.009031678278078074,-0.13311618861069024,1.8145876062026483
0.09036853524030058,0.42967720364114975,1.6177713282371644,0.0003872605469296193,-0.000728631680146098,0.000690290352734489,-1.5915663398239128,-0.008338482052090868,1.6258445653407332,0.10289999842643738,0.40549999475479126,1.6497999429702759,-1.5707963267948966,0.0,1.5707963267948966,0.009057550077916051,-0.13322179115855431,1.8146236794678325
0.09025493195437775,0.4295518399227887,1.6177691216353842,0.000991657968378558,-0.0007249466933254114,0.0007156992075409638,-1.5914339296495281,-0.008168906436357481,1.6259568236324213,0.10289999842643738,0.40549999475479126,1.6497999429702759,-1.5707963267948966,0.0,1.5707963267948966,0.009081881403464871,-0.1333166275667465,1.8146544887163258
0.0901449587554022,0.42942163263031236,1.6177642955912839,0.002101128840735389,-0.0006184948333720367,0.0008888484062153125,-1.5913184677695285,-0.008003720616611254,1.6260935242913594,0.10289999842643738,0.40549999475479126,1.6497999429702759,-1.5707963267948966,0.0,1.5707963267948966,0.009105751660726595,-0.1334099711568662,1.8146860580485906
0.0900299935817438,0.42927943215272646,1.6177497258096896,0.002815281796806876,-0.0006472225223320339,0.0009099623361047909,-1.5912158563941594,-0.007795912807200267,1.6262567304314126,0.10289999842643738,0.40549999475479126,1.6497999429702759,-1.5707963267948966,0.0,1.5707963267948966,0.009131420678282135,-0.13351174991140147,1.8147216312538097
0.08994090971975002,0.4291690305903417,1.6177312256317637,0.0026923704114674117,-0.0006108989219285137,0.0009446552749474554,-1.591165434995076,-0.007607536834799866,1.6263877407701361,0.10289999842643738,0.40549999475479126,1.6497999429702759,-1.5707963267948966,0.0,1.5707963267948966,0.0091521644000047,-0.13359487776462392,1.8147494833834947
0.08984167552321004,0.42903912822250867,1.6177061741862797,0.0022381530915255195,-0.0005039313389592194,0.0011228663431874324,-1.5911427026473381,-0.007381686041179503,1.6265518784487407,0.10289999842643738,0.40549999475479126,1.6497999429702759,-1.5707963267948966,0.0,1.5707963267948966,0.00917668002921483,-0.13369595292363462,1.8147798194820592
0.08976773547410087,0.42893497044905227,1.61768247445411,0.001982566200593014,-0.000551581249234216,0.0009919746863466393,-1.5911200445608384,-0.007197976938828177,1.6266958487622885,0.10289999842643738,0.40549999475479126,1.6497999429702759,-1.5707963267948966,0.0,1.5707963267948966,0.00919587794255393,-0.13377792549400241,1.8148023907204212
0.08968497282577056,0.4288204621831032,1.6176494847492098,0.0017005860724928184,-0.0007780723884761512,0.0008411886214435779,-1.591081956597375,-0.006987350665836445,1.626868103373756,0.10289999842643738,0.40549999475479126,1.6497999429702759,-1.5707963267948966,0.0,1.5707963267948966,0.009217575483089657,-0.13386799603415883,1.8148276648720765
0.08960771073849057,0.4287026121134789,1.6176114218265525,0.0013321722418099065,-0.000867533702220323,0.0010111586207468203,-1.5910574084838185,-0.006806862229001176,1.6270494530788848,0.10289999842643738,0.40549999475479126,1.6497999429702759,-1.5707963267948966,0.0,1.5707963267948966,0.00923893404352036,-0.13395638138007848,1.8148540336946455
0.0895364453883172,0.4285822831048525,1.6175700095226404,0.0007466388307494025,-0.0008949283098233229,0.0007791045358475413,-1.5910280282036937,-0.0066496393678416865,1.6272319733270704,0.10289999842643738,0.40549999475479126,1.6497999429702759,-1.5707963267948966,0.0,1.5707963267948966,0.009259702486881405,-0.13404330500627867,1.8148809478414414
0.08945178900330751,0.4284462174671825,1.6175284219164108,-0.000287890804140848,-0.0007348037936931867,0.0005000886126415316,-1.590970663317859,-0.006465685433927781,1.62745225332328,0.10289999842643738,0.40549999475479126,1.6497999429702759,-1.5707963267948966,0.0,1.5707963267948966,0.009283648249224138,-0.13413716893683728,1.8149120483930736
0.08938028705068922,0.42833172958162613,1.6175000945381293,-0.0010229823740977102,-0.000521101790779092,0.0003212844902492559,-1.590916189718461,-0.006329821068661978,1.6276503556174722,0.10289999842643738,0.40549999475479126,1.6497999429702759,-1.5707963267948966,0.0,1.5707963267948966,0.009303747972396978,-0.13421251723860247,1.814938745887108
0.0892854364025077,0.4281873805571482,1.6174715591243052,-0.0017194112705489597,-0.0002606497422430249,0.0002365228863890601,-1.5908408801483525,-0.006151339117628218,1.6278992903340743,0.10289999842643738,0.40549999475479126,1.6497999429702759,-1.5707963267948966,0.0,1.5707963267948966,0.009329576020724716,-0.13430307235431327,1.814971845244955
0.0892071914495521,0.42806610908529596,1.6174582915153142,-0.0016820939366324172,4.869011953740363e-05,0.0005943857550898453,-1.590773839518939,-0.005995152295780404,1.628106936637886,0.10289999842643738,0.40549999475479126,1.6497999429702759,-1.5707963267948966,0.0,1.5707963267948966,0.009352954406650541,-0.13438431371442677,1.8150007527435184
0.08913051292018481,0.42792997308135255,1.6174506550251044,-0.0010239991998103636,0.0003111022756223267,0.0009212688529616598,-1.5907165159189753,-0.005851517772115233,1.6283373970325818,0.10289999842643738,0.40549999475479126,1.6497999429702759,-1.5707963267948966,0.0,1.5707963267948966,0.00937249541620025,-0.1344568479529596,1.8150276917239396
0.08905835607130602,0.42779121118892366,1.617457923949284,-0.001142454949913977,0.0003272757993058441,0.0006738497815289065,-1.5906687973259825,-0.005717172561532813,1.6285938331727878,0.10289999842643738,0.40549999475479126,1.6497999429702759,-1.5707963267948966,0.0,1.5707963267948966,0.009393573155940712,-0.1345367957552032,1.8150582310573722
0.08898160249700172,0.4276515581274306,1.617487713194884,-0.0009692459521975594,0.00018984627124192378,0.00035870006194373914,-1.590628862536722,-0.005554812705947043,1.6288806597739458,0.10289999842643738,0.40549999475479126,1.6497999429702759,-1.5707963267948966,0.0,1.5707963267948966,0.00941524040394864,-0.13461647769919172,1.8150870496294675
0.08890128724358579,0.42750975744856623,1.6175335359554046,-0.00010847178747273833,0.00016417165542793668,0.00037556814755780794,-1.5906069450524933,-0.005380176270799453,1.629186945682816,0.10289999842643738,0.40549999475479126,1.6497999429702759,-1.5707963267948966,0.0,1.5707963267948966,0.009437216092482785,-0.13469576013083207,1.8151154425443758
0.08882263693117057,0.4273657124458134,1.617590801698889,0.001219739641066297,0.00014645760140973677,0.0005018445395606724,-1.5906017265997816,-0.0051935218334278055,1.629511485738743,0.10289999842643738,0.40549999475479126,1.6497999429702759,-1.5707963267948966,0.0,1.5707963267948966,0.009458504777913924,-0.13477459833775604,1.8151431921933485
0.08874813669575318,0.4272210529453463,1.6176514080780098,0.002577180775586015,0.0002074033517001594,0.0006885777652836145,-1.5906123518497193,-0.004984843173645004,1.6298324273698932,0.10289999842643738,0.40549999475479126,1.6497999429702759,-1.5707963267948966,0.0,1.5707963267948966,0.009479052995502502,-0.13485325085421676,1.8151705439597914
0.08868239820647023,0.42707872664220325,1.6177138250494967,0.0034187744774447477,0.000402081060231476,0.0007653727138989222,-1.5906624878705615,-0.00478522674972881,1.6301412368206891,0.10289999842643738,0.40549999475479126,1.6497999429702759,-1.5707963267948966,0.0,1.5707963267948966,0.009498574909526216,-0.13493189373848094,1.8151974000780717
0.08862237733423882,0.4269393399829677,1.6177793021687912,0.0034014196739815534,0.0006975212400013833,0.0006221334407226861,-1.5907509756324232,-0.004596403896755419,1.630444334817677,0.10289999842643738,0.40549999475479126,1.6497999429702759,-1.5707963267948966,0.0,1.5707963267948966,0.009517581990039619,-0.1350104114879739,1.8152232135709527
0.08856107115178927,0.42680292565519923,1.6178500533293296,0.0031151604690815345,0.000909209952221649,0.0001695523998901783,-1.590841825644615,-0.004395535207344814,1.6307481703959867,0.10289999842643738,0.40549999475479126,1.6497999429702759,-1.5707963267948966,0.0,1.5707963267948966,0.009537106318481068,-0.13508866819027981,1.8152473905843147
0.08849345879968201,0.42667360287900474,1.6179176322878226,0.0032723544030216815,0.0008946626465959124,-5.8209936686674145e-05,-1.5909430600189391,-0.004186186071481135,1.6310341507265624,0.10289999842643738,0.40549999475479126,1.6497999429702759,-1.5707963267948966,0.0,1.5707963267948966,0.009558167421801144,-0.13516699458034948,1.8152741354580055
0.08842293574794852,0.4265493122874736,1.6179838387531222,0.0029873948626272357,0.0008910372107719533,-0.00017128216958629106,-1.591058661252504,-0.003972770744625986,1.6313172944136833,0.10289999842643738,0.40549999475479126,1.6497999429702759,-1.5707963267948966,0.0,1.5707963267948966,0.009580225210594992,-0.13524513562753807,1.8153033786031116
0.08834779454108371,0.42642881163138363,1.6180529064674138,0.002777897291736593,0.0008881526943357423,-0.00016654788204249307,-1.5911669658003558,-0.0037301099031998852,1.631604587103968,0.10289999842643738,0.40549999475479126,1.6497999429702759,-1.5707963267948966,0.0,1.5707963267948966,0.009603272563721179,-0.13532306780932057,1.8153324305656966
0.08827209892839656,0.42631317848472006,1.6181192597218679,0.0028719622292068263,0.0008636240636843517,6.972520077861322e-05,-1.5912726351462902,-0.0034802031311702564,1.6318802112978237,0.10289999842643738,0.40549999475479126,1.6497999429702759,-1.5707963267948966,0.0,1.5707963267948966,0.009626695680521428,-0.1354009391118175,1.8153608227194415
0.08820105278008847,0.42620024229503584,1.618180625432008,0.0030592378519199333,0.0006856935133274603,0.00014795116423014758,-1.5913900395991893,-0.0032450099944298927,1.632142176318883,0.10289999842643738,0.40549999475479126,1.6497999429702759,-1.5707963267948966,0.0,1.5707963267948966,0.00964986832269739,-0.13547844276355311,1.8153895558114939
0.08812841537046685,0.4260875760807453,1.618239079848229,0.00328594045759045,0.0005212711104342304,8.338227323250124e-05,-1.5915030547460538,-0.0030020466799602907,1.6324069058613102,0.10289999842643738,0.40549999475479126,1.6497999429702759,-1.5707963267948966,0.0,1.5707963267948966,0.009673608344646756,-0.13555540273033562,1.8154191254426209
0.0880551585534659,0.42597300084583567,1.6183002827230506,0.0033654087065814937,0.0005041414628135932,0.0001299947365857225,-1.5916175076300534,-0.0027684992750236503,1.632697181075145,0.10289999842643738,0.40549999475479126,1.6497999429702759,-1.5707963267948966,0.0,1.5707963267948966,0.009697852250695518,-0.1356317148731114,1.8154474073774625
0.08798273722621483,0.4258584004165119,1.6183679283216763,0.0030116933172622106,0.0006289785494171144,9.064320718454996e-05,-1.591751340492385,-0.0025574082769859174,1.6330067219677797,0.10289999842643738,0.40549999475479126,1.6497999429702759,-1.5707963267948966,0.0,1.5707963267948966,0.009722377017823516,-0.13570773463238003,1.815472645822108
0.08790551412563095,0.4257431289408054,1.6184492319891048,0.0024122707031177773,0.0008482539037560242,-0.0001652403698081249,-1.5918751529563766,-0.002334596596464067,1.6333393138094745,0.10289999842643738,0.40549999475479126,1.6497999429702759,-1.5707963267948966,0.0,1.5707963267948966,0.00974780084792965,-0.13578352283050116,1.815493787576595
0.08781065843847184,0.42561744660627054,1.6185515054198771,0.0027465758711823474,0.0010604223751782013,-0.00025669043336483405,-1.5919919190680745,-0.002067455057185086,1.6337249866842982,0.10289999842643738,0.40549999475479126,1.6497999429702759,-1.5707963267948966,0.0,1.5707963267948966,0.009777403013114775,-0.1358669240665425,1.8155149180215437
0.0877295039171524,0.4255162878224896,1.618638846939454,0.0034384240548611385,0.0012181853860460414,-0.00010013020719609701,-1.5920900194479133,-0.0018513213543656093,1.634043959262597,0.10289999842643738,0.40549999475479126,1.6497999429702759,-1.5707963267948966,0.0,1.5707963267948966,0.009802268148663031,-0.13593533116158982,1.8155319212575702
0.08764040039214517,0.42540241996134914,1.6187386489910858,0.003582727250053649,0.0012386513121874626,0.0002605732791902727,-1.592195654705884,-0.0016100418177735776,1.6343949703158662,0.10289999842643738,0.40549999475479126,1.6497999429702759,-1.5707963267948966,0.0,1.5707963267948966,0.009829815283484152,-0.13601106252256154,1.8155507465821774
0.08755921173769923,0.4252851898579963,1.6188400148281727,0.003283947344553859,0.0011926079800632918,0.0007076555927614051,-1.592310525554527,-0.001373262356589855,1.6347447094661087,0.10289999842643738,0.40549999475479126,1.6497999429702759,-1.5707963267948966,0.0,1.5707963267948966,0.009856246094215454,-0.13608589430188667,1.8155720555061399
0.08748882648921617,0.42516530441991485,1.618940360814797,0.0027035963112389838,0.0009823716867754374,0.0008014219420125166,-1.5924465803914436,-0.0011583078301216077,1.6350993940713558,0.10289999842643738,0.40549999475479126,1.6497999429702759,-1.5707963267948966,0.0,1.5707963267948966,0.009881234362369108,-0.13615952626300182,1.8155989325385757
0.08741457996717147,0.42503488804873596,1.6190463913799944,0.0017120043960304088,0.0007798012418918153,0.0004057002841813208,-1.5926121875146606,-0.0009144573563348857,1.6354891726320282,0.10289999842643738,0.40549999475479126,1.6497999429702759,-1.5707963267948966,0.0,1.5707963267948966,0.009908510179150223,-0.1362395971011224,1.8156349509233245
0.08735120974289638,0.4249345910729412,1.6191282115686632,0.0007260698458629313,0.0008837469551980381,0.0002436591088216859,-1.592769458218168,-0.0006892772761881716,1.6357877417571607,0.10289999842643738,0.40549999475479126,1.6497999429702759,-1.5707963267948966,0.0,1.5707963267948966,0.009931575535397953,-0.13630505952339161,1.815669477880367
0.08728150636699358,0.42482809825695156,1.6192185333455742,-0.0005174151363279537,0.0012377259627941839,0.00011002616265039259,-1.592979413894433,-0.0004400375255926292,1.6360936070294754,0.10289999842643738,0.40549999475479126,1.6497999429702759,-1.5707963267948966,0.0,1.5707963267948966,0.009957535076531203,-0.1363775992497178,1.8157116127294428
0.08720841500097026,0.42472368403593913,1.6193123998700176,-0.001278205722947257,0.0016502727602038666,-4.229866786082952e-05,-1.5932121344351982,-0.0001845119609988899,1.636385449304416,0.10289999842643738,0.40549999475479126,1.6497999429702759,-1.5707963267948966,0.0,1.5707963267948966,0.009984507220550675,-0.1364498334279748,1.8157553234242854
0.08713313903205418,0.42461887249433733,1.6194077128805098,-0.000493468393952923,0.001914072532299423,4.516614540846656e-05,-1.5934468995290931,8.737855453855303e-05,1.636672284126447,0.10289999842643738,0.40549999475479126,1.6497999429702759,-1.5707963267948966,0.0,1.5707963267948966,0.010012283933018605,-0.1365218064552075,1.8158001995329935
0.08706307948563274,0.4245103176533336,1.6194965837892332,0.0009921881080594249,0.0020405943308103693,0.0005195712925513818,-1.5936860825786796,0.00034297421959861296,1.6369519898272689,0.10289999842643738,0.40549999475479126,1.6497999429702759,-1.5707963267948966,0.0,1.5707963267948966,0.010039929951587392,-0.13659336805751185,1.8158469486213733
0.08700416668190454,0.4243912331923352,1.6195931486881157,0.0014294867020765677,0.0021293621984135643,0.0009617243474313664,-1.5939534285197257,0.0005966057422579496,1.63725800406263,0.10289999842643738,0.40549999475479126,1.6497999429702759,-1.5707963267948966,0.0,1.5707963267948966,0.010068260224998071,-0.13667205433890817,1.815902433385006
0.08696803562972241,0.42429663652076505,1.619679469297695,0.000806393665709619,0.002081308372960126,0.0009815403192463712,-1.5941691410733123,0.0008018291232216868,1.6375168231804444,0.10289999842643738,0.40549999475479126,1.6497999429702759,-1.5707963267948966,0.0,1.5707963267948966,0.01009001889987057,-0.13673658452579773,1.8159506632120845
0.08693799618887738,0.42420518164960264,1.6197736524135409,0.00010754493897913402,0.0019149916551308805,0.0007816366308862644,-1.5943861202781369,0.0009953512109355245,1.637785042352504,0.10289999842643738,0.40549999475479126,1.6497999429702759,-1.5707963267948966,0.0,1.5707963267948966,0.010113642065591788,-0.13680847722631082,1.8160047024436943
0.08690120316486105,0.4240877598311807,1.61991073476016,-0.00029787122653714436,0.001525179520783111,0.0004312460067570443,-1.5946802235827529,0.0012597295659011465,1.6381419194708962,0.10289999842643738,0.40549999475479126,1.6497999429702759,-1.5707963267948966,0.0,1.5707963267948966,0.010142039506383068,-0.1368951998361361,1.816068671199178
0.0868724445358027,0.4240032876010835,1.620018603681697,-0.00021752570248816428,0.0010789925481034265,0.00010048872888537543,-1.5949077473686475,0.0014903503033614207,1.6384016379565802,0.10289999842643738,0.40549999475479126,1.6497999429702759,-1.5707963267948966,0.0,1.5707963267948966,0.010161377827787919,-0.13695341418751414,1.8161115537768802
0.08683384721572164,0.4239105523414816,1.6201457710013945,1.5134770889483778e-05,0.0006504550054523533,-0.00020976598634652775,-1.5951791800121196,0.0017763159586365873,1.6387003685369552,0.10289999842643738,0.40549999475479126,1.6497999429702759,-1.5707963267948966,0.0,1.5707963267948966,0.010186817041712419,-0.13702636335368867,1.8161661472277018
0.08678962594716001,0.4238164768147036,1.6202850084031335,-0.00037988543424569127,0.0005900163809976331,-0.0001710652534803335,-1.5954574071121648,0.0020887941591754,1.639021674171696,0.10289999842643738,0.40549999475479126,1.6497999429702759,-1.5707963267948966,0.0,1.5707963267948966,0.01021332173190466,-0.137099234895333,1.816221408527825
0.08674977120832304,0.42372775713952804,1.6204269565536582,-0.0006676049121321436,0.0008095350063284353,0.00018906401357023594,-1.5956908768651383,0.0023908619839128065,1.639335999130912,0.10289999842643738,0.40549999475479126,1.6497999429702759,-1.5707963267948966,0.0,1.5707963267948966,0.010239723755581867,-0.13717165334497677,1.8162745795937334
0.08670539819131516,0.42360645956381204,1.6206284653466538,-0.0004147577516343669,0.0011262923577409325,0.0004927242280139475,-1.5959926148106858,0.002803543515986995,1.6397848380581594,0.10289999842643738,0.40549999475479126,1.6497999429702759,-1.5707963267948966,0.0,1.5707963267948966,0.010267637805403528,-0.13725092540619352,1.8163335016793154
0.08667331154754705,0.42349904119157783,1.6208159621824092,-0.0002215848537157955,0.0012344765775040704,0.0007210898375034843,-1.596286549464269,0.0031787275287031846,1.640204999071502,0.10289999842643738,0.40549999475479126,1.6497999429702759,-1.5707963267948966,0.0,1.5707963267948966,0.010294755904415843,-0.13733039644720485,1.8163937666448644
0.08665856879390434,0.4234239910522425,1.6209510174669612,-0.00037373518673210166,0.0012138225958726238,0.0007979504467473025,-1.5965068812877874,0.0034513172903105627,1.6405024879299392,0.10289999842643738,0.40549999475479126,1.6497999429702759,-1.5707963267948966,0.0,1.5707963267948966,0.010313723453509466,-0.1373883764436532,1.816437849223143
0.0866472151014006,0.4233292977311409,1.6211201092709628,-0.0009796321948039662,0.0011264002347141436,0.0009550705302487129,-1.596785529733752,0.003788645143042224,1.6408730520249863,0.10289999842643738,0.40549999475479126,1.6497999429702759,-1.5707963267948966,0.0,1.5707963267948966,0.010337032910414694,-0.13746037864326902,1.8164928339367543
0.0866485853743048,0.4232298102526911,1.621290915280449,-0.0014161389232529493,0.0009078837788304826,0.0009930212075996991,-1.5970790460554374,0.004101212263700749,1.6412538733694821,0.10289999842643738,0.40549999475479126,1.6497999429702759,-1.5707963267948966,0.0,1.5707963267948966,0.010358989829996841,-0.13753117578012766,1.8165481205754432
0.08665430413508651,0.4231276350666793,1.6214570055065813,-0.0010939654556601799,0.0005234733973507491,0.0006880871743624731,-1.5973725756810753,0.004429065127186771,1.641636698291417,0.10289999842643738,0.40549999475479126,1.6497999429702759,-1.5707963267948966,0.0,1.5707963267948966,0.010380712975370162,-0.1376010883161522,1.816605522611351
0.08665847374216792,0.4230117310735465,1.6216331235444255,-0.00032186558893664436,0.00010324895556361933,0.00023967623947935814,-1.5976835018104476,0.004812470929446366,1.64207134932055,0.10289999842643738,0.40549999475479126,1.6497999429702759,-1.5707963267948966,0.0,1.5707963267948966,0.010405547832256307,-0.13767714324624164,1.816671872896807
0.08665699314665826,0.42291411201518675,1.6217759177402487,-0.00021911974078897057,-4.8534075462814864e-05,0.00010339611886608578,-1.5979216128396618,0.005120063566632194,1.6424303774780162,0.10289999842643738,0.40549999475479126,1.6497999429702759,-1.5707963267948966,0.0,1.5707963267948966,0.010427137443855945,-0.13773875557411877,1.8167291352757335
0.08665495779837656,0.4228052053376016,1.6219379677645085,-0.00022802540774079368,-1.3003402613624166e-05,0.00020557711025033488,-1.5981653138477212,0.005455414709843787,1.6428066678890394,0.10289999842643738,0.40549999475479126,1.6497999429702759,-1.5707963267948966,0.0,1.5707963267948966,0.010451604508887479,-0.13780695988549388,1.816793807483639
0.08665478189566557,0.42269718561395775,1.62209978248236,7.481623270604371e-05,0.00021828426868793173,0.00035158844432992085,-1.598376086982409,0.005800331591001573,1.6431502998462624,0.10289999842643738,0.40549999475479126,1.6497999429702759,-1.5707963267948966,0.0,1.5707963267948966,0.010478516008802657,-0.13788198518170097,1.8168640690019147
0.086658276041896,0.42259103417117194,1.6222568569143325,0.0002217872196845077,0.00043182385845157465,0.00039542935067790635,-1.5985820372531443,0.006143522513776034,1.6434569953854834,0.10289999842643738,0.40549999475479126,1.6497999429702759,-1.5707963267948966,0.0,1.5707963267948966,0.010500531265808858,-0.1379433506648928,1.8169203629843915
0.08666486903531387,0.4224870205592236,1.6224082118019878,-0.0003052759019903826,0.000566743754512207,0.0004320259746775398,-1.5987966649340482,0.006495667523557458,1.643735298066175,0.10289999842643738,0.40549999475479126,1.6497999429702759,-1.5707963267948966,0.0,1.5707963267948966,0.010527822046848073,-0.1380182035879294,1.8169865477576947
0.08667487170899821,0.4223854155646379,1.6225567397859215,-0.0018250104535272162,0.000740270128194168,0.0002828601891087685,-1.5990161012854833,0.006868802210813207,1.6439900194758241,0.10289999842643738,0.40549999475479126,1.6497999429702759,-1.5707963267948966,0.0,1.5707963267948966,0.010550531120641632,-0.13807922385049878,1.8170372006149724
0.08668378172151733,0.4222782852050621,1.6227230402476889,-0.0036276552418574018,0.0008929696446723229,0.0002596356527582838,-1.5992620140933105,0.007290666987725736,1.6442655592437738,0.10289999842643738,0.40549999475479126,1.6497999429702759,-1.5707963267948966,0.0,1.5707963267948966,0.010579619518746065,-0.1381534844948101,1.817095203185802
0.08669383233339738,0.42219009436915683,1.622860713897393,-0.004148245331757359,0.0010131298183546098,0.00046963643399505837,-1.5994642135166113,0.007630708739786662,1.6445078060210152,0.10289999842643738,0.40549999475479126,1.6497999429702759,-1.5707963267948966,0.0,1.5707963267948966,0.01060371040619064,-0.13821346395095144,1.8171409616419483
0.08671070968032264,0.42208824916941656,1.6230107862721368,-0.004055432838253465,0.0008382946898521248,0.0006703765258830873,-1.5996897635240581,0.008015957592757417,1.6448054221510608,0.10289999842643738,0.40549999475479126,1.6497999429702759,-1.5707963267948966,0.0,1.5707963267948966,0.010630321328247589,-0.13827904696293805,1.8171913370358903
0.0867358450456922,0.42198352401400896,1.623155619016463,-0.0036893733261526406,0.0004892341749972598,0.001081491164984471,-1.5999316902950147,0.008383393253455829,1.6451279652752027,0.10289999842643738,0.40549999475479126,1.6497999429702759,-1.5707963267948966,0.0,1.5707963267948966,0.010656392206334164,-0.13834361159595768,1.8172417423247895
0.08677793400265094,0.42187763156131797,1.6232892767036404,-0.002958730279615186,0.00016592366004429055,0.0014488573680540013,-1.6001842351603224,0.008702415831620236,1.6454533546302859,0.10289999842643738,0.40549999475479126,1.6497999429702759,-1.5707963267948966,0.0,1.5707963267948966,0.01068053126271304,-0.13840716034693232,1.8172947404181525
0.08683433782953737,0.4217737881141911,1.6234052760589717,-0.0025400620265319724,-3.973816994983116e-05,0.001516832311757205,-1.6004146298531527,0.008997391591782922,1.6457600182278178,0.10289999842643738,0.40549999475479126,1.6497999429702759,-1.5707963267948966,0.0,1.5707963267948966,0.010703047719488856,-0.13846992395366303,1.8173529569382398
0.08691113383327971,0.421660882693067,1.623517426570512,-0.002719613929073769,-7.316044800584572e-05,0.001606993303705641,-1.6006591315765237,0.009278169072610698,1.646071171469662,0.10289999842643738,0.40549999475479126,1.6497999429702759,-1.5707963267948966,0.0,1.5707963267948966,0.010726277683302808,-0.13853783773860226,1.8174193808883337
0.08698713794126636,0.42156996374902006,1.623600440642288,-0.002892853253720023,-0.0001119490196236516,0.0015368885395552734,-1.6008678524413664,0.009471890775162084,1.6463066726547742,0.10289999842643738,0.40549999475479126,1.6497999429702759,-1.5707963267948966,0.0,1.5707963267948966,0.010743835057396693,-0.13859265879658314,1.817473490320793
0.087079765469252,0.42147477207735395,1.6236843159590078,-0.0022997083394199584,-7.198667449249956e-05,0.001221094666100845,-1.6011107831133937,0.009683080244720976,1.6465337685355725,0.10289999842643738,0.40549999475479126,1.6497999429702759,-1.5707963267948966,0.0,1.5707963267948966,0.01076279108504151,-0.13865360216222097,1.8175330419311497
0.08717665172994045,0.42138622548740107,1.6237540739507634,-0.0007490698143446338,0.00019797623254430802,0.0008915207031259522,-1.601368980699365,0.009884665825020011,1.6467187375221488,0.10289999842643738,0.40549999475479126,1.6497999429702759,-1.5707963267948966,0.0,1.5707963267948966,0.010781804509356046,-0.13871479131774797,1.8175939807578292
0.08727412946207827,0.4212994174302542,1.623810898194054,0.0007145863843183046,0.0004787656162483325,0.0005735787299576826,-1.6016349570294377,0.010085403825132566,1.6468800926153724,0.10289999842643738,0.40549999475479126,1.6497999429702759,-1.5707963267948966,0.0,1.5707963267948966,0.010801483167070755,-0.13877571680358058,1.817657212857621
0.08736918424581008,0.4212168569435971,1.6238571247442184,0.0017054155831904875,0.0007427226922719451,0.00021228735922684195,-1.6018959465181732,0.01029987393467291,1.6470206521099773,0.10289999842643738,0.40549999475479126,1.6497999429702759,-1.5707963267948966,0.0,1.5707963267948966,0.01082226574257144,-0.13883663429305673,1.8177224950792805
0.08745788331822611,0.42114121195635185,1.6238923880059961,0.001970542407043602,0.0008515105354837054,-0.0001268059630417712,-1.6021597595548163,0.010530146998752876,1.6471345089672598,0.10289999842643738,0.40549999475479126,1.6497999429702759,-1.5707963267948966,0.0,1.5707963267948966,0.010844820205662135,-0.1388977059478628,1.8177901433600907
0.08753289084213146,0.4210791618370876,1.6239203581987287,0.0014240695253880825,0.0008088252570459811,-0.00013713347308412808,-1.6024140166396696,0.010738451022694662,1.6472201179297707,0.10289999842643738,0.40549999475479126,1.6497999429702759,-1.5707963267948966,0.0,1.5707963267948966,0.0108667729356486,-0.1389527250368856,1.8178524273075736
0.08761657420202959,0.4210147182644649,1.6239515045603545,0.000962481835368738,0.0006949623365814092,-4.360061735084174e-05,-1.6027143305932607,0.010967508546924964,1.6472982217559422,0.10289999842643738,0.40549999475479126,1.6497999429702759,-1.5707963267948966,0.0,1.5707963267948966,0.010892022494587445,-0.13901367041183443,1.8179219089026184
0.0877028082729269,0.42094760935083325,1.6239775119122464,0.0013404696590090261,0.0003803884682668268,-0.00028395030426233445,-1.6030637447408653,0.01122366267668351,1.6473546753228856,0.10289999842643738,0.40549999475479126,1.6497999429702759,-1.5707963267948966,0.0,1.5707963267948966,0.010921542516347088,-0.13908038104052856,1.81799853792614
0.08776336921767204,0.42089515733287675,1.6239896976215042,0.0015061299577826702,0.00015756538957025415,-0.00042938234068437065,-1.6033600225358051,0.011437672425740786,1.6473698961518979,0.10289999842643738,0.40549999475479126,1.6497999429702759,-1.5707963267948966,0.0,1.5707963267948966,0.01095080586096858,-0.13914069850618357,1.8180688461587857
0.08782128407959887,0.4208403194179934,1.6239997582138477,0.0010677627217747833,6.194885308001918e-05,-0.0004240342274535537,-1.6036859907311547,0.011686904623046779,1.6473624624858552,0.10289999842643738,0.40549999475479126,1.6497999429702759,-1.5707963267948966,0.0,1.5707963267948966,0.010982003707771134,-0.13920084837996555,1.8181381898589388
0.08787723042841199,0.42078402789406394,1.6240132470420925,0.0004828583136131079,0.00016888419197362927,-0.00013280187849919376,-1.6040307407527623,0.011973843669799145,1.647340207851241,0.10289999842643738,0.40549999475479126,1.6497999429702759,-1.5707963267948966,0.0,1.5707963267948966,0.011014591953670157,-0.13926088736625297,1.8182037973302805
0.08792829256461625,0.420734648304613,1.6240268350678806,0.0004455470251529123,0.0003289988455126551,0.0002507928164257886,-1.6043285319063731,0.012215102580463544,1.6473057235462956,0.10289999842643738,0.40549999475479126,1.6497999429702759,-1.5707963267948966,0.0,1.5707963267948966,0.011047572104041071,-0.13932062148662658,1.818266488472441
0.08798284277824574,0.4206860812127178,1.6240430724061443,0.00037227821509102195,0.0005425231072870503,0.0005107299903036219,-1.6046063265788846,0.012445688469371774,1.647266466357234,0.10289999842643738,0.40549999475479126,1.6497999429702759,-1.5707963267948966,0.0,1.5707963267948966,0.011080490639117008,-0.13938003006136437,1.8183282238189091
0.08803854570272703,0.42063904096014443,1.6240664118124075,0.00018707020473590015,0.0006868744630456823,0.0004875290468825645,-1.6048473510592052,0.012680436622303226,1.6472361245363094,0.10289999842643738,0.40549999475479126,1.6497999429702759,-1.5707963267948966,0.0,1.5707963267948966,0.01111356258888028,-0.13943924375251004,1.8183882485746141
0.0880911788593734,0.4205927751238694,1.6240940503897399,0.00019279792037096147,0.0007960021040096083,0.00039749653279015044,-1.6050544186237303,0.01291183162214482,1.6472040350771058,0.10289999842643738,0.40549999475479126,1.6497999429702759,-1.5707963267948966,0.0,1.5707963267948966,0.011147534608173913,-0.13949821168526527,1.818445776737762
0.08814138734145374,0.42054689429133607,1.6241240529956291,0.00011550804518750428,0.0009886872577004643,0.00042353468851825217,-1.6052236188985034,0.013136556174568437,1.6471671860534576,0.10289999842643738,0.40549999475479126,1.6497999429702759,-1.5707963267948966,0.0,1.5707963267948966,0.011182427828733304,-0.13955687544612225,1.8184998651384179
0.08819345557922385,0.42050081898582004,1.6241511162778433,0.00025538656301296527,0.0011843493001947368,0.000713348762577344,-1.605360572442634,0.013362571233749065,1.6471247517195553,0.10289999842643738,0.40549999475479126,1.6497999429702759,-1.5707963267948966,0.0,1.5707963267948966,0.011217788025662772,-0.13961502734310471,1.8185505576045287
0.08826236827760606,0.42045378726443866,1.6241641088385497,0.0010547104267971288,0.0011423043755262774,0.0009387573976732791,-1.6055224118464075,0.01358195475193913,1.6470494770140112,0.10289999842643738,0.40549999475479126,1.6497999429702759,-1.5707963267948966,0.0,1.5707963267948966,0.011256174549648851,-0.13967854744320102,1.8186065621297554
0.0883322445284254,0.4204143127708411,1.6241584621030718,0.0009437029292958401,0.000937614253364985,0.0008160419549656326,-1.6056887310015466,0.01375402479420984,1.6469505153631958,0.10289999842643738,0.40549999475479126,1.6497999429702759,-1.5707963267948966,0.0,1.5707963267948966,0.011291322122370962,-0.13973586872524887,1.818658716458118
0.08839575296903027,0.42038015210376045,1.6241520704539303,-0.00031411338111020354,0.0005292823181045094,0.0005417893155612029,-1.6058436251965462,0.013912060724046604,1.6468621411058482,0.10289999842643738,0.40549999475479126,1.6497999429702759,-1.5707963267948966,0.0,1.5707963267948966,0.011323875997886633,-0.13978698300737857,1.8187037584810388
0.08846295433453706,0.42034368826323615,1.624148919651459,-0.0019724215480101466,-3.356364959539626e-06,0.00038166409177912747,-1.6060315946788224,0.014095589586958557,1.6467696892077421,0.10289999842643738,0.40549999475479126,1.6497999429702759,-1.5707963267948966,0.0,1.5707963267948966,0.011361507634421984,-0.13984308947059335,1.8187517408138305
0.08852807163961107,0.42030449158182065,1.624148939884256,-0.0028992591876151825,-0.0003646414414477979,0.00041320632617802486,-1.6062292288520879,0.014276850031268218,1.6466864774118932,0.10289999842643738,0.40549999475479126,1.6497999429702759,-1.5707963267948966,0.0,1.5707963267948966,0.011400104785205943,-0.13989795303275193,1.8187977452809765
0.08859185550182891,0.4202603150676418,1.624150099549148,-0.0026587515719667296,-0.0006430405898239322,0.00045514320652972765,-1.6064115822094678,0.014463329613645826,1.6466219199845173,0.10289999842643738,0.40549999475479126,1.6497999429702759,-1.5707963267948966,0.0,1.5707963267948966,0.011439424875569969,-0.13995161677715404,1.8188405955581715
0.08866086672056599,0.42020923706727353,1.6241475887868504,-0.0015387837385379315,-0.0008657101480760945,0.00046200977706096276,-1.6066136297199873,0.014669918925934056,1.6465646612229712,0.10289999842643738,0.40549999475479126,1.6497999429702759,-1.5707963267948966,0.0,1.5707963267948966,0.01148352106237871,-0.14001000158624938,1.8188835565930757
0.08870948084096025,0.42017156747504575,1.6241433581405915,-0.0008473479578553234,-0.0010062415141706927,0.000384597827641825,-1.60676645477772,0.014823388190584375,1.6465255404768142,0.10289999842643738,0.40549999475479126,1.6497999429702759,-1.5707963267948966,0.0,1.5707963267948966,0.011520326369175944,-0.1400575424187924,1.8189145300051925
0.08876548769758637,0.42012128201921095,1.6241416544674676,-0.0008117192038363767,-0.001137122030531361,0.00041558787525742847,-1.6069560655008273,0.015041606771327487,1.6464865096149794,0.10289999842643738,0.40549999475479126,1.6497999429702759,-1.5707963267948966,0.0,1.5707963267948966,0.011562285099289193,-0.14010977922769088,1.8189438790351586
0.08882682462435779,0.4200610510938807,1.624148516081468,-0.0009691493449218097,-0.0014626937072071953,0.00042166044223521505,-1.6071797950111877,0.015305407129591053,1.6464621966330142,0.10289999842643738,0.40549999475479126,1.6497999429702759,-1.5707963267948966,0.0,1.5707963267948966,0.011609029505300125,-0.14016627737465834,1.8189713995755414
0.08886883859542895,0.42001677652174874,1.624155697823958,-0.0006807534679725863,-0.001794283511446369,0.000490981775454012,-1.607353127241535,0.01550692641701934,1.6464436695948252,0.10289999842643738,0.40549999475479126,1.6497999429702759,-1.5707963267948966,0.0,1.5707963267948966,0.011643657711663861,-0.1402070461204804,1.818989355178973
0.08893215342117992,0.4199621389829233,1.6241586789682247,0.0003338785948602064,-0.002113390853624494,0.0008882073798022157,-1.607599333121785,0.015792728795235078,1.6463902096041314,0.10289999842643738,0.40549999475479126,1.6497999429702759,-1.5707963267948966,0.0,1.5707963267948966,0.011686309706375565,-0.14025826530745777,1.8190116618033734
0.08899753587013552,0.4199201206054077,1.62415529337539,0.00041756249247770674,-0.0021664731546550907,0.0010720216749106777,-1.6078176455343804,0.016063321415073162,1.6463164055191732,0.10289999842643738,0.40549999475479126,1.6497999429702759,-1.5707963267948966,0.0,1.5707963267948966,0.011727828191510048,-0.14030974163850754,1.8190352984744576
0.08906862213835422,0.4198860432586089,1.6241565780096123,-0.0006487846088573796,-0.00200753565292704,0.0010834519988985405,-1.6080385108059279,0.01633481302886164,1.6462379738196449,0.10289999842643738,0.40549999475479126,1.6497999429702759,-1.5707963267948966,0.0,1.5707963267948966,0.011768516249660882,-0.1403614262403235,1.819057758165198
0.08914886561711272,0.4198592516823026,1.6241717961700197,-0.001484968074590719,-0.0018881912782763124,0.000645734905028001,-1.6082660181250152,0.016631484116683914,1.6461530321892506,0.10289999842643738,0.40549999475479126,1.6497999429702759,-1.5707963267948966,0.0,1.5707963267948966,0.011813177332025523,-0.14041892837581657,1.8190772928634804
0.0892122748164857,0.4198462741988598,1.6241917688538925,-0.0012957722668978373,-0.0018869155822051507,0.00027365450065249794,-1.6084442988202965,0.016925414326088628,1.6460709182947502,0.10289999842643738,0.40549999475479126,1.6497999429702759,-1.5707963267948966,0.0,1.5707963267948966,0.011855405172439703,-0.1404721632708555,1.8190941519705148
0.0892820305576388,0.4198372783025096,1.6242249154092319,-0.0007144134562004257,-0.0020170509628859323,-1.6835272439954765e-05,-1.6086728105272707,0.01732939200341388,1.6459709528211177,0.10289999842643738,0.40549999475479126,1.6497999429702759,-1.5707963267948966,0.0,1.5707963267948966,0.011912579402300276,-0.1405417452103533,1.8191185029938188
0.0893159504613984,0.4198346122560133,1.6242504014626067,-0.00026509841380230965,-0.002258653217494992,-2.456924150214839e-05,-1.6088218163610228,0.01759534948137098,1.6459067558246423,0.10289999842643738,0.40549999475479126,1.6497999429702759,-1.5707963267948966,0.0,1.5707963267948966,0.011949194835454459,-0.14058468381286895,1.8191338155459917
0.08935210664196616,0.4198336551210447,1.624281137820465,0.0005269638061291971,-0.002433035786359728,0.00027466522667489955,-1.6089863690901403,0.017906418093115217,1.6458241681875683,0.10289999842643738,0.40549999475479126,1.6497999429702759,-1.5707963267948966,0.0,1.5707963267948966,0.011990791943639244,-0.1406330735056273,1.8191514218512328
0.08939999784309861,0.41983515820490125,1.624319651889315,0.0016538311242886453,-0.0024680607126380187,0.0006192463720046395,-1.6091887480379374,0.018276398910354708,1.6457071770376996,0.10289999842643738,0.40549999475479126,1.6497999429702759,-1.5707963267948966,0.0,1.5707963267948966,0.012045958421728137,-0.14069760318351116,1.8191769240566462
0.08944338952648591,0.4198370589147411,1.6243527647709712,0.002344157806371956,-0.0023296296298062472,0.0007172355383525875,-1.6093579570625542,0.018556403393803933,1.6456122886125433,0.10289999842643738,0.40549999475479126,1.6497999429702759,-1.5707963267948966,0.0,1.5707963267948966,0.012082597777372115,-0.14074043479370588,1.8191955403133715
0.089498671467238,0.4198405865732253,1.624396520253363,0.003235189377694727,-0.001977910820997839,0.000769977309748119,-1.6095678017848012,0.01889532176485531,1.6454989486101992,0.10289999842643738,0.40549999475479126,1.6497999429702759,-1.5707963267948966,0.0,1.5707963267948966,0.012133193104995279,-0.14079918648276604,1.819221390538595
0.08955249272375385,0.4198502629522042,1.6244319768605422,0.0038533642829112606,-0.0015552584243227194,0.0006698788809675508,-1.609764318468263,0.019195796938849874,1.6453774165907908,0.10289999842643738,0.40549999475479126,1.6497999429702759,-1.5707963267948966,0.0,1.5707963267948966,0.012179142763535034,-0.14085305027303452,1.8192446261976047
0.08960334055187075,0.41987164677562594,1.6244659165589204,0.003695126155552256,-0.001198532525286567,0.00035985345935477366,-1.6099689273507773,0.019502664482565102,1.6452418018827946,0.10289999842643738,0.40549999475479126,1.6497999429702759,-1.5707963267948966,0.0,1.5707963267948966,0.012225889042713245,-0.14090786377013512,1.8192672002083694
0.08964471573545757,0.4198976940951041,1.624499857749798,0.0031250471386663537,-0.0008381148971658305,0.0003458633353817885,-1.6101675997421832,0.01979837810510965,1.6451290691611447,0.10289999842643738,0.40549999475479126,1.6497999429702759,-1.5707963267948966,0.0,1.5707963267948966,0.012269081869479344,-0.140957566514884,1.819287445874539
0.08969210514192477,0.4199267768942443,1.6245459129178281,0.0020590699340738545,-0.0005845037716950893,0.00051894380756054,-1.6104121896079286,0.02013213704881167,1.6450280858876567,0.10289999842643738,0.40549999475479126,1.6497999429702759,-1.5707963267948966,0.0,1.5707963267948966,0.01231747453377448,-0.14101225490586625,1.8193097843682582
0.0897420825542136,0.4199533984502842,1.6246026021274702,0.001407455467519211,-0.0005776781868537652,0.0006781376941353272,-1.6106766651870927,0.020466429979571377,1.6449471823423731,0.10289999842643738,0.40549999475479126,1.6497999429702759,-1.5707963267948966,0.0,1.5707963267948966,0.012365993576303044,-0.14106606229038796,1.8193308716952867
0.0898104099988184,0.4199894810895252,1.6246601782211167,0.00278057930946173,-0.000916427080107187,0.0010290871055098005,-1.6110092537433651,0.02086584901294941,1.6448201929134028,0.10289999842643738,0.40549999475479126,1.6497999429702759,-1.5707963267948966,0.0,1.5707963267948966,0.01242362400733475,-0.14113043190714117,1.8193577382830481
0.08987002057001423,0.4200215918037134,1.6246859535511198,0.003572639640627125,-0.0012334406569427146,0.0008331488588083243,-1.6112603130658125,0.021160886098814835,1.6446877435663618,0.10289999842643738,0.40549999475479126,1.6497999429702759,-1.5707963267948966,0.0,1.5707963267948966,0.012466065811351231,-0.14117886903173796,1.8193818685916114
0.08992659448135502,0.4200592464575438,1.6247076864008134,0.0032222905947185206,-0.001549559503597103,0.00038902027728705883,-1.6114980942468606,0.021456209776341773,1.644538487198246,0.10289999842643738,0.40549999475479126,1.6497999429702759,-1.5707963267948966,0.0,1.5707963267948966,0.01250956640284273,-0.14122756060484512,1.8194091644618298
0.0899941006447065,0.4201136776650285,1.6247378466219005,0.002679651975505288,-0.0017634218641150907,0.00014893382751543356,-1.611799197207648,0.021865990119406042,1.6443325775438202,0.10289999842643738,0.40549999475479126,1.6497999429702759,-1.5707963267948966,0.0,1.5707963267948966,0.012569533316006905,-0.14129226889562363,1.8194510053887223
0.09003585560336896,0.42015185202556415,1.6247587251860143,0.0024054233183123334,-0.0018398978879926352,0.00017146839727931768,-1.6119855014951654,0.022147583207687838,1.6441899799298199,0.10289999842643738,0.40549999475479126,1.6497999429702759,-1.5707963267948966,0.0,1.5707963267948966,0.012610300039512887,-0.1413352792732054,1.8194807105638469
0.09009223281168134,0.4202046914216858,1.6247901917324699,0.0018901062038094137,-0.001838944616678394,0.0002192878625547329,-1.6122276395498014,0.02253554385195633,1.6439853852492312,0.10289999842643738,0.40549999475479126,1.6497999429702759,-1.5707963267948966,0.0,1.5707963267948966,0.012666727319456311,-0.14139414839244138,1.8195209177192604
0.09013610734169479,0.4202463674740141,1.6248214643424885,0.0016874149510652755,-0.0018772774695071971,0.00023433572591637444,-1.612417924062338,0.02284190720710555,1.6438150541414362,0.10289999842643738,0.40549999475479126,1.6497999429702759,-1.5707963267948966,0.0,1.5707963267948966,0.012713435148680584,-0.14144200581184474,1.8195513592431574
0.09019009833373691,0.4202934338269849,1.6248655143978183,0.0018245520707324107,-0.0018726289673326256,0.0005452411675780806,-1.6126367697271504,0.023195844922344833,1.6436032889256231,0.10289999842643738,0.40549999475479126,1.6497999429702759,-1.5707963267948966,0.0,1.5707963267948966,0.0127706725780805,-0.14150015320750692,1.8195840470887625
0.09024045407829548,0.4203276577107894,1.6249090453704134,0.0020364683034169674,-0.001756470252685739,0.0007631026001197609,-1.612794902709654,0.02345685227309957,1.6434374917994352,0.10289999842643738,0.40549999475479126,1.6497999429702759,-1.5707963267948966,0.0,1.5707963267948966,0.012821760242865386,-0.14155258675380303,1.8196103427205244
0.09030807849027075,0.42036916904766064,1.6249667197145103,0.002530334349910205,-0.0016114452787278509,0.0008316897806174555,-1.6129609844474453,0.023747912985944808,1.6432405099512901,0.10289999842643738,0.40549999475479126,1.6497999429702759,-1.5707963267948966,0.0,1.5707963267948966,0.012872174858319693,-0.14160506583644475,1.819635234407601
0.09036891053252197,0.4204031387602752,1.6250152763144747,0.0028815147263051588,-0.0015455266828726603,0.0008399279719934316,-1.61309235403254,0.02396362963658749,1.643086452539578,0.10289999842643738,0.40549999475479126,1.6497999429702759,-1.5707963267948966,0.0,1.5707963267948966,0.012917076095718289,-0.14165238716992004,1.819655475500575
0.09044212857455668,0.4204416449381986,1.6250696510159601,0.002984471849462884,-0.001413274764855234,0.0008857236236896483,-1.6132374363814912,0.02419559989853326,1.6429169362916358,0.10289999842643738,0.40549999475479126,1.6497999429702759,-1.5707963267948966,0.0,1.5707963267948966,0.012966443093034867,-0.14170516965800123,1.819674391865249
0.09052238697545213,0.4204800572975594,1.6251264830832282,0.0025615634290640423,-0.0011520168415496209,0.0008868683892997458,-1.6133815886707945,0.024415131479565755,1.6427544835805696,0.10289999842643738,0.40549999475479126,1.6497999429702759,-1.5707963267948966,0.0,1.5707963267948966,0.013015016574848283,-0.1417579313505836,1.8196888184421427
0.09060623782494832,0.42051865111153486,1.6251865016769678,0.0018975825193805562,-0.0009019658090141084,0.0006100372500315392,-1.6135276104599945,0.024622718619101924,1.6426015788868866,0.10289999842643738,0.40549999475479126,1.6497999429702759,-1.5707963267948966,0.0,1.5707963267948966,0.013068096654921221,-0.14181581963843645,1.8196992803269572
0.09069316726581783,0.42055550800846253,1.6252570665063186,0.001269861603359484,-0.0008080603050959726,0.0003394053528329408,-1.6136692340770824,0.024860100247085182,1.6424573397679136,0.10289999842643738,0.40549999475479126,1.6497999429702759,-1.5707963267948966,0.0,1.5707963267948966,0.013117094474002578,-0.14186761406938384,1.8197058529837522
0.09076177211026694,0.42057814025368645,1.6253163783785352,0.0013305408195980082,-0.0007432306558712795,0.0003357486729358083,-1.6137680742620548,0.025045141478991617,1.6423630664650917,0.10289999842643738,0.40549999475479126,1.6497999429702759,-1.5707963267948966,0.0,1.5707963267948966,0.013161546681125468,-0.14191312659873692,1.8197111963947339
0.09083979215789773,0.42059567344108983,1.625375378701798,0.002416344716802862,-0.0007212176277654468,0.0005128196217278566,-1.6138608966649552,0.025237808708336473,1.6422595033335505,0.10289999842643738,0.40549999475479126,1.6497999429702759,-1.5707963267948966,0.0,1.5707963267948966,0.013210709973690041,-0.14196266268616972,1.8197172857342452
0.09091264523334108,0.42060385443210896,1.6254202540319425,0.0030088909198193745,-0.0007845460728996345,0.0004329111260205214,-1.6139216105692489,0.02541190310210517,1.642160251601585,0.10289999842643738,0.40549999475479126,1.6497999429702759,-1.5707963267948966,0.0,1.5707963267948966,0.0132593950304265,-0.14201114561673275,1.8197245066578136
0.09100097706956194,0.4206123677915947,1.6254710230341336,0.002827966001522607,-0.0009083032322042602,0.00034073122341165597,-1.6139666335092295,0.025618608017190958,1.6420112419107062,0.10289999842643738,0.40549999475479126,1.6497999429702759,-1.5707963267948966,0.0,1.5707963267948966,0.013308485979729655,-0.14205949977420693,1.8197323039029694
0.09108342429435114,0.4206216346036222,1.6255158956025932,0.002614387180174833,-0.0010070190072123467,0.00021056366014027042,-1.613990670503116,0.02578746059817494,1.6418470430664969,0.10289999842643738,0.40549999475479126,1.6497999429702759,-1.5707963267948966,0.0,1.5707963267948966,0.01335753514477966,-0.14210802791522373,1.8197397402608968
0.09116159890035701,0.4206293151695675,1.6255587624863395,0.0022923467964077577,-0.0010488648210101289,-7.369368593913973e-06,-1.6139845089287723,0.025958021688366806,1.641664142575755,0.10289999842643738,0.40549999475479126,1.6497999429702759,-1.5707963267948966,0.0,1.5707963267948966,0.013407431298142602,-0.1421564531103787,1.8197469622758353
0.09123611781750607,0.42063432486221064,1.6256039789837902,0.0021443355492550115,-0.0009759692891966362,4.039434474079775e-05,-1.6139461867386977,0.026120384737948754,1.641479305454858,0.10289999842643738,0.40549999475479126,1.6497999429702759,-1.5707963267948966,0.0,1.5707963267948966,0.01345804363947368,-0.14220459801530647,1.8197534910340794
0.0913134125520807,0.42064154074900556,1.6256430510803621,0.0023176445299996446,-0.0008912036573728035,0.0003206865513676654,-1.6139014087694081,0.026262163259174187,1.6412706079123232,0.10289999842643738,0.40549999475479126,1.6497999429702759,-1.5707963267948966,0.0,1.5707963267948966,0.013508292127305014,-0.1422530374078903,1.819760357041919
0.0913983435958087,0.4206514670770002,1.6256782332772188,0.0022816064152663567,-0.000898471390560974,0.0005889810470854742,-1.613856594606676,0.026393714425556603,1.641038385851015,0.10289999842643738,0.40549999475479126,1.6497999429702759,-1.5707963267948966,0.0,1.5707963267948966,0.013557367409187837,-0.1423017906137311,1.8197683825438349
0.09149200209395325,0.4206659525274874,1.6257040977038113,0.002195402897200028,-0.0010557099572184104,0.000643402650871587,-1.6138211371639586,0.026509287895399858,1.6407801927670347,0.10289999842643738,0.40549999475479126,1.6497999429702759,-1.5707963267948966,0.0,1.5707963267948966,0.013605181874243002,-0.1423509384768213,1.819779439797115
0.09159233511790317,0.4206819691195942,1.6257269587309928,0.0015463245362338572,-0.0011999423563757664,0.0007467798437220081,-1.613802257136992,0.02660085454200356,1.6405115681845077,0.10289999842643738,0.40549999475479126,1.6497999429702759,-1.5707963267948966,0.0,1.5707963267948966,0.013652165675745804,-0.14240013545662922,1.8197915187772145
0.09170425881822464,0.4206975834872525,1.6257511860103053,0.0007576911935207066,-0.001239987998706901,0.0009379310925570715,-1.61379683045329,0.026671633400454642,1.640234295184423,0.10289999842643738,0.40549999475479126,1.6497999429702759,-1.5707963267948966,0.0,1.5707963267948966,0.013697442231257836,-0.14244923718411232,1.8198033337870172
0.09182697759019876,0.4207072362920877,1.6257830418768393,-6.35441415646985e-05,-0.0011619306890518592,0.0008875269366000919,-1.613799119632185,0.026729082424607142,1.6399602753795013,0.10289999842643738,0.40549999475479126,1.6497999429702759,-1.5707963267948966,0.0,1.5707963267948966,0.013741079919381605,-0.14249774598042644,1.8198141454647903
0.09195554437515552,0.420708106690822,1.6258260307959846,-0.00020262803931586968,-0.0010177947630038461,0.0006309399380522742,-1.6138150759136134,0.026762258875785427,1.6396976873297375,0.10289999842643738,0.40549999475479126,1.6497999429702759,-1.5707963267948966,0.0,1.5707963267948966,0.01378404634973152,-0.14254553910959716,1.819822884827026
0.09208497493294186,0.42070061911167955,1.6258729455460967,0.0004215908787465119,-0.0008150214195770483,0.00018399182333119914,-1.6138591661846493,0.0267920219504596,1.6394517595070701,0.10289999842643738,0.40549999475479126,1.6497999429702759,-1.5707963267948966,0.0,1.5707963267948966,0.013827129428467543,-0.14259279163454674,1.81983139101062
0.09220761210877132,0.4206840507319545,1.625922716869315,0.0008134651954663468,-0.0005784381195441797,-0.0001705780785013158,-1.613918135342773,0.02684423908058875,1.6392371896603848,0.10289999842643738,0.40549999475479126,1.6497999429702759,-1.5707963267948966,0.0,1.5707963267948966,0.01387140014041876,-0.14263937997290113,1.8198423754571464
0.0923258268429413,0.420661013598576,1.6259784779619864,0.0011330623598111882,-0.00037981363857007416,-0.0002801880463979694,-1.6139983139815106,0.026898818969324,1.6390584207809178,0.10289999842643738,0.40549999475479126,1.6497999429702759,-1.5707963267948966,0.0,1.5707963267948966,0.01391657052556501,-0.14268552132683557,1.819855854091118
0.09244374248749179,0.4206345376593032,1.6260360102041098,0.0013637261752975612,-0.00027063187834215955,-0.0001633184415417569,-1.6140932228021174,0.02694890008017925,1.6389057126926425,0.10289999842643738,0.40549999475479126,1.6497999429702759,-1.5707963267948966,0.0,1.5707963267948966,0.013962133161443149,-0.14273160314075523,1.8198702397839204
0.0925686683511121,0.4206072051367701,1.6260930232634048,0.0015996512035121346,-0.0001571558083602776,0.00038135087454660313,-1.6141970932018268,0.027000194730044225,1.6387669532973634,0.10289999842643738,0.40549999475479126,1.6497999429702759,-1.5707963267948966,0.0,1.5707963267948966,0.014006892641363693,-0.1427778828139209,1.819884757271945
0.09272851056788385,0.4205756677748701,1.6261526232008754,0.0020660577276032685,6.110240437684361e-05,0.0009780528387096708,-1.6143306896205845,0.02701324735091326,1.6386375649768956,0.10289999842643738,0.40549999475479126,1.6497999429702759,-1.5707963267948966,0.0,1.5707963267948966,0.014053038848383827,-0.14282864942707532,1.8199051250909537
0.09289278686835574,0.42054491151575685,1.6262057580644882,0.0019952130083227024,0.00017005509736667425,0.0009550597876024725,-1.6144775028396958,0.026985550316056095,1.6385398488922434,0.10289999842643738,0.40549999475479126,1.6497999429702759,-1.5707963267948966,0.0,1.5707963267948966,0.01409249356976484,-0.14287452169541967,1.8199305082661963
0.09304766791438682,0.4205157359589227,1.6262581567109307,0.0012334439239173006,0.00011147611817685794,0.0006449170080190044,-1.6146230040884797,0.026949672096688637,1.6384655918164845,0.10289999842643738,0.40549999475479126,1.6497999429702759,-1.5707963267948966,0.0,1.5707963267948966,0.014127288507611996,-0.14291576232029216,1.8199567966923225
0.09322314860686301,0.4204822295137658,1.6263271771731258,-0.00010234655771890551,-5.319942620905e-05,0.00017216571342843428,-1.6148079865437928,0.026897627578057914,1.6383941401355366,0.10289999842643738,0.40549999475479126,1.6497999429702759,-1.5707963267948966,0.0,1.5707963267948966,0.014165977567766677,-0.14296167269368193,1.819987470412364
0.0933947406314486,0.42044763797738643,1.6264063934530655,-0.00045876228395759006,-0.0004202842782325889,-0.00045485216159627244,-1.615011595827811,0.026845194586961885,1.6383254216143572,0.10289999842643738,0.40549999475479126,1.6497999429702759,-1.5707963267948966,0.0,1.5707963267948966,0.01420585599757984,-0.14300781843386465,1.8200207014969174
0.0935569965985931,0.420412668678554,1.6264902399489558,1.972232911818989e-05,-0.0006886023491343759,-0.0006476616882944504,-1.6152234537770906,0.02681650686450876,1.6382482133370302,0.10289999842643738,0.40549999475479126,1.6497999429702759,-1.5707963267948966,0.0,1.5707963267948966,0.014247502618198942,-0.14305452582666048,1.8200595950173384
0.09370110513326815,0.42037912912967623,1.6265713694374073,0.0006358795195779645,-0.0006916513995280043,-0.0005172282334726394,-1.6154149240413924,0.026809937538677886,1.6381726751819732,0.10289999842643738,0.40549999475479126,1.6497999429702759,-1.5707963267948966,0.0,1.5707963267948966,0.014285169501015502,-0.14309694791552982,1.8200983880365342
0.09385986512530911,0.42033989393511556,1.6266712161366768,0.0011519920116094568,-0.000649661942751565,-0.0004589773548686185,-1.6156264527580393,0.026818676308596245,1.6380902279852803,0.10289999842643738,0.40549999475479126,1.6497999429702759,-1.5707963267948966,0.0,1.5707963267948966,0.014326828769994446,-0.1431446538833979,1.820141809465023
0.0940455373732939,0.4202870477813198,1.6268040119976677,0.0015370062984327649,-0.0006196295101462424,-0.00036962891209439523,-1.615850182629831,0.026849541770789465,1.6380096892396392,0.10289999842643738,0.40549999475479126,1.6497999429702759,-1.5707963267948966,0.0,1.5707963267948966,0.014376788802554845,-0.14320233628506387,1.820191109079837
0.09416900284615892,0.42024888756432277,1.6268999615237631,0.0013818870591177136,-0.0006564219275994963,-0.0002637366065991603,-1.6159810020914405,0.026866597086040223,1.6379726036183324,0.10289999842643738,0.40549999475479126,1.6497999429702759,-1.5707963267948966,0.0,1.5707963267948966,0.014413929621220522,-0.1432458888585245,1.8202248971499306
0.09433953499552317,0.4201946630153553,1.627043234992709,0.0008746483195598348,-0.0008070743892236436,-0.0004916244249969578,-1.6161411565105472,0.02686769858561222,1.6379561775859965,0.10289999842643738,0.40549999475479126,1.6497999429702759,-1.5707963267948966,0.0,1.5707963267948966,0.014455213449460644,-0.1432947047022019,1.8202588295018014
0.0944863777845634,0.42014299764744434,1.6271863031676055,0.0006969329850664556,-0.0009189004870497079,-0.0007796663066151945,-1.6162606803260338,0.026872178419084403,1.6379956923170167,0.10289999842643738,0.40549999475479126,1.6497999429702759,-1.5707963267948966,0.0,1.5707963267948966,0.014497866767892869,-0.14334392171053875,1.8202906639643763
0.09463890788145266,0.42008293682525644,1.6273528972047644,0.0006885932915016839,-0.0007939265118547103,-0.0008439070908035735,-1.6163671051297188,0.02689876319110862,1.638083234360973,0.10289999842643738,0.40549999475479126,1.6497999429702759,-1.5707963267948966,0.0,1.5707963267948966,0.014546220162056782,-0.14339838202116903,1.8203255665050704
0.09477222149053699,0.4200282388908979,1.6275076883948134,0.0004802457901414516,-0.0008791433983827767,-0.0008745369007429035,-1.6164680906630593,0.026930731138023578,1.6381775806011731,0.10289999842643738,0.40549999475479126,1.6497999429702759,-1.5707963267948966,0.0,1.5707963267948966,0.014590947804879859,-0.14344844555497158,1.8203564024511256
0.09487339899238535,0.4199863157861728,1.6276338128835515,8.973265372024074e-05,-0.000919970377473931,-0.000940204719361797,-1.6165496464108178,0.02696853502601826,1.638253249609609,0.10289999842643738,0.40549999475479126,1.6497999429702759,-1.5707963267948966,0.0,1.5707963267948966,0.014627380028486861,-0.14348907789950896,1.820379309977805
0.09499253665607263,0.41993466811465935,1.6277915713775752,0.00013008686458449556,-0.0009843649681986679,-0.0010408350380781528,-1.6166457700069001,0.027028606964023538,1.6383559457110624,0.10289999842643738,0.40549999475479126,1.6497999429702759,-1.5707963267948966,0.0,1.5707963267948966,0.014673923576751001,-0.1435403539723261,1.8204058947881683
0.09510213152077324,0.41988430975408997,1.627939737075355,0.0008492726906802135,-0.000982186137933602,-0.0010303190146950525,-1.6167377673413743,0.027098926499960818,1.6384581355444767,0.10289999842643738,0.40549999475479126,1.6497999429702759,-1.5707963267948966,0.0,1.5707963267948966,0.01472177569061485,-0.14359216310367043,1.820432008673566
0.09522550550584627,0.4198251225085075,1.6281023288934104,0.0015607262423938595,-0.0007959831103356758,-0.000950459710988007,-1.6168315680635328,0.027185106139768322,1.638572530712716,0.10289999842643738,0.40549999475479126,1.6497999429702759,-1.5707963267948966,0.0,1.5707963267948966,0.014780345889408375,-0.1436549337247298,1.8204636781675372
0.09531147536486351,0.4197830660215019,1.6282139070879325,0.0016069490524830538,-0.0006369913320031383,-0.0009271503894375023,-1.6168780426536702,0.027258280974593596,1.6386536003054075,0.10289999842643738,0.40549999475479126,1.6497999429702759,-1.5707963267948966,0.0,1.5707963267948966,0.014825140726445097,-0.14370258757983373,1.8204869937798216
0.09540336616368603,0.4197409707077471,1.6283322389611392,0.0006598653950011993,-0.0004162599252685912,-0.0005314128634029068,-1.6169109394786065,0.027346656798069358,1.6387169329922935,0.10289999842643738,0.40549999475479126,1.6497999429702759,-1.5707963267948966,0.0,1.5707963267948966,0.014875291802286842,-0.1437563214564664,1.8205105494500977
0.09550119894520781,0.4197040435756253,1.6284482211774296,-0.00021731728039757988,-0.0004004346338422753,-0.00040054936413354205,-1.6169254343736228,0.02743040647161976,1.6387456820609527,0.10289999842643738,0.40549999475479126,1.6497999429702759,-1.5707963267948966,0.0,1.5707963267948966,0.0149291990551154,-0.1438161350590313,1.8205368641063266
0.09559414468775021,0.41966894189073944,1.6285586378059471,-0.0005281903694983202,-0.0006441007314513528,-0.0006108537415932773,-1.6169196355721709,0.027543776303249334,1.6387546738045862,0.10289999842643738,0.40549999475479126,1.6497999429702759,-1.5707963267948966,0.0,1.5707963267948966,0.014973730506743273,-0.14386529062292241,1.8205624650406567
0.09571217585948516,0.41961960661477704,1.6287020370084162,-0.00015436072798071215,-0.001094058247553163,-0.0008430538831397022,-1.6168985369229094,0.027740255515539936,1.6387507790033906,0.10289999842643738,0.40549999475479126,1.6497999429702759,-1.5707963267948966,0.0,1.5707963267948966,0.015043933883127712,-0.14394198186593543,1.820607629978582
0.09576412303695865,0.419594037614621,1.6287695981895558,9.691727977426122e-06,-0.0012805999139610142,-0.0009586842324407892,-1.6168837607369715,0.027858614800501336,1.6387437830639038,0.10289999842643738,0.40549999475479126,1.6497999429702759,-1.5707963267948966,0.0,1.5707963267948966,0.015084726883299702,-0.1439859876127648,1.8206349629829657
0.09582262992650868,0.4195615399787566,1.6288552348435557,0.0001014086842206355,-0.0013526094569298857,-0.0010732394208070942,-1.6168567604851656,0.028045708948829073,1.6387317543220892,0.10289999842643738,0.40549999475479126,1.6497999429702759,-1.5707963267948966,0.0,1.5707963267948966,0.01512618407735061,-0.14403033413108904,1.8206626245816624
0.09588735998501932,0.419526098801871,1.6289530666678838,0.0006073859052435878,-0.0011180921663447984,-0.0007198800095178309,-1.6168163967450073,0.02829805840069799,1.6386920624702404,0.10289999842643738,0.40549999475479126,1.6497999429702759,-1.5707963267948966,0.0,1.5707963267948966,0.015183490881674068,-0.14409225930042913,1.8207015513988791
0.0959436654134133,0.41949876305635,1.629024461248221,0.0005549274973973915,-0.0008499515408100887,-0.0003178217522444663,-1.6167870937771407,0.02850213934643442,1.638637270075311,0.10289999842643738,0.40549999475479126,1.6497999429702759,-1.5707963267948966,0.0,1.5707963267948966,0.01522939614513514,-0.14414321059547675,1.8207362161648137
0.09601212952018812,0.419465855086921,1.6290961806950892,2.7110423089848512e-05,-0.0007098037174312954,-0.00014932730616744273,-1.6167523575307778,0.028732337649947315,1.638568049813128,0.10289999842643738,0.40549999475479126,1.6497999429702759,-1.5707963267948966,0.0,1.5707963267948966,0.015279170164357828,-0.14419930050315594,1.8207802384623668
0.09608057303703774,0.41943060391582637,1.6291593464609933,-0.0011030316432455484,-0.0007503760763546887,-0.0004635175308420303,-1.616712979352968,0.028971457288603286,1.638485900978411,0.10289999842643738,0.40549999475479126,1.6497999429702759,-1.5707963267948966,0.0,1.5707963267948966,0.015328674088942198,-0.14425480900647386,1.8208293655608785
0.09614001745644109,0.419395792605252,1.629220850137668,-0.0027108972093876807,-0.0008500167211244287,-0.0007952463918437659,-1.6166676669633455,0.02922016454115317,1.6383924567744657,0.10289999842643738,0.40549999475479126,1.6497999429702759,-1.5707963267948966,0.0,1.5707963267948966,0.015379298357838056,-0.14431009742341258,1.820882173172705
0.0961911786503808,0.4193628413712209,1.6292823076332048,-0.0037992391865831325,-0.0009378368381267354,-0.0010334347035258677,-1.6165963280665068,0.029484927015840157,1.6382767685470316,0.10289999842643738,0.40549999475479126,1.6497999429702759,-1.5707963267948966,0.0,1.5707963267948966,0.015430970782856736,-0.14436549413642513,1.820938628576567
0.09623250753732349,0.4193326880064177,1.6293375465823359,-0.0041514302463871305,-0.0008988926622541094,-0.0011178072729857607,-1.6165074693475203,0.029771439453281534,1.6381249083952238,0.10289999842643738,0.40549999475479126,1.6497999429702759,-1.5707963267948966,0.0,1.5707963267948966,0.015484036730630516,-0.14442131419839116,1.8209986294654343
0.09626769826447884,0.41930453016025715,1.6293867552623291,-0.003995891648722604,-0.0007832396777737781,-0.0009452792265509363,-1.6164174509049267,0.030066618727166983,1.6379360933475648,0.10289999842643738,0.40549999475479126,1.6497999429702759,-1.5707963267948966,0.0,1.5707963267948966,0.015537717818519363,-0.1444775580801165,1.8210609134123137
0.09630032445070401,0.41927633752596144,1.6294337374702137,-0.0033777920799304877,-0.0008583249637339832,-0.0007873746128225527,-1.6163275225067864,0.03037608533684999,1.6377160429463387,0.10289999842643738,0.40549999475479126,1.6497999429702759,-1.5707963267948966,0.0,1.5707963267948966,0.015591325926847923,-0.1445343266605276,1.8211237871501555
0.09632976774789988,0.41924676360292856,1.6294847569117084,-0.0029223167268844614,-0.0010037740541560005,-0.000709581000133285,-1.6162257966783438,0.03071226739169841,1.6374883646485945,0.10289999842643738,0.40549999475479126,1.6497999429702759,-1.5707963267948966,0.0,1.5707963267948966,0.01564490159458417,-0.14459169654100404,1.8211855088912217
0.09635736244843668,0.41922008578202297,1.6295413954220859,-0.0024281688692611362,-0.00115892648438115,-0.0007593534277814091,-1.6161232784844453,0.031043738345012173,1.637251272950299,0.10289999842643738,0.40549999475479126,1.6497999429702759,-1.5707963267948966,0.0,1.5707963267948966,0.015698540226956492,-0.14465024443639243,1.8212442900737544
0.09638211410594925,0.41918897639829805,1.6296118550410446,-0.0013744184765412336,-0.0012093245089446116,-0.0006797306458124639,-1.61600936472414,0.031409719598969765,1.6369900118769714,0.10289999842643738,0.40549999475479126,1.6497999429702759,-1.5707963267948966,0.0,1.5707963267948966,0.015763570710705766,-0.14472150235632322,1.8213106800508172
0.09640152825814764,0.41915879245286514,1.6296740018105744,-0.00035464469173739907,-0.0011213969134232153,-0.0005813317150952351,-1.6159109160457168,0.03171399704394684,1.636787329179308,0.10289999842643738,0.40549999475479126,1.6497999429702759,-1.5707963267948966,0.0,1.5707963267948966,0.015806684070891946,-0.1447691870352611,1.821353775755525
0.096419333566665,0.41912384454037355,1.6297390203539546,0.0005322705980390805,-0.0009147487889399776,-0.00044541202029317194,-1.6158165454862872,0.03201236714012934,1.63659151279891,0.10289999842643738,0.40549999475479126,1.6497999429702759,-1.5707963267948966,0.0,1.5707963267948966,0.0158551902911146,-0.14482285801497527,1.821401401195922
0.09645031329540057,0.4190726047186526,1.629827724897968,0.0014305347992114282,-0.0005115434953948028,-4.4407171080334066e-05,-1.6157030656507727,0.032390416281619316,1.636330386848644,0.10289999842643738,0.40549999475479126,1.6497999429702759,-1.5707963267948966,0.0,1.5707963267948966,0.015918471638660937,-0.14489455702745427,1.8214641561264118
0.09647699726071907,0.4190364595037338,1.629886985516459,0.0017645056893299553,-0.00035511884481918344,4.138430001925396e-05,-1.615627651379967,0.03263683101892578,1.636160261746424,0.10289999842643738,0.40549999475479126,1.6497999429702759,-1.5707963267948966,0.0,1.5707963267948966,0.015964552345911296,-0.14494839784201977,1.8215126419897678
0.09651387483974533,0.4189915078805769,1.629961867885071,0.00175324768143436,-0.0002962535927204674,-7.765692937283688e-05,-1.615528081531575,0.03293645828608405,1.635942719348308,0.10289999842643738,0.40549999475479126,1.6497999429702759,-1.5707963267948966,0.0,1.5707963267948966,0.01601001176914408,-0.14500252402400116,1.8215616321783425
0.09655491440510997,0.4189404225104032,1.6300481350251392,0.0013281291695830782,-0.0003963643884533438,-0.0004920400145514563,-1.6154177390323012,0.03326160305528969,1.6357019459488191,0.10289999842643738,0.40549999475479126,1.6497999429702759,-1.5707963267948966,0.0,1.5707963267948966,0.01606544599055432,-0.14506886116853882,1.8216200018757205
0.09658498064598825,0.41889343747872465,1.6301307972035821,0.0006371164623464422,-0.00034825029767257564,-0.0005833557299713158,-1.6153047952502366,0.03358923126553037,1.6354903275627002,0.10289999842643738,0.40549999475479126,1.6497999429702759,-1.5707963267948966,0.0,1.5707963267948966,0.016116602701959064,-0.14512933700699274,1.8216734667372512
0.09661409348030614,0.4188443893565673,1.6302189015347426,-0.00016271597045641585,-0.0002511679830674514,-0.0005280676866173527,-1.6151896418511436,0.03393453755629405,1.6352940612902784,0.10289999842643738,0.40549999475479126,1.6497999429702759,-1.5707963267948966,0.0,1.5707963267948966,0.016167214578515634,-0.14518955782325385,1.821728696653051
0.09663967872598575,0.4187955818278883,1.6303145075296073,-0.0009896852220150712,-0.0003701730827056738,-0.0006110798826673039,-1.6150871495188177,0.034287226591867004,1.6350985433493461,0.10289999842643738,0.40549999475479126,1.6497999429702759,-1.5707963267948966,0.0,1.5707963267948966,0.016217601460403137,-0.14524991717541835,1.821783615019893
0.0966617638313327,0.4187456127937783,1.6304145915537118,-0.0013949378865545415,-0.0006801293098723727,-0.0006344942718158195,-1.6149897312310326,0.03465166268659514,1.6349047563066115,0.10289999842643738,0.40549999475479126,1.6497999429702759,-1.5707963267948966,0.0,1.5707963267948966,0.016267903915622457,-0.14531039087532222,1.8218368901481619
0.09668315199120549,0.4186936984767375,1.6305155335538115,-0.0018416505735325674,-0.0006907283498660674,-0.00035429921325759743,-1.6148897639448183,0.03502530639992063,1.6347033532575646,0.10289999842643738,0.40549999475479126,1.6497999429702759,-1.5707963267948966,0.0,1.5707963267948966,0.016317661502956188,-0.1453708670486458,1.8218879153291432
0.0967135104262116,0.41864081162441324,1.6306181668921724,-0.0022849698524917187,-0.0003616912853658233,7.183310220503683e-05,-1.6147893713211399,0.035374423261909094,1.6344998573249903,0.10289999842643738,0.40549999475479126,1.6497999429702759,-1.5707963267948966,0.0,1.5707963267948966,0.0163654797683678,-0.14543117565059038,1.8219384173657358
0.09675454866323027,0.41858404752817135,1.6307218495435714,-0.002760938574487848,8.279143608315216e-05,0.00011292910167937869,-1.6146738805677725,0.03570090360125633,1.634319361065529,0.10289999842643738,0.40549999475479126,1.6497999429702759,-1.5707963267948966,0.0,1.5707963267948966,0.016411356869017023,-0.14549079945050505,1.8219919063248584
0.09679522082440853,0.41852888572634184,1.630817418703527,-0.0033150726357004984,0.0005642381692616267,-9.30427784784087e-05,-1.614552295474651,0.03598840153354477,1.6341843587274771,0.10289999842643738,0.40549999475479126,1.6497999429702759,-1.5707963267948966,0.0,1.5707963267948966,0.016456545370274415,-0.14554970885879354,1.8220476781534576
0.09684150931224597,0.4184662425939451,1.6309264717887655,-0.004067059798859433,0.0010169140949822938,-0.0003443228742707041,-1.6144168829588974,0.03628790987603825,1.6340516085333727,0.10289999842643738,0.40549999475479126,1.6497999429702759,-1.5707963267948966,0.0,1.5707963267948966,0.016501689406653072,-0.14560832992628894,1.8221044378518656
0.09688719701667561,0.41840381031127444,1.631038591371988,-0.004108282298420286,0.001266552273269611,-0.0006228718714561072,-1.6142862062745467,0.0365833928979713,1.6339297939584865,0.10289999842643738,0.40549999475479126,1.6497999429702759,-1.5707963267948966,0.0,1.5707963267948966,0.01654236110643491,-0.14566111735255646,1.8221561771837957
0.09693214848799202,0.41834190614235667,1.631154857965599,-0.0035522710892409055,0.001148919010926346,-0.0009487439970625145,-1.6141407199951505,0.036934012163052365,1.6337737127034464,0.10289999842643738,0.40549999475479126,1.6497999429702759,-1.5707963267948966,0.0,1.5707963267948966,0.016592633001395074,-0.14572661477027124,1.8222221743419582
0.09696449400045022,0.41829053264726146,1.6312579319411804,-0.003560953970545437,0.0008822335434606832,-0.0012632236102458427,-1.6139978139378117,0.037262840485995596,1.6336180066643247,0.10289999842643738,0.40549999475479126,1.6497999429702759,-1.5707963267948966,0.0,1.5707963267948966,0.016639167397504942,-0.1457868144807134,1.8222846283420353
0.09698318452609794,0.4182436344121462,1.6313610644379328,-0.00393570397614172,0.0005447713502221577,-0.001667357992026718,-1.613827434533801,0.03761154819870782,1.6334453509841003,0.10289999842643738,0.40549999475479126,1.6497999429702759,-1.5707963267948966,0.0,1.5707963267948966,0.01668712444378439,-0.14584750004895577,1.8223494812478622
0.09698300295352974,0.4181946904616271,1.6314676708237552,-0.003937036646843898,0.0002097341551502923,-0.0017934264656131185,-1.6136157657143468,0.037999573834038625,1.6332811600436004,0.10289999842643738,0.40549999475479126,1.6497999429702759,-1.5707963267948966,0.0,1.5707963267948966,0.01673720561810508,-0.1459078577692255,1.8224177852598271
0.0969732192760251,0.4181427172344483,1.63157364342767,-0.0032737204086943183,7.66564401929359e-05,-0.0013994115140800135,-1.613392509165819,0.03840237770866484,1.6331162981065406,0.10289999842643738,0.40549999475479126,1.6497999429702759,-1.5707963267948966,0.0,1.5707963267948966,0.01678806226847012,-0.14596773315296918,1.8224905249237238
0.09696144804460045,0.41809015213232537,1.6316757729676112,-0.002765845211321458,0.00011015464060963102,-0.0012153223807333032,-1.6131728279822137,0.038805958207413394,1.6329434313113245,0.10289999842643738,0.40549999475479126,1.6497999429702759,-1.5707963267948966,0.0,1.5707963267948966,0.01683878406868451,-0.14602738439252513,1.8225678534542482
0.09693938638446407,0.41802989009724445,1.6317973267652053,-0.0028291041268238767,0.00031318211621174846,-0.0010669855774302342,-1.6128860642666993,0.03932822628349353,1.632722614186107,0.10289999842643738,0.40549999475479126,1.6497999429702759,-1.5707963267948966,0.0,1.5707963267948966,0.016900367490783375,-0.14609915190676304,1.8226645242708832
0.09691806011748741,0.417980503830066,1.6319017556981787,-0.002919647357461321,0.0005876636793558543,-0.0010066451784310102,-1.6126448521256134,0.03977203533779372,1.6325311802167786,0.10289999842643738,0.40549999475479126,1.6497999429702759,-1.5707963267948966,0.0,1.5707963267948966,0.01695172052153188,-0.14615887312555806,1.8227456778372098
0.09689724156628893,0.41794154864166233,1.631986965434898,-0.002724733484706784,0.0007423124865529763,-0.0010538963155913071,-1.6124575749016898,0.04012724069978457,1.6323750886391808,0.10289999842643738,0.40549999475479126,1.6497999429702759,-1.5707963267948966,0.0,1.5707963267948966,0.01699320013065385,-0.14620666070661698,1.822810130937158
0.0968696451705487,0.4178978491802616,1.6320823326732026,-0.00232340946863905,0.0008887768456217955,-0.0011298875228542037,-1.6122519780558289,0.040547287751786065,1.632197232503696,0.10289999842643738,0.40549999475479126,1.6497999429702759,-1.5707963267948966,0.0,1.5707963267948966,0.01704046926047953,-0.14626051595738826,1.8228813634749264
0.09683305411693982,0.41785091901349647,1.6321890935658432,-0.0025167437458742726,0.0010880621103742953,-0.0010738070090887564,-1.612025403391738,0.04103978191091873,1.6319949496032036,0.10289999842643738,0.40549999475479126,1.6497999429702759,-1.5707963267948966,0.0,1.5707963267948966,0.017093697274820508,-0.14632056971626944,1.822957895005528
0.09678853797039819,0.4177929314364481,1.6323381138489441,-0.002905129597506542,0.0014663213646570103,-0.00031442215156672555,-1.6117433759562825,0.041662509073749465,1.6317420055945886,0.10289999842643738,0.40549999475479126,1.6497999429702759,-1.5707963267948966,0.0,1.5707963267948966,0.017167080965206586,-0.14640467497279547,1.8230595460453993
0.09677204944001234,0.41775639961422556,1.6324347075692665,-0.002308848964641764,0.0015751794244578598,3.114770190584244e-05,-1.6115767309635354,0.042030113055883334,1.6316072127509726,0.10289999842643738,0.40549999475479126,1.6497999429702759,-1.5707963267948966,0.0,1.5707963267948966,0.017202083720414194,-0.14644639774143287,1.8231113081938202
0.09676047572916086,0.41771195242440684,1.6325413377420384,-0.0009629503623862577,0.0015852372161880624,0.0001463532019774313,-1.6113970183258624,0.04243294769189454,1.6314706472992302,0.10289999842643738,0.40549999475479126,1.6497999429702759,-1.5707963267948966,0.0,1.5707963267948966,0.017245938254494653,-0.14649948956447933,1.8231817007857922
0.0967562698813311,0.4176520628066065,1.6326735066996356,5.262993411592003e-05,0.001642753091869401,0.0002715474513815596,-1.611208180225322,0.04289506519877939,1.6313252322123901,0.10289999842643738,0.40549999475479126,1.6497999429702759,-1.5707963267948966,0.0,1.5707963267948966,0.01729775790255468,-0.14656357655555718,1.8232695980497973
0.09676231100420432,0.41758716722166683,1.6328132271892315,0.0008811553690772893,0.001552373881463038,7.136330777735669e-05,-1.611038468781649,0.04335033347548922,1.6311905345355961,0.10289999842643738,0.40549999475479126,1.6497999429702759,-1.5707963267948966,0.0,1.5707963267948966,0.01734766364147675,-0.14662717238512463,1.8233555277347488
0.09676697344086538,0.41754057003166256,1.6329161758837563,0.0016818479870289863,0.0013896351298624337,-0.00028918482614219155,-1.610919312120985,0.04369372595247656,1.6310857422829945,0.10289999842643738,0.40549999475479126,1.6497999429702759,-1.5707963267948966,0.0,1.5707963267948966,0.01738375666959819,-0.1466736357131782,1.8234171070713923
0.09677133672676932,0.4174849758882516,1.633043511101293,0.0027989280630395606,0.0011730853311144012,-0.0005241161730553055,-1.6107767119623704,0.044116366283515784,1.6309485919925852,0.10289999842643738,0.40549999475479126,1.6497999429702759,-1.5707963267948966,0.0,1.5707963267948966,0.017429353253108803,-0.14673210128317962,1.823495478852221
0.0967796022662423,0.41743100181204196,1.6331778476695693,0.003555112215118829,0.0010938462853586272,-0.0005106411792056828,-1.6106230342279528,0.04457896559436847,1.6307864409053676,0.10289999842643738,0.40549999475479126,1.6497999429702759,-1.5707963267948966,0.0,1.5707963267948966,0.0174792583412724,-0.14679725010440475,1.8235834164995481
0.09679012852988843,0.41738708741344754,1.633298250976271,0.0036531908796387097,0.0010393939278599252,-0.0005434318004450857,-1.6104847658307329,0.0450136939724608,1.630640566267024,0.10289999842643738,0.40549999475479126,1.6497999429702759,-1.5707963267948966,0.0,1.5707963267948966,0.017524106096667973,-0.14685698211514203,1.8236614596453367
0.09680183894738155,0.4173452827557041,1.633418287425684,0.003015117157024159,0.0009890496498517695,-0.0005194491389342314,-1.610367201498977,0.045444595251149966,1.6304909132343464,0.10289999842643738,0.40549999475479126,1.6497999429702759,-1.5707963267948966,0.0,1.5707963267948966,0.01756867522989269,-0.14691669632519241,1.8237357258407516
0.09681503754970144,0.4173053280502866,1.6335276787929054,0.001979667762913941,0.0008588935638909058,-0.0004101312184629263,-1.6102691703981973,0.04583642424793499,1.6303611168673342,0.10289999842643738,0.40549999475479126,1.6497999429702759,-1.5707963267948966,0.0,1.5707963267948966,0.017608226274946227,-0.14696974387680276,1.8237987826455764
0.09683527410775547,0.41725437255503994,1.6336598265555489,0.0007338279060172213,0.0006380347229770469,-0.0004537499144465569,-1.610143558291353,0.04631872565676076,1.6302032943400355,0.10289999842643738,0.40549999475479126,1.6497999429702759,-1.5707963267948966,0.0,1.5707963267948966,0.017655705193387945,-0.14703365826061082,1.823871755464379
0.09685362765476428,0.4172118410212634,1.6337752497048343,3.1648354365161285e-05,0.0003411261579902563,-0.0006190716425965846,-1.6100300549230864,0.04674779322733613,1.6300414720807765,0.10289999842643738,0.40549999475479126,1.6497999429702759,-1.5707963267948966,0.0,1.5707963267948966,0.01769863646904801,-0.14709154175205333,1.8239350979702287
0.09686861935426648,0.41716782601598645,1.6338825136540511,-0.0003018810345816651,0.00016977179004051092,-0.0007299731343234657,-1.6099103378342443,0.04717635376944784,1.6298686073664683,0.10289999842643738,0.40549999475479126,1.6497999429702759,-1.5707963267948966,0.0,1.5707963267948966,0.01774163768028406,-0.14714867849607677,1.823997014422398
0.09688142079211634,0.4171198404585592,1.6339848017724994,-0.0006079063530849132,0.00016140240285042175,-0.0006054936182934736,-1.6097807239252933,0.04761412546689092,1.6296956235460756,0.10289999842643738,0.40549999475479126,1.6497999429702759,-1.5707963267948966,0.0,1.5707963267948966,0.017784544732658263,-0.14720483826200825,1.8240570690812843
0.09689984467783103,0.41707106674262595,1.6340807208483634,-0.0009698641820121091,0.00027889533838003496,-0.00035360776959344185,-1.60966538736803,0.04803755636337037,1.6295146634870736,0.10289999842643738,0.40549999475479126,1.6497999429702759,-1.5707963267948966,0.0,1.5707963267948966,0.01782646176329955,-0.14726035244072913,1.824115968102774
0.09692658417469711,0.4170210737254251,1.634175483395684,-0.001612059118698864,0.00039276484527533213,-9.545277745299451e-05,-1.6095512052982401,0.04844504000139782,1.6293314620125616,0.10289999842643738,0.40549999475479126,1.6497999429702759,-1.5707963267948966,0.0,1.5707963267948966,0.017867016430265465,-0.14731517392251572,1.824173958282476
0.09696124395877022,0.4169771832763636,1.6342594764472853,-0.0015839407308918898,0.0005411032112599194,0.00025729125607830254,-1.6094417243417942,0.04880800078059089,1.6291560289166405,0.10289999842643738,0.40549999475479126,1.6497999429702759,-1.5707963267948966,0.0,1.5707963267948966,0.01790174296026782,-0.1473642229258971,1.8242258654437873
0.09701676678695292,0.4169327079668142,1.6343434901065321,-0.001116619035310418,0.000598950913558843,0.00041025004801918446,-1.6093308482366624,0.04918054776998959,1.6289415140467487,0.10289999842643738,0.40549999475479126,1.6497999429702759,-1.5707963267948966,0.0,1.5707963267948966,0.01794127529731366,-0.1474241687210347,1.8242924852040217
0.09708364415467209,0.4168906332278839,1.6344222118594818,-0.0012960269258330405,0.0004649494535628952,0.00020556395060532208,-1.6092281404706705,0.04950994843672163,1.6287199404848134,0.10289999842643738,0.40549999475479126,1.6497999429702759,-1.5707963267948966,0.0,1.5707963267948966,0.017972264906550208,-0.14747300292780618,1.8243489759728235
0.09716435953245853,0.41684630689802665,1.6345057131915035,-0.0017494922617018332,0.0002563116254526985,-5.267459599869396e-06,-1.6091086818357685,0.0498425090147645,1.628464668171625,0.10289999842643738,0.40549999475479126,1.6497999429702759,-1.5707963267948966,0.0,1.5707963267948966,0.018009305354277357,-0.1475324228879815,1.8244186194351764
0.09724453937797767,0.4168071743940862,1.6345801240807922,-0.0018370944758573564,7.303795474620413e-05,-0.000123719908664301,-1.6090044295438755,0.050123508625224744,1.6282252713684593,0.10289999842643738,0.40549999475479126,1.6497999429702759,-1.5707963267948966,0.0,1.5707963267948966,0.018041933888882807,-0.1475860680248577,1.8244814679581864
0.09732077652014412,0.41677655388668083,1.6346374523057805,-0.0011801267862277364,-0.00015933478141103252,-0.0004450649007833604,-1.6089301904115116,0.05036517005980823,1.6279925334816259,0.10289999842643738,0.40549999475479126,1.6497999429702759,-1.5707963267948966,0.0,1.5707963267948966,0.018070764406616466,-0.14763453213979658,1.8245377376689549
0.09740136122877115,0.4167506483297523,1.634688143724101,-0.0006630460668526826,-0.0004103200320538634,-0.0009516392013153868,-1.6088502532575701,0.05064918732741219,1.627710114198664,0.10289999842643738,0.40549999475479126,1.6497999429702759,-1.5707963267948966,0.0,1.5707963267948966,0.018103458768374214,-0.1476890899758613,1.8246015022159776
0.09747454861933458,0.41673307923807007,1.6347340244471351,-0.0010804341981945206,-0.00033900183366978096,-0.0011140988328432627,-1.6087656197214653,0.050953879402205526,1.6274128105387724,0.10289999842643738,0.40549999475479126,1.6497999429702759,-1.5707963267948966,0.0,1.5707963267948966,0.018137142594651743,-0.14774420803426128,1.8246680642357977
0.09755271728938127,0.4167188451402589,1.634789251601725,-0.0017209380896968667,1.8507432582739483e-05,-0.0011107876427750702,-1.6086718864616734,0.051277700427632134,1.6270940844477406,0.10289999842643738,0.40549999475479126,1.6497999429702759,-1.5707963267948966,0.0,1.5707963267948966,0.01817440082479083,-0.1478048069532212,1.8247421052454207
0.09761812680268939,0.41670544647134133,1.6348415646719865,-0.0010440504978837153,0.00024767394463796064,-0.0013352686626210395,-1.60858225912464,0.05158005978140423,1.6268122463293644,0.10289999842643738,0.40549999475479126,1.6497999429702759,-1.5707963267948966,0.0,1.5707963267948966,0.018209213937077758,-0.1478596341777343,1.8248083943603595
0.09767539767387799,0.41669262297917187,1.6348855810090834,-4.394096721319769e-05,0.0005606421251653733,-0.0013375427911635428,-1.6084879709472997,0.05189255327857234,1.626519429070823,0.10289999842643738,0.40549999475479126,1.6497999429702759,-1.5707963267948966,0.0,1.5707963267948966,0.018245536556618765,-0.14791445331426545,1.8248755012437732
0.0977318341268303,0.4166806315752629,1.634924068478578,-0.0002746620625618737,0.0009289000832870212,-0.0010024953923841859,-1.6083899177272525,0.05218406911248419,1.626208799356613,0.10289999842643738,0.40549999475479126,1.6497999429702759,-1.5707963267948966,0.0,1.5707963267948966,0.018282172699556187,-0.14796904901571017,1.824943240434986
0.09779828207847421,0.4166655677812764,1.6349782903069137,-0.0016351832948167126,0.0010456970739743205,-0.0008120134650071814,-1.608274189433664,0.05248655946454761,1.6258770456571852,0.10289999842643738,0.40549999475479126,1.6497999429702759,-1.5707963267948966,0.0,1.5707963267948966,0.018321895188007642,-0.14802838167614196,1.8250162303728903
0.09785327711110205,0.416650681331271,1.63503508279989,-0.0026097118590263342,0.0010233723426047948,-0.0007143103222100092,-1.608175285323501,0.05273482629327919,1.6256196896279091,0.10289999842643738,0.40549999475479126,1.6497999429702759,-1.5707963267948966,0.0,1.5707963267948966,0.01835432228932576,-0.14807630220625337,1.8250739484127538
0.09791805251908904,0.4166294236993158,1.6351113394074186,-0.002968399542840719,0.0010571328973330355,-0.000536233848128944,-1.6080700615252366,0.05299268408926272,1.6253542984225076,0.10289999842643738,0.40549999475479126,1.6497999429702759,-1.5707963267948966,0.0,1.5707963267948966,0.01838986838267072,-0.14812876586744897,1.8251346931586192
0.0979865252933051,0.41659983818658064,1.6352004386872967,-0.0019084443890306658,0.0009882496778856956,-0.00044165047863370887,-1.6079714364292121,0.05324492016238924,1.6251222486886077,0.10289999842643738,0.40549999475479126,1.6497999429702759,-1.5707963267948966,0.0,1.5707963267948966,0.018424786864395644,-0.14818029099295096,1.825192003339886
0.09805616524565618,0.4165626125022065,1.6352898390146342,0.00026009199735132165,0.0006486854083891859,-0.0006237881736432514,-1.6078819433614626,0.05350216823671872,1.624915614413864,0.10289999842643738,0.40549999475479126,1.6497999429702759,-1.5707963267948966,0.0,1.5707963267948966,0.018459374976764847,-0.14823119322403253,1.82524730797953
0.09812756726841373,0.416515129693976,1.6353853203001902,0.002140272137731571,0.00031570384257090093,-0.0007714629303499619,-1.6078037594122085,0.05377641624652707,1.6247009099777103,0.10289999842643738,0.40549999475479126,1.6497999429702759,-1.5707963267948966,0.0,1.5707963267948966,0.01849821153991162,-0.1482867423783062,1.8253072037076101
0.09819079614199643,0.41646961976005753,1.635474033967924,0.0028562287628717737,0.00026397310520816475,-0.0007426257155792436,-1.6077261803769758,0.05400954069692432,1.6245113131144415,0.10289999842643738,0.40549999475479126,1.6497999429702759,-1.5707963267948966,0.0,1.5707963267948966,0.018533661184312326,-0.14833710276604234,1.8253599848789657
0.09824739922280216,0.41642934540731363,1.6355590212602813,0.0027456364174277955,0.00040249703847087566,-0.0006718448569167731,-1.6076292240450791,0.0542189890377367,1.6243395296712744,0.10289999842643738,0.40549999475479126,1.6497999429702759,-1.5707963267948966,0.0,1.5707963267948966,0.018565487909958822,-0.1483825265816653,1.8254039920230045
0.09831041111741697,0.41638597424774126,1.6356557711453859,0.002065872559651849,0.0006391078278222611,-0.0008065051330153783,-1.6074918292933997,0.05443684301581886,1.6241384769597917,0.10289999842643738,0.40549999475479126,1.6497999429702759,-1.5707963267948966,0.0,1.5707963267948966,0.018600752060437847,-0.1484328513240423,1.825449122717062
0.09836590960440729,0.4163436643723418,1.6357549809165859,0.0013207293182888723,0.0008289938490301561,-0.001086787337352936,-1.6073333844520534,0.054652944831900196,1.623941030903875,0.10289999842643738,0.40549999475479126,1.6497999429702759,-1.5707963267948966,0.0,1.5707963267948966,0.018637242156728857,-0.14848275105200573,1.8254923839687853
0.09841683158230755,0.41630212968678626,1.63585916304343,0.0015153256769153938,0.0007725597333153517,-0.0014978266620783926,-1.6071559753725069,0.05490724800759583,1.6237259930899164,0.10289999842643738,0.40549999475479126,1.6497999429702759,-1.5707963267948966,0.0,1.5707963267948966,0.018679451947552616,-0.14853766541410202,1.8255415903273517
0.09844387216232166,0.41627664883402815,1.635929766097465,0.0018212684196693594,0.0005237233604689948,-0.0019927966511045204,-1.607037836051895,0.05514101794513504,1.623526718040455,0.10289999842643738,0.40549999475479126,1.6497999429702759,-1.5707963267948966,0.0,1.5707963267948966,0.018716714610745203,-0.1485831931561118,1.8255867877854384
0.09845297873152488,0.41625608003726844,1.6359999193552248,0.0011179361504932727,0.0002448292860354523,-0.002286248729517488,-1.6069397387268132,0.05543325445272895,1.6232925268093357,0.10289999842643738,0.40549999475479126,1.6497999429702759,-1.5707963267948966,0.0,1.5707963267948966,0.018761830592412158,-0.14863408956533436,1.8256439032447984
0.09844511571171906,0.4162407105243851,1.636066924355749,1.4650940699439235e-05,1.2926922289005673e-05,-0.002009784273940461,-1.606843044652377,0.05575388887893418,1.6230479381285101,0.10289999842643738,0.40549999475479126,1.6497999429702759,-1.5707963267948966,0.0,1.5707963267948966,0.01880979634618957,-0.14868486145256513,1.825706805788983
0.09842985178695901,0.416228391198643,1.6361326160701426,-0.0006035815292851017,-0.0003544122981828556,-0.0015783415306034187,-1.606747447414234,0.05608837063442351,1.6227923990452124,0.10289999842643738,0.40549999475479126,1.6497999429702759,-1.5707963267948966,0.0,1.5707963267948966,0.018858853760966632,-0.14873525784698416,1.8257740432477225
0.09840893545871926,0.416219772102014,1.6361939396271785,-0.00039992135944991533,-0.0007964435980388353,-0.00125969124146497,-1.6066686560520085,0.0564288244507547,1.6225262237615576,0.10289999842643738,0.40549999475479126,1.6497999429702759,-1.5707963267948966,0.0,1.5707963267948966,0.018908547176579495,-0.14878544711161457,1.8258464571893867
0.09838056924058311,0.41621130181107524,1.636253659248308,0.00015928398682894988,-0.0011191328310557126,-0.0009497671447812658,-1.6066000778376295,0.056821139782241126,1.6222257575840118,0.10289999842643738,0.40549999475479126,1.6497999429702759,-1.5707963267948966,0.0,1.5707963267948966,0.018963687424404074,-0.148840238103046,1.8259313897913567
0.09835482428472758,0.4162067678292053,1.6362986717547359,0.00011216500339918826,-0.001197224355970271,-0.0008867208438386174,-1.6065584587800965,0.05716074880135524,1.6219651244745137,0.10289999842643738,0.40549999475479126,1.6497999429702759,-1.5707963267948966,0.0,1.5707963267948966,0.01901417708800015,-0.14889002775734841,1.8260115485902695
0.09831328608750528,0.4162023613411764,1.6363597831487757,-0.0008224057883287578,-0.0010656065733319418,-0.0012391938170881007,-1.6065264741518361,0.057598186161196274,1.621641799738895,0.10289999842643738,0.40549999475479126,1.6497999429702759,-1.5707963267948966,0.0,1.5707963267948966,0.01906610577389612,-0.14893969989303701,1.82609151419944
0.0982692130974469,0.4161999356050298,1.6364129990436955,-0.0015245994427469172,-0.0009378472053464818,-0.0014858086914183535,-1.6065078059472973,0.05794027650083278,1.6214154776070615,0.10289999842643738,0.40549999475479126,1.6497999429702759,-1.5707963267948966,0.0,1.5707963267948966,0.01910959163006568,-0.1489793769918814,1.8261552711081306
0.09819498217976419,0.4161984428623547,1.6364933196636349,-0.000948111979114457,-0.0008623988677797765,-0.0012292554962557436,-1.606480597362486,0.05844597941695184,1.6211144448156705,0.10289999842643738,0.40549999475479126,1.6497999429702759,-1.5707963267948966,0.0,1.5707963267948966,0.019171357118673363,-0.14903399563491418,1.826244463738413
0.09813316748049274,0.4161999888302153,1.6365517754135261,0.0007649589934940546,-0.0008998972873785989,-0.0006461469038680899,-1.6064692694412002,0.05886347739213127,1.6208602555321998,0.10289999842643738,0.40549999475479126,1.6497999429702759,-1.5707963267948966,0.0,1.5707963267948966,0.01922214675355467,-0.14907895268708582,1.826320950418314
0.09807525286336025,0.4162037775274756,1.6366055567928812,0.0029728909244184512,-0.001000475611077448,-6.376851889231208e-06,-1.6064704872155875,0.059299678192402006,1.620564520623526,0.10289999842643738,0.40549999475479126,1.6497999429702759,-1.5707963267948966,0.0,1.5707963267948966,0.019277059545740806,-0.14912902260448813,1.8264133962844666
0.09801334203251955,0.4162093303294134,1.636670409840984,0.003428108402915303,-0.001147973620806401,5.520016952310182e-05,-1.6064886879133844,0.0598279286307708,1.620180476970058,0.10289999842643738,0.40549999475479126,1.6497999429702759,-1.5707963267948966,0.0,1.5707963267948966,0.019346712935231613,-0.14919392105279639,1.8265458844333111
0.09797655829930335,0.4162128150069336,1.6367186312883049,0.0026219444668795417,-0.0011660909251554048,-0.00021637037770815367,-1.606502056409745,0.06013200826230847,1.619955540848191,0.10289999842643738,0.40549999475479126,1.6497999429702759,-1.5707963267948966,0.0,1.5707963267948966,0.019389614620750045,-0.14923368110502494,1.8266293135337068
0.09791391249979708,0.4162201337015639,1.6368043512711778,0.0017402222836180297,-0.001026846022834852,-0.00038793775888330974,-1.6065229495273647,0.060575441887400494,1.6196313524378056,0.10289999842643738,0.40549999475479126,1.6497999429702759,-1.5707963267948966,0.0,1.5707963267948966,0.019455335369137385,-0.1492933736890463,1.8267543192071733
0.09786494845429769,0.41622871213828677,1.6368840832268992,0.0020345039979532426,-0.0006517211533787364,3.4085148881117785e-05,-1.606538441764145,0.06093164952794616,1.6193592455663959,0.10289999842643738,0.40549999475479126,1.6497999429702759,-1.5707963267948966,0.0,1.5707963267948966,0.019509537472880107,-0.1493433072455496,1.826859344716649
0.097831633322991,0.41623648627077814,1.6369566810943539,0.0028953320508975817,-0.00035625410478791426,0.0005197133131655598,-1.6065543748584847,0.061226563682187596,1.6191190323152744,0.10289999842643738,0.40549999475479126,1.6497999429702759,-1.5707963267948966,0.0,1.5707963267948966,0.019556722847444804,-0.14938823966824114,1.8269555456004989
0.09781221430321294,0.41624138208297595,1.6370330595985463,0.0032682283160320943,-0.00020469071078498086,0.0007445545615126021,-1.6065903682907854,0.061483870834616816,1.6189000404636846,0.10289999842643738,0.40549999475479126,1.6497999429702759,-1.5707963267948966,0.0,1.5707963267948966,0.019601926033623644,-0.14943275982106757,1.8270546138440933
0.0978000291458143,0.41624464246417087,1.6371273212700508,0.002832630060893755,-0.00025261125422458536,0.0005376223776627892,-1.6066535693704507,0.0617370396031891,1.618690329314329,0.10289999842643738,0.40549999475479126,1.6497999429702759,-1.5707963267948966,0.0,1.5707963267948966,0.019650994152614887,-0.14948191679438483,1.8271665120210827
0.09779230117793802,0.416247213973197,1.6372456260596076,0.0016626413378443318,-0.00025922274819800234,0.00031373626940467896,-1.6067618792370943,0.061989479819826165,1.6184978488845323,0.10289999842643738,0.40549999475479126,1.6497999429702759,-1.5707963267948966,0.0,1.5707963267948966,0.0197044220125957,-0.14953585968389996,1.82728793491279
0.09779194123606252,0.41625013109395315,1.6373687292863763,0.0006285125684153423,-0.00011332478683916654,0.00022797207357252799,-1.6068874124152794,0.06218934624134054,1.6183553191333075,0.10289999842643738,0.40549999475479126,1.6497999429702759,-1.5707963267948966,0.0,1.5707963267948966,0.01975229839765567,-0.14958496032946714,1.8273947008785367
0.09779553787768301,0.41625132734463666,1.637490885476084,0.0003783074691995273,0.00010749303149961273,5.877108105427827e-05,-1.6070123504759932,0.06236159538167918,1.6182536722520582,0.10289999842643738,0.40549999475479126,1.6497999429702759,-1.5707963267948966,0.0,1.5707963267948966,0.01979958985238042,-0.1496340219515067,1.8274964547009118
0.09779767896810858,0.4162495007058745,1.6376453011159964,0.001309262209945846,0.000268200245624017,-0.0003919228435148198,-1.6071613103989455,0.06257566331407549,1.61814535317428,0.10289999842643738,0.40549999475479126,1.6497999429702759,-1.5707963267948966,0.0,1.5707963267948966,0.019847098269702386,-0.14968305510099464,1.827594733740371
0.0977927370511774,0.41624620870490003,1.637767750406446,0.002448923530705397,0.0003985163713306856,-0.00044964425314807213,-1.6072776229786068,0.0627553786300803,1.618060139365102,0.10289999842643738,0.40549999475479126,1.6497999429702759,-1.5707963267948966,0.0,1.5707963267948966,0.01989070315115401,-0.14972725048181443,1.8276839747878804
0.09779022443379484,0.4162454882970731,1.6379009872203751,0.003098368809296822,0.0003783744801612573,-0.0004546948719643658,-1.6074049500708933,0.06294458881257992,1.6179721925427126,0.10289999842643738,0.40549999475479126,1.6497999429702759,-1.5707963267948966,0.0,1.5707963267948966,0.01993858081990137,-0.14977679628675022,1.8277856596206647
0.09778154344977288,0.4162524568393319,1.638032052044833,0.0034373148782207755,-3.4384700512687945e-05,-0.0009683747732614871,-1.607524927555749,0.06314591186512253,1.617900478230693,0.10289999842643738,0.40549999475479126,1.6497999429702759,-1.5707963267948966,0.0,1.5707963267948966,0.019987443122493113,-0.1498273510257996,1.8278904202815356
0.09775920535384,0.41626533025867263,1.63815708184354,0.0037291754465577412,-0.00047832930018117765,-0.0012587555058652087,-1.607641396596278,0.06337395789022437,1.617836683700998,0.10289999842643738,0.40549999475479126,1.6497999429702759,-1.5707963267948966,0.0,1.5707963267948966,0.020038448786261466,-0.14987861600737762,1.8280008392424671
0.09772676481310803,0.41627777945242583,1.638280459314973,0.003490901786214621,-0.0006092541333917481,-0.0010747303887726214,-1.6077473122993893,0.06361903803013202,1.6177750711891206,0.10289999842643738,0.40549999475479126,1.6497999429702759,-1.5707963267948966,0.0,1.5707963267948966,0.020090591527037613,-0.1499296784456361,1.8281159472386463
0.09768987821193499,0.41628861803177786,1.638404139865884,0.002796242011631119,-0.0005709439914927457,-0.0007597379167997142,-1.6078377253095948,0.06388418199166157,1.617714365663194,0.10289999842643738,0.40549999475479126,1.6497999429702759,-1.5707963267948966,0.0,1.5707963267948966,0.020142793227596073,-0.149980391333289,1.8282325779637885
0.09765237287236497,0.4163004374689587,1.6385298934567476,0.0018393524006134966,-0.0005956081227688787,-0.0005014902441750564,-1.607927283377555,0.06416019534603468,1.6176472681126277,0.10289999842643738,0.40549999475479126,1.6497999429702759,-1.5707963267948966,0.0,1.5707963267948966,0.02019470030273188,-0.1500310049721012,1.828349560925017
0.09761951931818555,0.4163120439650605,1.6386411387204898,0.0011565806982964295,-0.0006488814765696353,-0.00032454835144511495,-1.6080165207857684,0.06439946888070969,1.6175735106707614,0.10289999842643738,0.40549999475479126,1.6497999429702759,-1.5707963267948966,0.0,1.5707963267948966,0.020241061398619913,-0.15007648089065662,1.8284550357291938
0.09758163733358242,0.416325661960262,1.638778488820054,0.0005270489071812507,-0.0006263271818778206,-6.170853543664368e-05,-1.6081271021919026,0.06467334192371554,1.6174862792237437,0.10289999842643738,0.40549999475479126,1.6497999429702759,-1.5707963267948966,0.0,1.5707963267948966,0.020297061219795274,-0.1501318950791801,1.8285822523009034
0.09755118735914768,0.4163328002958688,1.6389054761681177,0.0008099569961224356,-0.0005213048466772507,2.977318898299307e-05,-1.6082260090854996,0.06488654532292948,1.6174239763944844,0.10289999842643738,0.40549999475479126,1.6497999429702759,-1.5707963267948966,0.0,1.5707963267948966,0.0203469381900839,-0.15018176644616146,1.828696226599615
0.09752063341624907,0.41633617008476276,1.6390330317705406,0.0017522606775574351,-0.00038133800604921966,-0.00019481024612268876,-1.6083276321010471,0.0650645964024199,1.6173671194215493,0.10289999842643738,0.40549999475479126,1.6497999429702759,-1.5707963267948966,0.0,1.5707963267948966,0.02039657384875934,-0.15023163683003243,1.828808317060422
0.0974843582378502,0.4163403618293715,1.6391553877533631,0.002894364225469036,-0.0003061573250531985,-0.0005226850374471858,-1.6084284347050115,0.06523403726691424,1.617299803701213,0.10289999842643738,0.40549999475479126,1.6497999429702759,-1.5707963267948966,0.0,1.5707963267948966,0.020447110569657055,-0.15028229348176753,1.8289195948256112
0.09744053397986112,0.4163460451461017,1.639275056992908,0.003151207471064648,-0.00028715620790795105,-0.0008981846559918733,-1.6085200902902803,0.06541163256429572,1.61723183526668,0.10289999842643738,0.40549999475479126,1.6497999429702759,-1.5707963267948966,0.0,1.5707963267948966,0.020498963268259007,-0.15033374583085948,1.829031049630759
0.09738886149151454,0.4163571768368295,1.6393842630496807,0.002619006787995672,-0.00043697056618646876,-0.0012625319973342559,-1.6085925705691033,0.06558186522076737,1.617173986432426,0.10289999842643738,0.40549999475479126,1.6497999429702759,-1.5707963267948966,0.0,1.5707963267948966,0.020547503921970058,-0.1503811296596032,1.8291314235008536
0.09730316510216798,0.41638116429501654,1.6395359326282788,0.0017333762518360173,-0.0006775566173151928,-0.0012965969648543914,-1.608662835213128,0.06582341654787927,1.6171087090808807,0.10289999842643738,0.40549999475479126,1.6497999429702759,-1.5707963267948966,0.0,1.5707963267948966,0.02061466740335527,-0.15044576926019668,1.829266205183301
0.09723012623694675,0.4164010020454767,1.6396534022845666,0.0013213896262678471,-0.000660255138029388,-0.0011214910570961634,-1.6086893509093543,0.06601787735348719,1.617066192938503,0.10289999842643738,0.40549999475479126,1.6497999429702759,-1.5707963267948966,0.0,1.5707963267948966,0.0206662126477676,-0.15049483377724152,1.8293663724246527
0.09714476752001935,0.41642214133336436,1.6397850464033643,0.0014535029252531013,-0.0005272296536448941,-0.0007028026226673303,-1.6087049905078643,0.06623289279623634,1.6170193512189373,0.10289999842643738,0.40549999475479126,1.6497999429702759,-1.5707963267948966,0.0,1.5707963267948966,0.020723836313934933,-0.15054959985763763,1.829475722076448
0.09706033022775457,0.41644239176073866,1.6399108792214279,0.002257506874779376,-0.00045194389247017985,-0.0003096038479114837,-1.6087062040878521,0.06643643631040508,1.616960107241586,0.10289999842643738,0.40549999475479126,1.6497999429702759,-1.5707963267948966,0.0,1.5707963267948966,0.02078091595974028,-0.15060456678164832,1.8295857729025335
0.09697791985622546,0.4164661604383336,1.6400244852155832,0.0025176852782579913,-0.00043334778136289067,-0.00020664053542039965,-1.608687637601825,0.06663706689429993,1.6168725733095697,0.10289999842643738,0.40549999475479126,1.6497999429702759,-1.5707963267948966,0.0,1.5707963267948966,0.02084296354322632,-0.1506657722030706,1.8297100879761994
0.09689361915202031,0.41648944950119393,1.6401341044331805,0.001800962817429397,-0.00042757189204042044,-0.0001579623078201803,-1.6086568521987021,0.06684204152922035,1.6167807155486504,0.10289999842643738,0.40549999475479126,1.6497999429702759,-1.5707963267948966,0.0,1.5707963267948966,0.02089947556554167,-0.15072151407393816,1.8298228797351668
0.0968105229673995,0.41651194977219386,1.6402448632010684,0.000716927855881518,-0.0004219555627532024,-0.00013991899578187042,-1.6086166419839911,0.06703076693977827,1.6166842394265726,0.10289999842643738,0.40549999475479126,1.6497999429702759,-1.5707963267948966,0.0,1.5707963267948966,0.02094997826117831,-0.15077169346233257,1.82992173816703
0.09672457399302126,0.41653579857706524,1.64035258791935,0.0001097356903493869,-0.0005341342974564507,-0.00021795516182777268,-1.6085641520944705,0.06723398166220562,1.6165838358973423,0.10289999842643738,0.40549999475479126,1.6497999429702759,-1.5707963267948966,0.0,1.5707963267948966,0.021006405977935672,-0.15082775180646793,1.8300291406850389
0.09663954139397729,0.41656034067988706,1.6404476960973875,0.0003009651494738229,-0.000661219684636684,-6.34597666938763e-05,-1.6084961829273692,0.06745122691713945,1.616465231530989,0.10289999842643738,0.40549999475479126,1.6497999429702759,-1.5707963267948966,0.0,1.5707963267948966,0.02106271015085595,-0.1508840421949553,1.8301351549130414
0.09655916058157968,0.41658221714477756,1.6405270144463018,0.00046981411962181835,-0.0006847673168893892,0.00013069548112908545,-1.608418684442495,0.0676459491942265,1.616330392101788,0.10289999842643738,0.40549999475479126,1.6497999429702759,-1.5707963267948966,0.0,1.5707963267948966,0.021118367147597055,-0.15094007558684144,1.8302402061333325
0.09648358779051272,0.4166028136598983,1.6405939546215034,-0.0003072432607958986,-0.0005650707431260489,0.00021695147633654072,-1.608327264181646,0.06781806993511719,1.61619071634073,0.10289999842643738,0.40549999475479126,1.6497999429702759,-1.5707963267948966,0.0,1.5707963267948966,0.021173159878971795,-0.15099588435318184,1.8303440201326122
0.09641050737551121,0.4166202119534546,1.6406596870549086,-0.001875207362769234,-0.0003379446846700861,0.000228288162405436,-1.6082149218007062,0.06798649177034477,1.6160634764017143,0.10289999842643738,0.40549999475479126,1.6497999429702759,-1.5707963267948966,0.0,1.5707963267948966,0.021227223433079624,-0.15105119808200612,1.830443834988354
0.09633900935439148,0.4166333569294796,1.6407255160439485,-0.002792650105576473,-0.00012639208913454178,0.00011056388778999997,-1.6081045813145238,0.06813573146874141,1.6159412144220076,0.10289999842643738,0.40549999475479126,1.6497999429702759,-1.5707963267948966,0.0,1.5707963267948966,0.021280641482117744,-0.15110593587225996,1.830538070382053
0.09625741207164266,0.41664694188970025,1.6407897285251398,-0.002864592973697389,-2.3024296443231936e-05,-0.00017976327280781466,-1.6079802374978476,0.06829609427319117,1.6157957041499764,0.10289999842643738,0.40549999475479126,1.6497999429702759,-1.5707963267948966,0.0,1.5707963267948966,0.02133942299898783,-0.1511662626779415,1.8306369217165281
0.0961847320863956,0.41665765037328273,1.6408382494865614,-0.0027282809998834387,-4.4515909572355805e-05,-0.0004294178251287752,-1.607856865876957,0.06843923253976802,1.6156713510841731,0.10289999842643738,0.40549999475479126,1.6497999429702759,-1.5707963267948966,0.0,1.5707963267948966,0.021388052667967943,-0.15121597190003924,1.830715260348249
0.09608207057495771,0.4166732066421246,1.6409021404075663,-0.003089048312034084,-3.241607781227678e-05,-0.0001783302885715456,-1.6076788298030298,0.06862441373071437,1.6154986396398643,0.10289999842643738,0.40549999475479126,1.6497999429702759,-1.5707963267948966,0.0,1.5707963267948966,0.021458642095769684,-0.1512885258153587,1.8308256893100916
0.09601090916907797,0.41668489627657557,1.6409555510567178,-0.00340934031732506,-9.519629775130813e-05,0.00014754769184682835,-1.6075465215059135,0.0687446898530304,1.6153731889872955,0.10289999842643738,0.40549999475479126,1.6497999429702759,-1.5707963267948966,0.0,1.5707963267948966,0.02150610535666312,-0.15133895697195757,1.8309014870963878
0.09593844124932757,0.41669920828347623,1.641013759633424,-0.00299704733723144,-0.00031118652030840755,0.00012200566983068007,-1.6073980928031242,0.06888322884787668,1.6152406369094416,0.10289999842643738,0.40549999475479126,1.6497999429702759,-1.5707963267948966,0.0,1.5707963267948966,0.021552340767412123,-0.15138971317136646,1.8309788273718295
0.0958575634308631,0.4167202939723184,1.6410754849875384,-0.0024301784111915754,-0.0006036642052755568,-7.159556225463303e-06,-1.6072584489557185,0.06903300093735609,1.6151001795860775,0.10289999842643738,0.40549999475479126,1.6497999429702759,-1.5707963267948966,0.0,1.5707963267948966,0.021613851057953253,-0.15145852168055793,1.8310844151008119
0.09578791299434654,0.4167473468181341,1.6411265855914232,-0.0021454300942730866,-0.0005574210087942799,0.00013772612012069547,-1.607161739494972,0.06914492788439208,1.6149571462725347,0.10289999842643738,0.40549999475479126,1.6497999429702759,-1.5707963267948966,0.0,1.5707963267948966,0.02165911181481344,-0.15151122229406075,1.8311642342794372
0.09573092223608305,0.4167760172133066,1.64117338608817,-0.0028864521350345615,-0.0002588156444378274,0.000250316775296503,-1.6070842266860343,0.06925059903783604,1.6148235876349957,0.10289999842643738,0.40549999475479126,1.6497999429702759,-1.5707963267948966,0.0,1.5707963267948966,0.021703186658774146,-0.15156455009920602,1.83124226282126
0.09567866522463078,0.41680525714705646,1.6412260836743113,-0.003948962010944686,0.00014703810045602232,0.0003653689224738681,-1.6070188374664558,0.06934475787743288,1.6146933953799798,0.10289999842643738,0.40549999475479126,1.6497999429702759,-1.5707963267948966,0.0,1.5707963267948966,0.021746377112218145,-0.15161793611276567,1.8313171727905107
0.0956350917350016,0.41683298924665885,1.6412851523549268,-0.004473776276395078,0.0005652024162653663,0.000630510389877926,-1.6069615796184373,0.06940480642786984,1.6145666599199517,0.10289999842643738,0.40549999475479126,1.6497999429702759,-1.5707963267948966,0.0,1.5707963267948966,0.021788072011570046,-0.1516711217125812,1.831388271783319
0.0955951778500456,0.41685922280739024,1.6413636042914757,-0.004176412380802542,0.0008222008629607373,0.0006623738993920558,-1.6068827146068532,0.06945040166546246,1.614432669952674,0.10289999842643738,0.40549999475479126,1.6497999429702759,-1.5707963267948966,0.0,1.5707963267948966,0.021836768406637806,-0.1517353844420713,1.8314722024205452
0.09556484435515886,0.41687725164238854,1.6414369976961407,-0.0033431644851355234,0.0007230653555412951,0.00038343994729688347,-1.6068157923949877,0.06946555030974899,1.6143248026923556,0.10289999842643738,0.40549999475479126,1.6497999429702759,-1.5707963267948966,0.0,1.5707963267948966,0.021879921893634004,-0.15179342073726879,1.831546986788463
0.09553583472199981,0.4168922407631877,1.6415100335656134,-0.002362085407055302,0.00030138869359119883,8.522155275516125e-05,-1.606766441229974,0.0694574473295706,1.6142184897143546,0.10289999842643738,0.40549999475479126,1.6497999429702759,-1.5707963267948966,0.0,1.5707963267948966,0.021922645445672954,-0.15185142746020217,1.8316208277217014
0.09550838009271542,0.41690654933367954,1.6415788868339127,-0.0014612081862461143,7.606607241972423e-07,0.0002309069024216812,-1.6067074008624846,0.06945171687796137,1.614112895214583,0.10289999842643738,0.40549999475479126,1.6497999429702759,-1.5707963267948966,0.0,1.5707963267948966,0.021964850941894865,-0.15190966149283322,1.8316947996941182
0.09549537360036305,0.4169185025748399,1.6416470467422286,-0.001335600470927551,7.41115362161593e-05,0.0005769795543561834,-1.6066422770758866,0.06942234766632094,1.6140141202393314,0.10289999842643738,0.40549999475479126,1.6497999429702759,-1.5707963267948966,0.0,1.5707963267948966,0.02200451960839751,-0.15196753734183185,1.8317698868431214
0.09549297758677312,0.4169260114824131,1.6417222995640168,-0.0016201335218237391,0.00014919457214851282,0.00037483154284003405,-1.6065802857580114,0.06936570711942203,1.6139284395398052,0.10289999842643738,0.40549999475479126,1.6497999429702759,-1.5707963267948966,0.0,1.5707963267948966,0.022042372395663572,-0.15202467776963594,1.8318456515150479
0.09549318862876308,0.4169293556455571,1.6418005207864195,-0.0015778453161334307,0.0002595812748642081,8.21104576457085e-05,-1.606506497287658,0.06931497821167465,1.6138525795903036,0.10289999842643738,0.40549999475479126,1.6497999429702759,-1.5707963267948966,0.0,1.5707963267948966,0.02207968317456936,-0.1520813184043498,1.8319212084844454
0.09549460901431683,0.41693305043823803,1.6418814258705767,-0.001310367005250947,0.00038174586397322154,-0.00035790519056835016,-1.6064254453700892,0.0692618796708282,1.6137816957856088,0.10289999842643738,0.40549999475479126,1.6497999429702759,-1.5707963267948966,0.0,1.5707963267948966,0.022116764952084676,-0.15213804627047842,1.8319959743317396
0.09549047951867283,0.41694221715165286,1.6419567761094496,-0.0003990277654919518,0.00039889325232977046,-0.0006530712458350771,-1.6063534558309278,0.06919439640341363,1.6136942851580829,0.10289999842643738,0.40549999475479126,1.6497999429702759,-1.5707963267948966,0.0,1.5707963267948966,0.0221548053603713,-0.1521955176980579,1.832072433344808
0.09548519361649875,0.41695782247592994,1.6420245989040023,0.00029617339109450807,0.0005111339786594381,-0.0006132133103041421,-1.6062866352342846,0.06911694841819571,1.613578383774253,0.10289999842643738,0.40549999475479126,1.6497999429702759,-1.5707963267948966,0.0,1.5707963267948966,0.022193062475362672,-0.1522538854938497,1.8321510932976668
0.09548157304454363,0.4169784970020189,1.6420904869079525,-0.00019699019113645386,0.0007385114490205748,-0.00046717522256242374,-1.6062097989309974,0.06902453084298443,1.6134399663617802,0.10289999842643738,0.40549999475479126,1.6497999429702759,-1.5707963267948966,0.0,1.5707963267948966,0.02223088784781935,-0.15231289873462417,1.8322279458734987
0.09547909677356728,0.41700141983538924,1.6421627340328104,-0.0015950116833735864,0.0008663748643311497,-0.0006176823682348529,-1.60614990842249,0.06891010424254329,1.6132814415145555,0.10289999842643738,0.40549999475479126,1.6497999429702759,-1.5707963267948966,0.0,1.5707963267948966,0.022268195116388174,-0.15237198505444216,1.8322995935858797
0.09546658608377173,0.41702224383933895,1.6422426302111135,-0.002425074026957352,0.0007601611175057188,-0.0010314590302448415,-1.6060976927112045,0.0688163571550322,1.613124623035512,0.10289999842643738,0.40549999475479126,1.6497999429702759,-1.5707963267948966,0.0,1.5707963267948966,0.022306588449989367,-0.1524306424491731,1.8323666031370218
0.09544209970666807,0.4170375416963749,1.642323663641507,-0.0024501668542370276,0.0006334630050076198,-0.0011653471236908602,-1.6060443492100758,0.06876076790603003,1.612966031876913,0.10289999842643738,0.40549999475479126,1.6497999429702759,-1.5707963267948966,0.0,1.5707963267948966,0.022346428482550234,-0.15248855817274448,1.8324324382780224
0.0954036758970566,0.4170440808877224,1.642413038351805,-0.002153072613216216,0.00043899770885555623,-0.0013145008463302623,-1.605995196657973,0.06871407973474586,1.6127827820200837,0.10289999842643738,0.40549999475479126,1.6497999429702759,-1.5707963267948966,0.0,1.5707963267948966,0.0223957134572754,-0.15255656821674202,1.8325087066633337
0.09535834199971303,0.41704261945412296,1.6424820339756683,-0.001370707758880849,0.0003012822499418295,-0.0015132537610593063,-1.605959614547041,0.06869991000138054,1.6126176106579977,0.10289999842643738,0.40549999475479126,1.6497999429702759,-1.5707963267948966,0.0,1.5707963267948966,0.02243434496913229,-0.1526068224914287,1.832563675172025
0.09529361464357965,0.417040992981547,1.6425482381391252,-0.0005005023330096035,0.00031253081324716226,-0.0014744945561844596,-1.60592023563046,0.0687236378947702,1.6124078768897898,0.10289999842643738,0.40549999475479126,1.6497999429702759,-1.5707963267948966,0.0,1.5707963267948966,0.022474282456301654,-0.15265717618215963,1.8326175669604081
0.09522882298537348,0.41704095672537295,1.6426034652097947,-0.0004407879354291562,0.0005928178498192217,-0.0010056904240340278,-1.6058921604625185,0.06876314737710887,1.612211281271558,0.10289999842643738,0.40549999475479126,1.6497999429702759,-1.5707963267948966,0.0,1.5707963267948966,0.022514481949256857,-0.15270754596648672,1.8326691730761422
0.09516047793473979,0.41703991778962024,1.642667861997867,-0.0006904610049433851,0.0010193379467301332,-0.0005036703460391834,-1.605862501581037,0.0687996203952479,1.6120047997116587,0.10289999842643738,0.40549999475479126,1.6497999429702759,-1.5707963267948966,0.0,1.5707963267948966,0.02255799501845405,-0.1527629923812009,1.8327251435873493
0.09508589085649938,0.41703859779197827,1.6427405087475282,-0.0008139482550285728,0.0012388959874653266,-0.0006685196976351126,-1.6058197231647313,0.06885117560121579,1.6118106113150428,0.10289999842643738,0.40549999475479126,1.6497999429702759,-1.5707963267948966,0.0,1.5707963267948966,0.022605293482249603,-0.1528234689833552,1.8327876840507762
0.09501505820771049,0.41703798847471396,1.6428000936399823,-9.335005889292399e-05,0.0012300559336402461,-0.0010958316360499321,-1.6057800281278916,0.06891423696438359,1.6116806551862706,0.10289999842643738,0.40549999475479126,1.6497999429702759,-1.5707963267948966,0.0,1.5707963267948966,0.022645354660761768,-0.15287280365565065,1.8328394016037204
0.0949240036295117,0.4170411120233877,1.6428529673307057,0.0016422258370567058,0.0011850620327611544,-0.0012550271028167505,-1.605748558688511,0.06899806654498386,1.6115320991553912,0.10289999842643738,0.40549999475479126,1.6497999429702759,-1.5707963267948966,0.0,1.5707963267948966,0.022696569811302483,-0.15293359521678557,1.8329071851796899
0.09481606310237334,0.41705241331482423,1.6428971140735,0.0026655691890024443,0.0011827879420410498,-0.0010532806506094936,-1.605723029623528,0.06912711479649936,1.6113507755593461,0.10289999842643738,0.40549999475479126,1.6497999429702759,-1.5707963267948966,0.0,1.5707963267948966,0.02274885445876634,-0.1529953964596003,1.8329772818175396
0.09472317142147314,0.417068290426001,1.6429284410298644,0.0025390612787270705,0.0011666816995848318,-0.0009403993199342381,-1.6056994412728902,0.0692588178234268,1.611186249827985,0.10289999842643738,0.40549999475479126,1.6497999429702759,-1.5707963267948966,0.0,1.5707963267948966,0.022787257715952185,-0.1530410013875149,1.8330264194411792
0.09461569848447154,0.417088216892995,1.6429692682067378,0.0014547050417201544,0.0013182478965723587,-0.0007337507486731851,-1.6056869126380802,0.06940952417465684,1.6110068071047075,0.10289999842643738,0.40549999475479126,1.6497999429702759,-1.5707963267948966,0.0,1.5707963267948966,0.022840612321606744,-0.15310385275364158,1.833087346006368
0.09450644520920713,0.4171048109610644,1.6430225771297193,0.0005757051756697389,0.0016455966819576935,-0.0005531495897568211,-1.605673320004506,0.0695648154562285,1.6108595391365126,0.10289999842643738,0.40549999475479126,1.6497999429702759,-1.5707963267948966,0.0,1.5707963267948966,0.022884167334414937,-0.15315477251103693,1.8331309678011207
0.0943911377979938,0.4171172518317642,1.643082840391396,0.0006510762808996923,0.0018566249644527025,-0.0006735398353004622,-1.6056418477018817,0.06974775971313152,1.6107404161846246,0.10289999842643738,0.40549999475479126,1.6497999429702759,-1.5707963267948966,0.0,1.5707963267948966,0.022932966670481798,-0.1532109053389041,1.8331740717577192
0.0942662600532553,0.4171294212381793,1.6431443472191214,0.001986429277549538,0.0018529370195726352,-0.0008312693642664367,-1.6056129999024085,0.0699435277822098,1.6106312336299196,0.10289999842643738,0.40549999475479126,1.6497999429702759,-1.5707963267948966,0.0,1.5707963267948966,0.0229829177730381,-0.15326732897369347,1.833211708136701
0.09411967977185817,0.41714217300474454,1.643203662622654,0.003995444791017429,0.0016618437525545624,-0.0008022543312366102,-1.6055833972946725,0.07017122981209578,1.6105019577472053,0.10289999842643738,0.40549999475479126,1.6497999429702759,-1.5707963267948966,0.0,1.5707963267948966,0.023039031501900883,-0.15333002120308983,1.8332487974214076
0.09398232555366356,0.4171517602017603,1.6432548122136545,0.0051284640016245825,0.0014278266680824176,-0.0005361965001688527,-1.6055505770698821,0.07040420191017027,1.6103973984858886,0.10289999842643738,0.40549999475479126,1.6497999429702759,-1.5707963267948966,0.0,1.5707963267948966,0.023095800653157608,-0.1533932065024883,1.8332794840477502
0.09385041986225823,0.41716302281250495,1.64330351744891,0.005819750247849869,0.001224530265588854,-0.0001383905237689957,-1.6055244203416612,0.07062069826712847,1.610296177248449,0.10289999842643738,0.40549999475479126,1.6497999429702759,-1.5707963267948966,0.0,1.5707963267948966,0.023141713184275943,-0.1534454101423804,1.8333009453656748
0.09369969744366169,0.41717931390178714,1.6433620949930476,0.005243153581380528,0.0010155469118016459,-0.0001033985398853366,-1.6054867063500022,0.07085056027935543,1.6101749368182572,0.10289999842643738,0.40549999475479126,1.6497999429702759,-1.5707963267948966,0.0,1.5707963267948966,0.02320213395892796,-0.15351551249077425,1.8333270214834394
0.09358594807176565,0.4171923392469471,1.643412676834971,0.003892333528179927,0.0009482324754177136,-0.00017527004562141482,-1.6054503923762473,0.07102587368866775,1.6100849934910189,0.10289999842643738,0.40549999475479126,1.6497999429702759,-1.5707963267948966,0.0,1.5707963267948966,0.023247703399018032,-0.15356823901218378,1.8333433054119153
0.09348382596288568,0.41720183462954147,1.643463212855339,0.00265466015614255,0.0008766735670369219,-0.00027731470396362315,-1.6054248920530787,0.07117755901400091,1.6100118506477004,0.10289999842643738,0.40549999475479126,1.6497999429702759,-1.5707963267948966,0.0,1.5707963267948966,0.023288404213532128,-0.15361475273772826,1.8333543953900056
0.09333799782355327,0.4172137205302257,1.6435324865857703,0.0015676809047617231,0.0006908859330871605,-0.0004262275256093802,-1.6054083444800018,0.07139709824058826,1.6099133101841252,0.10289999842643738,0.40549999475479126,1.6497999429702759,-1.5707963267948966,0.0,1.5707963267948966,0.023345398696957037,-0.153678375860296,1.8333656292102427
0.09321695877077668,0.41722213592392937,1.6435838466801613,0.0011286387213734067,0.0006606229006347659,-0.0002632176516754253,-1.6054013974329167,0.07160570687698087,1.6098330883510967,0.10289999842643738,0.40549999475479126,1.6497999429702759,-1.5707963267948966,0.0,1.5707963267948966,0.02339773296624001,-0.15373586572429218,1.8333733564231438
0.09307431411102172,0.41723084239520114,1.6436345646201629,0.0015228917676602639,0.0007273681529342444,5.1947635308312396e-05,-1.6054186359600762,0.0718653988893947,1.6097304652168116,0.10289999842643738,0.40549999475479126,1.6497999429702759,-1.5707963267948966,0.0,1.5707963267948966,0.023449741443089017,-0.1537930604516252,1.8333794336342213
0.0929633420917278,0.4172361987047403,1.6436632188614857,0.002291087386034386,0.0008910857075040495,0.0003208157965810074,-1.6054554611106255,0.07206544148695393,1.6096435052592353,0.10289999842643738,0.40549999475479126,1.6497999429702759,-1.5707963267948966,0.0,1.5707963267948966,0.023495923360968812,-0.1538442494910461,1.8333849542366558
0.0928506006879043,0.4172432728684581,1.6436814424198447,0.0027255955951360307,0.0012081787118239675,0.0007068421148311505,-1.6055096142259835,0.07228214503829733,1.6095395809791815,0.10289999842643738,0.40549999475479126,1.6497999429702759,-1.5707963267948966,0.0,1.5707963267948966,0.02354589390086984,-0.15390122580248156,1.8333917743738704
0.09275306540327466,0.4172539280753276,1.6436930547431208,0.0023553712874533027,0.0016160750437545339,0.0009111589362189703,-1.6055756832258086,0.07248384619613724,1.6094370087603926,0.10289999842643738,0.40549999475479126,1.6497999429702759,-1.5707963267948966,0.0,1.5707963267948966,0.023593793553824734,-0.15395848089017655,1.8333991000758205
0.09266521300389301,0.41727232295021227,1.6437025977454771,0.0013442074144360196,0.0017377436983418385,0.0005041951119738413,-1.605655586958729,0.07264216260738099,1.6093394587967875,0.10289999842643738,0.40549999475479126,1.6497999429702759,-1.5707963267948966,0.0,1.5707963267948966,0.023640690846923194,-0.15401652569705757,1.833405792891189
0.09256237148835944,0.41730177780735556,1.6437163419070546,0.00012756788894112991,0.0016229593907181208,-0.00019559126920085175,-1.6057290044656347,0.0728124658258742,1.6092476755126364,0.10289999842643738,0.40549999475479126,1.6497999429702759,-1.5707963267948966,0.0,1.5707963267948966,0.023693611004729657,-0.15408153110444678,1.8334121694005558
0.09245009133487236,0.417338797601164,1.6437315602293685,-8.654770147594296e-05,0.0015773562577878662,-0.00042789593390631466,-1.6057859971438238,0.07300110767936818,1.6091636902690716,0.10289999842643738,0.40549999475479126,1.6497999429702759,-1.5707963267948966,0.0,1.5707963267948966,0.02374829400510118,-0.15414758252503896,1.8334223663137428
0.09235502273416346,0.4173703048572187,1.6437421988237955,-8.477709766000162e-05,0.001671066739804079,-0.0001989965199093507,-1.6058310731638041,0.07315025004073217,1.6090991445813636,0.10289999842643738,0.40549999475479126,1.6497999429702759,-1.5707963267948966,0.0,1.5707963267948966,0.02379849623477045,-0.15420791884690246,1.8334340709247556
0.09225648951524865,0.4174009678455848,1.6437575693006914,-0.00010559558206657236,0.0018455177204643677,0.0002954235788421934,-1.6058774678082295,0.07331072506369374,1.6090536736142145,0.10289999842643738,0.40549999475479126,1.6497999429702759,-1.5707963267948966,0.0,1.5707963267948966,0.02384261874607931,-0.1542618114641286,1.8334451483209802
0.09215746996442198,0.41742577184282903,1.6437774916483094,0.00014563207802706135,0.0019175669162416794,0.00046646950861415595,-1.6059182343559681,0.0734934664419109,1.6090336863457078,0.10289999842643738,0.40549999475479126,1.6497999429702759,-1.5707963267948966,0.0,1.5707963267948966,0.023895216550898893,-0.15432686188103723,1.833460980135827
0.09208182633098302,0.4174397396088414,1.6437975642386353,0.0003196532569335894,0.0019203388959286765,0.0005134359477532163,-1.605963769757638,0.0736272922419321,1.6090290756352625,0.10289999842643738,0.40549999475479126,1.6497999429702759,-1.5707963267948966,0.0,1.5707963267948966,0.023937666091956668,-0.1543796445383106,1.8334735128201105
0.09200457436989364,0.41745318293046874,1.6438229722566942,0.0006571378174937781,0.001838034023314603,0.0003702579706031896,-1.6060242028972032,0.07375138168469775,1.6090233138502572,0.10289999842643738,0.40549999475479126,1.6497999429702759,-1.5707963267948966,0.0,1.5707963267948966,0.023984219890462025,-0.15443860913230092,1.833484398265397
0.09192643663070418,0.4174650686597061,1.6438530918294876,0.001335550099172276,0.0018245387569971456,0.00019422302786244536,-1.6060624515679438,0.0738753570246713,1.6090251537262368,0.10289999842643738,0.40549999475479126,1.6497999429702759,-1.5707963267948966,0.0,1.5707963267948966,0.02403123291124384,-0.15449824392776368,1.8334918088206091
0.09185234121422978,0.4174745967451003,1.6438889303709245,0.0019849011697545354,0.0020723107781995286,0.0003394003695316929,-1.6060967375606456,0.07397626788279688,1.609025966153189,0.10289999842643738,0.40549999475479126,1.6497999429702759,-1.5707963267948966,0.0,1.5707963267948966,0.024078094168348545,-0.15455848195576355,1.833496200576115
0.09178576560586656,0.4174799271849615,1.6439305887878508,0.002673933457149516,0.0023060062378347937,0.0004585487807103207,-1.6061334192712906,0.07404055678361399,1.609028709204652,0.10289999842643738,0.40549999475479126,1.6497999429702759,-1.5707963267948966,0.0,1.5707963267948966,0.024124372205245447,-0.154619013124188,1.8334966290228993
0.0917247094364339,0.4174824177179323,1.6439696210722552,0.0036472132909367337,0.0024056101719203684,0.00037894986447681533,-1.6061645515438352,0.07410463354920171,1.6090308331317373,0.10289999842643738,0.40549999475479126,1.6497999429702759,-1.5707963267948966,0.0,1.5707963267948966,0.024170352166961576,-0.15467998896851684,1.8334938342590192
0.09167206530734469,0.4174813906233851,1.644000273351554,0.004256027016649596,0.002470959262155611,0.00044003990097826073,-1.6062058523646616,0.07415728349580908,1.6090376277077023,0.10289999842643738,0.40549999475479126,1.6497999429702759,-1.5707963267948966,0.0,1.5707963267948966,0.02421650460164654,-0.1547411698150707,1.8334880187501994
0.09161706451862123,0.41747752241923325,1.6440332315678876,0.0040761391965603395,0.0025762479874012023,0.000494436872269884,-1.6062881275721161,0.07417954318005471,1.6090439744881733,0.10289999842643738,0.40549999475479126,1.6497999429702759,-1.5707963267948966,0.0,1.5707963267948966,0.02426200090856424,-0.154802409839896,1.8334800075321607
0.09157029670489975,0.4174715473617085,1.644061614579818,0.0033036757149973225,0.0025615817271902918,0.00045724475511317814,-1.6063704201187727,0.0741996324486438,1.6090569815601505,0.10289999842643738,0.40549999475479126,1.6497999429702759,-1.5707963267948966,0.0,1.5707963267948966,0.02430766828294472,-0.15486367508642362,1.8334701331731704
0.09152931692888097,0.41746158185566695,1.644092203929107,0.0027773454101271892,0.002481595380531333,0.0006297505792164666,-1.606451065185671,0.07420801857458814,1.6090807785550827,0.10289999842643738,0.40549999475479126,1.6497999429702759,-1.5707963267948966,0.0,1.5707963267948966,0.024352868347336645,-0.15492468444564428,1.8334572665449331
0.09149611193379936,0.41745115689128703,1.6441141787793123,0.0035567604364888546,0.002216752394904129,0.0006180113982412126,-1.60652072293005,0.07418041554936394,1.6090940429271114,0.10289999842643738,0.40549999475479126,1.6497999429702759,-1.5707963267948966,0.0,1.5707963267948966,0.024397166374147253,-0.15498592866694402,1.8334429780372279
0.09146365986994073,0.41744334347647477,1.644119065030582,0.00426562236787958,0.0019347398509349197,0.0003364919061106433,-1.6065716253234477,0.07416208940023017,1.6090786069305596,0.10289999842643738,0.40549999475479126,1.6497999429702759,-1.5707963267948966,0.0,1.5707963267948966,0.02444168898041344,-0.1550480485376087,1.8334297248139313
0.09142837615425929,0.4174388689478448,1.644114672121491,0.0036674416465775172,0.001746744763867112,1.1689938750476236e-05,-1.606614995549841,0.07415093301406017,1.609037994917045,0.10289999842643738,0.40549999475479126,1.6497999429702759,-1.5707963267948966,0.0,1.5707963267948966,0.024487182456391265,-0.15511097789868536,1.8334171489488562
0.09138163959631064,0.4174405304300678,1.6441020640102348,0.002620645077715549,0.0015629041124348604,-0.00039110497757762456,-1.6066448188422375,0.07413712837352504,1.6089707377215068,0.10289999842643738,0.40549999475479126,1.6497999429702759,-1.5707963267948966,0.0,1.5707963267948966,0.024539226903402652,-0.15518123636940478,1.8334048255659054
0.09133407116280062,0.4174442814864206,1.6440845269623292,0.0018421642418995487,0.001422795930622563,-0.0004992504435859671,-1.6066465321005237,0.07416075466693517,1.6089023452748523,0.10289999842643738,0.40549999475479126,1.6497999429702759,-1.5707963267948966,0.0,1.5707963267948966,0.024583941662217446,-0.15523923097877576,1.8333975011904464
0.09127644347988749,0.41744545273142714,1.644055698674815,0.0008765511552318326,0.0012908461555402333,-0.0002948630598151043,-1.6066362457514214,0.07420536652271226,1.6088124359958964,0.10289999842643738,0.40549999475479126,1.6497999429702759,-1.5707963267948966,0.0,1.5707963267948966,0.024634989704897182,-0.15530336880695894,1.8333920046508778
0.09121545006482787,0.4174401604827564,1.6440183373262567,-0.00014377373937320262,0.0009849793350042895,-0.00024736285273466266,-1.6066359512417754,0.07425237660630124,1.6087033891965752,0.10289999842643738,0.40549999475479126,1.6497999429702759,-1.5707963267948966,0.0,1.5707963267948966,0.024687016313183045,-0.15536674140616435,1.8333869093542525
0.09114506441076108,0.4174284547334065,1.6439719928735317,-0.0006252764959435234,0.0005218955094529146,-0.00019740139653442638,-1.6066191620869217,0.07433549237022863,1.6085787044175393,0.10289999842643738,0.40549999475479126,1.6497999429702759,-1.5707963267948966,0.0,1.5707963267948966,0.024740644294521278,-0.15542958218297648,1.83338174323648
0.09107496060836423,0.41741277530241555,1.643914804801984,-0.0005664573243156605,0.0002445616301311551,0.0003269326769862504,-1.6066079204993522,0.07443448424509747,1.6084401965578214,0.10289999842643738,0.40549999475479126,1.6497999429702759,-1.5707963267948966,0.0,1.5707963267948966,0.024794628878234058,-0.15549228379827842,1.8333773126471373
0.09101521938775436,0.417395661428108,1.643846854966313,-0.0007191798414714568,0.00014320909296264888,0.0006577542696321296,-1.6066308180106676,0.07451206000780886,1.608287195056649,0.10289999842643738,0.40549999475479126,1.6497999429702759,-1.5707963267948966,0.0,1.5707963267948966,0.02484785864660006,-0.15555502482419656,1.8333759873646414
0.09096161032234973,0.41737830842299695,1.6437742454483855,-0.0020244495908204496,0.00019527232463271768,0.0007588062644050056,-1.6066569015038143,0.07459274179568443,1.6081262279320594,0.10289999842643738,0.40549999475479126,1.6497999429702759,-1.5707963267948966,0.0,1.5707963267948966,0.024900988917747165,-0.1556180138920846,1.833376730852564
0.09091366576557548,0.41735767330484164,1.6437111148252639,-0.0037804539045980952,0.00029826389875607043,0.0009212141211170804,-1.6066553260508065,0.07467082673069614,1.6079643221554702,0.10289999842643738,0.40549999475479126,1.6497999429702759,-1.5707963267948966,0.0,1.5707963267948966,0.0249539045540222,-0.15568095699464987,1.8333740205273354
0.09087455828813326,0.41733640156960233,1.6436510973159448,-0.004301087377324532,0.0003419064583260117,0.0011253314878088498,-1.6066420904201335,0.07470769433896418,1.6077848972749067,0.10289999842643738,0.40549999475479126,1.6497999429702759,-1.5707963267948966,0.0,1.5707963267948966,0.025006070186534043,-0.15574419488018712,1.8333677383518034
0.09084375328265196,0.41731613429395276,1.6435864007089065,-0.004027488410521655,0.0003395611529298823,0.00105428103149608,-1.6065998867774245,0.07471383677192733,1.6075775364980178,0.10289999842643738,0.40549999475479126,1.6497999429702759,-1.5707963267948966,0.0,1.5707963267948966,0.0250574008022806,-0.15580814494959802,1.833359379901718
0.09081253136425135,0.41729767665547735,1.6435193128774146,-0.0039150108639649656,0.0003554500531726853,0.0005806623588478918,-1.6065316797022424,0.07472365638388645,1.6073494419487964,0.10289999842643738,0.40549999475479126,1.6497999429702759,-1.5707963267948966,0.0,1.5707963267948966,0.025109384042461658,-0.15587311331058287,1.8333495315291182
0.0907779798324451,0.4172826139318193,1.6434620725062823,-0.004000504164093641,0.0005441197511725234,0.0003226482728326407,-1.606466627674457,0.07473707088800419,1.6071501961412915,0.10289999842643738,0.40549999475479126,1.6497999429702759,-1.5707963267948966,0.0,1.5707963267948966,0.02515787501859856,-0.1559323663047559,1.8333411356708433
0.09073570097147357,0.4172625139097049,1.6433973432996845,-0.0037043715471472556,0.0010073392368962267,0.0005709915286070769,-1.6063748499113908,0.07475410384716019,1.6069281774995525,0.10289999842643738,0.40549999475479126,1.6497999429702759,-1.5707963267948966,0.0,1.5707963267948966,0.025223570060447054,-0.15601187860609605,1.8333324158837665
0.09069998238969172,0.4172402475448421,1.6433430534013667,-0.0031623059917803738,0.0013246123847641708,0.0005988500022811684,-1.606277543399916,0.07476706273576728,1.606751197473535,0.10289999842643738,0.40549999475479126,1.6497999429702759,-1.5707963267948966,0.0,1.5707963267948966,0.025273273473300238,-0.15607178978680725,1.8333260361804073
0.090661314089369,0.41721879378782295,1.643292077700496,-0.0024830183725575543,0.001387912749010318,0.00024305965017184546,-1.606188708722725,0.0747584153191454,1.6065870160666895,0.10289999842643738,0.40549999475479126,1.6497999429702759,-1.5707963267948966,0.0,1.5707963267948966,0.02532999585923977,-0.15613929688159145,1.8333178547701956
0.09061181731940374,0.41719854447718246,1.643243640977859,-0.0019057588664136036,0.0010888831523340216,-0.00019224551922126124,-1.606102501779497,0.0747473161633545,1.6064335120793785,0.10289999842643738,0.40549999475479126,1.6497999429702759,-1.5707963267948966,0.0,1.5707963267948966,0.0253893419629118,-0.15620791801073988,1.8333095146275633
0.09054658011978016,0.4171823283265801,1.6432016925939588,-0.0021545715910642137,0.0005628223367086762,-0.0006781525781348442,-1.606005569533445,0.07476792504665664,1.6062995774225959,0.10289999842643738,0.40549999475479126,1.6497999429702759,-1.5707963267948966,0.0,1.5707963267948966,0.02545205642230998,-0.1562779308244628,1.8333022603226026
0.09046177764875063,0.4171690278292362,1.6431690438238633,-0.0028115952410105146,-8.332724626437764e-06,-0.000830218772958586,-1.6059149137779698,0.0748172293955367,1.6061870670409464,0.10289999842643738,0.40549999475479126,1.6497999429702759,-1.5707963267948966,0.0,1.5707963267948966,0.025518809539084326,-0.1563489254033123,1.8332975671933482
0.09036486371704404,0.41715356483867916,1.643145490110978,-0.003341027441159207,-0.0004242356913063228,-0.00033739526620376887,-1.6058276178477833,0.07487401218127498,1.6060990094609358,0.10289999842643738,0.40549999475479126,1.6497999429702759,-1.5707963267948966,0.0,1.5707963267948966,0.025588182893838858,-0.15642005586040783,1.8332951210041577
0.0902569078136314,0.41713077180167557,1.6431313420085774,-0.0037950407236653485,-0.00061913096078612,0.00044169886109754627,-1.6056960093762602,0.07495083738723096,1.6060241846662253,0.10289999842643738,0.40549999475479126,1.6497999429702759,-1.5707963267948966,0.0,1.5707963267948966,0.02566500464365128,-0.15649799492270455,1.8332942031973716
0.09017175898830729,0.4171074606409009,1.6431317552516538,-0.003945940835667509,-0.0007819266931245972,0.0009013684110280143,-1.605569423324617,0.0750144825145167,1.6059837631048992,0.10289999842643738,0.40549999475479126,1.6497999429702759,-1.5707963267948966,0.0,1.5707963267948966,0.02572763371739826,-0.15656141403282223,1.8332966389293186
0.09008373894091944,0.41707928635723746,1.6431396500580149,-0.003274411095948922,-0.0009319242093921948,0.001477330319223962,-1.6054344195836492,0.07507464647221962,1.6059365163969321,0.10289999842643738,0.40549999475479126,1.6497999429702759,-1.5707963267948966,0.0,1.5707963267948966,0.025796579989612243,-0.1566318806267914,1.8333033230573017
0.09001065571332888,0.4170478715639065,1.643149535896333,-0.00199299602809983,-0.0010825558352790376,0.001990102356096115,-1.6052902366855175,0.07513018055220755,1.605884318991355,0.10289999842643738,0.40549999475479126,1.6497999429702759,-1.5707963267948966,0.0,1.5707963267948966,0.02586352844079953,-0.15670234174625777,1.8333153397282582
0.08994951587742125,0.4170137680924076,1.6431665318250086,-0.001692682192094164,-0.001131550538498554,0.001999957767031165,-1.6051411918295377,0.07516700920362762,1.6058364515529866,0.10289999842643738,0.40549999475479126,1.6497999429702759,-1.5707963267948966,0.0,1.5707963267948966,0.025929059493993656,-0.15677287576505866,1.8333316476184451
0.08989455680750226,0.4169804434419193,1.643194536243181,-0.0017382869519471152,-0.0010416883714166702,0.0016311570533161198,-1.6050018640091532,0.07517092665726022,1.6057956961002016,0.10289999842643738,0.40549999475479126,1.6497999429702759,-1.5707963267948966,0.0,1.5707963267948966,0.025994355289712355,-0.15684391047175208,1.8333475117449907
0.0898350955948937,0.4169500045556983,1.6432309091028192,-0.001561695687936657,-0.0009186464473897952,0.0009292802577313696,-1.6048517339076254,0.0751780019921604,1.6057463694122134,0.10289999842643738,0.40549999475479126,1.6497999429702759,-1.5707963267948966,0.0,1.5707963267948966,0.02606113244991891,-0.15691593167599335,1.8333620721361146
0.08976559450863889,0.4169230820690181,1.6432741206521067,-0.0014416379798713093,-0.0006842513238120903,0.0007467988768128154,-1.6046867219540075,0.07520378514236947,1.6056958350660544,0.10289999842643738,0.40549999475479126,1.6497999429702759,-1.5707963267948966,0.0,1.5707963267948966,0.02613036183595572,-0.15698893052600896,1.833379158671683
0.08970393402297935,0.416896869304554,1.6433224507061466,-0.0016555079505380065,-0.0004867680294688682,0.0009623924606306466,-1.6045370249877813,0.07520154839548265,1.6056652129864688,0.10289999842643738,0.40549999475479126,1.6497999429702759,-1.5707963267948966,0.0,1.5707963267948966,0.02619337971363035,-0.15705461419217748,1.8333963410513876
0.0896389637746948,0.4168644077877435,1.6433855902102148,-0.001894764765488405,-0.00035300099249973064,0.0011928327566169633,-1.6043557128714516,0.07518275150185438,1.6056452588587564,0.10289999842643738,0.40549999475479126,1.6497999429702759,-1.5707963267948966,0.0,1.5707963267948966,0.026263595410981843,-0.15712738455288786,1.8334149788697665
0.08957185267527173,0.41682731131713463,1.6434572292184313,-0.0014226054787736257,-0.00048637238676437476,0.001159965599788748,-1.604143267365305,0.07516805810809046,1.6056205205410012,0.10289999842643738,0.40549999475479126,1.6497999429702759,-1.5707963267948966,0.0,1.5707963267948966,0.026341005429888067,-0.1572075212798069,1.8334343935453592
0.08951590601554739,0.4168002818289426,1.643510097792908,-0.0006326089440601163,-0.0007442311520436379,0.000879296552242447,-1.603980504566353,0.07514829314382787,1.6055790463952053,0.10289999842643738,0.40549999475479126,1.6497999429702759,-1.5707963267948966,0.0,1.5707963267948966,0.026405342337984333,-0.15727377930454886,1.8334495305658411
0.08944735093766695,0.4167744336812905,1.643565022369443,-0.0002624553502745664,-0.0008640841213188999,0.0007212363671926324,-1.6038047652791876,0.07513884229217549,1.6055221057454006,0.10289999842643738,0.40549999475479126,1.6497999429702759,-1.5707963267948966,0.0,1.5707963267948966,0.0264786069170822,-0.15734826672540436,1.8334654819477234
0.08937143501777214,0.41674769529766525,1.6436292724069725,-0.0007153818504472713,-0.0005885585218727905,0.0009685208755674724,-1.6036040983753874,0.07515241481730639,1.605473721501085,0.10289999842643738,0.40549999475479126,1.6497999429702759,-1.5707963267948966,0.0,1.5707963267948966,0.026559985709246847,-0.1574305891424935,1.8334812711095667
0.08931147887145137,0.4167258298765498,1.6436874451682826,-0.0011710086506778559,-0.00041948354748709685,0.0010730633154702363,-1.6034331738446912,0.07515779123258737,1.605438852354413,0.10289999842643738,0.40549999475479126,1.6497999429702759,-1.5707963267948966,0.0,1.5707963267948966,0.026626698334710788,-0.1574979335211621,1.8334913330519038
0.089244659130418,0.41669959027127845,1.6437551773196852,-0.0012364195457024052,-0.0003927670459100569,0.0011745865466371399,-1.6032414389453256,0.07515015401440461,1.6054095753742168,0.10289999842643738,0.40549999475479126,1.6497999429702759,-1.5707963267948966,0.0,1.5707963267948966,0.02670879613050876,-0.15757999160055294,1.8334996409460513
0.08916522456553783,0.4166563815085204,1.6438408208347084,-0.0004119005527289668,-0.0003289218542578593,0.0015041624177052132,-1.6029770615942944,0.07512146459190738,1.605392730625502,0.10289999842643738,0.40549999475479126,1.6497999429702759,-1.5707963267948966,0.0,1.5707963267948966,0.02680537728725894,-0.15767587854790593,1.833505303252212
0.08911169795076972,0.41661820537402494,1.6438955326174243,-9.874452281381908e-05,-0.00034790985835233477,0.0015144467515224866,-1.6027796788536925,0.07506682443387014,1.6053699273185837,0.10289999842643738,0.40549999475479126,1.6497999429702759,-1.5707963267948966,0.0,1.5707963267948966,0.026871756047206912,-0.15774159132136997,1.8335085831108555
0.08907033170677091,0.416586897615763,1.643933573044651,-0.00045100158277669867,-0.00034869964137613813,0.0014304762731656624,-1.6026215471659941,0.0750164681804053,1.6053412472865922,0.10289999842643738,0.40549999475479126,1.6497999429702759,-1.5707963267948966,0.0,1.5707963267948966,0.026930910575349448,-0.15779969009847286,1.8335105066389008
0.08902703745617613,0.4165530445882696,1.6439705481207307,-0.0014340647495383577,-0.0002941311287980772,0.001319479026619768,-1.6024352002753663,0.07496938688392962,1.6052983019958138,0.10289999842643738,0.40549999475479126,1.6497999429702759,-1.5707963267948966,0.0,1.5707963267948966,0.027004946988550636,-0.15787211099672965,1.8335107692024142
0.08897253886886106,0.4165159203303996,1.6440118296774597,-0.00299751464713273,-0.0001810914085484216,0.0009135871053899252,-1.6022046669318648,0.07492774533897606,1.6052459696029178,0.10289999842643738,0.40549999475479126,1.6497999429702759,-1.5707963267948966,0.0,1.5707963267948966,0.02708027055743402,-0.1579444189236054,1.8335083459038355
0.08891915303494737,0.41648896810161934,1.6440374296195674,-0.0035053846641121805,1.2607832039347182e-05,0.0006870308779518457,-1.6020168686373444,0.07488042048906518,1.6051896757058952,0.10289999842643738,0.40549999475479126,1.6497999429702759,-1.5707963267948966,0.0,1.5707963267948966,0.027157543369209027,-0.1580168336403194,1.8335067661035707
0.08886152956934917,0.41646440793256,1.6440459851113938,-0.0034371237929135285,0.00022996073386515707,0.0006129549403298294,-1.601837867800905,0.07484566872606946,1.6051235288008656,0.10289999842643738,0.40549999475479126,1.6497999429702759,-1.5707963267948966,0.0,1.5707963267948966,0.027236571117931308,-0.1580889527925626,1.8335071198955224
0.08880075803105604,0.4164411525884677,1.6440412670583322,-0.003966441544529626,0.0004330753654612351,0.0007701899399547225,-1.601665827920123,0.07482795837022005,1.6050457881217226,0.10289999842643738,0.40549999475479126,1.6497999429702759,-1.5707963267948966,0.0,1.5707963267948966,0.02731692395314433,-0.1581607188225136,1.8335067758301977
0.08874978273321496,0.41642058157999384,1.644034152158872,-0.004633103564406465,0.00037584376655444546,0.0010560726463846994,-1.6015311363571454,0.07479621673612513,1.6049688499280985,0.10289999842643738,0.40549999475479126,1.6497999429702759,-1.5707963267948966,0.0,1.5707963267948966,0.027389382380143112,-0.15822484028676376,1.833504168738545
0.08869852873698467,0.4163966698142546,1.6440213008951716,-0.004134220862764908,-1.170007787036522e-05,0.0012477036006963461,-1.6013858615421148,0.07475590513161645,1.6048860638614382,0.10289999842643738,0.40549999475479126,1.6497999429702759,-1.5707963267948966,0.0,1.5707963267948966,0.02746967503828169,-0.15829550504821918,1.8335007019710736
0.088652187554668,0.41637210991666834,1.643995397834128,-0.0029190996706369952,-0.0004227012071288671,0.001341853137120639,-1.6012344854226346,0.07472564430842077,1.6048013090871704,0.10289999842643738,0.40549999475479126,1.6497999429702759,-1.5707963267948966,0.0,1.5707963267948966,0.027549744147257235,-0.15836584185193897,1.8334979831903742
0.08861072302301404,0.4163473432943825,1.643964003010491,-0.0025955020286252523,-0.0007285284660102383,0.0012986470438696904,-1.6011026803530777,0.0746781224069002,1.604718872769072,0.10289999842643738,0.40549999475479126,1.6497999429702759,-1.5707963267948966,0.0,1.5707963267948966,0.027637662903297486,-0.15844296502783714,1.8334927145627995
0.08855748527852754,0.41631746896254296,1.6439260306236556,-0.00226998674571066,-0.0009967733614866605,0.0010492277434695156,-1.6009383024466322,0.07460576183541168,1.60460962097291,0.10289999842643738,0.40549999475479126,1.6497999429702759,-1.5707963267948966,0.0,1.5707963267948966,0.027734211385196418,-0.1585272517583591,1.8334817278034645
0.08852270487907758,0.4163020126329136,1.6439023804767132,-0.0016806104656826898,-0.0010616138777581822,0.0008869664331662919,-1.6008239997496765,0.07456791586615363,1.6045454453550896,0.10289999842643738,0.40549999475479126,1.6497999429702759,-1.5707963267948966,0.0,1.5707963267948966,0.027799241453376193,-0.15858380011063627,1.833472154926232
0.08847379946486814,0.4162857526927772,1.643869604969309,-0.0006174675150247839,-0.0011209654649371428,0.0005138226847239796,-1.6006785918913977,0.0745161098073952,1.6044659907211525,0.10289999842643738,0.40549999475479126,1.6497999429702759,-1.5707963267948966,0.0,1.5707963267948966,0.027881768036845278,-0.1586548281382408,1.8334587904063457
0.08840969217234827,0.4162746054850479,1.6438257854644995,0.0005751298963109107,-0.0010296822639966582,0.0005214624130639834,-1.6005264927492031,0.0744613785995929,1.6043833551599131,0.10289999842643738,0.40549999475479126,1.6497999429702759,-1.5707963267948966,0.0,1.5707963267948966,0.027974846388746828,-0.1587336720203589,1.8334453728160534
0.08835916797635572,0.4162714427884163,1.6437844087999842,0.0008826167911029756,-0.0006202491013354849,0.0008777155712957517,-1.6004046775301504,0.07441327028775246,1.6043225379872728,0.10289999842643738,0.40549999475479126,1.6497999429702759,-1.5707963267948966,0.0,1.5707963267948966,0.028059968257214737,-0.15880582850122482,1.8334366656473389
0.08831621474622507,0.4162728997791048,1.6437448550501597,4.466731766531272e-05,-0.00010351802674274007,0.0012795177939396137,-1.6002845324213866,0.07434136958118032,1.604265332258702,0.10289999842643738,0.40549999475479126,1.6497999429702759,-1.5707963267948966,0.0,1.5707963267948966,0.028127715109619207,-0.15886356089146353,1.8334315980641909
0.08827878937119225,0.41627662100880275,1.6437070803880052,-0.0009849698509302783,0.000213814115788774,0.0015041455696908324,-1.6001641245585647,0.07421862999366136,1.6042080428866,0.10289999842643738,0.40549999475479126,1.6497999429702759,-1.5707963267948966,0.0,1.5707963267948966,0.028211885259605635,-0.15893515385169704,1.8334280664048261
0.08824901048065693,0.4162800343635569,1.64367033010973,-0.0015367667853555444,0.00024781239449014414,0.0014222448071696569,-1.600040232559154,0.07407346180408592,1.6041491502234029,0.10289999842643738,0.40549999475479126,1.6497999429702759,-1.5707963267948966,0.0,1.5707963267948966,0.028295822707809143,-0.15900596523288585,1.8334272829792324
0.08822032298327244,0.4162830387284257,1.6436316238719666,-0.0015771282323890049,6.794940020634069e-05,0.0011767068255854707,-1.5999207628164422,0.07391928208636411,1.6040894862801887,0.10289999842643738,0.40549999475479126,1.6497999429702759,-1.5707963267948966,0.0,1.5707963267948966,0.028380531544825924,-0.15907611011405182,1.8334282114079707
0.08818907116948567,0.4162883855544847,1.6435751735740711,-0.0005973243998935236,-0.00018805826211111182,0.0011333320292834241,-1.599806893563883,0.07372002293928182,1.6040038676434638,0.10289999842643738,0.40549999475479126,1.6497999429702759,-1.5707963267948966,0.0,1.5707963267948966,0.02847456174116136,-0.1591528069422823,1.8334324074940376
0.08816017955275665,0.41629863586286897,1.6435001280463084,-9.385521575215818e-06,-0.0003193223439547849,0.0011240300114045885,-1.599678716848045,0.07350690223682044,1.6038806660470069,0.10289999842643738,0.40549999475479126,1.6497999429702759,-1.5707963267948966,0.0,1.5707963267948966,0.028568730871384312,-0.15922946344030092,1.8334383351205292
0.08813579312048425,0.4163107560606175,1.6434343613282267,-0.0009246892041216664,-0.0003695785047974406,0.0010411080803881063,-1.5995511095522812,0.07334176093038369,1.6037553301328822,0.10289999842643738,0.40549999475479126,1.6497999429702759,-1.5707963267948966,0.0,1.5707963267948966,0.028646028978893057,-0.15929212443193638,1.8334411623791362
0.08810731157118401,0.4163274500977394,1.6433658662160586,-0.0025886731786349125,-0.00032037951045202606,0.0011299042228628407,-1.5993956588734446,0.0731588145815163,1.6036021609360294,0.10289999842643738,0.40549999475479126,1.6497999429702759,-1.5707963267948966,0.0,1.5707963267948966,0.028731979294023803,-0.15936135768306345,1.8334396696753716
0.08808047942912964,0.41634583197962016,1.6433051991193135,-0.0033737263811305447,-0.00027298431075756057,0.0011152287928487294,-1.5992268607414741,0.07298033273036886,1.603449884450468,0.10289999842643738,0.40549999475479126,1.6497999429702759,-1.5707963267948966,0.0,1.5707963267948966,0.028817345647693282,-0.15943000092660883,1.8334334726592696
0.08805289935818103,0.4163631408399906,1.6432505579664645,-0.002659425617369738,-0.0003819212107628423,0.0009374172617247078,-1.5990685356519179,0.07284988996483532,1.603309193235635,0.10289999842643738,0.40549999475479126,1.6497999429702759,-1.5707963267948966,0.0,1.5707963267948966,0.028903141386620885,-0.15949837206561726,1.833425740499196
0.08801620199648481,0.416386059967027,1.6431776721536,-0.0016028526725695494,-0.0005684282211053224,0.0008819557638338549,-1.598885898768698,0.07269976447429638,1.6031231177985283,0.10289999842643738,0.40549999475479126,1.6497999429702759,-1.5707963267948966,0.0,1.5707963267948966,0.028989424411699365,-0.1595666832950881,1.8334177842970947
0.08798168458850754,0.41640729818374356,1.6431134329432986,-0.0016036545226473273,-0.0007517295959460038,0.0007614786626650728,-1.5987354674855387,0.07256462458455237,1.6029648407386006,0.10289999842643738,0.40549999475479126,1.6497999429702759,-1.5707963267948966,0.0,1.5707963267948966,0.02907618158752103,-0.159634719307799,1.8334070952390709
0.08794065028506534,0.41642752122868604,1.6430543943057108,-0.0012348297587564897,-0.0010009506919282226,0.00036330875460464717,-1.5985720340676817,0.07244859221188937,1.6028419805892657,0.10289999842643738,0.40549999475479126,1.6497999429702759,-1.5707963267948966,0.0,1.5707963267948966,0.02916432794669257,-0.15970235717817918,1.8333934072223947
0.08788572380722123,0.4164492099220983,1.6429922868731397,-2.4859652029174932e-05,-0.0010906711583660083,0.00010338854539728017,-1.5984045434362144,0.07234806089884138,1.6027399270278906,0.10289999842643738,0.40549999475479126,1.6497999429702759,-1.5707963267948966,0.0,1.5707963267948966,0.029254887287871432,-0.1597698677942646,1.8333813774890149
0.08782238153486582,0.4164697016384851,1.6429251969375693,0.000955626775735714,-0.000787617832206514,0.0003402616837733674,-1.5982352645265376,0.07225260685013968,1.6026561972760884,0.10289999842643738,0.40549999475479126,1.6497999429702759,-1.5707963267948966,0.0,1.5707963267948966,0.02934692283702886,-0.15983676739812,1.8333729457397903
0.08775865027397911,0.41648803279227425,1.6428580443796654,0.001373258798347237,-0.0005931828710920756,0.0006864215514992017,-1.5980565840645815,0.07218402430394377,1.6025914734445543,0.10289999842643738,0.40549999475479126,1.6497999429702759,-1.5707963267948966,0.0,1.5707963267948966,0.029439136243344977,-0.159902864964225,1.8333668626477082
0.0876965256840259,0.4165099741653925,1.6427898548487896,0.0015099388050572313,-0.00027819454732447974,0.0007111225091540501,-1.5978828751563119,0.07213158863377878,1.6025357411907268,0.10289999842643738,0.40549999475479126,1.6497999429702759,-1.5707963267948966,0.0,1.5707963267948966,0.029531422991916786,-0.1599687130310443,1.8333640369003592
0.08762386857364284,0.4165407419399331,1.6427131113643991,0.001514608356846766,-3.056198584128992e-05,0.0006894340071938161,-1.597700797105149,0.0720814406038559,1.6024720833723323,0.10289999842643738,0.40549999475479126,1.6497999429702759,-1.5707963267948966,0.0,1.5707963267948966,0.029634027757346276,-0.1600411559089668,1.8333638442676292
0.08755870133723957,0.4165707014424955,1.6426434955377356,0.001854612605642309,0.00010759692644495225,0.0008841930566932352,-1.5975288561269432,0.07205576653465329,1.6024099175105886,0.10289999842643738,0.40549999475479126,1.6497999429702759,-1.5707963267948966,0.0,1.5707963267948966,0.02972752111711445,-0.16010669039394707,1.8333653462549717
0.08749652913941437,0.416602998324862,1.6425698134917466,0.0027936062812496274,2.6735144900099668e-05,0.0008368027938396175,-1.597348966066125,0.07203636539615399,1.6023276619848767,0.10289999842643738,0.40549999475479126,1.6497999429702759,-1.5707963267948966,0.0,1.5707963267948966,0.029821028794361264,-0.1601721469564915,1.833368458968296
0.08743153814197323,0.41663889058944015,1.6424895726669624,0.0038760928653136565,-0.0002060758264746577,0.0007476759201390241,-1.5971789475846032,0.07200947206136199,1.6022180289072103,0.10289999842643738,0.40549999475479126,1.6497999429702759,-1.5707963267948966,0.0,1.5707963267948966,0.029915572708426923,-0.160237841263925,1.8333736701680337
0.08737502267108854,0.4166747164324384,1.6424129286439535,0.004466692031219048,-0.00024421203645222546,0.0009401560810755933,-1.5970235635538588,0.07197491078522189,1.6020958771005487,0.10289999842643738,0.40549999475479126,1.6497999429702759,-1.5707963267948966,0.0,1.5707963267948966,0.030000830695122806,-0.16029723544545016,1.8333800398155773
0.08731867101304595,0.41671911415174984,1.6423283073181925,0.004245695055206113,-0.00018750234117083188,0.0012747419235868012,-1.5968569128987864,0.07192921246797557,1.601941970977607,0.10289999842643738,0.40549999475479126,1.6497999429702759,-1.5707963267948966,0.0,1.5707963267948966,0.030094988111631315,-0.1603635211928396,1.8333874617264667
0.08726932680503578,0.4167712530249782,1.6422459033959584,0.0033799963737659628,-0.00015217449734867994,0.0014478380347331715,-1.5967110729809586,0.07183933834997136,1.6017651293867934,0.10289999842643738,0.40549999475479126,1.6497999429702759,-1.5707963267948966,0.0,1.5707963267948966,0.030197077306408474,-0.16043626796926355,1.8333952509132974
0.08722682072108315,0.41681861528719216,1.642174984356397,0.003174592935698254,-0.00036568733053283874,0.0009363087536793479,-1.5965909843552355,0.07174670735123456,1.601605455485657,0.10289999842643738,0.40549999475479126,1.6497999429702759,-1.5707963267948966,0.0,1.5707963267948966,0.0302899712552711,-0.16050191448318918,1.833404132834454
0.08717344914600096,0.4168622001290977,1.6421026992277614,0.0033094417774047523,-0.0005827850021566536,0.0003897581996971225,-1.5964633855920327,0.07168927400948188,1.6014648717300513,0.10289999842643738,0.40549999475479126,1.6497999429702759,-1.5707963267948966,0.0,1.5707963267948966,0.03038485724960721,-0.16056669637836063,1.8334174336189561
0.08711684445801411,0.41689897947502785,1.6420357492334223,0.0032243658141504765,-0.0006336128016192657,0.0002156136537035987,-1.5963380717905569,0.07164175667937034,1.6013428763264388,0.10289999842643738,0.40549999475479126,1.6497999429702759,-1.5707963267948966,0.0,1.5707963267948966,0.030471857990352166,-0.16062428801844728,1.833434852191632
0.08704744076059927,0.4169398845443438,1.6419624617947375,0.002861865274345134,-0.0006225992636913396,0.00015329636631386306,-1.596183453347355,0.07159065579334145,1.6012012833772435,0.10289999842643738,0.40549999475479126,1.6497999429702759,-1.5707963267948966,0.0,1.5707963267948966,0.030569835389864762,-0.16068793318806465,1.8334571518358969
0.08697028944608566,0.41698598035960394,1.6418876448193993,0.002800841210701747,-0.0007223902681263449,-2.5180798701181662e-05,-1.5960215802408322,0.07156054526017908,1.6010317247697685,0.10289999842643738,0.40549999475479126,1.6497999429702759,-1.5707963267948966,0.0,1.5707963267948966,0.030669302089396222,-0.16075215183039526,1.8334796492409409
0.08688298463799926,0.4170379476840487,1.6418114739102176,0.0027970138490529457,-0.0008481260044422096,-0.00014488877628653977,-1.5958767997731094,0.07153827682774061,1.600824630869361,0.10289999842643738,0.40549999475479126,1.6497999429702759,-1.5707963267948966,0.0,1.5707963267948966,0.03077078173466139,-0.16081718948509954,1.8335010880405602
0.0867977157123076,0.41708640487888465,1.6417446125394395,0.0026822275566122386,-0.0007135381115955272,7.414493074386871e-05,-1.5957604151140814,0.07151943791110327,1.6006188840768296,0.10289999842643738,0.40549999475479126,1.6497999429702759,-1.5707963267948966,0.0,1.5707963267948966,0.030863420132291312,-0.1608760316922825,1.83351854354018
0.08667825609269841,0.4171541849940519,1.6416548410804375,0.002148696252834556,-9.616582244540247e-05,0.0006917309501606157,-1.5955780635891057,0.07150139064285721,1.6003267895628075,0.10289999842643738,0.40549999475479126,1.6497999429702759,-1.5707963267948966,0.0,1.5707963267948966,0.03099699526826648,-0.16096072300851785,1.8335413261902016
0.0865993523282237,0.417196504087132,1.6416036485301604,0.0014429647688762616,0.00040356676095966735,0.0008993367481951786,-1.5954438015753596,0.07148582137715387,1.6001443407823968,0.10289999842643738,0.40549999475479126,1.6497999429702759,-1.5707963267948966,0.0,1.5707963267948966,0.03109931128873723,-0.16102500781131462,1.8335589879385144
0.08652337420616944,0.4172357018733524,1.6415646320398578,0.0007603817722842078,0.0007211926573825492,0.0009996998479206301,-1.5953073776196829,0.07145142825414963,1.5999763848490267,0.10289999842643738,0.40549999475479126,1.6497999429702759,-1.5707963267948966,0.0,1.5707963267948966,0.031191144073986814,-0.16108242169062678,1.8335736629605952
0.08644146667743981,0.41727661114625353,1.6415344256987847,0.0005351453276895757,0.0007368227442573205,0.0009904764505049015,-1.59513674874111,0.07140868344813267,1.5997998573251109,0.10289999842643738,0.40549999475479126,1.6497999429702759,-1.5707963267948966,0.0,1.5707963267948966,0.031282829821484996,-0.16113982677048921,1.8335857528754913
0.08636152092989953,0.417318305273673,1.641514049466896,0.0010227820778094627,0.0004233845225067247,0.0009273646612470285,-1.5949461461421914,0.07134742862188315,1.599623807409561,0.10289999842643738,0.40549999475479126,1.6497999429702759,-1.5707963267948966,0.0,1.5707963267948966,0.03138477477743972,-0.1612041993280597,1.8335949733848256
0.08629059592287885,0.4173556834735984,1.6414976986796912,0.002268194333030345,-4.936937696595642e-05,0.0007876537960165732,-1.594767341096664,0.07126932286653131,1.5994683940930137,0.10289999842643738,0.40549999475479126,1.6497999429702759,-1.5707963267948966,0.0,1.5707963267948966,0.0314766376785077,-0.16126261948884044,1.8335996349534438
0.08618261044330913,0.4174102853555406,1.6414676834211157,0.003939192251644251,-0.0009073524666536551,0.000522455435878215,-1.5944795847486954,0.07116404463238624,1.599251724850471,0.10289999842643738,0.40549999475479126,1.6497999429702759,-1.5707963267948966,0.0,1.5707963267948966,0.03161058821824283,-0.16134802264747675,1.8336025654743449
0.0860975213862017,0.41745387709757326,1.6414417864379702,0.004105198907946319,-0.001251417631166165,0.0006339525791543346,-1.594238077121183,0.07109282919686555,1.5990850200589666,0.10289999842643738,0.40549999475479126,1.6497999429702759,-1.5707963267948966,0.0,1.5707963267948966,0.03171426633310329,-0.16141435641266197,1.8336024998134677
0.08601617148804036,0.4174979031968084,1.6414157141241812,0.003519959270951948,-0.0011047431793690314,0.0008415205770397482,-1.593995940358413,0.07100947274677383,1.5989067762436104,0.10289999842643738,0.40549999475479126,1.6497999429702759,-1.5707963267948966,0.0,1.5707963267948966,0.03181778386482439,-0.16148077118380288,1.833599785346681
0.08593917575733673,0.41754117901010473,1.6413915302947752,0.0023855176900476407,-0.000767345312921614,0.0007694806465372224,-1.5937408400642048,0.0709254261525043,1.5987301650879704,0.10289999842643738,0.40549999475479126,1.6497999429702759,-1.5707963267948966,0.0,1.5707963267948966,0.03192105723225321,-0.16154690611112024,1.833594948477314
0.08585757347263288,0.4175823677340914,1.6413670199505095,0.0019100552091575306,-0.0005175855485774226,0.0003353638396961422,-1.5934752551776314,0.0708616742445849,1.5985602850466427,0.10289999842643738,0.40549999475479126,1.6497999429702759,-1.5707963267948966,0.0,1.5707963267948966,0.03202566068534314,-0.16161261055491294,1.8335899200690828
0.08577549421450556,0.41761894031853464,1.6413345910737007,0.0021638916294629794,-0.0002964303122879826,7.568142846613182e-05,-1.593232632042521,0.07080897595351798,1.5983969402603462,0.10289999842643738,0.40549999475479126,1.6497999429702759,-1.5707963267948966,0.0,1.5707963267948966,0.03212155948005757,-0.16167150862108315,1.8335890275476106
0.08567764020421259,0.4176604256557733,1.6412878980537402,0.0017496679837243306,8.562729156597006e-06,9.895037896838238e-05,-1.5929406427275337,0.07075705764238638,1.598191057189355,0.10289999842643738,0.40549999475479126,1.6497999429702759,-1.5707963267948966,0.0,1.5707963267948966,0.03222953622244343,-0.16173688704257833,1.8335919496881752
0.08558713944004392,0.4177002438330273,1.6412435797245348,0.00046613878332410496,0.00016769474729634291,0.00016339810797033375,-1.5926496862022985,0.07072128712632963,1.5979911057945895,0.10289999842643738,0.40549999475479126,1.6497999429702759,-1.5707963267948966,0.0,1.5707963267948966,0.032327439776175436,-0.16179588133592515,1.8335949523323976
0.08548299968710811,0.4177511174133772,1.6411929210532148,-0.0008022609582242546,0.0002529492717066645,0.000208323335337202,-1.592312093884125,0.07066963244164537,1.5977526376155464,0.10289999842643738,0.40549999475479126,1.6497999429702759,-1.5707963267948966,0.0,1.5707963267948966,0.032437239542755264,-0.1618620003208767,1.8335971660241221
0.0853792584670751,0.41780704409994507,1.6411367865964224,-0.0010238278205423885,0.0003833583042523118,0.00041891537163640563,-1.5919725973494074,0.07059941695738026,1.5975029575315411,0.10289999842643738,0.40549999475479126,1.6497999429702759,-1.5707963267948966,0.0,1.5707963267948966,0.03254732501881788,-0.16192851784373072,1.833598762205176
0.08527412526043078,0.4178625957524824,1.641071641945406,-0.0002884157505713332,0.00030749957306765955,0.00035177811163094046,-1.5916109360386317,0.07053541304861266,1.5972623396752819,0.10289999842643738,0.40549999475479126,1.6497999429702759,-1.5707963267948966,0.0,1.5707963267948966,0.03265777044427848,-0.16199502466127835,1.8336013182564896
0.08517546876473908,0.4179108396716804,1.6410038207097581,0.0009662557402958119,0.00012047999081244829,0.0002739633282142164,-1.59128365169374,0.0704819972012607,1.5970609339014301,0.10289999842643738,0.40549999475479126,1.6497999429702759,-1.5707963267948966,0.0,1.5707963267948966,0.032758139917168354,-0.1620548802100106,1.8336045882602157
0.08505305404278746,0.4179744584800459,1.6409019871203996,0.0026988600867016745,-0.00021041929325418018,0.00025262756294373693,-1.5909096270936465,0.0704038810053973,1.596811566399469,0.10289999842643738,0.40549999475479126,1.6497999429702759,-1.5707963267948966,0.0,1.5707963267948966,0.03288168919806121,-0.16212895010891076,1.8336103308875003
0.08494954633427726,0.41803607655828423,1.6408022110461098,0.003389065184741286,-0.00046145591745298575,0.00011661829027830878,-1.590599036891167,0.07035287019882075,1.5965832203736958,0.10289999842643738,0.40549999475479126,1.6497999429702759,-1.5707963267948966,0.0,1.5707963267948966,0.032983676549763204,-0.16219108585750885,1.8336154828281008
0.08481594583035383,0.41812369766525437,1.6406665661417292,0.0030078819336663712,-0.0006761007057140543,0.00015492385328474257,-1.5902078053264337,0.07029036158945745,1.596272934503466,0.10289999842643738,0.40549999475479126,1.6497999429702759,-1.5707963267948966,0.0,1.5707963267948966,0.0331097512482024,-0.16226864729791968,1.8336215423412134
0.08469432215066888,0.4182096656500593,1.6405328193723738,0.002719476334253304,-0.0006884565903398364,0.0004585357301620301,-1.589857083883492,0.07022968121962059,1.595967845712054,0.10289999842643738,0.40549999475479126,1.6497999429702759,-1.5707963267948966,0.0,1.5707963267948966,0.03322462678457733,-0.1623397222532665,1.8336281925162965
0.08458766832992087,0.41828675484384664,1.6403997516555946,0.002768482355187606,-0.0005336067240820359,0.0007379129961558607,-1.5895327001754154,0.07019176375784575,1.5956739505505273,0.10289999842643738,0.40549999475479126,1.6497999429702759,-1.5707963267948966,0.0,1.5707963267948966,0.03333924459670494,-0.16241054269587857,1.8336385307747134
0.08444179540799998,0.4183958933259094,1.6401944453184052,0.0013974284805604305,-5.3942125408726474e-05,0.0009747840114138183,-1.5890529081772764,0.07011405366161405,1.59522040393681,0.10289999842643738,0.40549999475479126,1.6497999429702759,-1.5707963267948966,0.0,1.5707963267948966,0.03347609526511951,-0.1624948804410428,1.8336555552128213
0.08433323963407437,0.4184775422681264,1.640040584897005,-0.0010176797842569182,0.00015748675974523594,0.0007104956634668729,-1.5886809872928418,0.07002592546768582,1.5948743102411087,0.10289999842643738,0.40549999475479126,1.6497999429702759,-1.5707963267948966,0.0,1.5707963267948966,0.0335900575435809,-0.16256449616572227,1.833670198663079
0.08422907185273426,0.41854833796984775,1.6399128143916895,-0.003218513752487572,0.00010349592865393512,0.00027039472832019536,-1.5883272058466393,0.06996419917396901,1.5945774048381578,0.10289999842643738,0.40549999475479126,1.6497999429702759,-1.5707963267948966,0.0,1.5707963267948966,0.033694187536219465,-0.16262670087498915,1.8336823871755275
0.08410615132751735,0.4186238607435638,1.6397767998867323,-0.0041523531401523915,5.82139805912752e-05,0.00013234694102338572,-1.5879230037140546,0.06990638148884365,1.5942598863542874,0.10289999842643738,0.40549999475479126,1.6497999429702759,-1.5707963267948966,0.0,1.5707963267948966,0.033811588629560616,-0.16269535864393672,1.8336984897669106
0.08399261106948443,0.41868950047727393,1.6396542515214791,-0.003828336079302776,-2.7697686701112192e-05,0.00015017982600136565,-1.5875662505062402,0.06984507084977043,1.593979161169354,0.10289999842643738,0.40549999475479126,1.6497999429702759,-1.5707963267948966,0.0,1.5707963267948966,0.033918168480960874,-0.16275703164296604,1.8337150292091837
0.08384824532993035,0.41876652746143395,1.6395065237000153,-0.0034049564716136425,-4.39369369852271e-05,0.00010696208372703604,-1.5871222759838248,0.06977368727517774,1.5936446291311324,0.10289999842643738,0.40549999475479126,1.6497999429702759,-1.5707963267948966,0.0,1.5707963267948966,0.034049691747204035,-0.16283274068619516,1.8337349178502653
0.08371258778949361,0.41883276045010776,1.6393828928795442,-0.0030744467789271123,0.00022116673251121687,0.0003217615627647945,-1.5867090129267114,0.06969805117573191,1.5933707388919005,0.10289999842643738,0.40549999475479126,1.6497999429702759,-1.5707963267948966,0.0,1.5707963267948966,0.03418220374284023,-0.1629087987951279,1.83375059174992
0.08358326839787966,0.41889463193032095,1.6392667397987122,-0.002188974904723598,0.0004987705356421306,0.0007152705414575499,-1.5863066775132626,0.06957435869096251,1.5931244178863502,0.10289999842643738,0.40549999475479126,1.6497999429702759,-1.5707963267948966,0.0,1.5707963267948966,0.034290140079130935,-0.16297110000663012,1.8337614067406938
0.08345718462451066,0.4189531651365448,1.639156612781243,-0.0012349222842405131,0.0005001476000845481,0.0005167731892138955,-1.5859091847515798,0.06943581187699444,1.5929105158027546,0.10289999842643738,0.40549999475479126,1.6497999429702759,-1.5707963267948966,0.0,1.5707963267948966,0.034410221694217154,-0.1630405592043658,1.8337741728338561
0.0833531409005039,0.41900246059873986,1.6390691235287917,-0.0003204433627921788,0.00037384656692898135,0.00025815907344566507,-1.5855874890101431,0.06932869288931887,1.5927421754949238,0.10289999842643738,0.40549999475479126,1.6497999429702759,-1.5707963267948966,0.0,1.5707963267948966,0.03450740426739532,-0.16309700913722194,1.8337853117160012
0.08322220621979194,0.4190694521856768,1.638956631794402,0.0008621114429628346,0.0002526294284558965,0.00039612153259933755,-1.5851935928251921,0.06917170457407451,1.5925155612299544,0.10289999842643738,0.40549999475479126,1.6497999429702759,-1.5707963267948966,0.0,1.5707963267948966,0.03462995182741133,-0.1631688074436857,1.8338014941373049
0.08309786791437404,0.41914025447854636,1.6388388716265823,0.0012862861787413138,0.00015001083438250515,0.000685367219468037,-1.584795898093515,0.06898703339405898,1.5922605945188042,0.10289999842643738,0.40549999475479126,1.6497999429702759,-1.5707963267948966,0.0,1.5707963267948966,0.03475236670140961,-0.16324150599674106,1.8338198239452295
0.08295700566938011,0.4192250780934518,1.6387004116755495,2.4664236445128555e-05,1.1509349799797041e-05,0.0009298773787363846,-1.5843234621608635,0.0687653574388225,1.5919427592509567,0.10289999842643738,0.40549999475479126,1.6497999429702759,-1.5707963267948966,0.0,1.5707963267948966,0.034898926593031246,-0.16332883835805406,1.8338434836639292
0.0828699033976363,0.41928108656598445,1.638612964014242,-0.0009354945905400813,-0.00012981041315384754,0.0011292637594314278,-1.58402148776704,0.06860180473651756,1.5917282808836903,0.10289999842643738,0.40549999475479126,1.6497999429702759,-1.5707963267948966,0.0,1.5707963267948966,0.034995994312476526,-0.16338677778269137,1.833859167919441
0.0827535419148772,0.41936248084675676,1.6384783094403799,-0.0012774615485266223,-0.00034154110758802925,0.001466932132451213,-1.5835778536332201,0.0683443115688771,1.5914016558099828,0.10289999842643738,0.40549999475479126,1.6497999429702759,-1.5707963267948966,0.0,1.5707963267948966,0.03513979160883062,-0.16347298932387014,1.8338852975961233
0.08267768050140409,0.4194192525488439,1.6383740692533866,-0.001526373207518844,-0.000456755608734444,0.0014114089965269407,-1.5832446559939732,0.06814601138239063,1.5911635535407127,0.10289999842643738,0.40549999475479126,1.6497999429702759,-1.5707963267948966,0.0,1.5707963267948966,0.035258083885024875,-0.16354390308371453,1.8339103397185292
0.08260561057681151,0.41947560266748896,1.638265791701905,-0.0017143869894993362,-0.0006231410170337685,0.001047505906725514,-1.582931703571831,0.06792331395113571,1.5909228533839674,0.10289999842643738,0.40549999475479126,1.6497999429702759,-1.5707963267948966,0.0,1.5707963267948966,0.03535283796204881,-0.16360045527444017,1.8339325970794158
0.08250684991850328,0.4195577628538346,1.6381076662491758,-0.0019400394056824108,-0.0007260705080365023,0.0009334205133479393,-1.5825089712268143,0.06757089011453665,1.5905845856422287,0.10289999842643738,0.40549999475479126,1.6497999429702759,-1.5707963267948966,0.0,1.5707963267948966,0.035519178662307,-0.1636993694747797,1.833976613994831
0.08244040445786703,0.4196210960245276,1.6379823416071078,-0.0014685835861315932,-0.0007472736649994982,0.0011932985868797657,-1.5821774999368374,0.06727553805020836,1.5903182033243302,0.10289999842643738,0.40549999475479126,1.6497999429702759,-1.5707963267948966,0.0,1.5707963267948966,0.03562551332662356,-0.16376302000918327,1.8340074919340206
0.08239511226065033,0.41968224347758953,1.6378651396693495,-0.000889151152826121,-0.0007396743311371422,0.0013715964236694085,-1.581896658545099,0.06696209106178985,1.5900557994335147,0.10289999842643738,0.40549999475479126,1.6497999429702759,-1.5707963267948966,0.0,1.5707963267948966,0.03573017924135442,-0.163827167006222,1.834040526601422
0.08235542231775747,0.41974773899559714,1.6377461509432867,-0.0007396846064805278,-0.0008251309488610341,0.0010905884516472148,-1.5816248372704853,0.0666302647272472,1.5897804711617662,0.10289999842643738,0.40549999475479126,1.6497999429702759,-1.5707963267948966,0.0,1.5707963267948966,0.03584593356146113,-0.16389913103589043,1.8340814038332431
0.08231525324567258,0.41982284014132476,1.6376204071537175,-0.0014650100223970984,-0.0008076312795151152,0.0009734454491398386,-1.5813202522305239,0.06625824172701389,1.5894800382422742,0.10289999842643738,0.40549999475479126,1.6497999429702759,-1.5707963267948966,0.0,1.5707963267948966,0.03594981956749229,-0.16396422677055847,1.834119756343221
0.08228162937286707,0.41989768376537084,1.6375087774732568,-0.0023692493974482205,-0.000696983237452554,0.0009396737032341233,-1.581030374098308,0.06586019151915234,1.5891889710437503,0.10289999842643738,0.40549999475479126,1.6497999429702759,-1.5707963267948966,0.0,1.5707963267948966,0.036064477757421935,-0.16403655232905093,1.834160441974486
0.08225458520389385,0.419961950604153,1.6374188645833865,-0.0022450318454410615,-0.0005760195112303034,0.0008303881758051627,-1.5807822498507575,0.06548723181162774,1.5889273723549286,0.10289999842643738,0.40549999475479126,1.6497999429702759,-1.5707963267948966,0.0,1.5707963267948966,0.03617853324122279,-0.1641086968102496,1.8341977157725544
0.08222405309050691,0.4200341339017733,1.6373127126801863,-0.0007779421437553931,-0.00036109398142910535,0.0007984863531680224,-1.580459108690842,0.06503066899068521,1.5886084860748146,0.10289999842643738,0.40549999475479126,1.6497999429702759,-1.5707963267948966,0.0,1.5707963267948966,0.036292066566568804,-0.16418063913305722,1.8342325147359695
0.08220019926802376,0.4200929395453701,1.6372142795205917,0.0002630319949740429,3.8353202698961725e-05,0.0007498414388124334,-1.5801397426248438,0.06459947541286049,1.5883233484834678,0.10289999842643738,0.40549999475479126,1.6497999429702759,-1.5707963267948966,0.0,1.5707963267948966,0.0364048380876759,-0.16425214948738648,1.8342652961503354
0.082178945351999,0.4201491135761176,1.6371145272611538,0.0007476113495471212,0.0004926322665354074,0.0005932840798713566,-1.5798384613834424,0.0641656870710241,1.588033718618665,0.10289999842643738,0.40549999475479126,1.6497999429702759,-1.5707963267948966,0.0,1.5707963267948966,0.03651734074216054,-0.16432353132860755,1.8342956669459374
0.08215965524680843,0.4202065309518817,1.6370129633643469,0.0007395480139455435,0.0009157256349509815,0.0005778266413616983,-1.5795589789774693,0.06375605938863016,1.5877368169114956,0.10289999842643738,0.40549999475479126,1.6497999429702759,-1.5707963267948966,0.0,1.5707963267948966,0.03662979149907184,-0.1643951770967195,1.8343243972863426
0.08214697833427294,0.42026583260933237,1.636912837235132,0.0001863724414775739,0.0011842002178068343,0.0007260930930578946,-1.5792925669021054,0.06334698511548842,1.5874392823042012,0.10289999842643738,0.40549999475479126,1.6497999429702759,-1.5707963267948966,0.0,1.5707963267948966,0.03674153916804632,-0.16446691614549916,1.8343516137487217
0.08214082129086762,0.4203244895797019,1.636811807408399,-5.992650685216401e-05,0.001229153134287569,0.0006433051626105354,-1.5790325184387417,0.0629192870064843,1.5871403153627888,0.10289999842643738,0.40549999475479126,1.6497999429702759,-1.5707963267948966,0.0,1.5707963267948966,0.036852449215751,-0.16453826124482956,1.8343783871215853
0.08213420107058358,0.42037805153165797,1.636709129701598,-0.00020418658575451542,0.001082277562474034,0.0004229522327058372,-1.5787552893254237,0.062495022955254775,1.5868494440726726,0.10289999842643738,0.40549999475479126,1.6497999429702759,-1.5707963267948966,0.0,1.5707963267948966,0.03696346118248818,-0.16460880250239956,1.8344060044607002
0.08212498919894472,0.4204266704558689,1.6366072583657503,5.0265466043488774e-05,0.0008626663840250937,9.881463650851767e-06,-1.5784692769226552,0.06208678491906072,1.5865656839666415,0.10289999842643738,0.40549999475479126,1.6497999429702759,-1.5707963267948966,0.0,1.5707963267948966,0.03707501863862113,-0.16467870401620094,1.8344346021322024
0.08210409950436005,0.4204730881509669,1.636500024568351,0.0007248445352446866,0.0007119587509762562,-0.00037017687752880033,-1.5781799927761115,0.061694137487087186,1.5862737138154508,0.10289999842643738,0.40549999475479126,1.6497999429702759,-1.5707963267948966,0.0,1.5707963267948966,0.037188589098213855,-0.1647484101662817,1.8344675970976319
0.08207944085932191,0.4205139058741293,1.6364004516756763,0.0009321456392026526,0.0007646879999086578,-0.0002444438769905607,-1.5779079510874479,0.06135069573595331,1.5860096940792563,0.10289999842643738,0.40549999475479126,1.6497999429702759,-1.5707963267948966,0.0,1.5707963267948966,0.03730343644353928,-0.16481795285807885,1.8345063464542277
0.08205263440338185,0.42056555082983466,1.6362804050045032,0.00035668577237432414,0.0009508455504961046,0.00011041992792123056,-1.5775661583533356,0.060932076990022566,1.5856853141295304,0.10289999842643738,0.40549999475479126,1.6497999429702759,-1.5707963267948966,0.0,1.5707963267948966,0.037418212764503925,-0.16488759063599878,1.8345487999169074
0.08203271232459876,0.4206178579907419,1.6361787737201705,-0.000632505821270534,0.000996783893185594,0.00015236875483927437,-1.5772714179310228,0.0605278193138572,1.585392307698981,0.10289999842643738,0.40549999475479126,1.6497999429702759,-1.5707963267948966,0.0,1.5707963267948966,0.037532944620591445,-0.1649576868789003,1.8345937417840328
0.08201284038479027,0.4206738588938556,1.636087105304878,-0.0008959169985868247,0.0008649106375832945,4.7922703274077076e-05,-1.5770014999323734,0.0601028819812921,1.585108261769069,0.10289999842643738,0.40549999475479126,1.6497999429702759,-1.5707963267948966,0.0,1.5707963267948966,0.03764830996630895,-0.16502829889368767,1.8346391332382181
0.08198895541100888,0.42073376825285685,1.6359896652554218,0.0003673745513650056,0.000546465101599303,-0.0001438404506575256,-1.5767144811378655,0.05963217080409944,1.5848122637434507,0.10289999842643738,0.40549999475479126,1.6497999429702759,-1.5707963267948966,0.0,1.5707963267948966,0.037776178482603485,-0.16510623602209185,1.8346895641604777
0.08196004160736528,0.42078313883920704,1.6358976904062352,0.0020021767009692536,0.00022848922277421142,-0.00037921865864061477,-1.5764579648675467,0.059204104981606775,1.5845593066262567,0.10289999842643738,0.40549999475479126,1.6497999429702759,-1.5707963267948966,0.0,1.5707963267948966,0.03789408864796264,-0.16517703972291922,1.8347372278953813
0.08192048721641682,0.42083494386967474,1.6357924520371305,0.0032042697646832755,3.558642589856703e-05,-0.00033711936757277987,-1.5761920587200497,0.058746365391456834,1.584290838414956,0.10289999842643738,0.40549999475479126,1.6497999429702759,-1.5707963267948966,0.0,1.5707963267948966,0.0380255040661508,-0.16525513821996315,1.8347925768258768
0.08188284841204446,0.42087837388718163,1.6356975387174002,0.0036602267074461264,-7.695082267082083e-06,-8.76010577046043e-05,-1.5759708104711603,0.05836265525767681,1.5840529369249359,0.10289999842643738,0.40549999475479126,1.6497999429702759,-1.5707963267948966,0.0,1.5707963267948966,0.03814546904397458,-0.16532604445196897,1.8348444447088552
0.0818538388165183,0.42091368635640647,1.6356235163655242,0.0036806307551125305,-4.324230470026491e-05,0.00010184124949120592,-1.5758177356328567,0.05807455827995067,1.5838630752480567,0.10289999842643738,0.40549999475479126,1.6497999429702759,-1.5707963267948966,0.0,1.5707963267948966,0.038241472545910496,-0.1653829721927837,1.8348869099612481
0.08182008066481847,0.4209664529284419,1.6355251445924417,0.003560539170003271,-0.000157564662674012,0.00048262545501199594,-1.575631890272749,0.057676473907642745,1.5836006550573878,0.10289999842643738,0.40549999475479126,1.6497999429702759,-1.5707963267948966,0.0,1.5707963267948966,0.0383730415182754,-0.16546188712300894,1.834946926578594
0.08180067886916152,0.4210157481804195,1.6354417703326987,0.0030665839958065465,-0.00010618718459939806,0.0007703989199858385,-1.5754551828327537,0.057311188968905746,1.5833637911361673,0.10289999842643738,0.40549999475479126,1.6497999429702759,-1.5707963267948966,0.0,1.5707963267948966,0.038491333516047846,-0.1655338561217122,1.8350043959496516
0.08178829576535418,0.42106004880480696,1.6353725442723377,0.0024314753806106834,-7.606396199518656e-05,0.0005960068038253362,-1.575272011976001,0.056972917681590296,1.583152960550745,0.10289999842643738,0.40549999475479126,1.6497999429702759,-1.5707963267948966,0.0,1.5707963267948966,0.03859732567677384,-0.16559861737711634,1.8350592983918006
0.08177385955966619,0.4211106097693377,1.6353017260404312,0.0022649348561974256,-0.00019892834286292275,0.00013761048641888085,-1.575057558716296,0.05656994590180764,1.5829075338802552,0.10289999842643738,0.40549999475479126,1.6497999429702759,-1.5707963267948966,0.0,1.5707963267948966,0.03871584056324835,-0.1656709255363739,1.8351228309108227
0.08175398978532586,0.421157131076205,1.6352353815585732,0.0028058795077958165,-0.00044417470005798227,-0.00030493456463974206,-1.5748537318504285,0.05621163787553929,1.5826674304859911,0.10289999842643738,0.40549999475479126,1.6497999429702759,-1.5707963267948966,0.0,1.5707963267948966,0.03882407383385519,-0.16573648211417844,1.835185064029672
0.0817185565372948,0.4212136620625784,1.635155656688411,0.0026693301921724673,-0.0006336097349310184,-0.00033580663614551253,-1.5745814643432832,0.055809534572934805,1.5823577894926277,0.10289999842643738,0.40549999475479126,1.6497999429702759,-1.5707963267948966,0.0,1.5707963267948966,0.03895849455551614,-0.1658170272185386,1.835268821998387
0.08168761375094197,0.421262701992101,1.6350938849703582,0.0015817845506177469,-0.0005619975695757258,-4.151383502308082e-05,-1.5743363845284282,0.05543382145143383,1.582076399575955,0.10289999842643738,0.40549999475479126,1.6497999429702759,-1.5707963267948966,0.0,1.5707963267948966,0.039080837333776326,-0.16589011317952151,1.8353512447834492
0.0816552640709739,0.42130794310515074,1.6350484368289169,0.0005789488810413985,-0.0005304140526214889,7.446829769916905e-05,-1.574096768923124,0.05506657330926945,1.5818000235310457,0.10289999842643738,0.40549999475479126,1.6497999429702759,-1.5707963267948966,0.0,1.5707963267948966,0.03920346847644249,-0.1659628820904893,1.8354377302355762
0.08162572011769835,0.42135176895786797,1.6350077305555262,0.0010232971022217081,-0.0006646653584623775,0.00020455267120249562,-1.5738664309332164,0.05470783995735928,1.5815135888619176,0.10289999842643738,0.40549999475479126,1.6497999429702759,-1.5707963267948966,0.0,1.5707963267948966,0.03932604624356038,-0.1660358547954296,1.8355279247466496
0.08159829419905776,0.42139541982418693,1.634962872785249,0.0020438793283857307,-0.0008794805072274309,0.00026652687845066524,-1.5736650730978168,0.05433720241754747,1.5812044139256975,0.10289999842643738,0.40549999475479126,1.6497999429702759,-1.5707963267948966,0.0,1.5707963267948966,0.03944882300065955,-0.16610935272446176,1.8356217484784694
0.08157542437700219,0.42144055662387314,1.6349117087220246,0.0022555211017451604,-0.000978387235251045,0.0003889846238061958,-1.5734952451385968,0.05394866850018154,1.5808557779344246,0.10289999842643738,0.40549999475479126,1.6497999429702759,-1.5707963267948966,0.0,1.5707963267948966,0.03957142775370421,-0.16618357125795435,1.8357175587660286
0.08155536941816467,0.42148652603414216,1.6348612912566194,0.0012989225413365662,-0.0010185636891636486,0.00012904075667918974,-1.5733363766347432,0.05357087461700516,1.5804777592470258,0.10289999842643738,0.40549999475479126,1.6497999429702759,-1.5707963267948966,0.0,1.5707963267948966,0.03969391909539462,-0.16625824474769604,1.8358130155549421
0.08152107371177057,0.4215346308515553,1.6348153659402394,-8.59499336686814e-05,-0.0012064746713097536,-0.0008200232296867633,-1.5731823349211398,0.053225170749723105,1.580075217096318,0.10289999842643738,0.40549999475479126,1.6497999429702759,-1.5707963267948966,0.0,1.5707963267948966,0.03981896749832627,-0.16633344758783683,1.8359097385334306
0.08145260598247478,0.42158808991773217,1.6347661007448964,-0.0009131500167403602,-0.001376584639029704,-0.0013205366726323046,-1.5730140156276176,0.052900383763716086,1.57962319521815,0.10289999842643738,0.40549999475479126,1.6497999429702759,-1.5707963267948966,0.0,1.5707963267948966,0.03996150185584134,-0.16641625812890248,1.836027566850348
0.08137329631804473,0.421633194955234,1.634719959195546,-0.0015202286730533123,-0.0013536250641730443,-0.0009339473505617879,-1.5728420672148362,0.05265529679836245,1.5792220090239273,0.10289999842643738,0.40549999475479126,1.6497999429702759,-1.5707963267948966,0.0,1.5707963267948966,0.040093718435082755,-0.16649103467600498,1.8361469910771264
0.081292025451197,0.4216757837245516,1.6346807054925891,-0.0026235270978260273,-0.0011390579486891767,-0.00012439587061355764,-1.5726601342665867,0.0524368161112343,1.5788444677263427,0.10289999842643738,0.40549999475479126,1.6497999429702759,-1.5707963267948966,0.0,1.5707963267948966,0.04022619814747903,-0.16656535761479124,1.8362736649836693
0.08122837399171635,0.42171394761140296,1.6346535494241994,-0.0031625081136475146,-0.0008717875533106258,0.0005710348040379303,-1.572506949612864,0.05222725075069379,1.5785220075371607,0.10289999842643738,0.40549999475479126,1.6497999429702759,-1.5707963267948966,0.0,1.5707963267948966,0.04035716927074341,-0.16663942466502554,1.8364094057984173
0.0811621321849402,0.4217577481980078,1.6346297732417978,-0.0031755391007294805,-0.0006632594445518656,0.0008984857314265923,-1.5723301273989496,0.05196914694718924,1.578141907921587,0.10289999842643738,0.40549999475479126,1.6497999429702759,-1.5707963267948966,0.0,1.5707963267948966,0.040486737773725134,-0.16671322977639083,1.8365554155691184
0.08110978582794523,0.42179755810191044,1.6346199945651883,-0.0031074433220574633,-0.00046434718656839305,0.000850986942875992,-1.5721797603948158,0.05174192249835663,1.5777926222491314,0.10289999842643738,0.40549999475479126,1.6497999429702759,-1.5707963267948966,0.0,1.5707963267948966,0.04062815080290675,-0.16679501019552656,1.8367216196479001
0.08104065788436167,0.42185540472978333,1.634625751271195,-0.002204963047835858,-0.00040373345865676446,0.0003128777738351502,-1.5719946019282525,0.05143452956816308,1.5772958971513034,0.10289999842643738,0.40549999475479126,1.6497999429702759,-1.5707963267948966,0.0,1.5707963267948966,0.04078277958783489,-0.16688620725527242,1.8369032937749075
0.08098464491886534,0.42189828460536516,1.6346398732513139,-0.0010627297582212743,-0.0004904568008728031,-0.0001190451091558293,-1.5718556196816507,0.05123648681844273,1.5769348546211586,0.10289999842643738,0.40549999475479126,1.6497999429702759,-1.5707963267948966,0.0,1.5707963267948966,0.040900068510635525,-0.1669561152492346,1.837039609439946
0.08090545187366849,0.42195606945613007,1.634665701499139,0.0004434208836245513,-0.0005136894098405082,-0.0002556996973396596,-1.5716778796765718,0.051014099938206936,1.5764892984629235,0.10289999842643738,0.40549999475479126,1.6497999429702759,-1.5707963267948966,0.0,1.5707963267948966,0.04104529481093277,-0.16704353784283346,1.8372074642112315
0.08083146047747092,0.4220125483048658,1.6346981061872812,0.0014827377741051038,-0.0003823087194260802,9.485372991353522e-05,-1.571521099062135,0.05080971430379666,1.576084529878993,0.10289999842643738,0.40549999475479126,1.6497999429702759,-1.5707963267948966,0.0,1.5707963267948966,0.04119078653128855,-0.16713274714199855,1.8373750135000486
0.08075573446097507,0.4220776258678629,1.6347455887032032,0.002446177940538736,-0.0003207519125560592,0.0004373723033848382,-1.5713433840954918,0.05058742804685057,1.5756460083838686,0.10289999842643738,0.40549999475479126,1.6497999429702759,-1.5707963267948966,0.0,1.5707963267948966,0.04132207993503889,-0.16721509081191674,1.8375261963464078
0.08069065004588703,0.4221395347667612,1.6347920134599918,0.0034429171242712654,-0.0003824542319099431,0.000548339349725459,-1.5711811217435905,0.050392903902981345,1.5752495846301149,0.10289999842643738,0.40549999475479126,1.6497999429702759,-1.5707963267948966,0.0,1.5707963267948966,0.04145269462222923,-0.16729854125620172,1.8376770722463565
0.08063667136164468,0.42219669478925503,1.6348371138622426,0.0034535344376788344,-0.0003223433654111374,0.0006547619176265003,-1.5710537762253036,0.05020267615144869,1.5748858914109154,0.10289999842643738,0.40549999475479126,1.6497999429702759,-1.5707963267948966,0.0,1.5707963267948966,0.04156954722168427,-0.16737435603297732,1.8378102833959629
0.0805799701240138,0.42226002733383317,1.6348922980883247,0.003106976807590182,-0.00021803348786674282,0.0005224494949701323,-1.5709311337163245,0.04998936626466888,1.574468368045488,0.10289999842643738,0.40549999475479126,1.6497999429702759,-1.5707963267948966,0.0,1.5707963267948966,0.041698836055303085,-0.1674590990687508,1.8379536892466457
0.08051843767715473,0.4223220398430513,1.6349507278883555,0.0027318331252817866,-0.0003246618386354449,5.159797287915367e-05,-1.5708191535224771,0.04979675281309959,1.5740411089037563,0.10289999842643738,0.40549999475479126,1.6497999429702759,-1.5707963267948966,0.0,1.5707963267948966,0.04184190675202395,-0.16755279942370258,1.8381062073398995
0.08044283412801201,0.4223834448634604,1.6350086783654376,0.002452690858473186,-0.0006927508373138221,-0.0005186108635031716,-1.5707155793678245,0.049623074382898924,1.573605072529007,0.10289999842643738,0.40549999475479126,1.6497999429702759,-1.5707963267948966,0.0,1.5707963267948966,0.04196096280759305,-0.16762980139969552,1.8382300485856793
0.08035513219082246,0.42244518940781106,1.6350637778665307,0.0020486660214420827,-0.0011675222164462282,-0.0005460527542367968,-1.570609021379414,0.049468057484178374,1.5731709888531258,0.10289999842643738,0.40549999475479126,1.6497999429702759,-1.5707963267948966,0.0,1.5707963267948966,0.042095018906358056,-0.1677156809931804,1.8383693446193363
0.08026253011150106,0.42250717630407664,1.6351185651678828,0.0010284455774806987,-0.0015888745657797153,-0.00026503680292034785,-1.5704915864414957,0.04934633498789154,1.5727435407093207,0.10289999842643738,0.40549999475479126,1.6497999429702759,-1.5707963267948966,0.0,1.5707963267948966,0.04222963660511551,-0.167801798803316,1.838508214148994
0.08017024392052931,0.4225698963617412,1.6351735504660487,-6.860745492555056e-05,-0.0020931022918500076,0.0001743122669864273,-1.5703716983377918,0.049229328121999316,1.5723127710473526,0.10289999842643738,0.40549999475479126,1.6497999429702759,-1.5707963267948966,0.0,1.5707963267948966,0.042363963373595104,-0.1678880435593499,1.838645610332431
0.08008124937826293,0.4226429491906878,1.6352277658871428,-0.00021824328062750782,-0.0020030300003791657,0.0009210199227532127,-1.570241513386213,0.0490728248399126,1.5718086257779116,0.10289999842643738,0.40549999475479126,1.6497999429702759,-1.5707963267948966,0.0,1.5707963267948966,0.042509670057879645,-0.1679833145398901,1.8387979609765055
0.08001168337464919,0.422725810243724,1.6352647838360015,0.00045606822938915693,-0.0018600994089241327,0.0009656954386102331,-1.5701069618625914,0.04891248271584514,1.5712600481490473,0.10289999842643738,0.40549999475479126,1.6497999429702759,-1.5707963267948966,0.0,1.5707963267948966,0.04265242535769337,-0.16807974941651233,1.8389581783750901
0.07995152307858794,0.4228102426279355,1.6352852585430213,0.0006070739700236262,-0.0018308719569015718,0.00048708543799816904,-1.5699991059831033,0.04876020909630796,1.5707416072126759,0.10289999842643738,0.40549999475479126,1.6497999429702759,-1.5707963267948966,0.0,1.5707963267948966,0.04278218114395531,-0.16816863994855724,1.839111682428729
0.0798899743620699,0.42289808738310275,1.6353052732632352,-0.00040414810045059284,-0.0016853707641482382,1.8539095016897453e-05,-1.5699135690285095,0.048607423851281695,1.5702265510608384,0.10289999842643738,0.40549999475479126,1.6497999429702759,-1.5707963267948966,0.0,1.5707963267948966,0.04291266191992206,-0.1682581097289599,1.8392689473541342
0.07981931383208543,0.42298577741237986,1.6353282114644352,-0.0013727641412097603,-0.0015352248282611816,-0.00044619613532015926,-1.569820870731562,0.0484811292551619,1.5697136516152825,0.10289999842643738,0.40549999475479126,1.6497999429702759,-1.5707963267948966,0.0,1.5707963267948966,0.043044723183232096,-0.16834782224606268,1.8394277726056192
0.07974028611990186,0.42307012865229776,1.6353582365495283,-0.0019426041676048468,-0.0014786598724186456,-0.0005658818409729369,-1.5697260318950395,0.04837193308716614,1.56921512680765,0.10289999842643738,0.40549999475479126,1.6497999429702759,-1.5707963267948966,0.0,1.5707963267948966,0.04317806538095391,-0.1684374940343193,1.8395866971653672
0.07965653104607542,0.42314990236625283,1.6353944087962269,-0.0017603109293800147,-0.0014995234094578036,-0.0005771941850830856,-1.5696465843890628,0.048260876387843155,1.568746138892076,0.10289999842643738,0.40549999475479126,1.6497999429702759,-1.5707963267948966,0.0,1.5707963267948966,0.043312135432763355,-0.16852721952391114,1.8397425270963332
0.07956684270647406,0.42322783590466895,1.635434862748406,-0.0009633603189234381,-0.0014657291590382557,-0.0006257067239113474,-1.5695744400083411,0.048171992677023656,1.5683160499713367,0.10289999842643738,0.40549999475479126,1.6497999429702759,-1.5707963267948966,0.0,1.5707963267948966,0.04344707374593731,-0.16861766255471536,1.8398926856403772
0.07946368653349961,0.42331742487840635,1.6354830225805592,5.920544376269372e-05,-0.0012133682061696485,-0.000756070070899671,-1.5695130630140444,0.04808570283333413,1.567886439584286,0.10289999842643738,0.40549999475479126,1.6497999429702759,-1.5707963267948966,0.0,1.5707963267948966,0.04359640054506377,-0.16871893319463901,1.840049407239152
0.07936142616091443,0.423405624817751,1.6355320739766999,0.00045152467942647105,-0.0008162786976415604,-0.0008363853209212006,-1.5694788884717765,0.048000942677807856,1.567537395454413,0.10289999842643738,0.40549999475479126,1.6497999429702759,-1.5707963267948966,0.0,1.5707963267948966,0.04373392620480518,-0.16881301105003638,1.840183813069432
0.07925734118805969,0.4234994027021403,1.6355888543644268,0.00048551858501522013,-0.00031251207426996337,-0.0006546312266264491,-1.5694466825902524,0.04791980911993843,1.567235555524428,0.10289999842643738,0.40549999475479126,1.6497999429702759,-1.5707963267948966,0.0,1.5707963267948966,0.04387212471171251,-0.16890865175470177,1.8403120675455105
0.07915108347727144,0.42359982110731553,1.6356478282243716,0.00047081521882243307,-6.900610605784247e-06,-0.0006389280651263763,-1.5694099226710676,0.047845597023228326,1.566962737284366,0.10289999842643738,0.40549999475479126,1.6497999429702759,-1.5707963267948966,0.0,1.5707963267948966,0.04401101879451772,-0.16900583125582586,1.84043471766973
0.07904200526404129,0.4237038076611106,1.635706008577761,0.0003225521251591809,0.00019969406220711263,-0.00035669432511751045,-1.569376115292779,0.04775388118755952,1.5666954361404508,0.10289999842643738,0.40549999475479126,1.6497999429702759,-1.5707963267948966,0.0,1.5707963267948966,0.044150532663128926,-0.16910404943791332,1.840550612676147
0.0789397400078948,0.4238063149598382,1.6357629586370754,0.0007695330867025842,0.0002953378825311467,4.593164057349356e-05,-1.5693178032187631,0.047638193046937616,1.5664297172064519,0.10289999842643738,0.40549999475479126,1.6497999429702759,-1.5707963267948966,0.0,1.5707963267948966,0.04428898910248191,-0.16920257155370394,1.8406614253030469
0.07884210316713144,0.42390743338309655,1.635809931154474,0.0011593877273688206,0.0001161268044452442,7.9294663732634e-05,-1.56922597619322,0.047520255912610665,1.566151354013507,0.10289999842643738,0.40549999475479126,1.6497999429702759,-1.5707963267948966,0.0,1.5707963267948966,0.044426710969717335,-0.16930137974861512,1.8407717160385046
0.07874519203069086,0.42400863862484417,1.6358541395413853,0.0001624481870450999,-0.0001151330993293974,-0.0001999599448057468,-1.5691368138717527,0.047389436043854705,1.5658677971916697,0.10289999842643738,0.40549999475479126,1.6497999429702759,-1.5707963267948966,0.0,1.5707963267948966,0.0445645065666337,-0.1694005076621281,1.840878847094802
0.07864181029760417,0.4241115729635718,1.6359034700731825,-0.001094741960182881,-0.00020900893797429066,-0.0005394442947692241,-1.569056165705613,0.047262642453270054,1.5655957263306672,0.10289999842643738,0.40549999475479126,1.6497999429702759,-1.5707963267948966,0.0,1.5707963267948966,0.044703637786356484,-0.1695001280339939,1.8409820886760002
0.07850988139032926,0.4242376130331884,1.635958655711056,-0.001502115520703884,2.0057788704495913e-05,-0.0005617266778013255,-1.5689618296229775,0.04712606970240074,1.5652756830088657,0.10289999842643738,0.40549999475479126,1.6497999429702759,-1.5707963267948966,0.0,1.5707963267948966,0.044872217499881406,-0.16962032420585027,1.8411046880344475
0.07839675594033868,0.42433793532110775,1.6359963484406705,-0.001725352098616583,0.0004035412492329007,-0.000517437372350547,-1.5688986508400797,0.04701089685470716,1.5650124921871102,0.10289999842643738,0.40549999475479126,1.6497999429702759,-1.5707963267948966,0.0,1.5707963267948966,0.0450132752781139,-0.1697200188831022,1.8412054714312258
0.0782762378950325,0.42442971337711716,1.6360265709686352,-0.002305761441788819,0.0006672884442734766,-0.0006319572933164734,-1.5688366349474419,0.0469089004796035,1.5647548776543583,0.10289999842643738,0.40549999475479126,1.6497999429702759,-1.5707963267948966,0.0,1.5707963267948966,0.04515526450385187,-0.16981869601659377,1.8413044246468913
0.07816251902575848,0.42450797318897865,1.6360499637276977,-0.0033684223862982697,0.0007682788035077221,-0.000561760587851231,-1.5687812853004126,0.046839452309612284,1.5645211960949148,0.10289999842643738,0.40549999475479126,1.6497999429702759,-1.5707963267948966,0.0,1.5707963267948966,0.04528371985875889,-0.16990699643068216,1.8413906643523754
0.078037845303803,0.4245947957172448,1.6360781135236195,-0.00511959638987663,0.0007911997884543013,-0.00017418984817304771,-1.5687329984972855,0.04675604095169561,1.5642541122245452,0.10289999842643738,0.40549999475479126,1.6497999429702759,-1.5707963267948966,0.0,1.5707963267948966,0.04542640215600112,-0.17000507825212816,1.841481286475164
0.07792135139177873,0.4246808094708624,1.6361131293507902,-0.00606332682499982,0.0007754956499204462,2.24948364435131e-05,-1.5687033376518724,0.046646930265679565,1.5639898175592122,0.10289999842643738,0.40549999475479126,1.6497999429702759,-1.5707963267948966,0.0,1.5707963267948966,0.04556822413163073,-0.17010303170155655,1.8415682236833197
0.07779510273876275,0.42476965624821417,1.6361531856012346,-0.005789429294324536,0.0007349230237471292,-0.00013217011537178252,-1.5686668913090795,0.046518497012272064,1.563702370690183,0.10289999842643738,0.40549999475479126,1.6497999429702759,-1.5707963267948966,0.0,1.5707963267948966,0.04572434907178583,-0.1702104049924499,1.8416623433036088
0.07766731609585871,0.42485113153301224,1.6361904141417047,-0.004760728061562973,0.0006230537465629446,-0.00022382455169417352,-1.5686190785057925,0.046369436987734325,1.5634077157451707,0.10289999842643738,0.40549999475479126,1.6497999429702759,-1.5707963267948966,0.0,1.5707963267948966,0.045881028489904815,-0.17031746496708805,1.8417537390757686
0.07754978375307095,0.4249188645748625,1.6362195900762813,-0.003328212504056008,0.0004938920135912723,-0.0002996374391810199,-1.5685616868522199,0.046221371506097064,1.5631211393252282,0.10289999842643738,0.40549999475479126,1.6497999429702759,-1.5707963267948966,0.0,1.5707963267948966,0.04602354796402053,-0.17041461769658384,1.8418334823487907
0.07742723529896935,0.42498288378892884,1.6362392255589926,-0.001742714442243841,0.0003496404665556152,-0.0004056460693268241,-1.5684825161222327,0.04609743684016454,1.5628046817073162,0.10289999842643738,0.40549999475479126,1.6497999429702759,-1.5707963267948966,0.0,1.5707963267948966,0.04616639606668946,-0.17051201401002136,1.841909954973166
0.07727551477407223,0.4250602021966284,1.636259916766918,-0.0017896506797942763,0.00032351578027203906,-0.0004952108716035583,-1.5683644354335413,0.04596014347935551,1.562409279879565,0.10289999842643738,0.40549999475479126,1.6497999429702759,-1.5707963267948966,0.0,1.5707963267948966,0.046338059853264744,-0.17062956895756806,1.8419953816164372
0.07714444180771068,0.4251293177961591,1.636282662208761,-0.0023000934474857754,0.00041876007972116154,-0.0003831607846767629,-1.5682563374825345,0.04585778079527003,1.5620879035265238,0.10289999842643738,0.40549999475479126,1.6497999429702759,-1.5707963267948966,0.0,1.5707963267948966,0.0464816213719596,-0.17072826622807177,1.8420599059720504
0.07703082107983475,0.425195545082647,1.6363005811516549,-0.0018963269989734275,0.0005132582619176887,-0.0001119516330908907,-1.568159539835434,0.04577778650564923,1.5618048932231663,0.10289999842643738,0.40549999475479126,1.6497999429702759,-1.5707963267948966,0.0,1.5707963267948966,0.04661025610453849,-0.1708175771572057,1.8421161382887719
0.0769102941560542,0.4252727565609493,1.636315905299795,-0.0013305588710163128,0.0005573385066759026,5.5947140009016084e-05,-1.5680693016463287,0.0456984656918662,1.5615019987288477,0.10289999842643738,0.40549999475479126,1.6497999429702759,-1.5707963267948966,0.0,1.5707963267948966,0.04675267456214685,-0.17091726403776705,1.8421786263477276
0.0767993520044619,0.42535317675159867,1.6363299971736132,-0.0011437517287353986,0.0007062463476008702,0.0004092441483162133,-1.5680134521904558,0.04560700987278832,1.5612089033203485,0.10289999842643738,0.40549999475479126,1.6497999429702759,-1.5707963267948966,0.0,1.5707963267948966,0.04689405097346945,-0.17101734780005393,1.8422397082757005
0.07669554208330731,0.42544135550682055,1.6363535156276514,-0.0016918042525041522,0.0010562018642965023,0.0007802848469002861,-1.5679694479809274,0.04549201394090341,1.5609106771460823,0.10289999842643738,0.40549999475479126,1.6497999429702759,-1.5707963267948966,0.0,1.5707963267948966,0.04704724688368134,-0.17112730169667612,1.8423054490311974
0.07661585695724238,0.42551887247716114,1.6363881819584967,-0.0026991862195634092,0.001145151059378316,0.0006075110548100993,-1.5679442427206103,0.04538482089685658,1.5606601990155067,0.10289999842643738,0.40549999475479126,1.6497999429702759,-1.5707963267948966,0.0,1.5707963267948966,0.04718494156629135,-0.17122677785926574,1.8423641721762867
0.07653865299935542,0.42559245973483095,1.6364360958355653,-0.0034805543205098117,0.0008659641926445709,2.9250390884192713e-05,-1.567943307890353,0.04527199591254272,1.560426287776466,0.10289999842643738,0.40549999475479126,1.6497999429702759,-1.5707963267948966,0.0,1.5707963267948966,0.047323135383980225,-0.17132572916643712,1.8424216165356366
0.07647485237883554,0.42564716276912173,1.6364837270415444,-0.003583087737215763,0.0006627109808326602,-0.000215574860381386,-1.5679583789940237,0.04518628046268658,1.560256688105569,0.10289999842643738,0.40549999475479126,1.6497999429702759,-1.5707963267948966,0.0,1.5707963267948966,0.04743455958584821,-0.17140440932028045,1.8424684941984055
0.07639768125129194,0.42571387072527106,1.6365448644210268,-0.0026005412444587922,0.0006303233363231056,-0.00010861124154289026,-1.5679732912828444,0.045080767105548425,1.5600529174792426,0.10289999842643738,0.40549999475479126,1.6497999429702759,-1.5707963267948966,0.0,1.5707963267948966,0.04757386786463459,-0.17150263170665223,1.842529660631064
0.0763217907961469,0.4257791796505457,1.636607616964847,-0.002068756736697256,0.000631068073210258,-0.00024146491149595222,-1.5679883858116102,0.04497798744520143,1.559855469587194,0.10289999842643738,0.40549999475479126,1.6497999429702759,-1.5707963267948966,0.0,1.5707963267948966,0.047713064855465274,-0.17160084890419444,1.8425905596874104
0.07624994817702781,0.4258381896391935,1.6366732650430447,-0.0024967901354954326,0.000703332268356701,-0.00030534366427720515,-1.567997056572774,0.04489098830186711,1.5596858383016785,0.10289999842643738,0.40549999475479126,1.6497999429702759,-1.5707963267948966,0.0,1.5707963267948966,0.04783877816732078,-0.17168944331251143,1.8426418944404883
0.07618003534779826,0.425897399763703,1.6367521903838058,-0.002870358053202511,0.0009211274282943891,-3.7021348548874425e-05,-1.5679889896272032,0.0448076007693059,1.5595329536187323,0.10289999842643738,0.40549999475479126,1.6497999429702759,-1.5707963267948966,0.0,1.5707963267948966,0.04796397806941733,-0.17177811526944758,1.8426895147256372
0.07610932813255065,0.42595760382816994,1.6368521979902064,-0.00235521550111417,0.0011487885611125958,0.0002369124518931012,-1.567971553421876,0.04471607839368508,1.5593836924367588,0.10289999842643738,0.40549999475479126,1.6497999429702759,-1.5707963267948966,0.0,1.5707963267948966,0.04810173653313173,-0.17187598976665244,1.8427394408776285
0.0760513441656624,0.4260060976617116,1.6369457411709598,-0.0010579319713856865,0.0011364804184357967,0.0002499573508750942,-1.5679662413260707,0.04461823933636477,1.5592591138831502,0.10289999842643738,0.40549999475479126,1.6497999429702759,-1.5707963267948966,0.0,1.5707963267948966,0.0482247852846793,-0.17196349212833514,1.8427832950081344
0.07598974194987881,0.42605736941268557,1.6370502178975204,0.000531376871090315,0.0010107135592162216,0.00012463150021454578,-1.56798240662776,0.044506620967116106,1.5591264534571656,0.10289999842643738,0.40549999475479126,1.6497999429702759,-1.5707963267948966,0.0,1.5707963267948966,0.04836104111399134,-0.1720607036814595,1.8428297122314994
0.07592571269404391,0.4261158082696776,1.637163611747515,0.0023676643841331817,0.0009454273722454812,0.00016891647203205046,-1.56801802474017,0.04439567047025994,1.558977307242134,0.10289999842643738,0.40549999475479126,1.6497999429702759,-1.5707963267948966,0.0,1.5707963267948966,0.04851020359322055,-0.17216837237878294,1.8428766360472721
0.07587917118697388,0.42616704466211364,1.6372543381445521,0.003826224151030065,0.0010158807986366853,0.0002634253575013663,-1.5680616777413094,0.0442917349445775,1.5588423527289932,0.10289999842643738,0.40549999475479126,1.6497999429702759,-1.5707963267948966,0.0,1.5707963267948966,0.04864466256495077,-0.17226716802072775,1.8429146138011474
0.07583395987938768,0.42622675578399893,1.6373511700501657,0.0051903837577523025,0.001108385189614795,0.00034034810543409616,-1.5681204427874351,0.04415331408459933,1.558672150030879,0.10289999842643738,0.40549999475479126,1.6497999429702759,-1.5707963267948966,0.0,1.5707963267948966,0.04877811322927536,-0.17236666356564295,1.8429483914291032
0.0757953657958692,0.42629312412649084,1.6374555180613533,0.005734033948267592,0.0012607625666002516,0.00046020499194396113,-1.568199642976381,0.043984184237412904,1.5584719473872457,0.10289999842643738,0.40549999475479126,1.6497999429702759,-1.5707963267948966,0.0,1.5707963267948966,0.048910309664349214,-0.17246636945162533,1.8429777693001057
0.07576676656401304,0.42636854656024403,1.6375639997621194,0.005562996274043053,0.0013518708731146583,0.0004211858056793951,-1.5683370492079964,0.04376149467368329,1.558246303863817,0.10289999842643738,0.40549999475479126,1.6497999429702759,-1.5707963267948966,0.0,1.5707963267948966,0.04906768047320543,-0.1725862156689616,1.8430081155029507
0.07575247780381993,0.42643443255686136,1.6376544759094638,0.004281567642655673,0.0012805194989506405,0.00037428314100590356,-1.5684824774034516,0.04354326449052781,1.5580655460746822,0.10289999842643738,0.40549999475479126,1.6497999429702759,-1.5707963267948966,0.0,1.5707963267948966,0.04921100223156683,-0.17269611154041403,1.8430293929707176
0.07574531887944977,0.4265064840146364,1.637761249218567,0.0021753510318420844,0.0010704543764006285,0.00026280750542297484,-1.5686472422414983,0.04329136391108257,1.557896505994477,0.10289999842643738,0.40549999475479126,1.6497999429702759,-1.5707963267948966,0.0,1.5707963267948966,0.04934049975905071,-0.17279548956731175,1.8430418897550211
0.07574374214408039,0.4265697285346725,1.637866028882024,0.0009423964939504851,0.0007376580002866726,0.00027845902046216977,-1.5688078238966845,0.04305374691457642,1.5577740900682089,0.10289999842643738,0.40549999475479126,1.6497999429702759,-1.5707963267948966,0.0,1.5707963267948966,0.04946951495498454,-0.17289413810935117,1.843048475385412
0.075754893832555,0.4266367442313063,1.6379767005348553,0.0006849932752829732,0.00039019792883030553,0.0005076448411809889,-1.5690130528662503,0.04276775824975587,1.557650090887555,0.10289999842643738,0.40549999475479126,1.6497999429702759,-1.5707963267948966,0.0,1.5707963267948966,0.04960989906625204,-0.1730019062407526,1.8430536929011236
0.0757832379509782,0.42670851298916335,1.6380944638802257,0.0001616280549338498,-8.114697032300841e-06,0.0005713282907049301,-1.5692320216041729,0.042437438682578765,1.5575375058906984,0.10289999842643738,0.40549999475479126,1.6497999429702759,-1.5707963267948966,0.0,1.5707963267948966,0.0497610806750003,-0.17311889984710305,1.843058170017717
0.07582272475798763,0.426777834956762,1.638200739127497,3.2434510472209942e-06,-0.0002480560003762954,0.0005362091089553355,-1.5694196104585805,0.04209256007010698,1.5574406673266852,0.10289999842643738,0.40549999475479126,1.6497999429702759,-1.5707963267948966,0.0,1.5707963267948966,0.049898165933981324,-0.17322633974166654,1.843059374039354
0.07586985239755417,0.4268446100546349,1.6382892789815173,0.0003986728391278524,-0.00011160958491055125,0.0006545304580384082,-1.5695841531711716,0.04175754435169221,1.5573322549513804,0.10289999842643738,0.40549999475479126,1.6497999429702759,-1.5707963267948966,0.0,1.5707963267948966,0.05002154450417625,-0.173324452873038,1.8430577747419143
0.07593925959756218,0.42691849597011966,1.6383804151989179,0.0006440887335466611,0.00036034795765752566,0.0007298369608796628,-1.5697663138863802,0.0413765442538212,1.5571946157636771,0.10289999842643738,0.40549999475479126,1.6497999429702759,-1.5707963267948966,0.0,1.5707963267948966,0.05015503390276754,-0.17343237879806622,1.843053800238884
0.07601262003660782,0.4269867427045753,1.638459357036198,0.0005827322451988768,0.0007680828795752225,0.00044020383142238587,-1.569964268140209,0.04102126250856397,1.557055880618988,0.10289999842643738,0.40549999475479126,1.6497999429702759,-1.5707963267948966,0.0,1.5707963267948966,0.050275356836206646,-0.17353051020828497,1.843049744897127
0.07608981563251946,0.42705564988077815,1.6385372679355668,7.380246849509069e-06,0.0009704892682621785,1.4219460415579838e-05,-1.570187604439458,0.04066898045930234,1.5569149635069617,0.10289999842643738,0.40549999475479126,1.6497999429702759,-1.5707963267948966,0.0,1.5707963267948966,0.050395788846256145,-0.17362859473138742,1.8430461093391588
0.07615813794649702,0.427118704464562,1.6386124820994943,-0.0011719676528505524,0.0009711920911968164,-0.00025823889035543504,-1.5703992508617415,0.04037523432462908,1.5568044552518099,0.10289999842643738,0.40549999475479126,1.6497999429702759,-1.5707963267948966,0.0,1.5707963267948966,0.05050482163647373,-0.17371682038455633,1.8430438828654891
0.07623611197852617,0.4271887951044201,1.6387048173738719,-0.0023457653290127854,0.0009329824856943577,-0.00013155554950567268,-1.5706466685765337,0.04004680026955043,1.5567042028754519,0.10289999842643738,0.40549999475479126,1.6497999429702759,-1.5707963267948966,0.0,1.5707963267948966,0.05062597343990567,-0.1738145338029563,1.8430421685574427
0.0763231864265996,0.42725706160820714,1.638801706544028,-0.0023297073587367086,0.000917516627207244,0.00019168098588798443,-1.570893022364364,0.03969535141929459,1.5566239379859605,0.10289999842643738,0.40549999475479126,1.6497999429702759,-1.5707963267948966,0.0,1.5707963267948966,0.05074583608178416,-0.17391173821663566,1.8430408739963844
0.07641982725661935,0.42731973495758513,1.6388984888713896,-0.001295084506903658,0.0008093279211084251,0.0002586884088719259,-1.5711099304418479,0.03933114845039665,1.5565551113215859,0.10289999842643738,0.40549999475479126,1.6497999429702759,-1.5707963267948966,0.0,1.5707963267948966,0.05086422469505651,-0.17400827473787248,1.8430414434143103
0.07652087976395008,0.42737615788819006,1.6389910739564104,0.00023414685464111614,0.00046814031359323523,-2.84910942961018e-05,-1.571302687259163,0.038961827866163645,1.5564875837302845,0.10289999842643738,0.40549999475479126,1.6497999429702759,-1.5707963267948966,0.0,1.5707963267948966,0.050982085509036844,-0.17410431845396313,1.843043844485916
0.07662824588217215,0.4274335408555419,1.6390835923846951,0.0017924529504812776,-8.433612342143132e-05,-0.0005115321499692205,-1.571503181519325,0.03856231047567027,1.55640827114177,0.10289999842643738,0.40549999475479126,1.6497999429702759,-1.5707963267948966,0.0,1.5707963267948966,0.05111240899130233,-0.17420970838141198,1.843049961109514
0.07671761920963677,0.4274854280602526,1.639158189822938,0.0022325259582748843,-0.0005976249242325399,-0.0008696699136677641,-1.5716677840261153,0.03822837460016526,1.5563252894354531,0.10289999842643738,0.40549999475479126,1.6497999429702759,-1.5707963267948966,0.0,1.5707963267948966,0.051232212259613774,-0.17430557188941015,1.843060997546087
0.07680738388387354,0.4275483693082297,1.639231103454691,0.0015074818291045905,-0.0009213073115487239,-0.0010458441080753778,-1.5718347734780624,0.03788701953044793,1.5562134541542927,0.10289999842643738,0.40549999475479126,1.6497999429702759,-1.5707963267948966,0.0,1.5707963267948966,0.05136595265255959,-0.17441147533730753,1.8430792233822113
0.0768841895971585,0.42761186379009,1.6392912995432056,0.00042120103087411827,-0.0009136553060612993,-0.0011054194972632929,-1.5719889424076952,0.037581701966174386,1.5560894917167025,0.10289999842643738,0.40549999475479126,1.6497999429702759,-1.5707963267948966,0.0,1.5707963267948966,0.051489038145479823,-0.17450802369916515,1.8430988198314744
0.07695353372284261,0.42768062839759297,1.639340028290278,-2.604273043216311e-05,-0.0007711022092378553,-0.0010950367781303834,-1.57212580320474,0.03729709366932399,1.555924149650838,0.10289999842643738,0.40549999475479126,1.6497999429702759,-1.5707963267948966,0.0,1.5707963267948966,0.05161370939021963,-0.17460482127570873,1.843119934556303
0.07701872625903884,0.42775323676127003,1.6393711569838139,0.00016413457829803755,-0.000411794705052333,-0.0010038908864828035,-1.572244061371535,0.03703259838312345,1.555714703105524,0.10289999842643738,0.40549999475479126,1.6497999429702759,-1.5707963267948966,0.0,1.5707963267948966,0.05173942246263286,-0.17470175997083962,1.843143071459275
0.07707932680119317,0.427833609273071,1.6393837417404022,-4.3623327328456466e-05,-8.243393586517375e-06,-0.0010407273622315384,-1.5723763301644158,0.03676480453302755,1.555448524575281,0.10289999842643738,0.40549999475479126,1.6497999429702759,-1.5707963267948966,0.0,1.5707963267948966,0.05186655083103776,-0.17479941703879026,1.8431672399601844
0.07713426342236418,0.42792229597854686,1.6393868868091386,-0.001421522480709213,0.00048663719971923583,-0.000983954332439828,-1.5725207543878628,0.036500846378965335,1.5551312914010162,0.10289999842643738,0.40549999475479126,1.6497999429702759,-1.5707963267948966,0.0,1.5707963267948966,0.05199520620090865,-0.17489786161356827,1.8431895326216756
0.07718557195489106,0.42801394128960946,1.6393892816222788,-0.002687797810472731,0.0010392451549462,-0.0008839114687354689,-1.5726754402663308,0.03624782562027251,1.5547839300683113,0.10289999842643738,0.40549999475479126,1.6497999429702759,-1.5707963267948966,0.0,1.5707963267948966,0.05212484399336756,-0.17499633068031364,1.8432085603300883
0.07723158463981562,0.42810751700537886,1.6393834690456777,-0.002818146143121803,0.0014790058596110187,-0.0006985224081397922,-1.5728387020147139,0.035990526005837076,1.554403783191427,0.10289999842643738,0.40549999475479126,1.6497999429702759,-1.5707963267948966,0.0,1.5707963267948966,0.05225555526750242,-0.17509476552095832,1.8432257130705882
0.07728027782003953,0.428200811634184,1.6393672105563555,-0.002428120954281107,0.0017403488870931718,-0.0003925474187308003,-1.5730244475018256,0.03572583067420254,1.5540072682482375,0.10289999842643738,0.40549999475479126,1.6497999429702759,-1.5707963267948966,0.0,1.5707963267948966,0.052386073351108654,-0.17519292716569193,1.8432426842852352
0.07733060699125652,0.4282994866988754,1.6393444302257014,-0.0019189942550836515,0.001613482393340896,-0.0003362800939963415,-1.5732313110893361,0.03545708051690166,1.5535852447762681,0.10289999842643738,0.40549999475479126,1.6497999429702759,-1.5707963267948966,0.0,1.5707963267948966,0.052530284450459666,-0.17530028988639718,1.843263952563403
0.07738102584621971,0.42838241790234255,1.6393215034979278,-0.0013039272806175848,0.0013370568417757503,1.3281611089426835e-05,-1.5734437527968532,0.03520577846220885,1.5532356206256261,0.10289999842643738,0.40549999475479126,1.6497999429702759,-1.5707963267948966,0.0,1.5707963267948966,0.05266095331652717,-0.17539688762312805,1.8432860770035013
0.07744357962502803,0.4284679130948396,1.639293360071216,-0.0009623137103140947,0.0009139522197430533,8.544669473854007e-05,-1.5736897087477364,0.03493066148553137,1.5528846934011464,0.10289999842643738,0.40549999475479126,1.6497999429702759,-1.5707963267948966,0.0,1.5707963267948966,0.05280386836376136,-0.17550211496309734,1.843314165028298
0.07749944282496382,0.42854398231833385,1.6392644955343671,-0.0007597774630820893,0.0004652742058777461,-8.880998892329502e-05,-1.573896805855775,0.034712025139334024,1.5525772367318418,0.10289999842643738,0.40549999475479126,1.6497999429702759,-1.5707963267948966,0.0,1.5707963267948966,0.052934103941631186,-0.17559740722008466,1.8433421898024689
0.07754971388360493,0.4286150481444897,1.639236821463768,-0.0008672729729258257,0.00017958499340199767,-0.0001487148949476265,-1.5740904848694806,0.03452108297498491,1.5522949613796193,0.10289999842643738,0.40549999475479126,1.6497999429702759,-1.5707963267948966,0.0,1.5707963267948966,0.05305138503734568,-0.17568337408558843,1.843368026154753
0.07760080908837116,0.4286959983328028,1.6392103924792674,-0.0009138973280024774,3.059137903511728e-05,-0.00043946137488193174,-1.5742999167856324,0.03431698127763827,1.5519841331038897,0.10289999842643738,0.40549999475479126,1.6497999429702759,-1.5707963267948966,0.0,1.5707963267948966,0.053182382550136825,-0.17577911142282812,1.8433950094338531
0.0776460833000037,0.4287858195215347,1.6391746912111582,0.0007014489167725691,0.00011951517351140358,-0.0005744734334651177,-1.5744782852183261,0.034121399442415434,1.551630079128977,0.10289999842643738,0.40549999475479126,1.6497999429702759,-1.5707963267948966,0.0,1.5707963267948966,0.05332808379484481,-0.1758847319262466,1.843425563074774
0.0776839471192789,0.4288723389588074,1.6391235299461013,0.0020251613015872484,0.0003321528519758485,-0.00043881418073435846,-1.5746029259592969,0.033946238235081694,1.55126148787149,0.10289999842643738,0.40549999475479126,1.6497999429702759,-1.5707963267948966,0.0,1.5707963267948966,0.05346120619947838,-0.1759814514320635,1.8434565696141607
0.0777192392616196,0.4289627971557351,1.6390618975361126,0.0018056200743212152,0.0003983187112513233,-0.0004488584394520397,-1.5747095233029356,0.033763154580001675,1.5508621270634282,0.10289999842643738,0.40549999475479126,1.6497999429702759,-1.5707963267948966,0.0,1.5707963267948966,0.05359515637919503,-0.1760785143498135,1.8434879610120454
0.07775114779189285,0.4290537775603511,1.6389968112980644,0.0007564209720523943,0.0002940251935690223,-0.0003166803362799867,-1.5748037602671177,0.03359198023910581,1.5504489986384742,0.10289999842643738,0.40549999475479126,1.6497999429702759,-1.5707963267948966,0.0,1.5707963267948966,0.05373006941756157,-0.17617538019799722,1.8435168880817472
0.07778834179672983,0.4291440313169239,1.6389313044381801,-0.00017566035800366595,0.00024093408222206807,0.00016179671492312053,-1.574907760933359,0.033410771820432394,1.5500286910839214,0.10289999842643738,0.40549999475479126,1.6497999429702759,-1.5707963267948966,0.0,1.5707963267948966,0.05386482630437062,-0.17627166754445936,1.8435429760760667
0.07784178757368321,0.429240823080113,1.638849806983354,-6.568426845326826e-05,0.00018369151587616965,0.0003834455451692824,-1.5750455462893609,0.03318498385267965,1.5495556875216394,0.10289999842643738,0.40549999475479126,1.6497999429702759,-1.5707963267948966,0.0,1.5707963267948966,0.05401198027314,-0.17637664075102985,1.843573933449849
0.07789214461708663,0.4293229048776582,1.6387700733474375,-0.0005053505773293302,-5.1683350263737735e-06,7.781641787710574e-05,-1.575189417100647,0.0329921063162093,1.5491267002911913,0.10289999842643738,0.40549999475479126,1.6497999429702759,-1.5707963267948966,0.0,1.5707963267948966,0.054146138866694886,-0.17647096668177384,1.843605786756896
0.07793851193579,0.4293978866882905,1.6386984193338432,-0.0017180785833404903,-0.0003686269280970465,-0.0001903617324408604,-1.575350132245141,0.03280964671020392,1.5487114406665006,0.10289999842643738,0.40549999475479126,1.6497999429702759,-1.5707963267948966,0.0,1.5707963267948966,0.0542814562232617,-0.1765641219285822,1.8436383237131901
0.07798648517538523,0.42947581970450033,1.6386288461392717,-0.0017855145901941884,-0.001016096058397099,-0.0002138111171073953,-1.5755539129607679,0.03260053729451906,1.5482690635615843,0.10289999842643738,0.40549999475479126,1.6497999429702759,-1.5707963267948966,0.0,1.5707963267948966,0.05443123696766877,-0.17666590901484855,1.8436738448789016
0.07803035445240854,0.42954212256401514,1.638570052237589,-0.0012070103896965707,-0.0015191758027173466,-4.224698894157545e-06,-1.5757406772428295,0.03242050114933681,1.5478734059678598,0.10289999842643738,0.40549999475479126,1.6497999429702759,-1.5707963267948966,0.0,1.5707963267948966,0.054567417068123104,-0.17675817668075172,1.8437044803020826
0.0780781263892277,0.42960453801872794,1.6385202159264107,-0.0007219882863960765,-0.0018253014627965334,0.00019003246771018533,-1.5759219321728892,0.03224410891228047,1.5474871702199964,0.10289999842643738,0.40549999475479126,1.6497999429702759,-1.5707963267948966,0.0,1.5707963267948966,0.054716396979998354,-0.17685948883013292,1.8437348554772393
0.07814073146701458,0.42968010904342263,1.6384680851145845,0.0003037181958866372,-0.0020149732742904616,0.0003292109376484496,-1.5761504230826169,0.03202726246851695,1.5470400326231664,0.10289999842643738,0.40549999475479126,1.6497999429702759,-1.5707963267948966,0.0,1.5707963267948966,0.05487800793531594,-0.17697053614414962,1.843764286314398
0.07821721831880044,0.4297584506902087,1.6384240021871879,0.0011602882018085044,-0.002147343375879428,0.0001734250383125175,-1.5763933328139548,0.03181840932109381,1.5466039515804921,0.10289999842643738,0.40549999475479126,1.6497999429702759,-1.5707963267948966,0.0,1.5707963267948966,0.0550385745508761,-0.17708164924493203,1.8437889259612472
0.07826954721327513,0.4298151642528248,1.6383949600419963,0.0019478044996787433,-0.0023950168250094933,-0.0004184118200475738,-1.5765737019278072,0.03168618975837578,1.5463018091842844,0.10289999842643738,0.40549999475479126,1.6497999429702759,-1.5707963267948966,0.0,1.5707963267948966,0.055173773627835175,-0.17717414986417432,1.8438092861219155
0.07830801828792958,0.4298640741409898,1.6383707515197592,0.002682790035537534,-0.0024719711817116612,-0.0006090027018641464,-1.576741961312483,0.03158079179452056,1.5460481380191395,0.10289999842643738,0.40549999475479126,1.6497999429702759,-1.5707963267948966,0.0,1.5707963267948966,0.0552971057438475,-0.17725726651525361,1.8438312540556276
0.07834753107771592,0.429919326783655,1.6383409078036857,0.0032264805160549716,-0.0022906073859901956,-0.00038491487435075215,-1.5769365668827262,0.03149397051785385,1.545761002086936,0.10289999842643738,0.40549999475479126,1.6497999429702759,-1.5707963267948966,0.0,1.5707963267948966,0.05543475851752383,-0.17734987213037,1.843860098770409
0.07838819013128352,0.42997916074187376,1.6383197711516808,0.0021439409013802304,-0.0019000514468754583,-0.00015860283216029576,-1.57714091567478,0.03142806276629084,1.545463663808959,0.10289999842643738,0.40549999475479126,1.6497999429702759,-1.5707963267948966,0.0,1.5707963267948966,0.05557224156243953,-0.17744307488574307,1.843889123390787
0.07843027010892696,0.43004549189168084,1.6383144612831795,0.0006961561735432123,-0.0014231439651425607,-0.0001122330607424227,-1.577384618623598,0.03135983387604302,1.5451658854941484,0.10289999842643738,0.40549999475479126,1.6497999429702759,-1.5707963267948966,0.0,1.5707963267948966,0.05570967793296918,-0.17753700010699333,1.8439156862609665
0.07847046821472403,0.43011411629898166,1.638321492551832,0.00025469701213505063,-0.0010558593293070629,-0.00013265923793998052,-1.577641053540407,0.03130293493605185,1.54488232973647,0.10289999842643738,0.40549999475479126,1.6497999429702759,-1.5707963267948966,0.0,1.5707963267948966,0.05586120835660373,-0.1776406884630115,1.8439408677606066
0.0785137107111955,0.4301903030481855,1.6383276297174656,0.0009458889588890546,-0.0007957827005596261,-4.952218462471595e-05,-1.5779231418323307,0.03124386586324679,1.5445714136252882,0.10289999842643738,0.40549999475479126,1.6497999429702759,-1.5707963267948966,0.0,1.5707963267948966,0.05599915064858146,-0.17773525615982455,1.8439613079481199
0.07855468624149933,0.43025818408251193,1.6383318449803475,0.0011759382752623553,-0.0006236595585044238,-1.4396059671184532e-05,-1.5781931297021576,0.031165494997156706,1.5442920340934347,0.10289999842643738,0.40549999475479126,1.6497999429702759,-1.5707963267948966,0.0,1.5707963267948966,0.05613709122881089,-0.17782981253781194,1.8439788580892797
0.07859800257934467,0.4303288121228732,1.638340979986735,0.0013750149870237636,-0.0007482251328412507,-0.00023674976754146817,-1.578491354908951,0.031079924023615924,1.544012770623275,0.10289999842643738,0.40549999475479126,1.6497999429702759,-1.5707963267948966,0.0,1.5707963267948966,0.05628942650625621,-0.17793358747445487,1.843994511439989
0.07863115744833642,0.4303891018379269,1.6383500143787033,0.0019197559313906605,-0.0011000897663800138,-0.0003565455071459929,-1.5787472668799143,0.031016624893042355,1.54378793635367,0.10289999842643738,0.40549999475479126,1.6497999429702759,-1.5707963267948966,0.0,1.5707963267948966,0.05642908859649916,-0.17802774949793773,1.844007459360541
0.07867349648416101,0.43046764919384883,1.6383543006793475,0.002678277962178637,-0.0014164904387513337,-0.00017172872254872157,-1.5791077418915316,0.03092417668307501,1.5435176125371604,0.10289999842643738,0.40549999475479126,1.6497999429702759,-1.5707963267948966,0.0,1.5707963267948966,0.056625123056267046,-0.17815974148099453,1.844027033486436
0.07871292445357063,0.43054503778258607,1.638344416727748,0.002885915677370326,-0.0015828607558444198,-9.218809498470357e-05,-1.5794429504438836,0.030849968947203266,1.5432679581577775,0.10289999842643738,0.40549999475479126,1.6497999429702759,-1.5707963267948966,0.0,1.5707963267948966,0.056779212608601144,-0.178264029666282,1.8440435798647596
0.0787437945613058,0.4306123316622115,1.6383304873596323,0.0020751588571962898,-0.0016231369058287454,-0.00022343947070416317,-1.5796889985991525,0.030800489643317164,1.5430524251958773,0.10289999842643738,0.40549999475479126,1.6497999429702759,-1.5707963267948966,0.0,1.5707963267948966,0.05691937871280445,-0.17835903999426173,1.8440574656815778
0.07876485444158829,0.43068341785648695,1.638313820031396,0.0003491004701675599,-0.0016321447904872265,-0.0006284669959803297,-1.579900182882687,0.03074624822851657,1.542820589216506,0.10289999842643738,0.40549999475479126,1.6497999429702759,-1.5707963267948966,0.0,1.5707963267948966,0.057060745200531074,-0.17845421567191275,1.8440704093967113
0.07877055725046833,0.43076102947997247,1.63830158583778,-0.0018493920491570736,-0.0016626077338626883,-0.0009313852018075897,-1.580076827020972,0.030716463965132945,1.542552055567215,0.10289999842643738,0.40549999475479126,1.6497999429702759,-1.5707963267948966,0.0,1.5707963267948966,0.05721850045092807,-0.17855840451170352,1.844085725658528
0.07876303175743907,0.43082794600241703,1.6382928416476215,-0.002566539323176745,-0.0016542705940674211,-0.0007288807914949322,-1.5801916832474894,0.03071274078095243,1.5422892856833244,0.10289999842643738,0.40549999475479126,1.6497999429702759,-1.5707963267948966,0.0,1.5707963267948966,0.05736354670901208,-0.17865245712757097,1.844101800075979
0.07875706552624141,0.4308917430813415,1.6382818205970042,-0.0023129897094281006,-0.0015239814381658766,-9.277928696415303e-05,-1.580300004639768,0.03068998577852433,1.5420019452791143,0.10289999842643738,0.40549999475479126,1.6497999429702759,-1.5707963267948966,0.0,1.5707963267948966,0.0575081844203714,-0.17874605030419927,1.8441204791725918
0.07875738063188478,0.43095122910981404,1.6382746997181177,-0.002158339464160407,-0.001475432272357507,0.00024454135318616714,-1.5803869653947458,0.03065491382872043,1.5417186345496376,0.10289999842643738,0.40549999475479126,1.6497999429702759,-1.5707963267948966,0.0,1.5707963267948966,0.057651680720359665,-0.178839171614806,1.8441445203893423
0.07875963381218673,0.4310188696244639,1.6382832688831286,-0.0022410190769553777,-0.0016007096455305909,7.204671988524149e-05,-1.580472148919787,0.030613443447246258,1.5414211604320494,0.10289999842643738,0.40549999475479126,1.6497999429702759,-1.5707963267948966,0.0,1.5707963267948966,0.057823406988016926,-0.17895079136824837,1.8441778900752412
0.07875710591103778,0.43106876686605666,1.6383071858764255,-0.0016924529812385896,-0.0016179726908135854,-0.00016121701374835704,-1.5805406136814946,0.030568723010671484,1.541235128965824,0.10289999842643738,0.40549999475479126,1.6497999429702759,-1.5707963267948966,0.0,1.5707963267948966,0.05796709725897361,-0.1790443217030675,1.8442057204737272
0.07874580059710705,0.4311316813041421,1.6383467511576613,4.94921394816792e-05,-0.0016211628878377762,-0.0003604018624398131,-1.5806080981135637,0.030526104264633425,1.541020907145771,0.10289999842643738,0.40549999475479126,1.6497999429702759,-1.5707963267948966,0.0,1.5707963267948966,0.05812599791787202,-0.17914853044204124,1.8442372693182465
0.07872631466971447,0.43119736492894467,1.6383951562950847,0.0007675702722460525,-0.0016553409287420986,-0.0003989490165865193,-1.5806485850502845,0.030497599345166826,1.5408183951408057,0.10289999842643738,0.40549999475479126,1.6497999429702759,-1.5707963267948966,0.0,1.5707963267948966,0.05827113614662001,-0.17924442060101034,1.8442658385228237
0.07870563547694293,0.4312594595666624,1.6384552485228316,0.00012919969501106425,-0.001655656751264237,-0.0002565872798462741,-1.5806920863823914,0.03045235706465199,1.540646919134856,0.10289999842643738,0.40549999475479126,1.6497999429702759,-1.5707963267948966,0.0,1.5707963267948966,0.05841649598936964,-0.1793410561287871,1.8442912333859947
0.07868560615515327,0.43131798352534756,1.6385341710764352,-0.00023820248243207933,-0.0016319939466302202,-6.92449299649404e-05,-1.580735698658517,0.030407521195968457,1.5405048152600511,0.10289999842643738,0.40549999475479126,1.6497999429702759,-1.5707963267948966,0.0,1.5707963267948966,0.05856156222394724,-0.179437627180019,1.844313234211641
0.07866340884165593,0.4313726036080581,1.6386409296410303,0.00011660745666665638,-0.0015880833273965369,3.1014694865855026e-05,-1.5807630294993131,0.030380541551745743,1.5403911651468398,0.10289999842643738,0.40549999475479126,1.6497999429702759,-1.5707963267948966,0.0,1.5707963267948966,0.05872052817216846,-0.1795431511096302,1.8443348494014302
0.07864349881896068,0.4314135834027959,1.638746442339736,0.0015584925557932782,-0.0016278348997855103,4.835825107391247e-05,-1.5807930717847691,0.03034656407453795,1.5403118935929947,0.10289999842643738,0.40549999475479126,1.6497999429702759,-1.5707963267948966,0.0,1.5707963267948966,0.05886457513958955,-0.17963856144806692,1.8443531805463758
0.07862339320192437,0.4314482648784527,1.6388522240796761,0.0028750730668369836,-0.0017090278708135672,-3.436952530710259e-05,-1.5808347284123736,0.030322139384836966,1.540237455077175,0.10289999842643738,0.40549999475479126,1.6497999429702759,-1.5707963267948966,0.0,1.5707963267948966,0.05902277976591922,-0.1797434165069424,1.8443720497622593
0.0785984883396025,0.43148579187278463,1.6389728099878684,0.0025454883802969565,-0.0019013301295723029,-0.0001610558567452626,-1.5808675100328948,0.030321537345187277,1.5401664428708535,0.10289999842643738,0.40549999475479126,1.6497999429702759,-1.5707963267948966,0.0,1.5707963267948966,0.05916687215166478,-0.1798391562812372,1.844386849731886
0.07857801077275893,0.4315194995404934,1.6390758302221418,0.0014915215233417558,-0.0020263547692070897,-9.097753229984623e-05,-1.5808971115190014,0.03031121651409352,1.5401096859901466,0.10289999842643738,0.40549999475479126,1.6497999429702759,-1.5707963267948966,0.0,1.5707963267948966,0.05929646226551675,-0.1799256384098948,1.8443982546427478
0.07855621297173128,0.43156459703573113,1.6392043375840453,0.00010987890323632199,-0.002111477977433621,0.0001688898710108329,-1.580940975612702,0.030278685794048243,1.5400349308199968,0.10289999842643738,0.40549999475479126,1.6497999429702759,-1.5707963267948966,0.0,1.5707963267948966,0.05945407563680988,-0.18003153655765017,1.84441028714549
0.07854362094401808,0.43160408584009147,1.6393257001250239,-0.0004827733534170908,-0.0022412147597990436,0.00034659799790693924,-1.5809810292985371,0.03025530070868676,1.53997619350072,0.10289999842643738,0.40549999475479126,1.6497999429702759,-1.5707963267948966,0.0,1.5707963267948966,0.05959584316320609,-0.18012731999824094,1.844421546953759
0.07853430432736029,0.431638084606194,1.639444244204365,0.0008399518477966407,-0.002542113914424588,0.00032455253791729256,-1.5810321073323437,0.03022541579452831,1.5399239052335174,0.10289999842643738,0.40549999475479126,1.6497999429702759,-1.5707963267948966,0.0,1.5707963267948966,0.05973666431082648,-0.18022244534179244,1.8444362136993997
0.07853148706463015,0.4316707819969493,1.6395648141435417,0.0027558766175809473,-0.002741307864200148,0.00045657315678926234,-1.5811033218218271,0.03017099940055168,1.539872631284889,0.10289999842643738,0.40549999475479126,1.6497999429702759,-1.5707963267948966,0.0,1.5707963267948966,0.05988974044502966,-0.1803269070372422,1.844456798008578
0.0785348588634709,0.4316961978527702,1.6396764749308812,0.00297664171698591,-0.0027758492304776903,0.0004864591140617885,-1.581151685405567,0.03013488669485831,1.5398552013055475,0.10289999842643738,0.40549999475479126,1.6497999429702759,-1.5707963267948966,0.0,1.5707963267948966,0.060040927436564716,-0.18043121378091534,1.8444792852294927
0.07854860085722373,0.4317230509150629,1.6398085365746002,0.0018964098923544858,-0.002489295798887624,0.0005240316927317669,-1.5812054551212327,0.030074714509779277,1.5398676311219825,0.10289999842643738,0.40549999475479126,1.6497999429702759,-1.5707963267948966,0.0,1.5707963267948966,0.06017658218370839,-0.18052594762782212,1.844498721269777
0.07856840309545449,0.4317506088138753,1.6399391997244777,0.0003964134096039262,-0.002043262145319419,0.00043145161820694556,-1.5812616820600074,0.029991660243011253,1.539895322179231,0.10289999842643738,0.40549999475479126,1.6497999429702759,-1.5707963267948966,0.0,1.5707963267948966,0.06031082527973834,-0.18062090386402418,1.84451595503347
0.07859354035462128,0.4317789526776138,1.6400795805935489,-0.0004016635535423013,-0.0014924951454901095,0.00040736876125385815,-1.581297505642883,0.029922506864399345,1.5399382366537373,0.10289999842643738,0.40549999475479126,1.6497999429702759,-1.5707963267948966,0.0,1.5707963267948966,0.06044361759124389,-0.1807159653754727,1.844530409988673
0.078628921076557,0.4318061665136168,1.6402404094837446,5.8157701026768304e-05,-0.0009680116703729439,0.0003152613479370199,-1.581327062665548,0.02983935049012265,1.5400043369397312,0.10289999842643738,0.40549999475479126,1.6497999429702759,-1.5707963267948966,0.0,1.5707963267948966,0.060587760687407316,-0.18082025097578464,1.8445436925901253
0.07867218355170102,0.4318298210103486,1.6404126206781504,0.001451432141096574,-0.00064094566502416,0.0001305388750020575,-1.5813599912403995,0.029728571486812072,1.5400778060704805,0.10289999842643738,0.40549999475479126,1.6497999429702759,-1.5707963267948966,0.0,1.5707963267948966,0.06074361587024565,-0.18093385887943175,1.8445585397373252
0.07871609496693853,0.43184402660759746,1.6405713566551414,0.0023523011819928013,-0.0005112654076388236,-0.0001307962634274476,-1.5813590522500036,0.029641547733910478,1.5401463286094688,0.10289999842643738,0.40549999475479126,1.6497999429702759,-1.5707963267948966,0.0,1.5707963267948966,0.06088518868212598,-0.18103782916537656,1.8445726104001643
0.07875657390101473,0.4318557072997167,1.6407299060380867,0.0029764622696311837,-0.0007605494236136662,-0.0005889231224195615,-1.5813615928818816,0.02955997475872829,1.5402093679198423,0.10289999842643738,0.40549999475479126,1.6497999429702759,-1.5707963267948966,0.0,1.5707963267948966,0.061026968908755204,-0.18114214412057608,1.8445881349205515
0.07878958802715476,0.43186545072777643,1.64087647792649,0.0031178385932994733,-0.0009932172181181219,-0.0007424094001004505,-1.581396481279108,0.02949304621803961,1.5402804310060352,0.10289999842643738,0.40549999475479126,1.6497999429702759,-1.5707963267948966,0.0,1.5707963267948966,0.06116923539809975,-0.1812467922732271,1.8446080797263749
0.07882544096594758,0.4318776758232433,1.641038806799145,0.002971532220813838,-0.0010418516655549448,-0.0006086457222214901,-1.5814224265329149,0.029444361674781483,1.5403613884350655,0.10289999842643738,0.40549999475479126,1.6497999429702759,-1.5707963267948966,0.0,1.5707963267948966,0.06129826666235466,-0.18134247339410453,1.8446294822470444
0.07886482601452686,0.43189391713426045,1.6412020792964275,0.0024624803609718856,-0.0008494825606553793,-0.00037314756614268405,-1.5814306513629313,0.029375967484469356,1.5404202948996473,0.10289999842643738,0.40549999475479126,1.6497999429702759,-1.5707963267948966,0.0,1.5707963267948966,0.06143900897965849,-0.1814484247000854,1.8446546462548021
0.07890539746186227,0.4319093849116203,1.6413506298182008,0.0021626759499233012,-0.0005927418998814363,-0.0002418132117442052,-1.5814347819568315,0.02927986420419515,1.5404422409528808,0.10289999842643738,0.40549999475479126,1.6497999429702759,-1.5707963267948966,0.0,1.5707963267948966,0.061577990189534505,-0.18155465255876735,1.844681984412039
0.078952223189287,0.4319230248329998,1.6415107148358208,0.0023743337248851217,-0.00030685155350469593,-0.00029136121996249187,-1.5814166289758778,0.029175252538547802,1.5404171951853645,0.10289999842643738,0.40549999475479126,1.6497999429702759,-1.5707963267948966,0.0,1.5707963267948966,0.06171551323982119,-0.18166089049793913,1.8447116783145163
0.07899542151846269,0.43193047269447016,1.6416529162406432,0.0024388582187776027,-8.476214765184141e-05,-0.000490526710682764,-1.5814083682565303,0.029063945608585495,1.5403517650024954,0.10289999842643738,0.40549999475479126,1.6497999429702759,-1.5707963267948966,0.0,1.5707963267948966,0.06183973314761519,-0.18175732784937143,1.844739155333771
0.07903649060943756,0.4319329611560185,1.6418095399284427,0.0019587818326966652,1.6032460257517555e-05,-0.001108201124322713,-1.5814076440422806,0.028930623681832746,1.5402572011554916,0.10289999842643738,0.40549999475479126,1.6497999429702759,-1.5707963267948966,0.0,1.5707963267948966,0.06196446531229251,-0.18185357302094973,1.8447675639139687
0.07905589294164331,0.4319276373045111,1.6419569378149614,0.0013548877838160836,8.607079138211142e-06,-0.0018364423922040006,-1.5813620019128847,0.028844357860116077,1.5401866497727252,0.10289999842643738,0.40549999475479126,1.6497999429702759,-1.5707963267948966,0.0,1.5707963267948966,0.06209131199176904,-0.18194935479954752,1.8448005004502777
0.07905314071084052,0.43191752405569983,1.6421067362785449,0.0009390718722233144,-7.393424066106248e-05,-0.0021544174531689976,-1.5812818108167055,0.028787529390521982,1.5401341728906146,0.10289999842643738,0.40549999475479126,1.6497999429702759,-1.5707963267948966,0.0,1.5707963267948966,0.062220871258497644,-0.18204481249242455,1.8448429419660533
0.07903322771024857,0.43190235198629456,1.6422915724005689,0.0003619120955122594,-3.336390441825314e-05,-0.0017688923303435836,-1.5811720511670244,0.028723186814104018,1.540083584227591,0.10289999842643738,0.40549999475479126,1.6497999429702759,-1.5707963267948966,0.0,1.5707963267948966,0.06237791657191653,-0.18215927102934004,1.844906045323979
0.07900673188544245,0.43188638250932454,1.6424678992902166,0.00010068985500228787,0.00012938638187909245,-0.0012977944291983291,-1.5810261492850164,0.028704365495934248,1.5400340342516876,0.10289999842643738,0.40549999475479126,1.6497999429702759,-1.5707963267948966,0.0,1.5707963267948966,0.06252185032790437,-0.18226449164263986,1.8449719773936575
0.07898202407295415,0.43187164388920757,1.6426325246788274,2.718028076308731e-05,0.0003304020462602425,-0.000886073214435251,-1.5808803354314842,0.028680478978656332,1.5399712945004334,0.10289999842643738,0.40549999475479126,1.6497999429702759,-1.5707963267948966,0.0,1.5707963267948966,0.06265189938630653,-0.18236057401117617,1.8450380405746138
0.07895727805791136,0.43185498111155396,1.6428191896516915,4.703491324328984e-05,0.00032398126241013424,-0.0007045256973627219,-1.5807254003430222,0.028635683855642746,1.5398987954327945,0.10289999842643738,0.40549999475479126,1.6497999429702759,-1.5707963267948966,0.0,1.5707963267948966,0.06279380967535357,-0.1824666876290951,1.8451171034594605
0.07893039423513891,0.43183958376755843,1.6430056337989207,0.00027360311845707485,-4.135452804163996e-06,-0.0005936839370675465,-1.5805684858287858,0.02862071168306679,1.5398200982063712,0.10289999842643738,0.40549999475479126,1.6497999429702759,-1.5707963267948966,0.0,1.5707963267948966,0.06293529544565896,-0.18257366570269037,1.8452018332730553
0.07891261713327011,0.4318301899843766,1.6431720344789147,0.0001947089352840383,-0.00039540653054442805,-0.00034518951085247814,-1.5804612779777527,0.028586636074936944,1.539733701304165,0.10289999842643738,0.40549999475479126,1.6497999429702759,-1.5707963267948966,0.0,1.5707963267948966,0.06306242475637684,-0.18267188208375626,1.8452821835580522
0.07889667737768016,0.4318250576904694,1.6433733919868834,-0.0007417058713470985,-0.0009679654363086612,-0.0005211007710511533,-1.580350444716485,0.02854281011046389,1.5396234388968444,0.10289999842643738,0.40549999475479126,1.6497999429702759,-1.5707963267948966,0.0,1.5707963267948966,0.0632133903677286,-0.18279094678065655,1.8453810475454295
0.078877437499219,0.43182378732654136,1.6435485637756633,-0.0017783318636123513,-0.0013482473117418404,-0.0009518988436417407,-1.5802372017878445,0.02855032190423268,1.53954006870356,0.10289999842643738,0.40549999475479126,1.6497999429702759,-1.5707963267948966,0.0,1.5707963267948966,0.06333913310213181,-0.1828910074418434,1.8454628401703956
0.07884282123615542,0.43181987485840845,1.6437504279733843,-0.0023509357206611893,-0.0016887283207755654,-0.0013590822856175125,-1.5801040146511014,0.028576580219471293,1.5394802799938567,0.10289999842643738,0.40549999475479126,1.6497999429702759,-1.5707963267948966,0.0,1.5707963267948966,0.06347858146991625,-0.18300119011750168,1.8455537186683084
0.07880058237378436,0.4318128164441224,1.6439368814629296,-0.0019818224761533926,-0.001850110485594019,-0.0014921325693483343,-1.5799593852148421,0.0286169208413507,1.539454787279064,0.10289999842643738,0.40549999475479126,1.6497999429702759,-1.5707963267948966,0.0,1.5707963267948966,0.06360596936447495,-0.18310146361483645,1.8456389647194924
0.07874420127223172,0.4317992406021502,1.6441269251699966,-0.0012567369686110816,-0.0018918188681633181,-0.0015965209361508046,-1.579761929691345,0.02869786136911756,1.5394595408480412,0.10289999842643738,0.40549999475479126,1.6497999429702759,-1.5707963267948966,0.0,1.5707963267948966,0.06373435264296873,-0.18320175431996577,1.8457248595125946
0.07867550242142499,0.43178024354469835,1.644332718216886,-6.390770642373953e-05,-0.0016783624149603808,-0.0011986895146163926,-1.5795236602767766,0.028773364082397723,1.5394735819226681,0.10289999842643738,0.40549999475479126,1.6497999429702759,-1.5707963267948966,0.0,1.5707963267948966,0.06387533738109621,-0.1833123707663251,1.8458212483645704
0.07859537677760269,0.4317567103399912,1.6445692974504749,0.00026787844572780984,-0.0013559084493359017,-0.0008231370713767892,-1.5792307260819423,0.028861024712877992,1.5394944461931732,0.10289999842643738,0.40549999475479126,1.6497999429702759,-1.5707963267948966,0.0,1.5707963267948966,0.06405291715960762,-0.1834538612894755,1.8459481365834818
0.07852825086597874,0.4317379926694938,1.6447681716507165,-0.0009735500654990044,-0.0012742047687535887,-0.0010291699605989386,-1.5789741148125995,0.02894963873759604,1.5395196589401456,0.10289999842643738,0.40549999475479126,1.6497999429702759,-1.5707963267948966,0.0,1.5707963267948966,0.06417872164802438,-0.18355527228032492,1.84604018168498
0.07845245556914571,0.4317265695637656,1.6449515739216192,-0.00288174293812298,-0.001483846501437036,-0.0017554390837455434,-1.578756334005939,0.02903235146764027,1.5395383417947575,0.10289999842643738,0.40549999475479126,1.6497999429702759,-1.5707963267948966,0.0,1.5707963267948966,0.06430619889958504,-0.18365733268218384,1.8461327390044233
0.07836111020138567,0.4317165994156621,1.645139307957709,-0.004044622092603121,-0.0015654865719272818,-0.0018090647068434713,-1.578533026272669,0.029144831528683746,1.5395550256995332,0.10289999842643738,0.40549999475479126,1.6497999429702759,-1.5707963267948966,0.0,1.5707963267948966,0.0644484488682559,-0.18376982543704232,1.8462393945493702
0.07825627485215528,0.43170240359103695,1.645345390032465,-0.003790173689988995,-0.0014842567289065174,-0.001308377062499157,-1.5782643323763867,0.029272892092714997,1.5395552580959084,0.10289999842643738,0.40549999475479126,1.6497999429702759,-1.5707963267948966,0.0,1.5707963267948966,0.06457767633728134,-0.1838719715770874,1.8463405895440175
0.07815432837080431,0.43168208337598735,1.6455479919580047,-0.002771737874257618,-0.0014042493877367344,-0.0007700443114697672,-1.5779820780577316,0.02936231692547331,1.5395391794139568,0.10289999842643738,0.40549999475479126,1.6497999429702759,-1.5707963267948966,0.0,1.5707963267948966,0.0647185588482633,-0.18398403230461385,1.8464565304780387
0.07806157815451503,0.43166065274887117,1.6457461727308,-0.0017816736786967957,-0.0013728378273571843,-0.0004533816308971281,-1.5776762003696287,0.02943556351701737,1.5395098675158272,0.10289999842643738,0.40549999475479126,1.6497999429702759,-1.5707963267948966,0.0,1.5707963267948966,0.06485718509633857,-0.18409647390654615,1.8465778708957106
0.07797239737704421,0.43163880959397544,1.6459407469860896,-0.0010860363003198064,-0.0014736764362682073,-0.0005775072820153184,-1.5773674620041451,0.02951245018977211,1.5394722951027926,0.10289999842643738,0.40549999475479126,1.6497999429702759,-1.5707963267948966,0.0,1.5707963267948966,0.06499432107192299,-0.1842093807337228,1.8467027116335737
0.07789079263895801,0.43161974754602145,1.6461141276488613,-0.0012668604916055985,-0.0015737363028464108,-0.0007118306610365347,-1.5771235004735413,0.029573478670094744,1.5394316718275014,0.10289999842643738,0.40549999475479126,1.6497999429702759,-1.5707963267948966,0.0,1.5707963267948966,0.06511834909425476,-0.18431242973580267,1.8468155167165412
0.07780193115120224,0.43159750819526704,1.646308933445508,-0.002880519776444576,-0.0014614067229436983,-0.0006301663027303319,-1.576873788009466,0.029663412858471183,1.539395570479778,0.10289999842643738,0.40549999475479126,1.6497999429702759,-1.5707963267948966,0.0,1.5707963267948966,0.06525364795226085,-0.1844256862703942,1.8469350433970848
0.07770215006944503,0.4315642492184944,1.646557071775508,-0.005324698942240249,-0.0010479646112009564,-0.0004948088335641592,-1.576573718393524,0.029776529091265935,1.5393942296506409,0.10289999842643738,0.40549999475479126,1.6497999429702759,-1.5707963267948966,0.0,1.5707963267948966,0.0654112469080766,-0.1845583366221213,1.8470654142316199
0.07763681537958976,0.43153614729843603,1.64673452319278,-0.005927165183089109,-0.0007761023713741374,-0.0004984264511045735,-1.5763857479966175,0.02984164129148148,1.5394154608067872,0.10289999842643738,0.40549999475479126,1.6497999429702759,-1.5707963267948966,0.0,1.5707963267948966,0.06551892459859725,-0.18464931136435836,1.8471492585279756
0.07755955658258441,0.43149459637740956,1.6469511877532241,-0.005741376486874577,-0.0005149955623205758,-0.0005959893096886558,-1.576150686469436,0.02993690454266318,1.539452546062518,0.10289999842643738,0.40549999475479126,1.6497999429702759,-1.5707963267948966,0.0,1.5707963267948966,0.0656492191599169,-0.1847597872698677,1.8472447195131296
0.0774839711196317,0.4314468102185892,1.6471656356816498,-0.004652868295975376,-0.00023800212616027392,-0.0006729606282417956,-1.5759091115230741,0.030036789793088214,1.5394955029142647,0.10289999842643738,0.40549999475479126,1.6497999429702759,-1.5707963267948966,0.0,1.5707963267948966,0.06577833270713515,-0.1848698859146273,1.8473323183765216
0.07741335049623166,0.4313944238497497,1.6473698007249367,-0.002954613191221146,0.0003121404211280052,-0.00044724569829597777,-1.5756909712939213,0.03009784843916785,1.5395368273609442,0.10289999842643738,0.40549999475479126,1.6497999429702759,-1.5707963267948966,0.0,1.5707963267948966,0.06590586996326621,-0.1849798826801572,1.8474134844304053
0.07736124399527892,0.431342511403003,1.6475501226704181,-0.0019338361794556632,0.0010216823186387591,-9.544776431037897e-05,-1.5754878734474511,0.03012854333266013,1.5395853511388666,0.10289999842643738,0.40549999475479126,1.6497999429702759,-1.5707963267948966,0.0,1.5707963267948966,0.06601925211522094,-0.18507958861291168,1.8474826923131749
0.07732268401316206,0.4312899989317704,1.6477204845653666,-0.0009337577390749256,0.0015377736873898552,-7.619104250489114e-07,-1.575298127621353,0.030128433267510246,1.5396512340977524,0.10289999842643738,0.40549999475479126,1.6497999429702759,-1.5707963267948966,0.0,1.5707963267948966,0.06613016794564834,-0.18517908595726693,1.8475515341837596
0.07729503548045033,0.4312371780210933,1.6478807603446062,-0.0005777910412433841,0.0017824725375902468,-0.00022675374362917118,-1.5751570442750975,0.030089292581906513,1.5397211230389787,0.10289999842643738,0.40549999475479126,1.6497999429702759,-1.5707963267948966,0.0,1.5707963267948966,0.06623932256560845,-0.18527827357622514,1.8476195173124996
0.0772686230996027,0.4311788011872498,1.6480498492638596,-0.0012452669364057365,0.0017748375281436434,-0.0007677244581395708,-1.575041990045966,0.030057506466923734,1.5397803731831678,0.10289999842643738,0.40549999475479126,1.6497999429702759,-1.5707963267948966,0.0,1.5707963267948966,0.06635868999679628,-0.18538712367876997,1.847691644585109
0.07723692842347672,0.43111236161547417,1.6482372983225828,-0.0017552164068333775,0.0017059242110451349,-0.0013831199601037536,-1.5749623546506892,0.030044000750888422,1.5398450218914148,0.10289999842643738,0.40549999475479126,1.6497999429702759,-1.5707963267948966,0.0,1.5707963267948966,0.06648917578554826,-0.18550506849991633,1.8477684681618822
0.0771943259549756,0.43104920439269007,1.6483957276213812,-0.00046300450572444684,0.0014274778690064782,-0.0021666217916836788,-1.574910204978222,0.030046728886991225,1.5398874234019806,0.10289999842643738,0.40549999475479126,1.6497999429702759,-1.5707963267948966,0.0,1.5707963267948966,0.06661042676001305,-0.18561274326747487,1.8478432280474806
0.07713139509181642,0.4309871796650185,1.6485270399018537,0.0003346065987037956,0.0009918798684896704,-0.002892374163972786,-1.5748277390518237,0.030118374584920282,1.5399157374464678,0.10289999842643738,0.40549999475479126,1.6497999429702759,-1.5707963267948966,0.0,1.5707963267948966,0.06672351864542433,-0.18571011586112937,1.847918533947797
0.07702203392598268,0.4309076337800577,1.6486766320928958,0.0002021657603158597,0.0004989698524426816,-0.003054483344621508,-1.5746946599579925,0.030284608169678595,1.539949400568542,0.10289999842643738,0.40549999475479126,1.6497999429702759,-1.5707963267948966,0.0,1.5707963267948966,0.06686301842790934,-0.1858260573365702,1.8480192525150445
0.0769145847359502,0.43083652188108545,1.64879990822194,-9.27697183266072e-05,0.0004630836086332827,-0.0025144826398642885,-1.5745976226309837,0.030456369090990698,1.539994753503291,0.10289999842643738,0.40549999475479126,1.6497999429702759,-1.5707963267948966,0.0,1.5707963267948966,0.06698038038473883,-0.18592158007854387,1.8481084217819737
0.07677309632011824,0.43074170983586624,1.6489540449197388,0.0004312662071383963,0.0006023244891997388,-0.0016820495547963544,-1.5744651058065418,0.030731575905415642,1.540069468468634,0.10289999842643738,0.40549999475479126,1.6497999429702759,-1.5707963267948966,0.0,1.5707963267948966,0.06713129948618092,-0.18604479946519467,1.848230940586881
0.07666525845717607,0.4306717432410992,1.6490595028913595,0.0009519783839021291,0.000661012139148369,-0.0014654788107221204,-1.5743777477562546,0.030944254977832486,1.540109144355437,0.10289999842643738,0.40549999475479126,1.6497999429702759,-1.5707963267948966,0.0,1.5707963267948966,0.06724634574245689,-0.18613952497954536,1.848331978016613
0.0765561228370598,0.4306094221279511,1.6491566488001648,0.0005732876587733417,0.0006294688192874637,-0.0014397025843946557,-1.57431324717695,0.031136118665814116,1.540114627100584,0.10289999842643738,0.40549999475479126,1.6497999429702759,-1.5707963267948966,0.0,1.5707963267948966,0.06736109250576454,-0.18623492860996246,1.8484335717501503
0.07645648500600931,0.4305609127732596,1.6492422911016191,-0.0003802409595733264,0.0005594704726924915,-0.0013797031193113931,-1.5742577928419865,0.03131779929406253,1.54008677929834,0.10289999842643738,0.40549999475479126,1.6497999429702759,-1.5707963267948966,0.0,1.5707963267948966,0.06746422274690288,-0.1863216467513215,1.8485209668779194
0.07633613633387881,0.4305060023882743,1.6493534159186598,-0.0015819788763901123,0.0004885962577301896,-0.0010596456132773494,-1.5741967857064092,0.031532890905507927,1.5400359489384408,0.10289999842643738,0.40549999475479126,1.6497999429702759,-1.5707963267948966,0.0,1.5707963267948966,0.06758940470942108,-0.18642792666407584,1.848618329112675
0.0762324968988913,0.4304562642932475,1.6494539099283856,-0.0011025562221740133,0.000423867980684588,-0.0007636322274399124,-1.5741426571614123,0.03171312441531349,1.5399870996037157,0.10289999842643738,0.40549999475479126,1.6497999429702759,-1.5707963267948966,0.0,1.5707963267948966,0.06770126292793699,-0.18652436185351445,1.8486996497072898
0.07613189730988121,0.4304039491044535,1.6495480528572912,0.0002903305314583166,0.0004743465170870183,-0.0007587029872352126,-1.5740556888043502,0.03191578169662357,1.5399347579174885,0.10289999842643738,0.40549999475479126,1.6497999429702759,-1.5707963267948966,0.0,1.5707963267948966,0.06781141885936062,-0.18662064688589924,1.8487764959693487
0.07602069991820681,0.4303423898033032,1.6496445776552542,0.0016154103126104844,0.0008274684581805697,-0.0008894947107069086,-1.573928477836272,0.032146827259908584,1.5398762646851996,0.10289999842643738,0.40549999475479126,1.6497999429702759,-1.5707963267948966,0.0,1.5707963267948966,0.067931393272543,-0.1867264710399525,1.84885409945902
0.07591928966739916,0.43028240508924814,1.6497328892019671,0.002122524037047995,0.0012209170426875895,-0.0010532205985360392,-1.5738122693175172,0.032334837806469174,1.539839035280566,0.10289999842643738,0.40549999475479126,1.6497999429702759,-1.5707963267948966,0.0,1.5707963267948966,0.06803957386100057,-0.18682244696871977,1.8489158579059546
0.07580319965877082,0.4302101623147109,1.6498336230021968,0.002186782128129482,0.0014734557610279863,-0.001238583197079186,-1.5736718492723198,0.03256389028400708,1.5398349407946434,0.10289999842643738,0.40549999475479126,1.6497999429702759,-1.5707963267948966,0.0,1.5707963267948966,0.06815846475829167,-0.18692751358685364,1.848974139297839
0.07569581663850769,0.43014127481233516,1.6499238225564405,0.002399008912564547,0.001557887317870799,-0.0013478489149132363,-1.5735472199863223,0.03278577091894075,1.5398495570001534,0.10289999842643738,0.40549999475479126,1.6497999429702759,-1.5707963267948966,0.0,1.5707963267948966,0.06826632535749472,-0.18702265998974496,1.8490198435532297
0.07558276408881877,0.430074661102899,1.6500021793185498,0.003061991799838835,0.0013860729726376604,-0.0016895807998639155,-1.5734392782302624,0.03299976027643581,1.5398630809256375,0.10289999842643738,0.40549999475479126,1.6497999429702759,-1.5707963267948966,0.0,1.5707963267948966,0.06837464574062209,-0.18711809769245555,1.8490598889161103
0.07545841387737226,0.4300098993577737,1.65006602681993,0.003431218840572611,0.00104218328822842,-0.001977842267496316,-1.5733337846656068,0.03324302659847245,1.5398758200281806,0.10289999842643738,0.40549999475479126,1.6497999429702759,-1.5707963267948966,0.0,1.5707963267948966,0.06848428968140417,-0.1872138084546206,1.8490972228770082
0.07532482116939473,0.4299477601496411,1.6501160729858149,0.0033017457700226503,0.0008107444758527362,-0.001896879725322736,-1.5732115571096086,0.033503370152510925,1.5398758781151043,0.10289999842643738,0.40549999475479126,1.6497999429702759,-1.5707963267948966,0.0,1.5707963267948966,0.06859488977377802,-0.187309747695721,1.8491324818424149
0.07517519000309619,0.4298866787785459,1.6501570779100048,0.002731158741964579,0.0007528439645375913,-0.001626879850463856,-1.573071028650708,0.03375502014385967,1.5398467461298193,0.10289999842643738,0.40549999475479126,1.6497999429702759,-1.5707963267948966,0.0,1.5707963267948966,0.06871643060983348,-0.18741586134314953,1.8491668677152513
0.07503637785731937,0.42983518086206185,1.650184196517566,0.002375785217175141,0.0006639753797311505,-0.001376286574594481,-1.5729139994785637,0.03398597598362674,1.5398030699160112,0.10289999842643738,0.40549999475479126,1.6497999429702759,-1.5707963267948966,0.0,1.5707963267948966,0.06882663345321337,-0.18751261667259836,1.8491937880904084
0.07488679033910872,0.4297775889025895,1.650199089632817,0.0024039339042968596,0.0006881668832890081,-0.0009460004515885934,-1.5726970234039486,0.03423568014822109,1.5397454223974005,0.10289999842643738,0.40549999475479126,1.6497999429702759,-1.5707963267948966,0.0,1.5707963267948966,0.06894637415155841,-0.18761870313094348,1.849219995470501
0.07475653021275087,0.4297219770134608,1.6502046709590006,0.002173222047136176,0.0007429560633666052,-0.0008746098950935265,-1.572492045437588,0.03443129994610894,1.5396999254776134,0.10289999842643738,0.40549999475479126,1.6497999429702759,-1.5707963267948966,0.0,1.5707963267948966,0.06906436293522217,-0.1877238853389651,1.8492442213860307
0.07460997677587106,0.42965592495545535,1.6501951376577764,0.0023620637203832394,0.0006354740584659722,-0.00128464217708016,-1.572245836926225,0.03466862708880036,1.5396532660576174,0.10289999842643738,0.40549999475479126,1.6497999429702759,-1.5707963267948966,0.0,1.5707963267948966,0.06917155440135646,-0.18781880308717974,1.8492663563280176
0.07445386683302822,0.42958330567661385,1.6501733291092524,0.0017151420965556027,0.0003353794124108549,-0.0016869703538612015,-1.5719904000601077,0.034943202489817526,1.5396213037488775,0.10289999842643738,0.40549999475479126,1.6497999429702759,-1.5707963267948966,0.0,1.5707963267948966,0.06929067775991765,-0.1879222445416573,1.8492913777438627
0.07430411783529302,0.42951202259339605,1.6501522099079298,0.0005304452286853292,0.00023676437808887356,-0.00159179662492496,-1.5717785505901483,0.0351934250366428,1.5396105212913849,0.10289999842643738,0.40549999475479126,1.6497999429702759,-1.5707963267948966,0.0,1.5707963267948966,0.0694000274245068,-0.18801540745485562,1.849313458140015
0.07414497622614459,0.4294264667297227,1.650140775993075,-0.0004700362480737606,0.0004688678456475338,-0.0009437776634703592,-1.5715255791328209,0.035457565192300144,1.5396341717695587,0.10289999842643738,0.40549999475479126,1.6497999429702759,-1.5707963267948966,0.0,1.5707963267948966,0.06951888117152673,-0.18811684512323243,1.849335352358631
0.07399531200374097,0.42933334306118587,1.650137986093533,-0.0001532631649016717,0.0006354348051801718,-0.0007472295696882963,-1.5712601729821378,0.03572177607038718,1.5396852248018373,0.10289999842643738,0.40549999475479126,1.6497999429702759,-1.5707963267948966,0.0,1.5707963267948966,0.06963538780241675,-0.18821749044814842,1.8493579132009157
0.07384565044678155,0.42923538078060625,1.6501389417971053,0.0010058357140958745,0.0006921890154112687,-0.0009948501153133873,-1.5709970452047077,0.03597275547235235,1.5397440101751787,0.10289999842643738,0.40549999475479126,1.6497999429702759,-1.5707963267948966,0.0,1.5707963267948966,0.06975095181757657,-0.18831806692606215,1.8493802942622914
0.07370872936881051,0.4291465410234959,1.650137949118897,0.002158376152288871,0.000711253789228367,-0.0010866623654513467,-1.5707419943111254,0.03621291840670349,1.5397811057258879,0.10289999842643738,0.40549999475479126,1.6497999429702759,-1.5707963267948966,0.0,1.5707963267948966,0.06985547703595721,-0.1884104231815443,1.8493985777061557
0.07357175774432756,0.4290555807436498,1.650146706203479,0.0022313345336437388,0.000688293587748406,-0.001032718352011095,-1.5704763905037884,0.036461954242863914,1.5398197694390285,0.10289999842643738,0.40549999475479126,1.6497999429702759,-1.5707963267948966,0.0,1.5707963267948966,0.0699595009248146,-0.18850337149478943,1.8494099956324896
0.07344176267053594,0.4289630972124266,1.650161892692888,0.002902219797405736,0.0005733783567028825,-0.000918103291293543,-1.5702276568179279,0.036664851236356544,1.5398607024688162,0.10289999842643738,0.40549999475479126,1.6497999429702759,-1.5707963267948966,0.0,1.5707963267948966,0.07006228578065138,-0.18859678399718086,1.8494143035269799
0.07329770075727333,0.428861967617193,1.6501688026608954,0.004249222953119629,0.00040284850152034416,-0.0012118189026815891,-1.569936057025895,0.036885234965138736,1.5398862669476696,0.10289999842643738,0.40549999475479126,1.6497999429702759,-1.5707963267948966,0.0,1.5707963267948966,0.07017518475133995,-0.18870042749901061,1.8494156908681512
0.07316267492933674,0.4287722271643676,1.6501587143058627,0.004505145182993755,0.00027529925685995454,-0.0013268245695898502,-1.5696555766092697,0.03709595495546303,1.5398713871185943,0.10289999842643738,0.40549999475479126,1.6497999429702759,-1.5707963267948966,0.0,1.5707963267948966,0.07027801941718677,-0.18879544286218677,1.8494154749701142
0.07302556698042323,0.4286822076983756,1.65014561016599,0.0029594086609165786,0.00013866754153525466,-0.0013390446724596756,-1.5693942516782013,0.037298159322728175,1.5398484012424933,0.10289999842643738,0.40549999475479126,1.6497999429702759,-1.5707963267948966,0.0,1.5707963267948966,0.07038068405423421,-0.1888904798256377,1.8494103159924036
0.07287034853048889,0.4285783613367082,1.650141179843338,0.0003904055701550127,4.687402535561129e-05,-0.0014067017239808499,-1.5690985076985022,0.0375564926685974,1.5398406459747358,0.10289999842643738,0.40549999475479126,1.6497999429702759,-1.5707963267948966,0.0,1.5707963267948966,0.07049353430914058,-0.18899444620731465,1.8493947677676148
0.07268020410021038,0.4284441161346014,1.6501566490404702,-0.0010218111937593975,0.0004839559615950566,-0.0014549570917765653,-1.5687453957455155,0.03791374935306102,1.5398826967167165,0.10289999842643738,0.40549999475479126,1.6497999429702759,-1.5707963267948966,0.0,1.5707963267948966,0.07062694466118623,-0.1891161266379449,1.849360950822146
0.07249922605621467,0.4283121437106875,1.650164385885623,0.0020649401799876107,0.0011731938142684846,-0.0012008269237495028,-1.5684319910205335,0.03823977020383751,1.5399404295453676,0.10289999842643738,0.40549999475479126,1.6497999429702759,-1.5707963267948966,0.0,1.5707963267948966,0.07075015805556195,-0.18922860449813783,1.8493191146810661
0.07234002132766311,0.42818034655328996,1.6501477891441814,0.005374979026484545,0.001829951247332493,-0.0008498846032787808,-1.5681227769260702,0.0385492073444178,1.5400075550348922,0.10289999842643738,0.40549999475479126,1.6497999429702759,-1.5707963267948966,0.0,1.5707963267948966,0.07086137525984267,-0.18933189508018924,1.849278409313805
0.0721957352373649,0.4280570128086898,1.6501261888133054,0.004797657405631123,0.0021358777613809995,-0.00109212257793306,-1.567840059384601,0.038834666418692265,1.5401014031963267,0.10289999842643738,0.40549999475479126,1.6497999429702759,-1.5707963267948966,0.0,1.5707963267948966,0.07096209571836669,-0.1894259974283309,1.8492410631765968
0.07203320329890164,0.42792229097131146,1.6501183588434176,0.0013151945292659837,0.0022517194053515424,-0.0012944863304895588,-1.5675351639445179,0.03914931601495342,1.5402615998525762,0.10289999842643738,0.40549999475479126,1.6497999429702759,-1.5707963267948966,0.0,1.5707963267948966,0.07107324350083952,-0.1895295660355826,1.8491947891883664
0.07188153018657804,0.4277979732484299,1.650130474421878,-0.00152314528744352,0.00216000664659873,-0.0012694673450786918,-1.5672587807536864,0.039469829756733965,1.5404596987684513,0.10289999842643738,0.40549999475479126,1.6497999429702759,-1.5707963267948966,0.0,1.5707963267948966,0.07117463355264643,-0.18962332785992944,1.8491463051657677
0.0717338897426819,0.4276730801211691,1.6501446179479358,-0.0017501330058607512,0.002019553200351079,-0.0009628235829341168,-1.5670201060583873,0.03977602703876393,1.540673040741823,0.10289999842643738,0.40549999475479126,1.6497999429702759,-1.5707963267948966,0.0,1.5707963267948966,0.07127550286960369,-0.18971705063256603,1.8490941836486412
0.0715941514592092,0.4275482734831617,1.6501407659982656,8.417098104541723e-05,0.0017942790622605407,-0.0007359879453460937,-1.5668288500028953,0.04004750212480257,1.5408652875916928,0.10289999842643738,0.40549999475479126,1.6497999429702759,-1.5707963267948966,0.0,1.5707963267948966,0.07138519592438874,-0.18982071359975075,1.8490378030995729
0.07144648996597655,0.42741152670378146,1.6501135278686965,0.0014909637584024193,0.0014995430831218313,-0.0006655559093454976,-1.5666499221121242,0.040350655425073434,1.541044949232612,0.10289999842643738,0.40549999475479126,1.6497999429702759,-1.5707963267948966,0.0,1.5707963267948966,0.07148413538445905,-0.18991580966720095,1.8489876244814603
0.07129852357150268,0.42726827636853404,1.6500667772952702,0.0009252068834987248,0.001494033903433805,-0.0003783646915320819,-1.5665294849368052,0.04064732028700613,1.5412210724504176,0.10289999842643738,0.40549999475479126,1.6497999429702759,-1.5707963267948966,0.0,1.5707963267948966,0.0716012128077855,-0.19003106690880112,1.8489248579446205
0.07116642538806808,0.4271297210606557,1.6500140212058716,-0.0010823210339979323,0.0019482130935762447,-0.00032294091031028795,-1.5664626013695502,0.040920743642823165,1.5414029807428327,0.10289999842643738,0.40549999475479126,1.6497999429702759,-1.5707963267948966,0.0,1.5707963267948966,0.07172583230512321,-0.19015642104906452,1.8488519667969865
0.07105280418466238,0.4270008578847524,1.6499696208751313,-0.003190971946853802,0.002652397157698409,-0.0005966259485526187,-1.5664173588200245,0.041174641470186124,1.541583179361035,0.10289999842643738,0.40549999475479126,1.6497999429702759,-1.5707963267948966,0.0,1.5707963267948966,0.07182115690023584,-0.19025246305943946,1.848791226626286
0.07093879545945757,0.4268683390547795,1.64991889718936,-0.003344323080428173,0.0032251701000784467,-0.0009741952498313039,-1.566410123380972,0.041414756523771246,1.5417493738490209,0.10289999842643738,0.40549999475479126,1.6497999429702759,-1.5707963267948966,0.0,1.5707963267948966,0.07192667762501886,-0.19035766863197562,1.8487226893136066
0.07082220789184882,0.42673348865340766,1.6498470551557216,-0.0023387915144854206,0.003523657820701055,-0.0011129620277487932,-1.5664216361832988,0.04164950218447139,1.5418800417044118,0.10289999842643738,0.40549999475479126,1.6497999429702759,-1.5707963267948966,0.0,1.5707963267948966,0.07203330799546184,-0.19046307020637165,1.848656958729262
0.07071680935987903,0.4266069855783406,1.6497697227807822,-0.002071547830346423,0.0037548198152004397,-0.0009111112160006231,-1.5664361663466388,0.041852640541256925,1.541976323713173,0.10289999842643738,0.40549999475479126,1.6497999429702759,-1.5707963267948966,0.0,1.5707963267948966,0.07213058633355801,-0.19055890818972537,1.848597517941793
0.07061161316682044,0.42647120386878246,1.6496782411415039,-0.002704759304420917,0.0038513684274864507,-0.00041593383227892574,-1.566471267161461,0.042011438282585356,1.542061040455792,0.10289999842643738,0.40549999475479126,1.6497999429702759,-1.5707963267948966,0.0,1.5707963267948966,0.07223641774897066,-0.1906649511899774,1.8485302958034808
0.07052979354671488,0.4263498395250067,1.6495983792259272,-0.003815229273733549,0.0036197044932534056,5.475879253616136e-05,-1.566490725458975,0.04212775204179575,1.5421417606716492,0.10289999842643738,0.40549999475479126,1.6497999429702759,-1.5707963267948966,0.0,1.5707963267948966,0.07233075944255443,-0.1907616256482067,1.84846830707527
0.0704668256301537,0.4262302470208286,1.6495210551342936,-0.004087419931575091,0.0032754623809256585,0.0004448638526854113,-1.5665020800989715,0.042204654231279726,1.5422247296116531,0.10289999842643738,0.40549999475479126,1.6497999429702759,-1.5707963267948966,0.0,1.5707963267948966,0.07242238275381313,-0.19085842266018863,1.8484072174710866
0.07041729783829,0.42611527588813464,1.6494318758099997,-0.0029375697491845045,0.0027960497569532146,0.0001275561668958417,-1.5665088467152462,0.04223900961844684,1.5422799471942452,0.10289999842643738,0.40549999475479126,1.6497999429702759,-1.5707963267948966,0.0,1.5707963267948966,0.0725121829275601,-0.19095589151859757,1.8483503169594915
0.07035365515432787,0.4259711875871391,1.6492996673458384,-0.002795530180555665,0.002015351146298566,-0.000450096443180359,-1.5664677885620906,0.042285877560915175,1.542310173225653,0.10289999842643738,0.40549999475479126,1.6497999429702759,-1.5707963267948966,0.0,1.5707963267948966,0.07262894351826132,-0.1910837363385774,1.8482815189093684
0.07030261186212415,0.4258538415151771,1.6491858917965283,-0.003874905138102423,0.0016988839099677802,-0.000506451338492014,-1.5664258515088478,0.04231897371824678,1.5423196492172564,0.10289999842643738,0.40549999475479126,1.6497999429702759,-1.5707963267948966,0.0,1.5707963267948966,0.07272767742628512,-0.19119245983509742,1.8482270364222437
0.07026306436945938,0.4257499440222922,1.6490918511124693,-0.005429612423006224,0.0017386335436351751,-0.00043399537647375675,-1.5663950377322142,0.042327453161548956,1.54232419955587,0.10289999842643738,0.40549999475479126,1.6497999429702759,-1.5707963267948966,0.0,1.5707963267948966,0.07281663747988154,-0.1912914516495094,1.8481757557631844
0.0702194839132658,0.4256253166593835,1.6489913207118703,-0.005561374380037691,0.0019237340988961164,-0.00038375258683234363,-1.5663531442403271,0.042349107305252875,1.5423213043028707,0.10289999842643738,0.40549999475479126,1.6497999429702759,-1.5707963267948966,0.0,1.5707963267948966,0.07292275439114349,-0.19141042493963378,1.8481096582199998
0.07018815915716084,0.42549530861475576,1.6488878788501677,-0.0036451032490070496,0.0023098717759165513,-1.6293915385086183e-05,-1.5663420115208897,0.04235725484617259,1.5423067071739336,0.10289999842643738,0.40549999475479126,1.6497999429702759,-1.5707963267948966,0.0,1.5707963267948966,0.07302708991744288,-0.19152921588315466,1.8480411955009237
0.07017660587276792,0.4253840887055583,1.6487933505253067,-0.0016558164416462632,0.002639245158576071,0.00022085456855388597,-1.5663698167070232,0.042353899301764475,1.5422933460196753,0.10289999842643738,0.40549999475479126,1.6497999429702759,-1.5707963267948966,0.0,1.5707963267948966,0.07311200948778954,-0.19162825770432526,1.847984174543292
0.07017595137771104,0.4252704562397183,1.648696458245832,-0.0010114289534125288,0.0028854980984845077,0.00012012704688884564,-1.566405754357187,0.042367326184430176,1.542287870113104,0.10289999842643738,0.40549999475479126,1.6497999429702759,-1.5707963267948966,0.0,1.5707963267948966,0.07319544605731829,-0.19172739828277371,1.8479263444525535
0.07018111237926059,0.42513226000319776,1.6485955990096888,-0.0021827064972158206,0.0030330947777641192,-0.0001399997588267915,-1.566464131009543,0.04237247936841326,1.5423059304027544,0.10289999842643738,0.40549999475479126,1.6497999429702759,-1.5707963267948966,0.0,1.5707963267948966,0.07329496261346627,-0.191846226009439,1.8478515102789517
0.07018946856573652,0.4250138900865491,1.6485294487004227,-0.003015943133002855,0.003117597952428261,-0.0002595735543611126,-1.566534201337733,0.04237117253185119,1.5423538662277807,0.10289999842643738,0.40549999475479126,1.6497999429702759,-1.5707963267948966,0.0,1.5707963267948966,0.07337753735537242,-0.19194473533277545,1.8477841621481028
0.0702014865220984,0.42489511494102944,1.6484680150319933,-0.0020909132479099133,0.0032701834911271874,-0.00015544118590517762,-1.566609870717217,0.042388966425761065,1.5424149530434412,0.10289999842643738,0.40549999475479126,1.6497999429702759,-1.5707963267948966,0.0,1.5707963267948966,0.07345995821713858,-0.19204336351443568,1.8477136423432665
0.0702320569509226,0.42476972508186617,1.6483907474883226,-4.394673670452342e-05,0.0035503965989226905,0.0004056328179172161,-1.5667305421012048,0.04237740543592716,1.5424571060068457,0.10289999842643738,0.40549999475479126,1.6497999429702759,-1.5707963267948966,0.0,1.5707963267948966,0.07354885388650495,-0.1921527655114006,1.8476360489205133
0.07027396336214187,0.4246746486864179,1.648316833544398,0.0013232440338082365,0.0035623612923495903,0.0005933592687333422,-1.5668619785802127,0.04233671413650697,1.5424569838489137,0.10289999842643738,0.40549999475479126,1.6497999429702759,-1.5707963267948966,0.0,1.5707963267948966,0.07361968463146638,-0.1922432686756929,1.8475753732156137
0.07033117326081917,0.4245772955511373,1.6482249544087193,0.002040683955467734,0.0032146259464100996,0.0003223656507839906,-1.5670386030934045,0.04229528316737152,1.542418985085304,0.10289999842643738,0.40549999475479126,1.6497999429702759,-1.5707963267948966,0.0,1.5707963267948966,0.07369747385464233,-0.1923449414050523,1.8475110202453973
0.0704002646340811,0.42447926691830434,1.6481179169887716,0.0014476668934846342,0.002714270934032152,3.428204419836695e-06,-1.5672796666568356,0.04223912978929567,1.5423430115693033,0.10289999842643738,0.40549999475479126,1.6497999429702759,-1.5707963267948966,0.0,1.5707963267948966,0.07378307602576158,-0.19245767500825547,1.8474420100231748
0.07046878017778847,0.4243960110259515,1.6480204135935828,0.00021937452137113183,0.0023359554105754493,-0.00015700380631046283,-1.5675336274000438,0.04216424916532446,1.5422612772372755,0.10289999842643738,0.40549999475479126,1.6497999429702759,-1.5707963267948966,0.0,1.5707963267948966,0.07386091553892327,-0.19256037975466142,1.8473800619015779
0.07053713911452623,0.4243143453327107,1.6479246521762945,-0.0010411513015229886,0.0021004567419968356,-0.000642661415787786,-1.5677634501043476,0.042092934570827634,1.5421649788650869,0.10289999842643738,0.40549999475479126,1.6497999429702759,-1.5707963267948966,0.0,1.5707963267948966,0.07393941426645036,-0.19266288280605717,1.8473174135105634
0.07059289215336267,0.42423144871991614,1.6478276518530317,-0.0023564154083380996,0.0018792476580443054,-0.0013842050193848619,-1.56797639339382,0.0420308855973035,1.5420481207281993,0.10289999842643738,0.40549999475479126,1.6497999429702759,-1.5707963267948966,0.0,1.5707963267948966,0.07402901245695229,-0.1927749887320017,1.8472513597366143
0.07064233060688596,0.42412958402618417,1.6477129295387165,-0.003990591679011872,0.0019492967085531744,-0.0013459929722591454,-1.568240376924025,0.04196284244060777,1.5418996081637235,0.10289999842643738,0.40549999475479126,1.6497999429702759,-1.5707963267948966,0.0,1.5707963267948966,0.07412233084250798,-0.19288596409136483,1.847193266072452
0.07068987918532843,0.4240360102911224,1.6476004313295616,-0.004139829673259091,0.0023808476599105474,-0.0005607336709546374,-1.5684714575091188,0.041914873222934634,1.5417494841601425,0.10289999842643738,0.40549999475479126,1.6497999429702759,-1.5707963267948966,0.0,1.5707963267948966,0.0742162040412489,-0.19299605707029668,1.8471453006704481
0.07074233390069738,0.4239513953680854,1.6474913698992104,-0.00409037925112522,0.002776646404407088,4.7516534955890557e-05,-1.5686744720364658,0.04186147721908062,1.5415933329623186,0.10289999842643738,0.40549999475479126,1.6497999429702759,-1.5707963267948966,0.0,1.5707963267948966,0.07430078443565397,-0.19309545890481244,1.8471110485289801
0.0708011022690199,0.4238775711260072,1.6473904088293407,-0.004175734926078837,0.003018181154787024,0.00045023832587140483,-1.5688681795255757,0.041780620507375854,1.5414294561991746,0.10289999842643738,0.40549999475479126,1.6497999429702759,-1.5707963267948966,0.0,1.5707963267948966,0.07438412500581613,-0.19319454667713407,1.8470843090849494
0.07089082930883255,0.4237911545515021,1.6472705954319848,-0.004574468076866095,0.003230222618693094,0.0008786882344154229,-1.569105844462877,0.041676973159662456,1.5412074071016082,0.10289999842643738,0.40549999475479126,1.6497999429702759,-1.5707963267948966,0.0,1.5707963267948966,0.07446579930449447,-0.19329354599743015,1.8470628093530235
0.07099950167391991,0.42370711449566006,1.6471654059795806,-0.00502952964127201,0.003303575516877147,0.0009832986204827794,-1.5693664881618863,0.04155054455425944,1.5409847426021126,0.10289999842643738,0.40549999475479126,1.6497999429702759,-1.5707963267948966,0.0,1.5707963267948966,0.07455396104610208,-0.1934022490234214,1.847040446688628
0.07109865382266248,0.4236388837618682,1.6470890515841905,-0.004471453033437723,0.003162893453998746,0.0008030593978946625,-1.569599421530136,0.04141252547170904,1.540810090349202,0.10289999842643738,0.40549999475479126,1.6497999429702759,-1.5707963267948966,0.0,1.5707963267948966,0.07462534065258856,-0.19349113111511979,1.8470200589321981
0.07119983947539589,0.4235682438695152,1.647016859099826,-0.0030058397970527152,0.0028972453519017166,0.0004200837226428995,-1.5698235531980071,0.04127996391891209,1.5406431298293144,0.10289999842643738,0.40549999475479126,1.6497999429702759,-1.5707963267948966,0.0,1.5707963267948966,0.07469703499770504,-0.1935799421371065,1.8469975263426133
0.07131513721627067,0.42348635990193867,1.646932987256009,-0.0009435363371217956,0.0026520252089952787,0.0002591580498159862,-1.5700792101042864,0.04113375324457458,1.5404591916401442,0.10289999842643738,0.40549999475479126,1.6497999429702759,-1.5707963267948966,0.0,1.5707963267948966,0.07477720382368291,-0.19367848437934038,1.846972841071238
0.07143374687172835,0.42340361242681257,1.6468519495456035,-0.0008764013131969732,0.0024325983057032754,0.0002625131832680328,-1.5703586193725412,0.04096337324803523,1.5402768843546988,0.10289999842643738,0.40549999475479126,1.6497999429702759,-1.5707963267948966,0.0,1.5707963267948966,0.07485796785073652,-0.19377695262225747,1.8469458362696207
0.0715627933984244,0.42332295242966805,1.6467853891299615,-0.0020829565288117786,0.002279533589314383,0.000535277400676386,-1.5706582392547965,0.0407753116336389,1.5401130717654539,0.10289999842643738,0.40549999475479126,1.6497999429702759,-1.5707963267948966,0.0,1.5707963267948966,0.07494633583721994,-0.1938850776732057,1.8469104996840104
0.07171385680234196,0.42323456587730574,1.6467243753256287,-0.0026667475408845348,0.002056488194645958,0.0004476730949206397,-1.5709884544980506,0.04056391429256312,1.5399514123737204,0.10289999842643738,0.40549999475479126,1.6497999429702759,-1.5707963267948966,0.0,1.5707963267948966,0.07502647747827097,-0.19398285358896175,1.8468735118642496
0.07188235660890074,0.4231376196300548,1.6466565483178612,-0.002028445545290987,0.0017238847726340225,0.00017094774866191283,-1.571353791220264,0.04030089153002292,1.539779596932158,0.10289999842643738,0.40549999475479126,1.6497999429702759,-1.5707963267948966,0.0,1.5707963267948966,0.07512347774195594,-0.19409950896763303,1.8468239445697747
0.07203469120171652,0.4230439003054723,1.646588277404098,-0.0010248281241970398,0.0013540532378092769,-0.00011013738566210366,-1.5716752268351022,0.040066553897898594,1.5396272503555328,0.10289999842643738,0.40549999475479126,1.6497999429702759,-1.5707963267948966,0.0,1.5707963267948966,0.07521398772355407,-0.19420551607444492,1.8467755003641788
0.07218074552260977,0.422945596386755,1.6465146133009139,-0.0004267917174820705,0.0009427149326280513,-0.0002901735707556951,-1.5719835113078282,0.039867707692391896,1.5394870491339068,0.10289999842643738,0.40549999475479126,1.6497999429702759,-1.5707963267948966,0.0,1.5707963267948966,0.07530659033995976,-0.1943106036055489,1.8467254343864374
0.07233613052046621,0.4228335266150078,1.6464319247402739,-0.0002324421350675867,0.0007741825760776027,-9.117367671008563e-05,-1.5723230943987019,0.03963610125440109,1.5393550940161418,0.10289999842643738,0.40549999475479126,1.6497999429702759,-1.5707963267948966,0.0,1.5707963267948966,0.07540957329625303,-0.19442391970117365,1.846667683348108
0.07246831793911865,0.4227325973325041,1.6463605397246843,4.928539994104946e-05,0.0008674377321581382,0.000253124769661636,-1.5725843945914189,0.0394412891745759,1.5392681811893258,0.10289999842643738,0.40549999475479126,1.6497999429702759,-1.5707963267948966,0.0,1.5707963267948966,0.0754958569939975,-0.19451681846481114,1.8466161776940166
0.0726189000366488,0.4226155378569005,1.6462825464741875,7.011987816060647e-05,0.0010022095429538039,0.00046203111254627455,-1.572874701560957,0.03922647893988973,1.539194197662725,0.10289999842643738,0.40549999475479126,1.6497999429702759,-1.5707963267948966,0.0,1.5707963267948966,0.07559111646618331,-0.19461755520140664,1.8465562060287115
0.07276193318291707,0.4225097198999679,1.646207650551806,0.0006097189500276842,0.0010480848067039826,0.0004803672108241945,-1.573184136297986,0.03900089256468364,1.5391286180903425,0.10289999842643738,0.40549999475479126,1.6497999429702759,-1.5707963267948966,0.0,1.5707963267948966,0.07567841879019617,-0.19470860972836007,1.84649821896418
0.07292044169193682,0.4223974161594615,1.6461144490203654,0.0015891298410617247,0.0009935684966099556,0.00017212306597174924,-1.5735495444709042,0.03875797165985073,1.5390450645269387,0.10289999842643738,0.40549999475479126,1.6497999429702759,-1.5707963267948966,0.0,1.5707963267948966,0.07577623029575581,-0.1948089251536708,1.8464307240626372
0.073068778404773,0.42228778229671426,1.646007142159102,0.0020180454334040587,0.0008258333640182691,-0.0003725448895252067,-1.5739166041397301,0.03854949371630312,1.538940359869772,0.10289999842643738,0.40549999475479126,1.6497999429702759,-1.5707963267948966,0.0,1.5707963267948966,0.07587739227367095,-0.19490914649098198,1.8463622202732932
0.07319982741433945,0.42218036253016755,1.6458907646670826,0.0013157856092544063,0.0006660073541368896,-0.0006804752053304002,-1.5742693539206525,0.03837179139230962,1.5388210156694924,0.10289999842643738,0.40549999475479126,1.6497999429702759,-1.5707963267948966,0.0,1.5707963267948966,0.07598266836476088,-0.19500875512379778,1.846296284989348
0.07331661827182376,0.4220757740089664,1.6457718002560597,0.00032385638086290217,0.0005887131262774894,-0.00043984396754608886,-1.5745902303015895,0.03825415306559021,1.538705502610644,0.10289999842643738,0.40549999475479126,1.6497999429702759,-1.5707963267948966,0.0,1.5707963267948966,0.07609139823721842,-0.19510770997320728,1.846232296154348
0.07343142558563258,0.42197197909375794,1.6456477161407141,-0.00016445970909127232,0.0005026329540262132,0.00011854886869404375,-1.5748963788240216,0.03815885170897815,1.5385914859448708,0.10289999842643738,0.40549999475479126,1.6497999429702759,-1.5707963267948966,0.0,1.5707963267948966,0.07620165112721258,-0.19520570862174022,1.8461687913741618
0.07354611165287499,0.42186872341240633,1.6455230565877013,-0.001143172513892327,0.0002537275802889195,0.00033035800569641767,-1.5752155674562878,0.038053011503241585,1.5384824803770278,0.10289999842643738,0.40549999475479126,1.6497999429702759,-1.5707963267948966,0.0,1.5707963267948966,0.07632337420558553,-0.19531145838778421,1.846100485115103
0.07365670805028816,0.421768097152451,1.6453996574264467,-0.0015589048318719136,-9.032745091864282e-05,0.00032109541482996316,-1.57552403510951,0.03797264876653639,1.5383768835216591,0.10289999842643738,0.40549999475479126,1.6497999429702759,-1.5707963267948966,0.0,1.5707963267948966,0.07642652678680477,-0.19539916372727614,1.8460418881435896
0.07375068767204777,0.4216772416930039,1.6452818370218236,-0.000599938503453588,-0.0002390804972566185,0.00032915322595554876,-1.5758119491802134,0.03791624706116892,1.5382709232891483,0.10289999842643738,0.40549999475479126,1.6497999429702759,-1.5707963267948966,0.0,1.5707963267948966,0.0765316613013464,-0.19548657690121274,1.8459812389246038
0.07385927598660293,0.4215657623447365,1.645127076204697,0.0009353766495864923,-0.00019114467330106028,0.000604691028965245,-1.576173456173363,0.03784226460791906,1.538133304340255,0.10289999842643738,0.40549999475479126,1.6497999429702759,-1.5707963267948966,0.0,1.5707963267948966,0.07667017996400878,-0.19559941523143476,1.8459007976487716
0.07396342535881031,0.42144839114257915,1.6449600376855116,0.002099859921648317,-0.00031170534661362724,0.0007060841502223162,-1.5765186673605114,0.03781627916157948,1.5379967688917906,0.10289999842643738,0.40549999475479126,1.6497999429702759,-1.5707963267948966,0.0,1.5707963267948966,0.07678864928303328,-0.19569384661054767,1.8458314596578882
0.07404407298740669,0.4213476169005874,1.644815675912171,0.0022161784051756197,-0.0004931282522801403,0.0006506779915715674,-1.5768050195590935,0.037812273796757445,1.5378819378592699,0.10289999842643738,0.40549999475479126,1.6497999429702759,-1.5707963267948966,0.0,1.5707963267948966,0.07689782469510967,-0.19577899472359728,1.8457661526830285
0.07411179267734831,0.4212583704055355,1.644690623102228,0.0015524239194439913,-0.0005738836590077856,0.000705572170711947,-1.577077145754935,0.03781519778168496,1.5377901846067887,0.10289999842643738,0.40549999475479126,1.6497999429702759,-1.5707963267948966,0.0,1.5707963267948966,0.0769974588273323,-0.19585538576112427,1.8457034737527376
0.07418494702329897,0.4211638497961595,1.6445496879035602,0.0021319913442937296,-0.0005705004620296317,0.0008815566372726483,-1.5773897917788613,0.03784353430014331,1.5376871908056144,0.10289999842643738,0.40549999475479126,1.6497999429702759,-1.5707963267948966,0.0,1.5707963267948966,0.07710938478230527,-0.1959405187285128,1.8456307624312054
0.07424995917273132,0.4210847379779541,1.6444135275324385,0.002991787571822769,-0.000520218823680859,0.0009107790377916092,-1.5776777024325508,0.03787361314364368,1.5375724299458635,0.10289999842643738,0.40549999475479126,1.6497999429702759,-1.5707963267948966,0.0,1.5707963267948966,0.0772112654541586,-0.19601769644179182,1.845564172052845
0.07431784197403761,0.4210020517858072,1.6442557395166333,0.0031663014553565665,-0.0004275763819905795,0.0008014081646670991,-1.5780133967261147,0.037892700146525016,1.5374287026659106,0.10289999842643738,0.40549999475479126,1.6497999429702759,-1.5707963267948966,0.0,1.5707963267948966,0.07732628719416816,-0.1961038560850968,1.8454883282272336
0.07438050180344144,0.4209211862827216,1.6440993143468199,0.0027830125203962366,-0.00020852635646666953,0.0008982973564964229,-1.5783328160944832,0.037924292505377544,1.5372895458097682,0.10289999842643738,0.40549999475479126,1.6497999429702759,-1.5707963267948966,0.0,1.5707963267948966,0.07744303715069278,-0.1961899386404705,1.8454099068175855
0.07444294602095396,0.42084148852807773,1.6439490626443163,0.0020043128258039208,1.4999832674231202e-05,0.0012696111057169794,-1.5786197205898576,0.037969970509887485,1.5371548414872391,0.10289999842643738,0.40549999475479126,1.6497999429702759,-1.5707963267948966,0.0,1.5707963267948966,0.07756060451202465,-0.19627580643775291,1.845327967796568
0.07451721793569037,0.4207529431812805,1.6437936638351667,0.0007405522058243814,-1.687949749777433e-05,0.0012706727552270864,-1.5789306485305168,0.03799801764372779,1.5370181243753462,0.10289999842643738,0.40549999475479126,1.6497999429702759,-1.5707963267948966,0.0,1.5707963267948966,0.07769047286108463,-0.19636945316766613,1.845236343132361
0.07458400846297882,0.4206605771375298,1.6436473543684273,-0.0002809025069952887,-0.00029749345736720945,0.0007923684950316858,-1.5792412923798742,0.0380378772516754,1.5369000804947945,0.10289999842643738,0.40549999475479126,1.6497999429702759,-1.5707963267948966,0.0,1.5707963267948966,0.07782343701716846,-0.19646191284052394,1.845147680335387
0.07462974878453867,0.4205829475522598,1.6435280055123975,-0.0003041136341214135,-0.00043092500811044555,0.0006005992117349664,-1.5794903268262719,0.03808405150109806,1.5368015749238964,0.10289999842643738,0.40549999475479126,1.6497999429702759,-1.5707963267948966,0.0,1.5707963267948966,0.07793514867458848,-0.1965369226866484,1.8450804682041033
0.07467946744443393,0.42048648102661645,1.643379280707566,-7.001676422645264e-05,-0.00038712334817371085,0.0009500261893470586,-1.579799311921552,0.03811726107742297,1.53666424236576,0.10289999842643738,0.40549999475479126,1.6497999429702759,-1.5707963267948966,0.0,1.5707963267948966,0.07807437900115492,-0.1966280050046659,1.845004110165169
0.07473135834083323,0.4204010638377059,1.643238076703921,0.00030735692933403416,-0.0002879825906954437,0.001525404331930107,-1.5800800996363307,0.03811646798707713,1.5365095008453933,0.10289999842643738,0.40549999475479126,1.6497999429702759,-1.5707963267948966,0.0,1.5707963267948966,0.07820138985008625,-0.19671057749479967,1.8449405566514139
0.07479340696837455,0.42030933756226835,1.6430750091569188,0.0004619765180262363,-0.0003478978097306388,0.0015987206713312329,-1.5803688318561926,0.038124008159333034,1.5363016024017624,0.10289999842643738,0.40549999475479126,1.6497999429702759,-1.5707963267948966,0.0,1.5707963267948966,0.07834180451181269,-0.19680111107035433,1.8448795058829013
0.07486083195201614,0.420209186069771,1.6428956511318085,-0.00038194556382207563,-0.00047627339878932614,0.0015730968853208541,-1.5806619429360134,0.03811145813037786,1.5360428513383433,0.10289999842643738,0.40549999475479126,1.6497999429702759,-1.5707963267948966,0.0,1.5707963267948966,0.07849670650126452,-0.19689913510407617,1.8448171378818263
0.07491909578345941,0.42012275173966296,1.6427519861622557,-0.001213539117836825,-0.0003726277630386451,0.0018571710868060675,-1.580870897881357,0.03808022086792562,1.5358211377205504,0.10289999842643738,0.40549999475479126,1.6497999429702759,-1.5707963267948966,0.0,1.5707963267948966,0.07863958162392122,-0.19698785463090174,1.844759627837316
0.0750090271329002,0.4200073573155065,1.6425662062738153,-0.001082195187624535,9.376010054593487e-05,0.0024205365226229137,-1.5811060757407147,0.03802187767085652,1.5355268978742338,0.10289999842643738,0.40549999475479126,1.6497999429702759,-1.5707963267948966,0.0,1.5707963267948966,0.07879457552220073,-0.19708349014087712,1.8446988945748308
0.0751019183061827,0.4199105777794886,1.6424006515381426,-0.0005905892404138925,0.00029721757587069234,0.002504437100189829,-1.5813229731590184,0.037934268644314706,1.5352690785235577,0.10289999842643738,0.40549999475479126,1.6497999429702759,-1.5707963267948966,0.0,1.5707963267948966,0.0789354925804968,-0.1971704148046301,1.8446492396849679
0.07519010544573013,0.4198235985173788,1.6422492519770653,-0.0012028496355093348,0.0002632843539244195,0.002116834235174484,-1.5815450745848747,0.03785558357901664,1.5350296151686251,0.10289999842643738,0.40549999475479126,1.6497999429702759,-1.5707963267948966,0.0,1.5707963267948966,0.07907707540392034,-0.1972567115617784,1.8446046202269526
0.07529796446153758,0.4197187076100903,1.6420765136974964,-0.0021417346563898767,0.00041577400625694076,0.0021885235383103216,-1.5817707114859376,0.03779548014679568,1.5348262699348423,0.10289999842643738,0.40549999475479126,1.6497999429702759,-1.5707963267948966,0.0,1.5707963267948966,0.07921973666505991,-0.19734211838080273,1.844563280351284
0.07541046567473683,0.41962238026961235,1.641930010206677,-0.0025520254058890883,0.0006420444822393116,0.0024391476126914935,-1.5820098826729392,0.037709680737314066,1.5346598683677761,0.10289999842643738,0.40549999475479126,1.6497999429702759,-1.5707963267948966,0.0,1.5707963267948966,0.07936144407926289,-0.19742658399936527,1.8445239927204917
0.07551662764541986,0.41953749999585205,1.6418018533325942,-0.002196008381376606,0.0006287590566552735,0.002091925996572542,-1.582212777350912,0.037646047962035745,1.534523927648408,0.10289999842643738,0.40549999475479126,1.6497999429702759,-1.5707963267948966,0.0,1.5707963267948966,0.0794905316115657,-0.19750321161166343,1.8444914355981172
0.0756286033098596,0.4194491442960308,1.641654250730484,-0.001153733732251606,0.0005128009455408563,0.001532884856757706,-1.582416806552666,0.03760815493238301,1.534364676249581,0.10289999842643738,0.40549999475479126,1.6497999429702759,-1.5707963267948966,0.0,1.5707963267948966,0.07963429007837314,-0.19758781085908997,1.8444606384032591
0.07572736437837563,0.4193647780868097,1.641503400875478,-0.0013266041393958628,8.557690970120995e-05,0.0008729083420229874,-1.5826306950701594,0.03759666958677421,1.534201124292901,0.10289999842643738,0.40549999475479126,1.6497999429702759,-1.5707963267948966,0.0,1.5707963267948966,0.07978125689283878,-0.19767241973755562,1.8444359964957562
0.07580559439154896,0.4192846378218784,1.6413604817198557,-0.002457749564086672,-0.0005776089522618136,0.0005239761246063279,-1.5828410254469671,0.03764145839410027,1.5340452614773339,0.10289999842643738,0.40549999475479126,1.6497999429702759,-1.5707963267948966,0.0,1.5707963267948966,0.0799325912775167,-0.19775690059525933,1.8444182590490217
0.0758666075808544,0.41921339504199273,1.6412404100786442,-0.003236618868076753,-0.0009733842770920627,0.0008731299065482761,-1.5830269078874155,0.03771534194335846,1.5339101118976932,0.10289999842643738,0.40549999475479126,1.6497999429702759,-1.5707963267948966,0.0,1.5707963267948966,0.08007261776139903,-0.197833246348559,1.8444069738467583
0.07593031473662167,0.41914571322961724,1.6411280708216467,-0.0037280951198133665,-0.0011173592632771434,0.0015934647680827213,-1.58322647567834,0.037771743498776544,1.5337642532876132,0.10289999842643738,0.40549999475479126,1.6497999429702759,-1.5707963267948966,0.0,1.5707963267948966,0.080227027200696,-0.19791697196060565,1.8443970822721463
0.0760090970468565,0.41907712984985435,1.6410115141913144,-0.00421024001355189,-0.0011101885164452642,0.002138865268162186,-1.5834345162147772,0.03782819391947623,1.5335902148965366,0.10289999842643738,0.40549999475479126,1.6497999429702759,-1.5707963267948966,0.0,1.5707963267948966,0.08036698525427523,-0.19799294526471856,1.8443930668359594
0.07608973260055107,0.41901912250740503,1.6409105978234813,-0.004329763365314982,-0.001091112149583766,0.0023976680760231205,-1.5836047995590334,0.03787847770545705,1.5334229455390838,0.10289999842643738,0.40549999475479126,1.6497999429702759,-1.5707963267948966,0.0,1.5707963267948966,0.08052030259914233,-0.19807615117187274,1.8443942260361115
0.07618485879894966,0.4189597617505126,1.6407997403259431,-0.0037003645195294696,-0.0013337818359556546,0.002284749690075122,-1.5838025995105354,0.03790642904272623,1.533215119199713,0.10289999842643738,0.40549999475479126,1.6497999429702759,-1.5707963267948966,0.0,1.5707963267948966,0.080659684439932,-0.1981515988723541,1.844398269909364
0.07628015161423461,0.41890276668044685,1.6406895241909003,-0.0030194498692903034,-0.001772661285431692,0.0019704253717170274,-1.5839919884168268,0.03793863851020918,1.5329720398498736,0.10289999842643738,0.40549999475479126,1.6497999429702759,-1.5707963267948966,0.0,1.5707963267948966,0.08081390541454854,-0.1982345086799686,1.8444023044607813
0.07636237016639487,0.4188519299143325,1.6405926573972003,-0.002650961785822998,-0.0021700641431079103,0.0017279317326464477,-1.5841519167998828,0.03798324659312158,1.53271944049145,0.10289999842643738,0.40549999475479126,1.6497999429702759,-1.5707963267948966,0.0,1.5707963267948966,0.08096979172039459,-0.1983172660327068,1.844404966255291
0.07645927113631948,0.41879621849967064,1.6404789513823688,-0.0024069790732809604,-0.002450518642417562,0.001781762174454984,-1.5843622749460533,0.03801428827215547,1.5323767933197723,0.10289999842643738,0.40549999475479126,1.6497999429702759,-1.5707963267948966,0.0,1.5707963267948966,0.08112696924217233,-0.19840006395361512,1.8444058482859498
0.07654199263374595,0.4187524783791606,1.640390010777907,-0.0023046453298324232,-0.0025952531777013515,0.0020233570706029752,-1.584527724170511,0.03803995432886653,1.5320740946207148,0.10289999842643738,0.40549999475479126,1.6497999429702759,-1.5707963267948966,0.0,1.5707963267948966,0.08127012709830897,-0.19847510651074957,1.8444028733008377
0.07663910281179416,0.4187040500071515,1.6402952257037822,-0.001475806023310387,-0.0027920733039498344,0.0022459899343630256,-1.5846929784605492,0.03806006158424946,1.5317334523987067,0.10289999842643738,0.40549999475479126,1.6497999429702759,-1.5707963267948966,0.0,1.5707963267948966,0.08142710502525273,-0.19855701513170457,1.8443966377963492
0.07673178759678918,0.41865516702488503,1.640212667953455,-0.000888116284071837,-0.003022649874202093,0.002160827368964348,-1.584860949058947,0.038039965059164516,1.5314264702331548,0.10289999842643738,0.40549999475479126,1.6497999429702759,-1.5707963267948966,0.0,1.5707963267948966,0.0815696021470699,-0.19863032139458328,1.8443884305639096
0.07682260030756083,0.4186013168660229,1.6401395981112505,-0.0007289191968415103,-0.0032881097221221446,0.0018875347623924068,-1.5850383910853636,0.0380183371494649,1.5311407332665536,0.10289999842643738,0.40549999475479126,1.6497999429702759,-1.5707963267948966,0.0,1.5707963267948966,0.08171282506447165,-0.19870256436470637,1.8443762836518889
0.07691813648514602,0.4185410712781279,1.6400688589364996,0.0001553624654623811,-0.0034167291173780455,0.0017265720219924062,-1.5852446074792623,0.03800653245647867,1.5308532732884692,0.10289999842643738,0.40549999475479126,1.6497999429702759,-1.5707963267948966,0.0,1.5707963267948966,0.08188615240255673,-0.19878862637218703,1.8443580240830972
0.07702216340463286,0.4184814260125249,1.6399879185166748,0.0024310857459419752,-0.0031911058829252196,0.0019018641338251247,-1.585498327866791,0.037966527696852825,1.5305334828714074,0.10289999842643738,0.40549999475479126,1.6497999429702759,-1.5707963267948966,0.0,1.5707963267948966,0.08204572443802806,-0.19886781150350158,1.8443393398368708
0.07712441332231754,0.41843045157075226,1.6399032779470426,0.004097945459805281,-0.002965184275678426,0.002138632536676662,-1.5857561090553323,0.03793880558947027,1.530214099137841,0.10289999842643738,0.40549999475479126,1.6497999429702759,-1.5707963267948966,0.0,1.5707963267948966,0.08220492645296017,-0.19894705365614843,1.8443198858135865
0.07723173732793545,0.41837959984694173,1.6398172654550391,0.004160766998525085,-0.002943682695607928,0.0020827583708985108,-1.586028108357986,0.03794094068803133,1.529890537927665,0.10289999842643738,0.40549999475479126,1.6497999429702759,-1.5707963267948966,0.0,1.5707963267948966,0.08236415295114648,-0.19902553363631267,1.844299524133138
0.07734401168640105,0.4183282621730632,1.6397382705557864,0.0031358988881417696,-0.003027437022431201,0.002095359590229722,-1.586317255864509,0.03793350075775681,1.5295821784096617,0.10289999842643738,0.40549999475479126,1.6497999429702759,-1.5707963267948966,0.0,1.5707963267948966,0.08252366134911608,-0.19910290314991413,1.844274732458743
0.0774534655150028,0.418282718938164,1.6396763505377068,0.0020361463288965055,-0.0031904691014709567,0.002217810371673955,-1.5865631781268579,0.03792906410471941,1.5293191589993715,0.10289999842643738,0.40549999475479126,1.6497999429702759,-1.5707963267948966,0.0,1.5707963267948966,0.08266838721103133,-0.1991724055786012,1.8442470621758158
0.07758108738372632,0.4182335040769964,1.63961008392321,0.0019597112121587526,-0.003437129250241612,0.002178935171622534,-1.5868068452761535,0.03792107202030426,1.5290357489304174,0.10289999842643738,0.40549999475479126,1.6497999429702759,-1.5707963267948966,0.0,1.5707963267948966,0.08282717333158694,-0.19924798156195847,1.8442132334202137
0.07770095376991024,0.4181888764392797,1.6395415035213297,0.002723334978548286,-0.003770964257373179,0.0018747578129391141,-1.5870469303355537,0.03788874479749982,1.528777577515783,0.10289999842643738,0.40549999475479126,1.6497999429702759,-1.5707963267948966,0.0,1.5707963267948966,0.08297157057085346,-0.19931590190135576,1.8441807082348385
0.07782593736945116,0.41814049756779725,1.6394538314330418,0.003293147718083703,-0.00425214303232118,0.00138478727869017,-1.5873100425172004,0.03788091075955613,1.5285022641538513,0.10289999842643738,0.40549999475479126,1.6497999429702759,-1.5707963267948966,0.0,1.5707963267948966,0.08313205609736866,-0.19938998367808883,1.8441462792428542
0.0779447706179071,0.41809445640319215,1.6393564009130206,0.0028361212064161733,-0.004551678808263576,0.0013700860273969998,-1.587566657529432,0.03790482135259987,1.5282296029381326,0.10289999842643738,0.40549999475479126,1.6497999429702759,-1.5707963267948966,0.0,1.5707963267948966,0.08329407872886259,-0.19946333974326572,1.8441160935285517
0.07806658806230558,0.41805196240830156,1.6392567486694893,0.0010819591686348272,-0.004582303119437539,0.0017724767530115427,-1.5878242564922003,0.037902130031051584,1.5279630838958815,0.10289999842643738,0.40549999475479126,1.6497999429702759,-1.5707963267948966,0.0,1.5707963267948966,0.08345609827226932,-0.199535694040831,1.8440873092402907
0.07819771569819607,0.41801130407555054,1.6391685362811537,-0.0013748987072862012,-0.004504623424835967,0.0018807847700653896,-1.5880525308669071,0.03789582384057599,1.5277217360000186,0.10289999842643738,0.40549999475479126,1.6497999429702759,-1.5707963267948966,0.0,1.5707963267948966,0.08361682881600427,-0.19960661094021614,1.8440592425849247
0.07831357667182386,0.417973067821294,1.6390949959900651,-0.0022539722866246966,-0.004501594145672931,0.0014893027835775217,-1.5882382278765432,0.03791396650939571,1.527513064850277,0.10289999842643738,0.40549999475479126,1.6497999429702759,-1.5707963267948966,0.0,1.5707963267948966,0.08376354410312199,-0.19966968501617877,1.8440378960768298
0.07843765644097478,0.4179277986331339,1.6390110970146696,-0.0013853947070066057,-0.004288408545380573,0.0014066088955055418,-1.5884643438065211,0.0379201120098962,1.5272790473644653,0.10289999842643738,0.40549999475479126,1.6497999429702759,-1.5707963267948966,0.0,1.5707963267948966,0.08392585574391406,-0.1997377687047946,1.8440203118536327
0.07855461278489094,0.4178837471529657,1.6389275776067354,0.000263472885810115,-0.003915004485641797,0.0018200619981504108,-1.588668077615011,0.03792298005807915,1.5270460863318032,0.10289999842643738,0.40549999475479126,1.6497999429702759,-1.5707963267948966,0.0,1.5707963267948966,0.0840729510442792,-0.19979892149806827,1.844008011824171
0.0786979457011792,0.41783198166616486,1.6388302115155213,0.0016490007048404972,-0.0034112998359294043,0.0022891499102189565,-1.5888767234990633,0.03790483773961384,1.5267841977087768,0.10289999842643738,0.40549999475479126,1.6497999429702759,-1.5707963267948966,0.0,1.5707963267948966,0.0842324832316536,-0.19986532606475593,1.843999392971841
0.07884005501632951,0.417782813111155,1.6387472238090652,0.0015121705216230308,-0.0030909441436387445,0.002254694028261622,-1.5890520965418604,0.03784110934470064,1.5265616218777855,0.10289999842643738,0.40549999475479126,1.6497999429702759,-1.5707963267948966,0.0,1.5707963267948966,0.08438999874887569,-0.19993066551993824,1.8439947047914607
0.07900257665340107,0.4177303575573755,1.6386705566361144,0.0004007998697785494,-0.0030870315481133018,0.001863796607385498,-1.5891887529023636,0.0377553878795287,1.5263296859264623,0.10289999842643738,0.40549999475479126,1.6497999429702759,-1.5707963267948966,0.0,1.5707963267948966,0.08453240229641283,-0.19998969187394575,1.8439889382020505
0.07916310422428807,0.4176783482077664,1.6386139111213267,-0.00035055433408657995,-0.003354500241717619,0.0013316867221754333,-1.589268650969061,0.03767282514000625,1.5261203042941454,0.10289999842643738,0.40549999475479126,1.6497999429702759,-1.5707963267948966,0.0,1.5707963267948966,0.084689321336568,-0.2000541457279625,1.8439795519696325
0.07933265706251692,0.4176203795770786,1.6385654694707135,0.0003189453265966304,-0.003615469417671724,0.0011433891045769151,-1.5893614043812054,0.03755188346253391,1.5259064903792252,0.10289999842643738,0.40549999475479126,1.6497999429702759,-1.5707963267948966,0.0,1.5707963267948966,0.08486116936267663,-0.20012391990622855,1.843969094881917
0.0795032112267858,0.41755773128879525,1.6385321746140535,0.001295871294185411,-0.0037690063658509503,0.0012260590239130975,-1.589434544209383,0.03742616564750456,1.5257151880607713,0.10289999842643738,0.40549999475479126,1.6497999429702759,-1.5707963267948966,0.0,1.5707963267948966,0.08503218341942013,-0.20019313978232756,1.8439570588371244
0.07964652123775956,0.4175029139576213,1.6385168216048727,0.0022423060991613895,-0.0038670093543449135,0.0012465362785077246,-1.5894957967266483,0.03730837198540904,1.5255691718840445,0.10289999842643738,0.40549999475479126,1.6497999429702759,-1.5707963267948966,0.0,1.5707963267948966,0.08517382036193671,-0.2002506287479222,1.8439428019740594
0.07980886646311133,0.4174409057780885,1.638508034957865,0.003463686624016659,-0.003766863646279832,0.0015037650182101229,-1.589593893211775,0.037143786379299826,1.5254220282536692,0.10289999842643738,0.40549999475479126,1.6497999429702759,-1.5707963267948966,0.0,1.5707963267948966,0.08532840394074379,-0.2003137840471811,1.843921411869476
0.0799531998541177,0.4173906452190529,1.6385068931557365,0.004013663538641191,-0.0034786431615132707,0.0019643495261949607,-1.5896682322978246,0.03700714927043869,1.525323241079756,0.10289999842643738,0.40549999475479126,1.6497999429702759,-1.5707963267948966,0.0,1.5707963267948966,0.08546637928536763,-0.20037116463960347,1.8438983455319553
0.08016705528253079,0.4173304315714133,1.6385088597468311,0.004499526163389473,-0.0031959915895011307,0.002117139736686168,-1.5897813276181376,0.03679948128323307,1.5252165375198867,0.10289999842643738,0.40549999475479126,1.6497999429702759,-1.5707963267948966,0.0,1.5707963267948966,0.08561499320499483,-0.20043451159597728,1.843874334544885
0.08039485589293179,0.41727712253469934,1.6385191622471502,0.004005436595779892,-0.0032101658999731273,0.001480897073356695,-1.5899195869341403,0.03656106741001297,1.5251327474620284,0.10289999842643738,0.40549999475479126,1.6497999429702759,-1.5707963267948966,0.0,1.5707963267948966,0.08577496748547563,-0.2005037426819579,1.843848643227451
0.08061653508005474,0.41722167730848575,1.6385418743882723,0.0033882384289282484,-0.0032590568838304613,0.0008110533023355299,-1.5900460366733296,0.03635534493611736,1.5250743860645688,0.10289999842643738,0.40549999475479126,1.6497999429702759,-1.5707963267948966,0.0,1.5707963267948966,0.08593541591532895,-0.20057221436711387,1.8438245613723254
0.08082018068623312,0.4171689237371355,1.6385669717999345,0.0029907436846149703,-0.0029823667592470716,0.0008260871468303902,-1.5901682803851247,0.036145926160848774,1.5250253894650665,0.10289999842643738,0.40549999475479126,1.6497999429702759,-1.5707963267948966,0.0,1.5707963267948966,0.08608214250786128,-0.2006340306392485,1.843807432897289
0.08105069205156282,0.4171081717822748,1.6385956477700494,0.0030305204789421183,-0.002382506538721536,0.0008977754245527746,-1.5903012444912374,0.0358821631273214,1.5249679839600558,0.10289999842643738,0.40549999475479126,1.6497999429702759,-1.5707963267948966,0.0,1.5707963267948966,0.0862535349126202,-0.20070585725592616,1.84378900620105
0.08132235637679192,0.41703525354827514,1.6386090947437872,0.0037949558953000785,-0.0018260399869054584,0.0006830852612807828,-1.5904219427698438,0.03555675806426439,1.5248578391728242,0.10289999842643738,0.40549999475479126,1.6497999429702759,-1.5707963267948966,0.0,1.5707963267948966,0.08642382041068143,-0.2007768883336904,1.843773283192999
0.08153946741496314,0.4169840832146706,1.6385926065499774,0.003775871522114674,-0.001558046147984084,0.0005266687171852097,-1.5905442003979315,0.03525069093749522,1.5247076978126908,0.10289999842643738,0.40549999475479126,1.6497999429702759,-1.5707963267948966,0.0,1.5707963267948966,0.08656701292435617,-0.20083705377132471,1.8437606533507935
0.08175444907618484,0.41694218152873197,1.63856167088435,0.0019705047966173416,-0.0015494028799737612,0.00017360026071802556,-1.5906473958665925,0.034948917741469465,1.5245258902614138,0.10289999842643738,0.40549999475479126,1.6497999429702759,-1.5707963267948966,0.0,1.5707963267948966,0.08671022697041637,-0.20089761952216462,1.843745738952241
0.08196645106918579,0.41690868791388375,1.6385282106239232,-0.0004337781733724555,-0.0015691674246670429,0.00010837705471425001,-1.590752616065327,0.03465073851368361,1.5243255443438914,0.10289999842643738,0.40549999475479126,1.6497999429702759,-1.5707963267948966,0.0,1.5707963267948966,0.08685381612098873,-0.20095820822221536,1.8437279946683527
0.08222489204224115,0.41687290957998036,1.6384902040719687,-0.0019299161920886137,-0.001513361941319599,0.00035751932279289516,-1.5909035008821382,0.03426365731823555,1.524070551139606,0.10289999842643738,0.40549999475479126,1.6497999429702759,-1.5707963267948966,0.0,1.5707963267948966,0.08702165889406158,-0.20102903870811054,1.8437049316777674
0.08244637089167185,0.41684142347411435,1.6384555975783814,-0.0018215254972261104,-0.0015276979710272956,0.00013944281930969714,-1.5910122839741054,0.03394845347296993,1.52383473110383,0.10289999842643738,0.40549999475479126,1.6497999429702759,-1.5707963267948966,0.0,1.5707963267948966,0.08716222799051887,-0.2010883946457725,1.8436852708687796
0.08264202113672967,0.4168132622424162,1.6384149354619857,-0.0006016222317321076,-0.0015422977192716596,-0.0003809100694282745,-1.5911041244901998,0.03364197937179192,1.5236021968508586,0.10289999842643738,0.40549999475479126,1.6497999429702759,-1.5707963267948966,0.0,1.5707963267948966,0.08730310748880055,-0.20114783976834788,1.843665834005988
0.082860014913368,0.41677942057541983,1.638349006669097,0.0011934416035330184,-0.0015002432585264664,-0.000976614905215843,-1.591191876533886,0.03327693469700055,1.52330975748017,0.10289999842643738,0.40549999475479126,1.6497999429702759,-1.5707963267948966,0.0,1.5707963267948966,0.0874454890056931,-0.20120747653414192,1.8436511631433536
0.0830405761021345,0.4167502297488946,1.6382753797383383,0.0011864699735738688,-0.0015309532115676094,-0.001399177582589555,-1.5912347824348723,0.03299166273011789,1.5230265673631704,0.10289999842643738,0.40549999475479126,1.6497999429702759,-1.5707963267948966,0.0,1.5707963267948966,0.0875898427720987,-0.20126738562709992,1.8436423680524592
0.08321253239626047,0.41672627037478205,1.6381920159663224,-0.000781184506896115,-0.0018347361086375985,-0.0016594665466493001,-1.5912861634753206,0.032700646684015844,1.522701949866725,0.10289999842643738,0.40549999475479126,1.6497999429702759,-1.5707963267948966,0.0,1.5707963267948966,0.08775032401602437,-0.2013331050988667,1.8436363243293077
0.08335680654746877,0.41671079718740744,1.638124368835939,-0.0024097849627595716,-0.0021932182125847105,-0.0011638147599660157,-1.59133704567126,0.03244243289734161,1.5223942287087302,0.10289999842643738,0.40549999475479126,1.6497999429702759,-1.5707963267948966,0.0,1.5707963267948966,0.08789863970033403,-0.20139354135419382,1.843631446254116
0.08350237981567313,0.41669636100716184,1.6380679813980958,-0.0023033761462219414,-0.002479950315326169,-0.0006214506075204328,-1.591372086188707,0.03219071797884876,1.5220859676491425,0.10289999842643738,0.40549999475479126,1.6497999429702759,-1.5707963267948966,0.0,1.5707963267948966,0.08804572551516311,-0.20145394735677938,1.8436276378170837
0.08365651954333278,0.4166765716919091,1.6380153647337825,-0.0012089864019929624,-0.0027161490225009618,-0.0006409204526438346,-1.5914031730333233,0.03190273738453797,1.5217554670872981,0.10289999842643738,0.40549999475479126,1.6497999429702759,-1.5707963267948966,0.0,1.5707963267948966,0.08820556460088504,-0.20151959444661863,1.8436271671881985
0.08379180581789367,0.4166521887544691,1.6379806174546674,-0.00046388182946759273,-0.002526784467503239,-0.0005269988386061604,-1.5913894166371976,0.03164545625927051,1.5214628093928495,0.10289999842643738,0.40549999475479126,1.6497999429702759,-1.5707963267948966,0.0,1.5707963267948966,0.08835155513342903,-0.2015795782727402,1.8436240818484197
0.08392620947338673,0.4166247063205079,1.637957866520473,0.0004233484413448165,-0.001976352677517023,-0.00022998777098069044,-1.5913351496203,0.03140653478931821,1.5211845711720795,0.10289999842643738,0.40549999475479126,1.6497999429702759,-1.5707963267948966,0.0,1.5707963267948966,0.08849628049102597,-0.20163973285862766,1.8436160248874598
0.08406817280658835,0.4165976420163562,1.6379483442945997,0.001326843190244177,-0.0014150800800920293,0.0001005016004024507,-1.5912967027876062,0.03113817456553658,1.5209336116237953,0.10289999842643738,0.40549999475479126,1.6497999429702759,-1.5707963267948966,0.0,1.5707963267948966,0.08863878118278291,-0.20170023964034503,1.8436035989266215
0.08423076504834172,0.4165664972474291,1.6379473283061794,0.0035903724155018175,-0.0011309533486045823,3.6032622594176785e-05,-1.591254499591751,0.03083805234667203,1.52069737489137,0.10289999842643738,0.40549999475479126,1.6497999429702759,-1.5707963267948966,0.0,1.5707963267948966,0.08879177814965192,-0.20176660815377268,1.8435879821322902
0.0843803166213182,0.4165328435654473,1.6379405365835678,0.005524190676343548,-0.000978864122655376,-0.00015784292399949906,-1.5912170929095226,0.030567440759440956,1.5205071192336488,0.10289999842643738,0.40549999475479126,1.6497999429702759,-1.5707963267948966,0.0,1.5707963267948966,0.08893085453535451,-0.2018274611042744,1.8435734946816507
0.08454373314409323,0.4164958359136317,1.637927764953239,0.006231459271306407,-0.000895399633385903,-0.0006624736339411911,-1.591215292856695,0.0302366686702511,1.5203142372024994,0.10289999842643738,0.40549999475479126,1.6497999429702759,-1.5707963267948966,0.0,1.5707963267948966,0.08908142593162235,-0.20189399864015217,1.8435546247105221
0.08470377492962937,0.4164597859817819,1.6379013175258725,0.005919460586229475,-0.0011894407040201156,-0.0017992403752048335,-1.5912233140079097,0.02991132269356056,1.5200773307652795,0.10289999842643738,0.40549999475479126,1.6497999429702759,-1.5707963267948966,0.0,1.5707963267948966,0.08926032199744181,-0.20197286861605385,1.8435349864483153
0.08479998329008256,0.41643681289011364,1.6378808826297306,0.004407761249115089,-0.0014951963896522814,-0.0021582056170418662,-1.5912330402922787,0.029691240647629513,1.5198903539697441,0.10289999842643738,0.40549999475479126,1.6497999429702759,-1.5707963267948966,0.0,1.5707963267948966,0.08940450282283906,-0.20203522603940793,1.8435274480906907
0.08487062017608293,0.4164187413672106,1.6378659138436829,0.0027720013978391115,-0.0016670868801197517,-0.0020396714253724897,-1.591233545949003,0.029498975273495986,1.5197192037136136,0.10289999842643738,0.40549999475479126,1.6497999429702759,-1.5707963267948966,0.0,1.5707963267948966,0.08955065942301285,-0.20209761588708436,1.8435239060336739
0.08493718806752427,0.4163983544266621,1.6378573361723383,0.0007449092655987516,-0.0017217313054573632,-0.0016050103038372952,-1.5911884592592993,0.029325463124707074,1.5195378747515305,0.10289999842643738,0.40549999475479126,1.6497999429702759,-1.5707963267948966,0.0,1.5707963267948966,0.08968377991903566,-0.20215403855452235,1.8435201396919134
0.08499601107705967,0.4163728961228993,1.6378604504860446,-0.0011781626664440507,-0.0018713107885947099,-0.0013308898421354497,-1.591128732162256,0.029150899175212075,1.519372188531351,0.10289999842643738,0.40549999475479126,1.6497999429702759,-1.5707963267948966,0.0,1.5707963267948966,0.08983000572752446,-0.202215134672561,1.8435147236137739
0.08504921431784429,0.41633938973283247,1.6378784154669628,-0.0022818614857594848,-0.0021359904710792276,-0.0010499053904256712,-1.5910607083357595,0.028968695377414644,1.519221703664716,0.10289999842643738,0.40549999475479126,1.6497999429702759,-1.5707963267948966,0.0,1.5707963267948966,0.0899754961015378,-0.20227513599087202,1.843506319069231
0.0851040352108197,0.4162939353623114,1.6379071505076672,-0.0016320670080220657,-0.0023466344457074837,-0.0007441675417535512,-1.5909422309747459,0.028805765632885283,1.5190671303080467,0.10289999842643738,0.40549999475479126,1.6497999429702759,-1.5707963267948966,0.0,1.5707963267948966,0.09014563427714098,-0.2023453435103374,1.8434937856323332
0.08516517333297352,0.4162388661545611,1.6379325561162679,0.0004520434675612816,-0.0024188836438712655,-0.0006103695889262242,-1.5908086961004353,0.02860943733558674,1.5188973703559658,0.10289999842643738,0.40549999475479126,1.6497999429702759,-1.5707963267948966,0.0,1.5707963267948966,0.0903004189664623,-0.20241016184863692,1.84348240068461
0.08521858711943434,0.41618845855577424,1.6379439731750067,0.0019752981297162043,-0.002287492049993055,-0.0006140549208617161,-1.5906485464113336,0.028435586608546615,1.5187355356521368,0.10289999842643738,0.40549999475479126,1.6497999429702759,-1.5707963267948966,0.0,1.5707963267948966,0.09045366403841158,-0.20247588970814254,1.843470768773236
0.08527020121866602,0.41614806134804067,1.6379521333857636,0.0016483462246819082,-0.0020719797409422813,-0.0005529832666661504,-1.5904771846195778,0.0282699270162019,1.5185872915675764,0.10289999842643738,0.40549999475479126,1.6497999429702759,-1.5707963267948966,0.0,1.5707963267948966,0.09059235719830644,-0.20253731741041262,1.8434563487304525
0.08532793662877848,0.4161075105012172,1.637970345923463,-0.0002947262719124701,-0.0018541790927573566,-0.0007094776790393091,-1.5903147954550925,0.02805334180146879,1.5184441401373694,0.10289999842643738,0.40549999475479126,1.6497999429702759,-1.5707963267948966,0.0,1.5707963267948966,0.09074217031931886,-0.20260467004494012,1.8434338856324604
0.08537886129064544,0.4160679482147728,1.6380005409517324,-0.0019432142615393732,-0.0016729557580133897,-0.0008335304529546286,-1.5901664609376682,0.02786783550393057,1.5183241670148055,0.10289999842643738,0.40549999475479126,1.6497999429702759,-1.5707963267948966,0.0,1.5707963267948966,0.09087830585791538,-0.2026660283203044,1.843405341085122
0.08542828545232747,0.41602762868401566,1.6380330155219078,-0.0020225344429804274,-0.0015808470010637823,-0.0009140424410234453,-1.590021518891513,0.027673723810182516,1.5181858296238095,0.10289999842643738,0.40549999475479126,1.6497999429702759,-1.5707963267948966,0.0,1.5707963267948966,0.09101324871881014,-0.20272741253934223,1.843370227410694
0.0854810751329388,0.4159836032767813,1.6380567426906927,-0.0005025423329600513,-0.001474045566664491,-0.0008605239126088194,-1.5898862751113778,0.02744447215718493,1.518019123248836,0.10289999842643738,0.40549999475479126,1.6497999429702759,-1.5707963267948966,0.0,1.5707963267948966,0.09115874658318045,-0.20279475403882058,1.8433263089229974
0.08553724205988407,0.41593711799797944,1.6380614191052454,0.0012432914110148499,-0.0012390008780215928,-0.0005915423607777107,-1.5897372877972646,0.027229211454511848,1.5178467677950513,0.10289999842643738,0.40549999475479126,1.6497999429702759,-1.5707963267948966,0.0,1.5707963267948966,0.09130139817309318,-0.20286244312640397,1.8432790771324499
0.08559926183639423,0.41588946047692527,1.6380622219829322,0.001321613904229067,-0.0009637539953134578,-0.0003872319564368239,-1.5896253413573604,0.027015463336698797,1.5177196630708645,0.10289999842643738,0.40549999475479126,1.6497999429702759,-1.5707963267948966,0.0,1.5707963267948966,0.09142871570378819,-0.2029239739840463,1.8432337519090418
0.08567489203854696,0.4158345039531032,1.6380742445174217,-5.9463102314224147e-05,-0.0007778268472481309,-0.000565862849047002,-1.5895376385862037,0.02676961466026828,1.5176331474748859,0.10289999842643738,0.40549999475479126,1.6497999429702759,-1.5707963267948966,0.0,1.5707963267948966,0.09156457818525159,-0.2029905402784195,1.843181485125343
0.08576181661522105,0.41577299602782714,1.638109142448643,-0.0009492852819303996,-0.0004252238253272503,-0.0009315404097783933,-1.5894670101714494,0.026513574532111228,1.5175877207420159,0.10289999842643738,0.40549999475479126,1.6497999429702759,-1.5707963267948966,0.0,1.5707963267948966,0.09170884520619357,-0.20306256228839525,1.8431174858169794
0.08583282809417335,0.41571701275864026,1.6381512457057394,-0.0008331199894717231,9.153473415506292e-05,-0.001287646157735072,-1.5894470304754664,0.02627206397960702,1.5175717579628079,0.10289999842643738,0.40549999475479126,1.6497999429702759,-1.5707963267948966,0.0,1.5707963267948966,0.09182985402818808,-0.2031234393961529,1.8430586776498135
0.08590364116569461,0.41565798596612424,1.6381979047434216,-0.00022856202973425493,0.000695594954668835,-0.0014002730206879599,-1.589439521060937,0.026017663224104037,1.5175773719655996,0.10289999842643738,0.40549999475479126,1.6497999429702759,-1.5707963267948966,0.0,1.5707963267948966,0.09194975898407481,-0.2031843353319216,1.8429992604832102
0.08597151942641168,0.4156005858296444,1.6382411532948191,0.0005522917320214539,0.0009325009916735236,-0.0017398357205094185,-1.5894238718315996,0.0257610081518318,1.5176017426946278,0.10289999842643738,0.40549999475479126,1.6497999429702759,-1.5707963267948966,0.0,1.5707963267948966,0.09206911764327738,-0.2032458971538385,1.8429392068042278
0.0860297647534272,0.41554403602012596,1.6382783936629088,0.0008774297829761336,0.0008569919652827974,-0.00218250411494073,-1.5893991814311041,0.025472715350363995,1.517644970898048,0.10289999842643738,0.40549999475479126,1.6497999429702759,-1.5707963267948966,0.0,1.5707963267948966,0.09218884097913985,-0.20330784785075975,1.8428799493634498
0.08607208441656315,0.4154840906165468,1.6383178424168297,0.0001509698681030246,0.0007200653560245555,-0.0025021525032428485,-1.5893421034751332,0.02519643370017466,1.5177214458947985,0.10289999842643738,0.40549999475479126,1.6497999429702759,-1.5707963267948966,0.0,1.5707963267948966,0.0923095307776594,-0.2033695572002057,1.8428223492118976
0.08610299370241108,0.4154132024876231,1.638375498022756,-0.0004774433232407549,0.0006556077514648838,-0.0026005954686351995,-1.5892341176630709,0.02490314822562345,1.5178532141650805,0.10289999842643738,0.40549999475479126,1.6497999429702759,-1.5707963267948966,0.0,1.5707963267948966,0.09245307611447601,-0.2034426632302727,1.842754265989745
0.08611630338022852,0.415353151068379,1.6384308268787686,-0.0003176513674130483,0.0007160204820982874,-0.0023892494545111275,-1.589149092870607,0.024661544050627704,1.5179861665857144,0.10289999842643738,0.40549999475479126,1.6497999429702759,-1.5707963267948966,0.0,1.5707963267948966,0.09257476565578811,-0.20350495471514,1.8426938037565757
0.08612745409293478,0.41528856463057673,1.63849512593542,-0.00012190851901082668,0.0009052607786283009,-0.0018956547212651486,-1.5890461984340325,0.024433578595914884,1.5181329054054633,0.10289999842643738,0.40549999475479126,1.6497999429702759,-1.5707963267948966,0.0,1.5707963267948966,0.09269490281920513,-0.20356719183456104,1.8426302127418783
0.08614035701435716,0.41522169322359165,1.6385674204681016,0.0003434392982463362,0.0010784263857625926,-0.0015011116535525546,-1.5889330039931395,0.024202961423941627,1.5182888060752222,0.10289999842643738,0.40549999475479126,1.6497999429702759,-1.5707963267948966,0.0,1.5707963267948966,0.09281310077872786,-0.2036295423613603,1.8425672991425561
0.08616433191897244,0.4151520733997234,1.6386429434333054,0.0005652062315298557,0.0013644672451259435,-0.0012385575166477456,-1.58882821407427,0.02393568984398442,1.5184518549467636,0.10289999842643738,0.40549999475479126,1.6497999429702759,-1.5707963267948966,0.0,1.5707963267948966,0.09292828916284916,-0.20369171401666214,1.8425073251982422
0.08618518276613159,0.41507649223808996,1.638728014925448,0.00016241309980920697,0.0014926303603982956,-0.0017240028735395598,-1.5886817871429528,0.023684738669014216,1.5186354900385501,0.10289999842643738,0.40549999475479126,1.6497999429702759,-1.5707963267948966,0.0,1.5707963267948966,0.09304264520111882,-0.2037532334926218,1.842452698132283
0.08620293089733148,0.41499015384901905,1.6388269279366487,0.0005714312855973335,0.0017591641855051762,-0.001720173344614484,-1.5885059567495163,0.02339018461529907,1.5188314479362761,0.10289999842643738,0.40549999475479126,1.6497999429702759,-1.5707963267948966,0.0,1.5707963267948966,0.09316693450341251,-0.20382018301342938,1.8423992355147931
0.08622311054618859,0.41491907257349125,1.6389126556517088,0.0007096686101119698,0.0020271477213588684,-0.0014524603151796667,-1.5883760842489605,0.023110272760258788,1.5189817205024947,0.10289999842643738,0.40549999475479126,1.6497999429702759,-1.5707963267948966,0.0,1.5707963267948966,0.09326869964443871,-0.20387630657889938,1.8423575060721815
0.08625322074494644,0.4148362935780664,1.6390204943021074,0.0003845580111350294,0.0021245961329176217,-0.0014519337813042926,-1.5882213782723864,0.022783729148310172,1.519153789763731,0.10289999842643738,0.40549999475479126,1.6497999429702759,-1.5707963267948966,0.0,1.5707963267948966,0.09339824096056924,-0.2039498813367142,1.842305076975694
0.0862853085102039,0.4147485431090794,1.6391439677153146,-0.0003788022523984344,0.0018383308833891106,-0.0018080077060036747,-1.5880797363536843,0.02242419132611939,1.519317849496822,0.10289999842643738,0.40549999475479126,1.6497999429702759,-1.5707963267948966,0.0,1.5707963267948966,0.09351605850796928,-0.2040181227020048,1.8422550051463695
0.08630481136236116,0.41466176704638136,1.6392596916156517,-9.784339262065034e-05,0.0013932356281676698,-0.0021192636887320377,-1.5879610117191516,0.022123370980279056,1.5194598728803492,0.10289999842643738,0.40549999475479126,1.6497999429702759,-1.5707963267948966,0.0,1.5707963267948966,0.09363345840787067,-0.20408583452613574,1.8422048235158868
0.08631851576423251,0.41456003326753654,1.6393692783424518,0.0009286163501154956,0.0011718684139968333,-0.0019920600412125667,-1.5878205660771851,0.021836693866228885,1.5195900658725727,0.10289999842643738,0.40549999475479126,1.6497999429702759,-1.5707963267948966,0.0,1.5707963267948966,0.09376945776112058,-0.20416428001137338,1.842150066836404
0.08633434907594252,0.41446984442957274,1.6394573215127122,0.0005016705922059545,0.0014696043091146562,-0.0017493901561257718,-1.5877144355431019,0.021534463419253136,1.5196735320625063,0.10289999842643738,0.40549999475479126,1.6497999429702759,-1.5707963267948966,0.0,1.5707963267948966,0.09387451815472546,-0.2042263192216293,1.8421073005700537
0.08634924399218845,0.41439855993525426,1.6395275335437574,-0.00040158051882841053,0.001945466072514611,-0.0017612271407592627,-1.5876099749388064,0.02128135057483016,1.5197354763842519,0.10289999842643738,0.40549999475479126,1.6497999429702759,-1.5707963267948966,0.0,1.5707963267948966,0.09396866275865418,-0.20428297475592966,1.8420673036966315
0.08636265714741058,0.41432538449282896,1.6395972666237142,-0.0009506195818562908,0.002492722493255274,-0.0019638445428414833,-1.5874888728621825,0.020994066235609843,1.519788290709939,0.10289999842643738,0.40549999475479126,1.6497999429702759,-1.5707963267948966,0.0,1.5707963267948966,0.09407160565350432,-0.20434575646213832,1.8420218431901665
0.08637020967148518,0.4142435130828386,1.6396700067167518,-0.001681452578463645,0.002990533210331386,-0.0021780443480586644,-1.5873485365050328,0.020628742614934303,1.5198346169327492,0.10289999842643738,0.40549999475479126,1.6497999429702759,-1.5707963267948966,0.0,1.5707963267948966,0.0941931282838737,-0.20442034267039916,1.8419659845679686
0.08636880950766214,0.4141746847082336,1.639732835183403,-0.002840708105178286,0.0032173912522977873,-0.002250894753108031,-1.5872037205924063,0.02034016866331534,1.519879242052093,0.10289999842643738,0.40549999475479126,1.6497999429702759,-1.5707963267948966,0.0,1.5707963267948966,0.09429584304617822,-0.20448348970613212,1.841915292384848
0.08636186717695679,0.4140998921043595,1.6398122902156957,-0.004008083388151817,0.0031737421062004918,-0.0020383232271975016,-1.5870400899112436,0.020010007532391683,1.5199375791890004,0.10289999842643738,0.40549999475479126,1.6497999429702759,-1.5707963267948966,0.0,1.5707963267948966,0.09440763136960126,-0.20455240728671908,1.84185325918836
0.08636180673268527,0.41402390264623656,1.6399014353842554,-0.00399266578267522,0.0030641755112146988,-0.001541144748114658,-1.586894703050785,0.01963722780913546,1.5200056985299044,0.10289999842643738,0.40549999475479126,1.6497999429702759,-1.5707963267948966,0.0,1.5707963267948966,0.09451719941170396,-0.20462124661942022,1.841787306223588
0.08637178589804465,0.41394888548679204,1.6399879083560531,-0.0030574271868944467,0.0029562624672017468,-0.0012774874419481494,-1.5867642764385934,0.019295932097771917,1.520095679263828,0.10289999842643738,0.40549999475479126,1.6497999429702759,-1.5707963267948966,0.0,1.5707963267948966,0.09461493397685272,-0.20468381502634148,1.8417290806929711
0.08639345771871847,0.4138537824320432,1.6400843785358576,-0.0020680521580359757,0.0028096703517919127,-0.0013755932336719499,-1.5866298210936474,0.018840204997962573,1.5202074184800587,0.10289999842643738,0.40549999475479126,1.6497999429702759,-1.5707963267948966,0.0,1.5707963267948966,0.09472765148415287,-0.20475708420731492,1.8416646713180977
0.08641478339491102,0.41376498428508085,1.6401742422167302,-0.0030029496052845464,0.002863499622678217,-0.0015460053784035143,-1.5864936430481165,0.018411886917180098,1.5203084438330838,0.10289999842643738,0.40549999475479126,1.6497999429702759,-1.5707963267948966,0.0,1.5707963267948966,0.094830345902952,-0.20482441437048915,1.8416060015239422
0.08643666026194614,0.41368380779598635,1.6402646338814095,-0.004114981425648275,0.0031522959543800817,-0.0015290840868711177,-1.5863640906862715,0.018027898498798045,1.5204110880788437,0.10289999842643738,0.40549999475479126,1.6497999429702759,-1.5707963267948966,0.0,1.5707963267948966,0.09492332545284732,-0.20488567417222994,1.8415505179060956
0.08646152393545642,0.4136122502832022,1.6403474267054923,-0.0040040318282131325,0.003422283816505663,-0.0015176189428385554,-1.5862923990886224,0.017662724828571008,1.5205075556820962,0.10289999842643738,0.40549999475479126,1.6497999429702759,-1.5707963267948966,0.0,1.5707963267948966,0.09500665704882567,-0.2049412300923506,1.8414980011347022
0.08648870822657725,0.4135378125040359,1.6404293966212529,-0.0030297318005135443,0.0034318780071704203,-0.0017640460686509825,-1.5862486463995846,0.01727882548054005,1.5205920856794952,0.10289999842643738,0.40549999475479126,1.6497999429702759,-1.5707963267948966,0.0,1.5707963267948966,0.0950978623548171,-0.2050028666410743,1.8414396169162475
0.08651166993937187,0.41347148542514045,1.6404990844430658,-0.0024526167300203527,0.003256661133832314,-0.0017402408756940773,-1.5862313874619791,0.016945579015815504,1.5206634080309134,0.10289999842643738,0.40549999475479126,1.6497999429702759,-1.5707963267948966,0.0,1.5707963267948966,0.09518882011866135,-0.20506470759218468,1.8413812320133573
0.08654323556890703,0.4134000505474202,1.6405780291199041,-0.002501860381464887,0.0030509563865402023,-0.0015147006401825508,-1.5862348183632955,0.01654441133211959,1.5207468955851142,0.10289999842643738,0.40549999475479126,1.6497999429702759,-1.5707963267948966,0.0,1.5707963267948966,0.09527008642688657,-0.20512085843813993,1.8413275553190869
0.08657861886265239,0.4133240094073781,1.6406733090192531,-0.002438250295190896,0.002716381031049747,-0.0016928620752508325,-1.5861995980258092,0.016113348292440932,1.5208418014135037,0.10289999842643738,0.40549999475479126,1.6497999429702759,-1.5707963267948966,0.0,1.5707963267948966,0.09536649911502487,-0.2051882575866324,1.841261928106082
0.0866057553332489,0.41326076172366283,1.640752680055006,-0.0005999063824003629,0.00214585433604253,-0.002059828536615772,-1.5861486697597618,0.015728991751082333,1.5209051645995122,0.10289999842643738,0.40549999475479126,1.6497999429702759,-1.5707963267948966,0.0,1.5707963267948966,0.09545489198631214,-0.20525087005033354,1.8412031967562856
0.08662173343149833,0.4132021837882405,1.6408122606920272,0.0013877816856876079,0.001446039306972868,-0.002391964881308049,-1.5861007483026144,0.01533347913345251,1.5209282871616325,0.10289999842643738,0.40549999475479126,1.6497999429702759,-1.5707963267948966,0.0,1.5707963267948966,0.09555282800145387,-0.2053204860280153,1.841146965873424
0.08662725916276805,0.4131537802936771,1.640853172133469,0.0006205047713776888,0.0011789523557393915,-0.0022047296543491277,-1.586030603814921,0.015023301695606506,1.5209370905783126,0.10289999842643738,0.40549999475479126,1.6497999429702759,-1.5707963267948966,0.0,1.5707963267948966,0.09564323638886216,-0.2053844533658437,1.8411026503345265
0.08662961668360923,0.41311256603508906,1.640900877216885,-0.0024507629494489847,0.001291534140252579,-0.0019107133436993507,-1.5859737227463413,0.014718861562679653,1.5209412296483673,0.10289999842643738,0.40549999475479126,1.6497999429702759,-1.5707963267948966,0.0,1.5707963267948966,0.0957416733071744,-0.20545381053492337,1.8410544152393928
0.08663429696084633,0.4130693749259401,1.6409689129537885,-0.0049269287258064095,0.0016704032947501045,-0.0015184776034437217,-1.585931949814059,0.014376467556883377,1.5209602086809404,0.10289999842643738,0.40549999475479126,1.6497999429702759,-1.5707963267948966,0.0,1.5707963267948966,0.09583097297919653,-0.2055160723982694,1.8410085358943746
0.08664158853004415,0.4130243697704865,1.6410374309918945,-0.005354038876947022,0.001960362257246822,-0.0013743838369645687,-1.5858621356319968,0.014065865953755363,1.5210119465853433,0.10289999842643738,0.40549999475479126,1.6497999429702759,-1.5707963267948966,0.0,1.5707963267948966,0.09591921799744531,-0.20557671692458432,1.8409639757991676
0.08664828555420584,0.41297775683713456,1.641105805538232,-0.005265990674585611,0.0020309760207259274,-0.0015506963804885468,-1.5857934547953239,0.013750322971700868,1.5210878008039235,0.10289999842643738,0.40549999475479126,1.6497999429702759,-1.5707963267948966,0.0,1.5707963267948966,0.09599922473188927,-0.20563064028861844,1.8409236043200579
0.0866494599077789,0.41291809900603305,1.6411932999617458,-0.004665945033887489,0.002013865936488436,-0.0017212696559087389,-1.5856911849008144,0.0133842253412908,1.5212110079464365,0.10289999842643738,0.40549999475479126,1.6497999429702759,-1.5707963267948966,0.0,1.5707963267948966,0.0960878580070741,-0.20568878833499604,1.840878034053299
0.08664816691048499,0.4128487341625362,1.641293827060186,-0.003034597427874443,0.0021681007223564547,-0.0014097108198590288,-1.5855590149344914,0.01303349462723391,1.5213709229802865,0.10289999842643738,0.40549999475479126,1.6497999429702759,-1.5707963267948966,0.0,1.5707963267948966,0.09618423012017081,-0.20575099085521395,1.8408277997261
0.08665602002291083,0.4127657481520481,1.6414081270016567,-0.0006223382362260786,0.0025150198628387074,-0.0008926889086000426,-1.5854289891303877,0.012624922463172705,1.5215621392859828,0.10289999842643738,0.40549999475479126,1.6497999429702759,-1.5707963267948966,0.0,1.5707963267948966,0.09627058167412263,-0.2058072684026091,1.8407830425244442
0.08667035448651038,0.4126954278926183,1.6415089268688308,-5.7915235333716304e-05,0.0027536696452504328,-0.0007931513874691834,-1.5853217405955813,0.01228394160103008,1.5217358576493047,0.10289999842643738,0.40549999475479126,1.6497999429702759,-1.5707963267948966,0.0,1.5707963267948966,0.09635500883579308,-0.20586314133834044,1.8407407784290357
0.08668863339947674,0.41261070943395,1.6416525318952355,-0.0015381589045534768,0.002793442128371635,-0.0010887234214064804,-1.5851585379898399,0.011894243473880017,1.52197811241823,0.10289999842643738,0.40549999475479126,1.6497999429702759,-1.5707963267948966,0.0,1.5707963267948966,0.09643906691635039,-0.20591843850352656,1.840697488075319
0.08670656845074737,0.41253559198562173,1.6418129787434992,-0.0032559418264792436,0.00274944388367466,-0.0011102162066489994,-1.5850029029974178,0.011516245190308805,1.5222321545637,0.10289999842643738,0.40549999475479126,1.6497999429702759,-1.5707963267948966,0.0,1.5707963267948966,0.09652306031607281,-0.20597318732160835,1.8406511452102157
0.08672866374274513,0.4124598301516538,1.6420038092881566,-0.004268226174670959,0.0028150174172397536,-0.0010029685725624665,-1.584815149659385,0.011128821000708555,1.52253264183761,0.10289999842643738,0.40549999475479126,1.6497999429702759,-1.5707963267948966,0.0,1.5707963267948966,0.09660624184617171,-0.20602714505488767,1.8405996962670506
0.08675008344833336,0.412386193398325,1.642198530098907,-0.0033788647175231703,0.0028209990151987644,-0.0011279433107215535,-1.5846112011490545,0.010773821095549252,1.5228486879189251,0.10289999842643738,0.40549999475479126,1.6497999429702759,-1.5707963267948966,0.0,1.5707963267948966,0.09668142152640345,-0.20607538836520733,1.840548680944575
0.0867715656852055,0.4123076725924091,1.6424129583306668,-0.00027953793306692386,0.0025796428641103927,-0.0014166300048192098,-1.5843970556108324,0.010340755219120812,1.5231977732301432,0.10289999842643738,0.40549999475479126,1.6497999429702759,-1.5707963267948966,0.0,1.5707963267948966,0.09676460489278296,-0.2061289833794933,1.8404916188022744
0.08678575409321386,0.41223565572788956,1.6426206361130449,0.0024666450043598067,0.0023035361897118366,-0.0015628026598292096,-1.5841619668226248,0.009909488897388297,1.523535397903776,0.10289999842643738,0.40549999475479126,1.6497999429702759,-1.5707963267948966,0.0,1.5707963267948966,0.09684898493310072,-0.20618381844644093,1.8404367576342258
0.0867983805030262,0.41217471611992906,1.6428228188086944,0.0034598590423147676,0.0021784813664245265,-0.001320916429170153,-1.5838936208183625,0.00948792321339953,1.5238500468971763,0.10289999842643738,0.40549999475479126,1.6497999429702759,-1.5707963267948966,0.0,1.5707963267948966,0.09693364039922892,-0.20623993589219805,1.840384517887926
0.08681201075339838,0.41212703927560246,1.643030124388957,0.002522403392378066,0.001907970056962471,-0.001445890166928877,-1.5836338464076531,0.009040861842180448,1.5241446974399013,0.10289999842643738,0.40549999475479126,1.6497999429702759,-1.5707963267948966,0.0,1.5707963267948966,0.09701841110219471,-0.20629692163137897,1.8403312900285775
0.08681138369177954,0.41208373610248,1.6432694867991249,0.0014949115395862542,0.0014878831988735684,-0.0017987761390702546,-1.5833348001191887,0.008603237645561812,1.5244621365892561,0.10289999842643738,0.40549999475479126,1.6497999429702759,-1.5707963267948966,0.0,1.5707963267948966,0.09711329937273916,-0.20635930509179992,1.840272840344254
0.08679917191993419,0.41204556665552805,1.6434967852816917,0.001506194139871367,0.0012703995902270961,-0.001700347109405462,-1.5830671826295168,0.008244345700900269,1.5247617484278153,0.10289999842643738,0.40549999475479126,1.6497999429702759,-1.5707963267948966,0.0,1.5707963267948966,0.0972020400861024,-0.20641587591022004,1.8402214273744364
0.08678121687958222,0.4120035519944557,1.6437415288114638,0.002617288486384278,0.0012738103337170863,-0.0011458342987135412,-1.5828061755465803,0.007855285706611426,1.5250851944715642,0.10289999842643738,0.40549999475479126,1.6497999429702759,-1.5707963267948966,0.0,1.5707963267948966,0.09729960579164627,-0.20647686207289248,1.8401664643577371
0.08677193975154569,0.41196121566446103,1.6439776580743837,0.0032556989669883163,0.0014004543579253866,-0.0006788349487908761,-1.5825349828241708,0.007484320176915915,1.5253876099604007,0.10289999842643738,0.40549999475479126,1.6497999429702759,-1.5707963267948966,0.0,1.5707963267948966,0.09739561179853246,-0.20653703158172,1.8401158687306498
0.08676198041025052,0.41192318109270193,1.6441920872435667,0.0022741959942637795,0.0013064483697724219,-0.0008400521289669323,-1.5822821181548306,0.007144657275033328,1.5256651262526537,0.10289999842643738,0.40549999475479126,1.6497999429702759,-1.5707963267948966,0.0,1.5707963267948966,0.09748391240775878,-0.20659113920672809,1.8400758965196382
0.08674982473493867,0.4118896270371799,1.6444111805354735,0.0010167822865252663,0.0011777216183641171,-0.0008568473707377321,-1.5820201317363465,0.006797351875845514,1.5259663322777253,0.10289999842643738,0.40549999475479126,1.6497999429702759,-1.5707963267948966,0.0,1.5707963267948966,0.09757294798575919,-0.20664451627729444,1.8400376153332225
0.08673428771768682,0.41186429972851235,1.6446212750805098,0.0010316997725024087,0.0011560977315053247,-0.0009087088583253307,-1.581705117635666,0.006467688542746153,1.5262526843043513,0.10289999842643738,0.40549999475479126,1.6497999429702759,-1.5707963267948966,0.0,1.5707963267948966,0.09766280979697203,-0.20669805970065117,1.8399993685947644
0.08671447317383849,0.4118462088989346,1.6448197043272732,0.0009494796259008573,0.0012866490995485271,-0.0010032731446199283,-1.5813566904509129,0.006112435942094763,1.5264949432888537,0.10289999842643738,0.40549999475479126,1.6497999429702759,-1.5707963267948966,0.0,1.5707963267948966,0.0977537601988987,-0.20675174911373786,1.8399589368942324
0.08668411035048311,0.41183329939936697,1.6450183950222173,0.0016128037379070474,0.0016175204071516595,-0.0010219165768945578,-1.5809351339661086,0.005716861577456989,1.52668082187357,0.10289999842643738,0.40549999475479126,1.6497999429702759,-1.5707963267948966,0.0,1.5707963267948966,0.09785452016693354,-0.20681053425613333,1.8399123264911643
0.08665158766452309,0.4118246315967432,1.6451726518823326,0.0030938077130821893,0.0020599475542203657,-0.0008297053758923241,-1.5805111404914085,0.005367311238994699,1.5267686262601687,0.10289999842643738,0.40549999475479126,1.6497999429702759,-1.5707963267948966,0.0,1.5707963267948966,0.09794769486456283,-0.20686438807787674,1.8398697657596834
0.08661702600710276,0.41181519910143505,1.6453030128041306,0.00344587263144709,0.0023370530337220715,-0.0006522662121621345,-1.5800863980014805,0.005005394588984302,1.526808522796172,0.10289999842643738,0.40549999475479126,1.6497999429702759,-1.5707963267948966,0.0,1.5707963267948966,0.09804128976258533,-0.20691747021431026,1.8398266226373956
0.08657978276292064,0.41180321889180743,1.6454341705883302,0.0019396643293715433,0.002466218039849976,-0.00027700693451785817,-1.5796069495540837,0.004624308235417374,1.5268410597059163,0.10289999842643738,0.40549999475479126,1.6497999429702759,-1.5707963267948966,0.0,1.5707963267948966,0.09815178296916603,-0.20697864165627441,1.8397711553978506
0.08655083416692305,0.4117908009980409,1.645560013549776,-0.000280940535711934,0.0024884896875575864,-0.00011638092896057316,-1.5791180860007568,0.004247732168075835,1.5268827432044385,0.10289999842643738,0.40549999475479126,1.6497999429702759,-1.5707963267948966,0.0,1.5707963267948966,0.09824446609382828,-0.2070287616220733,1.8397219769378788
0.08652423992735783,0.41177613315032824,1.6456770694152922,-0.0019007820113249687,0.002264434640004916,-0.0003669475458368293,-1.5786908595699352,0.0039026708594791515,1.5269552193610239,0.10289999842643738,0.40549999475479126,1.6497999429702759,-1.5707963267948966,0.0,1.5707963267948966,0.09833779050702642,-0.20707697997061852,1.8396719747885841
0.08649065606073493,0.41175499340856075,1.6457916465394937,-0.0019682101259171237,0.0018143212117241467,-0.0006299326959296788,-1.5782396263644682,0.003584035263796359,1.5270527279322397,0.10289999842643738,0.40549999475479126,1.6497999429702759,-1.5707963267948966,0.0,1.5707963267948966,0.09843238706470804,-0.20712356262996368,1.839622394659877
0.08642886971295971,0.41171732790772564,1.6459408425926296,-0.0014061466402162722,0.0010312544880983075,-0.0005925056243562944,-1.5775772691640737,0.003179797098092685,1.5271875468784517,0.10289999842643738,0.40549999475479126,1.6497999429702759,-1.5707963267948966,0.0,1.5707963267948966,0.09856356737719989,-0.2071853924853011,1.8395560065333652
0.08638105502937357,0.41168554432517024,1.6460538163468992,-0.0010071061064153503,0.0004786694059855352,-0.0003987041115954779,-1.577084426700212,0.0028638205178044274,1.527300262750003,0.10289999842643738,0.40549999475479126,1.6497999429702759,-1.5707963267948966,0.0,1.5707963267948966,0.09866871488463859,-0.20723381743063082,1.8395024350463904
0.0863232278475477,0.4116493773150932,1.6461784203544265,-0.0003095436233854544,-4.220554907761871e-05,-0.000524259141772525,-1.5765366276619646,0.002550804816381813,1.5274360377031617,0.10289999842643738,0.40549999475479126,1.6497999429702759,-1.5707963267948966,0.0,1.5707963267948966,0.09876588072691284,-0.20727791006124316,1.8394523986891622
0.08625575727593147,0.4116147448491895,1.646303212601444,-7.504022919292524e-05,-0.00023442348274830063,-0.0007279199346950364,-1.576042401440608,0.0022617534251843097,1.5275806038010966,0.10289999842643738,0.40549999475479126,1.6497999429702759,-1.5707963267948966,0.0,1.5707963267948966,0.09887382013046869,-0.2073259346629654,1.8393952154880289
0.0861767847551224,0.41158065341485206,1.6464330652785513,-0.00039970443088615403,0.00014202787685909952,-0.0008990576478039286,-1.575587098274065,0.0020086145091990915,1.5277396578115885,0.10289999842643738,0.40549999475479126,1.6497999429702759,-1.5707963267948966,0.0,1.5707963267948966,0.0989843479308572,-0.20737357766409859,1.8393348090953974
0.08609040222494818,0.4115528525270939,1.6465488212522823,-0.00039107498144092326,0.0007574836176326222,-0.0008936954961071223,-1.575172013198536,0.00183190519858778,1.527891409620548,0.10289999842643738,0.40549999475479126,1.6497999429702759,-1.5707963267948966,0.0,1.5707963267948966,0.09908856447946318,-0.20741720504240171,1.8392781641010398
0.0859913615192683,0.41153020546450114,1.6466691981288457,-0.0001494899479407964,0.0012485557289582808,-0.0005990839822963538,-1.5747158399207777,0.0016205731933061074,1.5280501921090133,0.10289999842643738,0.40549999475479126,1.6497999429702759,-1.5707963267948966,0.0,1.5707963267948966,0.09920408032320936,-0.20746497373619766,1.839216703294706
0.08589283553282398,0.4115172961786858,1.6467658637619764,0.0007709027267727484,0.0011277401652093387,-0.0007687267011891487,-1.5742710953421355,0.0014288070875161374,1.5281678438629203,0.10289999842643738,0.40549999475479126,1.6497999429702759,-1.5707963267948966,0.0,1.5707963267948966,0.09931208897506784,-0.2075093356674905,1.8391626255553721
0.08576858472577448,0.41151184491520526,1.6468470389299834,0.0020544270705847166,0.0007237464589051231,-0.0008607541133896065,-1.5737903489747747,0.0012364932148365426,1.5282559158888773,0.10289999842643738,0.40549999475479126,1.6497999429702759,-1.5707963267948966,0.0,1.5707963267948966,0.09944386206064078,-0.20756256109051738,1.8391036402291292
0.08563650402597252,0.4115206300244992,1.6468934326476419,0.0029972171072783966,0.00041306321707574754,-0.0006376675810283942,-1.5733421235401175,0.0010187310699665275,1.528294653201022,0.10289999842643738,0.40549999475479126,1.6497999429702759,-1.5707963267948966,0.0,1.5707963267948966,0.09955748039712806,-0.20760847640553645,1.8390609418168995
0.0854896639246471,0.41154140685951346,1.6469119555121172,0.0020086554014839206,0.00011336974316295739,-0.0005045978609390499,-1.5728473181251847,0.0008349991664502454,1.5283063644716994,0.10289999842643738,0.40549999475479126,1.6497999429702759,-1.5707963267948966,0.0,1.5707963267948966,0.0996840687394075,-0.20765896540500312,1.8390196901002966
0.08532944824123799,0.4115722852178392,1.6469236849719704,-0.0003252241611532723,0.0001367450356451608,0.0003790240096147717,-1.5722684465813888,0.0006094768769928649,1.5283326454429664,0.10289999842643738,0.40549999475479126,1.6497999429702759,-1.5707963267948966,0.0,1.5707963267948966,0.09982171925125304,-0.20771261676598762,1.8389779353002382
0.08518960115043357,0.4116074524778863,1.6469330290372166,-0.0009991189125591806,0.00031355837910201434,0.0012599852970832557,-1.5716410346935923,0.0003744961531433333,1.528372608038227,0.10289999842643738,0.40549999475479126,1.6497999429702759,-1.5707963267948966,0.0,1.5707963267948966,0.09995628578888761,-0.20776458892274308,1.8389445922852043
0.08508640048065855,0.4116349399648434,1.6469282855532177,0.0006404974374887931,0.0004805541013064,0.0014869546015195548,-1.5710959012703196,0.0001732290303069206,1.5283974984131685,0.10289999842643738,0.40549999475479126,1.6497999429702759,-1.5707963267948966,0.0,1.5707963267948966,0.10007783587907443,-0.2078110887959956,1.8389267213064604
0.08499636883061779,0.4116598891095651,1.6469081803809458,0.002429172815102974,0.0007776923779395836,0.001489659842118683,-1.5705746674038696,-5.73076853838117e-05,1.5283910684755861,0.10289999842643738,0.40549999475479126,1.6497999429702759,-1.5707963267948966,0.0,1.5707963267948966,0.10018756575819354,-0.20785307356064364,1.8389159561368305
0.08490985958432895,0.4116830874555275,1.6468830983907117,0.0027622708080606213,0.0010342798294347734,0.0010421044171689078,-1.5700472478528091,-0.00027038829415948484,1.528352905598852,0.10289999842643738,0.40549999475479126,1.6497999429702759,-1.5707963267948966,0.0,1.5707963267948966,0.10028726849339512,-0.20789101209561078,1.8389062045424478
0.08482434109253152,0.4117084267435134,1.646867516301283,0.002095081854886579,0.0012547699950423857,0.0009559608029395868,-1.5695415407878588,-0.0005047985089188245,1.5283110792242374,0.10289999842643738,0.40549999475479126,1.6497999429702759,-1.5707963267948966,0.0,1.5707963267948966,0.10039774003928871,-0.2079327523837298,1.8388937995891907
0.08475484243850247,0.41173956786186416,1.64686511905659,0.0020434691516056677,0.0015754345058207981,0.0013849521973261876,-1.5690703584437773,-0.000768106120499823,1.5282841272732757,0.10289999842643738,0.40549999475479126,1.6497999429702759,-1.5707963267948966,0.0,1.5707963267948966,0.10050707199772307,-0.20797472649947635,1.8388808451656662
0.08469367901668991,0.41178147353787314,1.6468594480566705,0.0032101518157962475,0.0017343099828850026,0.0009084159483500486,-1.5685600847464571,-0.001043777581884342,1.5282466851470347,0.10289999842643738,0.40549999475479126,1.6497999429702759,-1.5707963267948966,0.0,1.5707963267948966,0.10062530814666226,-0.2080212451381342,1.838869489400939
0.08462205767735033,0.41183278622837494,1.646836604512544,0.003982149528903384,0.0016218464092574711,4.7912365615325854e-05,-1.568073154746712,-0.0013016352107508844,1.5281692873151596,0.10289999842643738,0.40549999475479126,1.6497999429702759,-1.5707963267948966,0.0,1.5707963267948966,0.10074644887219072,-0.20806879900885789,1.8388635784306062
0.08453032234596985,0.4119003998121792,1.646798638469686,0.002981298219237506,0.001394138603661379,-0.0001355149652989392,-1.5675569101093512,-0.0015168133865306466,1.528048285957565,0.10289999842643738,0.40549999475479126,1.6497999429702759,-1.5707963267948966,0.0,1.5707963267948966,0.10088093894000329,-0.20812117194660898,1.838867331848667
0.08444449364929427,0.41196637217975596,1.6467662911996876,0.0014572406734547488,0.001169651554896451,3.690647977153384e-06,-1.5671472940515245,-0.001659182545329596,1.5279174652544256,0.10289999842643738,0.40549999475479126,1.6497999429702759,-1.5707963267948966,0.0,1.5707963267948966,0.10099660864515748,-0.20816589674849248,1.8388707643311533
0.08435362086727913,0.4120415600090664,1.6467342494395243,0.0005494226405321638,0.000991814851651712,0.0005971077380870085,-1.566723143864616,-0.0018428111631463295,1.5277619500472208,0.10289999842643738,0.40549999475479126,1.6497999429702759,-1.5707963267948966,0.0,1.5707963267948966,0.10112284080005157,-0.20821441598248544,1.8388707362626127
0.08428207788416797,0.4121114151549416,1.646705290328513,0.0006619126677509218,0.000751275292713204,0.0011722274185628685,-1.5662939219799386,-0.0020270061335159184,1.5276170553484696,0.10289999842643738,0.40549999475479126,1.6497999429702759,-1.5707963267948966,0.0,1.5707963267948966,0.10123700007344748,-0.20825863357718988,1.8388705456921746
0.08422553469891997,0.41218749059834286,1.6466702998586265,0.0010575128861566535,0.0004613006805273646,0.0012774299904819888,-1.5658446377890376,-0.002259617052071672,1.52743776204337,0.10289999842643738,0.40549999475479126,1.6497999429702759,-1.5707963267948966,0.0,1.5707963267948966,0.10134966734573571,-0.20830335197180685,1.8388731521296184
0.08417508541273845,0.4122711872723835,1.6466263837156265,0.001207414617375082,9.405610057315825e-05,0.0009118038634474012,-1.5653863147264657,-0.002537245922887621,1.5272062234260089,0.10289999842643738,0.40549999475479126,1.6497999429702759,-1.5707963267948966,0.0,1.5707963267948966,0.10146247295999135,-0.2083489385419516,1.838877192112884
0.08410885662432588,0.41237730722427884,1.6465714940521239,0.0009071165219870487,-0.00041740079859983704,0.0003285948307435718,-1.5648064020471195,-0.0028545659480729846,1.5268752188574604,0.10289999842643738,0.40549999475479126,1.6497999429702759,-1.5707963267948966,0.0,1.5707963267948966,0.1015980559561398,-0.2084038110980829,1.8388815953992643
0.08404490181946106,0.41247064924706434,1.64652225456807,0.0015135437513967421,-0.0007878935862140356,0.00015277434896527887,-1.5643105524655296,-0.0031244996520518598,1.5265655328131678,0.10289999842643738,0.40549999475479126,1.6497999429702759,-1.5707963267948966,0.0,1.5707963267948966,0.10171503925098367,-0.20845077891041963,1.8388866430430872
0.08397051160117937,0.4125718015774921,1.6464571510306425,0.0028909739062554078,-0.0009754985681192064,0.0003197375704364954,-1.563779188385441,-0.0033854960176036286,1.5262089391305635,0.10289999842643738,0.40549999475479126,1.6497999429702759,-1.5707963267948966,0.0,1.5707963267948966,0.1018440455457336,-0.20850226702141916,1.838892737298119
0.08390783028817009,0.41265320231673,1.6463939544978436,0.0029939871117411867,-0.0009133046129226457,0.0005577280944330111,-1.5633311029523476,-0.003565311302792473,1.5259060247585576,0.10289999842643738,0.40549999475479126,1.6497999429702759,-1.5707963267948966,0.0,1.5707963267948966,0.10196276987706668,-0.20854921488699485,1.8388954934142765
0.08383702918637366,0.41275021087602715,1.6463164271110164,0.0016567318547006736,-0.0006551406409080634,0.0008345565070791435,-1.5628168598567613,-0.0037863237476942757,1.525556387109812,0.10289999842643738,0.40549999475479126,1.6497999429702759,-1.5707963267948966,0.0,1.5707963267948966,0.10208147772386852,-0.20859563106628357,1.838893185583166
0.08377643458661764,0.4128420944020304,1.646243248938358,0.0011318236691013333,-0.0004984200155256387,0.0009895649421379467,-1.5623525984650593,-0.0039841592384570745,1.5252587031767064,0.10289999842643738,0.40549999475479126,1.6497999429702759,-1.5707963267948966,0.0,1.5707963267948966,0.10220022682914491,-0.20864197211650073,1.8388856320245186
0.08372180035115459,0.41293465919289374,1.6461598161346325,0.0014332153123796235,-0.0005006368781112771,0.001225798891262476,-1.5618922111623623,-0.0041785231120399224,1.5249689958858523,0.10289999842643738,0.40549999475479126,1.6497999429702759,-1.5707963267948966,0.0,1.5707963267948966,0.10231874061170758,-0.20868830959625886,1.8388732684400129
0.08368052550433883,0.41302824159400625,1.646064550842091,0.0017440197819597399,-0.0006338439827579895,0.0016655978906572877,-1.561492040427895,-0.004393366513122388,1.5246883200999954,0.10289999842643738,0.40549999475479126,1.6497999429702759,-1.5707963267948966,0.0,1.5707963267948966,0.10243619523711894,-0.20873452356171765,1.8388568494874225
0.0836619551285445,0.4131157152361664,1.6459668969475438,0.002089469017080809,-0.0008122477133555633,0.0019616669878610355,-1.5611785384307229,-0.004601665770069374,1.524438634927411,0.10289999842643738,0.40549999475479126,1.6497999429702759,-1.5707963267948966,0.0,1.5707963267948966,0.1025516812038188,-0.20878080382097203,1.8388398642506283
0.08365177440273752,0.41321681210469546,1.6458437511952153,0.0019343459385364466,-0.0010419536932290616,0.0015201571026071117,-1.5608734847301164,-0.004845317978834807,1.5241620359110208,0.10289999842643738,0.40549999475479126,1.6497999429702759,-1.5707963267948966,0.0,1.5707963267948966,0.10265656380831457,-0.20882321003229373,1.838827044588337
0.08364286241149244,0.41333553703885517,1.6457016299922518,-4.029256998066494e-05,-0.0010760019339065639,0.0010242109485953622,-1.5605921066123587,-0.0051519882893269475,1.523868335605308,0.10289999842643738,0.40549999475479126,1.6497999429702759,-1.5707963267948966,0.0,1.5707963267948966,0.10278371225106923,-0.20887447289221764,1.8388128033627211
0.0836282559526807,0.413462220377408,1.645561312908827,-0.0017842462531547198,-0.0012988124892631644,0.0007433723809098047,-1.5602958845238317,-0.005452812861403089,1.523584801442829,0.10289999842643738,0.40549999475479126,1.6497999429702759,-1.5707963267948966,0.0,1.5707963267948966,0.10291270089628418,-0.20892613688348052,1.8387979568154524
0.08361288081990487,0.4135709143456147,1.6454418336014502,-0.0020124561186673842,-0.0013923996480826016,0.0005349185376516179,-1.5600144650292236,-0.005711679555790106,1.5233374115153868,0.10289999842643738,0.40549999475479126,1.6497999429702759,-1.5707963267948966,0.0,1.5707963267948966,0.10302110766221492,-0.20896944063599604,1.8387844058574965
0.08358258890182924,0.41369949937422534,1.645286164694912,-0.0011971223337142105,-0.0014493996034293346,0.0003810798069380744,-1.5596610931543766,-0.006023449154173299,1.5230039179999917,0.10289999842643738,0.40549999475479126,1.6497999429702759,-1.5707963267948966,0.0,1.5707963267948966,0.10315354778001583,-0.20902148252027491,1.838767485552125
0.08355010705163102,0.4138253022866567,1.6451157888057883,-0.0004330850322963528,-0.0013218589066747832,0.0007712019322737497,-1.559291857645162,-0.006323292312036877,1.522641987278258,0.10289999842643738,0.40549999475479126,1.6497999429702759,-1.5707963267948966,0.0,1.5707963267948966,0.1032868767561122,-0.209073550941115,1.8387516568396478
0.08352204132638154,0.4139508966338619,1.644938035416181,-0.000992576612393172,-0.0012105272791784532,0.0009209582804795225,-1.5589388620654792,-0.0066497635769300345,1.5222709460348953,0.10289999842643738,0.40549999475479126,1.6497999429702759,-1.5707963267948966,0.0,1.5707963267948966,0.10342036362350257,-0.20912563776877371,1.8387342236725928
0.083489943797258,0.4140726097562315,1.644771575682054,-0.0024910163176059944,-0.0012479686078024665,0.0006353534512619799,-1.558606070265309,-0.006985124002573784,1.5219314423850392,0.10289999842643738,0.40549999475479126,1.6497999429702759,-1.5707963267948966,0.0,1.5707963267948966,0.1035550223382321,-0.20917705328648314,1.8387097185104841
0.0834439574027304,0.4141869215914762,1.6446136305098713,-0.0021207080219649566,-0.0015217792179550488,0.0003263492985969307,-1.558266679701861,-0.0072868541815376275,1.5216170915555818,0.10289999842643738,0.40549999475479126,1.6497999429702759,-1.5707963267948966,0.0,1.5707963267948966,0.10369218539899244,-0.20922790564716176,1.8386784203825335
0.0833911321287291,0.41428884908773567,1.6444656916114189,-0.0008673350014561629,-0.0018752902783815406,0.00025012602067254797,-1.5579735067604081,-0.007550344539949183,1.5213261515542933,0.10289999842643738,0.40549999475479126,1.6497999429702759,-1.5707963267948966,0.0,1.5707963267948966,0.10382001183179214,-0.20927488700935754,1.8386458386610016
0.08332800904491273,0.41438376777641245,1.6443259089559894,-0.0008670676999253821,-0.002205552183792938,0.00027232852796023007,-1.5576943368637572,-0.007798512303229366,1.5210505341418021,0.10289999842643738,0.40549999475479126,1.6497999429702759,-1.5707963267948966,0.0,1.5707963267948966,0.10394959126347274,-0.20932176513306675,1.8386051700029822
0.08325878435435174,0.41447321051316915,1.6441999859860208,-0.0011308704755355417,-0.002366065000647289,0.0006096602737413405,-1.5574284854582778,-0.008022082869758584,1.52079831812653,0.10289999842643738,0.40549999475479126,1.6497999429702759,-1.5707963267948966,0.0,1.5707963267948966,0.10408014499384695,-0.20936849881531708,1.8385540783068575
0.08318882583435395,0.4145715714417429,1.644075857884931,-0.0007848383914813828,-0.0023689360049000434,0.0012841873363224434,-1.5571612090820923,-0.008276706375494491,1.5205586571248708,0.10289999842643738,0.40549999475479126,1.6497999429702759,-1.5707963267948966,0.0,1.5707963267948966,0.10422184471930317,-0.20941985975677396,1.838489502319488
0.0831314532272876,0.41467488798960606,1.6439582808478144,0.0003746399166048493,-0.0022283841741267602,0.0016418133312683107,-1.5568544302213827,-0.008548307993027748,1.520342886950485,0.10289999842643738,0.40549999475479126,1.6497999429702759,-1.5707963267948966,0.0,1.5707963267948966,0.10436176503293673,-0.2094721768365911,1.8384233239039898
0.0830818405585342,0.41478554995668193,1.6438371567671708,0.001399373872309548,-0.0020364423710050998,0.0014156957689987614,-1.5564923180504253,-0.008835007492811187,1.5201203942734336,0.10289999842643738,0.40549999475479126,1.6497999429702759,-1.5707963267948966,0.0,1.5707963267948966,0.10450080719976135,-0.2095258851225893,1.8383575609684033
0.08302602115250898,0.4149032096778264,1.6437219535510386,0.000745892988491547,-0.0019179499754695833,0.0007457282314273107,-1.5560988288140511,-0.00913432684637705,1.5199005845091715,0.10289999842643738,0.40549999475479126,1.6497999429702759,-1.5707963267948966,0.0,1.5707963267948966,0.10464122626261299,-0.20958073512861336,1.8382886136108654
0.08295000146991081,0.4150157926095685,1.643621393988599,-1.656031584998801e-05,-0.001868161020037219,4.266697368796757e-05,-1.5556742493557765,-0.009387985645980201,1.519722753788196,0.10289999842643738,0.40549999475479126,1.6497999429702759,-1.5707963267948966,0.0,1.5707963267948966,0.10478508376811876,-0.20963511330587575,1.8382194023855343
0.08284946341728379,0.4151174883975395,1.6435331882713649,-0.00030989346092005944,-0.0018341251482628502,-0.00019576284233013773,-1.5552466965902534,-0.00959714901073827,1.5195967713405636,0.10289999842643738,0.40549999475479126,1.6497999429702759,-1.5707963267948966,0.0,1.5707963267948966,0.10493295248891202,-0.2096882703013952,1.8381536911862646
0.0827281005122172,0.4152131405163455,1.643451424241044,-0.0006905226844009952,-0.001670162571835972,0.0007039675162288597,-1.5547883636447717,-0.009792033175697767,1.5195226280140144,0.10289999842643738,0.40549999475479126,1.6497999429702759,-1.5707963267948966,0.0,1.5707963267948966,0.10509504598001017,-0.2097440919072166,1.8380846188526783
0.08264251648219453,0.41528477993177526,1.6433944166686671,-0.00042163379475538583,-0.00142544695428716,0.0018329743104027127,-1.5543992581390873,-0.009955693027976054,1.5195032151374075,0.10289999842643738,0.40549999475479126,1.6497999429702759,-1.5707963267948966,0.0,1.5707963267948966,0.10524143122888614,-0.20979393652129646,1.838026973367791
0.0825768671674264,0.4153623644224762,1.6433305185718374,0.0011147686306333764,-0.0012161135635778639,0.00251405763628612,-1.553993351446483,-0.010164896328061168,1.519479747933024,0.10289999842643738,0.40549999475479126,1.6497999429702759,-1.5707963267948966,0.0,1.5707963267948966,0.10537200765000122,-0.2098392422667694,1.8379883270026895
0.08254554291405106,0.4154445533341069,1.6432645161712272,0.0014985050118213384,-0.001054134142759765,0.00289408543870187,-1.5536125284560895,-0.010409359599206525,1.5194319273935588,0.10289999842643738,0.40549999475479126,1.6497999429702759,-1.5707963267948966,0.0,1.5707963267948966,0.10550997104080846,-0.20988900212090675,1.837958544352309
0.08253679788241292,0.4155311472146834,1.6432176860490448,-0.0005505673124949018,-0.0011537308607116753,0.002155173935482903,-1.5532690013221806,-0.01067390706085014,1.5193789869588163,0.10289999842643738,0.40549999475479126,1.6497999429702759,-1.5707963267948966,0.0,1.5707963267948966,0.10564526818945362,-0.20993890767219947,1.8379324476434797
0.08252214704491728,0.4156175213785763,1.6432072734505574,-0.0021990892897510027,-0.0014555525622450586,0.00100563759311558,-1.5529590091778025,-0.010954468387445182,1.5193545792753695,0.10289999842643738,0.40549999475479126,1.6497999429702759,-1.5707963267948966,0.0,1.5707963267948966,0.10579340840259906,-0.20999176690676902,1.8379039007943663
0.08250062233612633,0.4156714905062487,1.6432173953024505,-0.0012565080088458654,-0.0017517034574996975,0.0004970442194896852,-1.5527464065203627,-0.011130872410852533,1.5193577966993814,0.10289999842643738,0.40549999475479126,1.6497999429702759,-1.5707963267948966,0.0,1.5707963267948966,0.10592098667274467,-0.2100351792373327,1.8378863898798923
0.0824588594166448,0.4157266862120659,1.6432369188099387,0.0012448283835436455,-0.00200002925509658,9.830436661809593e-05,-1.5524813655964012,-0.011324328611392431,1.5193698376374711,0.10289999842643738,0.40549999475479126,1.6497999429702759,-1.5707963267948966,0.0,1.5707963267948966,0.10606191467917075,-0.21008187215674662,1.8378725331878925
0.08239974331184552,0.41576757616464965,1.6432558585034536,0.0030419962562992686,-0.0020519147048872525,-0.00012435979787794312,-1.5522375575399272,-0.011478352620962085,1.5193772851533478,0.10289999842643738,0.40549999475479126,1.6497999429702759,-1.5707963267948966,0.0,1.5707963267948966,0.10620538589867043,-0.21012868778695173,1.8378583427888349
0.08233692104144234,0.41580545993435647,1.6432787231342572,0.0031777301466684713,-0.0018079032017370802,0.00015784545520863833,-1.552016335897655,-0.011603161005461882,1.519376037063726,0.10289999842643738,0.40549999475479126,1.6497999429702759,-1.5707963267948966,0.0,1.5707963267948966,0.10633815866800736,-0.2101725529805886,1.837841408757042
0.08226865461572351,0.4158514536147519,1.6433293189513674,0.0017601419409824309,-0.0013720475675217361,0.0005832106300028076,-1.551777402972033,-0.01175181007399484,1.519399699399199,0.10289999842643738,0.40549999475479126,1.6497999429702759,-1.5707963267948966,0.0,1.5707963267948966,0.10648308110186587,-0.21022126405155941,1.8378124513027452
0.08220460545284033,0.4159048759555012,1.6433928591975664,0.0020712470617757855,-0.0008178537519081927,0.0009131447277246712,-1.5515161301452514,-0.011923109137693011,1.5194418484666568,0.10289999842643738,0.40549999475479126,1.6497999429702759,-1.5707963267948966,0.0,1.5707963267948966,0.10662714878081705,-0.2102711629732662,1.8377754541597584
0.08214991485320751,0.41595715272581,1.6434486848273036,0.0028716702061473173,-0.00036090572155589903,0.0010752183929255495,-1.5512328889889118,-0.01210260490246906,1.5194928292193661,0.10289999842643738,0.40549999475479126,1.6497999429702759,-1.5707963267948966,0.0,1.5707963267948966,0.10675836047739719,-0.21031777303515262,1.8377368147202975
0.08210140205010664,0.41600998755401647,1.6435005857452165,0.003153638215607345,-1.4691546682042192e-05,0.001233969514967094,-1.5509337323793142,-0.012321471422440666,1.5195607044152357,0.10289999842643738,0.40549999475479126,1.6497999429702759,-1.5707963267948966,0.0,1.5707963267948966,0.1069004221097735,-0.2103689792392833,1.837687948442591
0.08205462736431292,0.41607605489486504,1.6435519760256105,0.0034921878435030126,0.00036808031961016376,0.0015769658444123725,-1.5505708435040255,-0.01265306733203131,1.5196443105428223,0.10289999842643738,0.40549999475479126,1.6497999429702759,-1.5707963267948966,0.0,1.5707963267948966,0.10705239509533933,-0.21042449928229606,1.8376276297062366
0.08203209876376094,0.4161273285463397,1.6435902690180384,0.0022910116730435574,0.0006062535105572152,0.0013824843442217989,-1.550272336631297,-0.012974738867403968,1.5197282830899335,0.10289999842643738,0.40549999475479126,1.6497999429702759,-1.5707963267948966,0.0,1.5707963267948966,0.10719033540353208,-0.210474934060527,1.8375656750393583
0.08200397925784954,0.41617655673996173,1.6436399386975746,0.00048602588664476744,0.00047278306986564653,0.0006768787198674864,-1.549985285380419,-0.013308217505831443,1.519838373011711,0.10289999842643738,0.40549999475479126,1.6497999429702759,-1.5707963267948966,0.0,1.5707963267948966,0.10734102380249025,-0.21052837055417914,1.8374952817817574
0.08197647389600825,0.41622116968773365,1.643678907683628,0.0012067377754002165,0.0005187085445668278,0.0008690081634547972,-1.5497567457786563,-0.013589443475402252,1.519923840264658,0.10289999842643738,0.40549999475479126,1.6497999429702759,-1.5707963267948966,0.0,1.5707963267948966,0.10748113465685359,-0.21057766321364219,1.8374332726147318
0.08196406012769342,0.4162739897805824,1.6436915016342926,0.0026404358428489963,0.0009485870196911895,0.0013784454891654114,-1.5495603782124283,-0.01390559604462327,1.5199428755616633,0.10289999842643738,0.40549999475479126,1.6497999429702759,-1.5707963267948966,0.0,1.5707963267948966,0.1076307537663401,-0.2106319987176901,1.837370129372566
0.08196616503242564,0.41632822336111147,1.643686459371954,0.001788501383494349,0.0013790552753019077,0.0013383301001516725,-1.549418279439165,-0.014217010470002123,1.5199023498768778,0.10289999842643738,0.40549999475479126,1.6497999429702759,-1.5707963267948966,0.0,1.5707963267948966,0.10776695487244661,-0.2106829143635668,1.83731313621656
0.08197395675272451,0.416381445877463,1.6436922325102974,-0.0006040263665548382,0.0014825490362142218,0.0010377360968810768,-1.5493034219751165,-0.014526640944901636,1.5198393486369477,0.10289999842643738,0.40549999475479126,1.6497999429702759,-1.5707963267948966,0.0,1.5707963267948966,0.10790252571549032,-0.21073366709036068,1.8372480439271646
0.08198332327178558,0.4164293249243132,1.6437196065030875,-0.0016880355642612142,0.001302344345457073,0.0007947477451592912,-1.5492207357115138,-0.01485379245036933,1.519786773001121,0.10289999842643738,0.40549999475479126,1.6497999429702759,-1.5707963267948966,0.0,1.5707963267948966,0.10803842113783088,-0.21078394365360958,1.837172156587787
0.08199529029564888,0.4164703643435046,1.6437521180696057,-0.00033502985699788507,0.0010894704482099008,0.0007982158556029048,-1.5491349984294296,-0.015202934505762045,1.519745564968756,0.10289999842643738,0.40549999475479126,1.6497999429702759,-1.5707963267948966,0.0,1.5707963267948966,0.10817412081362758,-0.21083435501593156,1.8370879819411903
0.0820119443016775,0.41650588767779406,1.6437761343955104,0.0015104084342998406,0.0009187687984076756,0.0007958483181787925,-1.549029365684562,-0.015572960258523061,1.5196858671816877,0.10289999842643738,0.40549999475479126,1.6497999429702759,-1.5707963267948966,0.0,1.5707963267948966,0.10830903532916145,-0.21088547233651997,1.836995451520065
0.08202890365377628,0.41653939522331945,1.6437914536720024,0.0020661909505467605,0.0007309592833383646,0.0007898595325297254,-1.5489146456689782,-0.015929364850348016,1.519607796278009,0.10289999842643738,0.40549999475479126,1.6497999429702759,-1.5707963267948966,0.0,1.5707963267948966,0.10844364618160916,-0.21093787575714948,1.8368932799882116
0.08206395876512418,0.4165857647938829,1.6438121669333898,0.0010461483831892611,0.0006637671355855892,0.001226226457746468,-1.5487341508097303,-0.01636857609310116,1.5195144337710542,0.10289999842643738,0.40549999475479126,1.6497999429702759,-1.5707963267948966,0.0,1.5707963267948966,0.10857616699380547,-0.21099140718407483,1.836783100245911
0.08210979069999937,0.4166335148927445,1.6438264193758427,0.0002200187564345778,0.0005106240142755894,0.0012354639379585064,-1.548540172049821,-0.01676290470852937,1.5194225025859678,0.10289999842643738,0.40549999475479126,1.6497999429702759,-1.5707963267948966,0.0,1.5707963267948966,0.10870680707353386,-0.2110453502035976,1.836670039013335
0.08216345011336629,0.4166774351559318,1.6438309225182497,-0.0008966389058227889,0.0003193143064053851,0.0012707819002023752,-1.5483647625089998,-0.017127648823638708,1.519337632513689,0.10289999842643738,0.40549999475479126,1.6497999429702759,-1.5707963267948966,0.0,1.5707963267948966,0.10882489690033322,-0.2110945077481741,1.8365623666596005
0.08223248504520243,0.41672103107961805,1.6438256400448759,-0.002178863392182922,-4.1972840400496864e-05,0.000992402806331202,-1.5481693563329024,-0.017513741765522894,1.5192487493225661,0.10289999842643738,0.40549999475479126,1.6497999429702759,-1.5707963267948966,0.0,1.5707963267948966,0.10895217724833836,-0.2111471802298876,1.836439104315657
0.08229468258303756,0.41675596821006494,1.643804816790368,-0.0027631634918147863,-0.00043615348362759587,0.0003989390791674317,-1.54799045449864,-0.0178482143203631,1.5191652161799867,0.10289999842643738,0.40549999475479126,1.6497999429702759,-1.5707963267948966,0.0,1.5707963267948966,0.10906913747307463,-0.21119453194417775,1.8363233256188707
0.08234702735538249,0.41678119657333584,1.643767987545616,-0.00295493518993513,-0.0008068241236714809,-4.745192695052545e-05,-1.5478204936504079,-0.018167907278635376,1.5190941196870094,0.10289999842643738,0.40549999475479126,1.6497999429702759,-1.5707963267948966,0.0,1.5707963267948966,0.10918771992135436,-0.21124057863128676,1.836211047077291
0.08239464463208628,0.416801162330383,1.6437229166091505,-0.003937582592430128,-0.0008371929793482057,9.721933068718344e-06,-1.5476374918662534,-0.01849800483164188,1.51904642842399,0.10289999842643738,0.40549999475479126,1.6497999429702759,-1.5707963267948966,0.0,1.5707963267948966,0.10931862313137547,-0.21128988184530528,1.836092162742474
0.08243654085729801,0.41681742615010947,1.6436956814368089,-0.00465629833917668,-0.0005979907730490309,0.0003495446721130943,-1.5474984442987891,-0.018778227994262764,1.5190342463532076,0.10289999842643738,0.40549999475479126,1.6497999429702759,-1.5707963267948966,0.0,1.5707963267948966,0.1094274536319577,-0.21133084373175423,1.835991404220139
0.08248684907470953,0.41683616940564955,1.6436718807354198,-0.003518004135716088,-0.0003892720104434847,0.00046268139301996656,-1.5473593904196032,-0.019083090521148982,1.5190352409320105,0.10289999842643738,0.40549999475479126,1.6497999429702759,-1.5707963267948966,0.0,1.5707963267948966,0.10954645606784048,-0.2113763603498126,1.8358798302913384
0.08253492639919166,0.4168551668234638,1.643639070093579,-0.0012150480726383617,-0.00039142755462565846,0.00018445845081657014,-1.5472338095132196,-0.01935539188224933,1.5190205085926152,0.10289999842643738,0.40549999475479126,1.6497999429702759,-1.5707963267948966,0.0,1.5707963267948966,0.10966545963040805,-0.21142287823096467,1.8357687318407712
0.08257516598486205,0.4168742783430618,1.6435985756387264,-0.0004153592944249084,-0.0006073149793174412,-0.00015879939437563504,-1.547116672751235,-0.019615353566634575,1.5189880912523075,0.10289999842643738,0.40549999475479126,1.6497999429702759,-1.5707963267948966,0.0,1.5707963267948966,0.10979684429712637,-0.2114743799300808,1.8356472302848887
0.082607690840583,0.4168956141530145,1.6435623865799858,-0.0009655881643305203,-0.0005778870602952095,2.4072106921781554e-06,-1.5470308856056807,-0.01984737553416238,1.5189664286955196,0.10289999842643738,0.40549999475479126,1.6497999429702759,-1.5707963267948966,0.0,1.5707963267948966,0.10992935958760289,-0.21152656263061706,1.8355247415477525
0.08263800823342875,0.4169164245410095,1.6435463643726955,-0.0027367598396004743,-0.00039669601946796303,0.00025393986482380394,-1.5469669333795866,-0.0200403433841827,1.5189911581039872,0.10289999842643738,0.40549999475479126,1.6497999429702759,-1.5707963267948966,0.0,1.5707963267948966,0.11006168434934377,-0.21157873258707038,1.8353965360395328
0.08267354373639012,0.41693455605610075,1.643553023775304,-0.004237856459803837,-0.00028816838129524554,0.00016309598696241212,-1.546902596240076,-0.020266391971540898,1.5191149021812704,0.10289999842643738,0.40549999475479126,1.6497999429702759,-1.5707963267948966,0.0,1.5707963267948966,0.1101940310539112,-0.21162970582291435,1.8352620948817513
0.08269757454699096,0.4169399314361266,1.6435686086887646,-0.0037266868794159197,-0.000308706493434963,-9.668795207392292e-05,-1.5468164181509787,-0.020470640340848334,1.5192922719121786,0.10289999842643738,0.40549999475479126,1.6497999429702759,-1.5707963267948966,0.0,1.5707963267948966,0.11032760333089271,-0.21167948342874696,1.8351231408966333
0.08271197291020195,0.4169376897616106,1.643578283133813,-0.0018632763088158308,-0.0004409389800061864,-0.00024587516969728536,-1.5467047460512753,-0.020665834835938313,1.5194912692635967,0.10289999842643738,0.40549999475479126,1.6497999429702759,-1.5707963267948966,0.0,1.5707963267948966,0.11046261440965749,-0.2117289007029333,1.8349830742715931
0.08271611281361423,0.41693466853313155,1.6435707671834698,0.0002654867149237505,-0.0005299005692468774,-0.00013026351179212922,-1.5466001974211476,-0.02085032587006941,1.519689377336586,0.10289999842643738,0.40549999475479126,1.6497999429702759,-1.5707963267948966,0.0,1.5707963267948966,0.11059924852243636,-0.21177898072544546,1.8348432814044462
0.0827233340346474,0.41693498840078436,1.643555585960144,0.0010014296729090068,-0.0003467774480375734,0.0005676452138949967,-1.546526925039564,-0.020999558688598263,1.5198930535078055,0.10289999842643738,0.40549999475479126,1.6497999429702759,-1.5707963267948966,0.0,1.5707963267948966,0.11073530390644638,-0.21182973721215778,1.8347053782053437
0.08275322327093469,0.4169437248386368,1.6435428884838408,0.00012807881030360642,-3.5213591385241135e-05,0.0013380369425182016,-1.5464816308856015,-0.021179390628360384,1.5201686076251024,0.10289999842643738,0.40549999475479126,1.6497999429702759,-1.5707963267948966,0.0,1.5707963267948966,0.11085711760471524,-0.21187652945409732,1.8345857384155697
0.08280072072550011,0.41696174220149806,1.6435472658819221,-0.0015981981733610966,0.00012967078364994818,0.0010042135451053715,-1.5464561540071857,-0.021373297657109713,1.5205098751791095,0.10289999842643738,0.40549999475479126,1.6497999429702759,-1.5707963267948966,0.0,1.5707963267948966,0.11098758699420021,-0.21192755095509963,1.834463826419659
0.08284249344293602,0.416986343833061,1.6435721916952144,-0.0024395382546142917,0.00010480241890031829,-7.428631006385804e-05,-1.546424100743518,-0.021560943854419534,1.5209251609195806,0.10289999842643738,0.40549999475479126,1.6497999429702759,-1.5707963267948966,0.0,1.5707963267948966,0.11113056048250665,-0.21198303918863753,1.8343396678351092
0.08285914922537406,0.41700454414619825,1.6436130725820548,-0.0023000121533167895,5.947573660731341e-06,-0.0007951063378454058,-1.5464218343805276,-0.021684986021218933,1.521310892719947,0.10289999842643738,0.40549999475479126,1.6497999429702759,-1.5707963267948966,0.0,1.5707963267948966,0.11125475276150308,-0.21202971215432248,1.8342455362581909
0.08285191307129527,0.4170219832722972,1.6436720695962683,-0.0006506547768193628,-1.162849570314203e-05,-0.0011060621195468896,-1.54643994573737,-0.02177136652839362,1.5217572672624076,0.10289999842643738,0.40549999475479126,1.6497999429702759,-1.5707963267948966,0.0,1.5707963267948966,0.11140585841821982,-0.21208511672879607,1.834149451486802
0.08282757160856546,0.4170407344207111,1.643741940504211,0.00033750490660093384,0.00031886897995189457,-0.0005535187200371887,-1.5464483857295925,-0.021820970865811695,1.522170834894108,0.10289999842643738,0.40549999475479126,1.6497999429702759,-1.5707963267948966,0.0,1.5707963267948966,0.11155958503122666,-0.21214155222016584,1.8340620439250264
0.08281440589826454,0.4170666836892499,1.6438191662873918,0.0007050450289084016,0.0008149283172370751,0.0003591771471547008,-1.5464582249607184,-0.021884324544168443,1.5225390417217948,0.10289999842643738,0.40549999475479126,1.6497999429702759,-1.5707963267948966,0.0,1.5707963267948966,0.11170019588914691,-0.21219487866926126,1.833985663890838
0.08281203670990807,0.41710319483343467,1.6439283137730925,0.00039192434201285,0.001169171392236644,0.0005169358921982662,-1.5464580102235164,-0.0219611894248688,1.5229668086470094,0.10289999842643738,0.40549999475479126,1.6497999429702759,-1.5707963267948966,0.0,1.5707963267948966,0.1118510137159282,-0.2122535437475775,1.8339098174075914
0.08281327524152572,0.41714213590387184,1.6440334696825907,0.0008415912518780395,0.0011440665848058502,0.00030431321309112467,-1.5464599407469846,-0.022044438706935843,1.5233416601814713,0.10289999842643738,0.40549999475479126,1.6497999429702759,-1.5707963267948966,0.0,1.5707963267948966,0.11197867384057794,-0.21230429785807522,1.8338463401126426
0.08281061336087654,0.4171850186485536,1.6441532050273189,0.0017610429399553059,0.0008728430691609152,1.8273511346104873e-05,-1.5464915140295097,-0.02212476954989384,1.5237565566317934,0.10289999842643738,0.40549999475479126,1.6497999429702759,-1.5707963267948966,0.0,1.5707963267948966,0.11211912624179915,-0.21236014114956084,1.8337754710677432
0.08280489741522021,0.4172213251595452,1.6442735910368675,0.0021490802645687465,0.0006458053370937912,-2.846525872338729e-06,-1.5465602018428097,-0.022184840089545688,1.5241589101984634,0.10289999842643738,0.40549999475479126,1.6497999429702759,-1.5707963267948966,0.0,1.5707963267948966,0.11226046798847844,-0.21241561668919942,1.8337023047001857
0.0827973196132532,0.4172491565973301,1.6443947126935616,0.0008483331468042205,0.0005324314222690384,-0.00017043140867860284,-1.5466679133663448,-0.022226632015737824,1.5245234782261128,0.10289999842643738,0.40549999475479126,1.6497999429702759,-1.5707963267948966,0.0,1.5707963267948966,0.11239059924557557,-0.2124657857647919,1.8336277223792445
0.08277564841523269,0.4172780474099602,1.6445454382973514,-0.00031426303037636224,0.0005527963697967933,-0.0005565132225166677,-1.5468227024512193,-0.022230237002386133,1.5249142034561523,0.10289999842643738,0.40549999475479126,1.6497999429702759,-1.5707963267948966,0.0,1.5707963267948966,0.11253491020073476,-0.21252033573361528,1.8335371489815002
0.08274246568387487,0.41731028272930404,1.6447015490956418,0.0007147068163518361,0.000630060803559724,-0.0005667445116430254,-1.5469957299066979,-0.02221713453587526,1.525292180814154,0.10289999842643738,0.40549999475479126,1.6497999429702759,-1.5707963267948966,0.0,1.5707963267948966,0.11268168551952676,-0.21257567105409514,1.8334423679322251
0.08270188579241132,0.41734355648975247,1.644842969317569,0.0029859838787729366,0.0005589741028713249,-0.0003090847265826991,-1.5471761201453267,-0.02219744392949785,1.525651582253463,0.10289999842643738,0.40549999475479126,1.6497999429702759,-1.5707963267948966,0.0,1.5707963267948966,0.11283035092743185,-0.21263196794052686,1.833344684768032
0.08266285285892147,0.41737320894941443,1.6449708389456281,0.003978811015769199,0.0004704431394047604,-9.527611310834908e-05,-1.5473523115775953,-0.022172341271131213,1.5260024667406522,0.10289999842643738,0.40549999475479126,1.6497999429702759,-1.5707963267948966,0.0,1.5707963267948966,0.11297909499834809,-0.2126883174108176,1.833245599519375
0.08261496737298986,0.41740124872083906,1.64508232245912,0.003918384980030381,0.000305574308781023,-0.00021771630069886784,-1.5475140344568328,-0.022133080992512433,1.5263331334943673,0.10289999842643738,0.40549999475479126,1.6497999429702759,-1.5707963267948966,0.0,1.5707963267948966,0.11312932248238376,-0.21274445246370005,1.8331494377432747
0.08256352866808765,0.4174332340717348,1.6451836329555067,0.0022686183632564623,0.00011480092856430361,-0.00014157192550638939,-1.547673562489664,-0.022099854555856613,1.5266360304114253,0.10289999842643738,0.40549999475479126,1.6497999429702759,-1.5707963267948966,0.0,1.5707963267948966,0.11329317029203045,-0.2128052671166124,1.833046698219425
0.08248799438774311,0.4174796872642614,1.6453022267415054,0.00011423792859528504,-3.4747562067244104e-05,-0.000544876027737199,-1.5478546497077468,-0.022047125577438376,1.5269488870108805,0.10289999842643738,0.40549999475479126,1.6497999429702759,-1.5707963267948966,0.0,1.5707963267948966,0.11346007781827767,-0.21286659017513654,1.8329436610790304
0.08240922687174801,0.417528986216723,1.6454046557955653,-0.000287026933528264,0.00020743359621917085,-0.0002609455134414457,-1.548036282375206,-0.022014242987985266,1.5271623153357794,0.10289999842643738,0.40549999475479126,1.6497999429702759,-1.5707963267948966,0.0,1.5707963267948966,0.11361718807143803,-0.21292434600811416,1.8328483070981567
0.08234278293696516,0.41758467976715563,1.6455030148810206,0.0007806754892300137,0.0008196566617909082,0.0008511527808831633,-1.5482326962620667,-0.022016409012222127,1.5273213566409358,0.10289999842643738,0.40549999475479126,1.6497999429702759,-1.5707963267948966,0.0,1.5707963267948966,0.11377277391474075,-0.21298308945293143,1.8327573024655859
0.0822972185254082,0.41764596689140815,1.6455945169493633,0.0015580752002896973,0.001312755492691573,0.0009738165053766796,-1.5484429599880605,-0.02204186913375006,1.5274387077871843,0.10289999842643738,0.40549999475479126,1.6497999429702759,-1.5707963267948966,0.0,1.5707963267948966,0.11392535415263014,-0.2130425495235485,1.8326805520684233
0.08225248368775949,0.417704759870719,1.6456814069744423,0.0007410758182570151,0.0014530569544670315,1.355848040004485e-06,-1.5486685765327053,-0.02206859258681071,1.5275204725349212,0.10289999842643738,0.40549999475479126,1.6497999429702759,-1.5707963267948966,0.0,1.5707963267948966,0.11406632153500115,-0.21309739762106422,1.8326219622237307
0.082195604994051,0.4177557692599137,1.6457743648246472,-0.0002204956049115013,0.001400499680577396,-0.0006411586114028295,-1.5488708710410053,-0.022064748307916826,1.5276037049363433,0.10289999842643738,0.40549999475479126,1.6497999429702759,-1.5707963267948966,0.0,1.5707963267948966,0.11419769539516168,-0.21314701817197684,1.8325782952484695
0.0821148211634168,0.4178179109094061,1.645912767447245,0.00015635201456153813,0.0013094895916490952,-0.00015930282451956604,-1.5491298866178558,-0.02202605477581887,1.5277254726661469,0.10289999842643738,0.40549999475479126,1.6497999429702759,-1.5707963267948966,0.0,1.5707963267948966,0.11438359711414549,-0.21321615942464836,1.8325319045573594
0.08204392224959489,0.4178703622392441,1.6460516411744308,0.0015655136748144473,0.001077474186677277,0.00022861429754439193,-1.5493685543441038,-0.021972902763184976,1.5278339209121936,0.10289999842643738,0.40549999475479126,1.6497999429702759,-1.5707963267948966,0.0,1.5707963267948966,0.11452907400566617,-0.2132705689012531,1.8325009317346967
0.08197028562072146,0.4179223055425767,1.6462045575617172,0.0034389909687744034,0.0006729867640616506,0.0003403612356535436,-1.549623012735992,-0.021888172205839496,1.52794678761582,0.10289999842643738,0.40549999475479126,1.6497999429702759,-1.5707963267948966,0.0,1.5707963267948966,0.11470010910538475,-0.21333550093018253,1.832466715524429
0.08190074740338606,0.4179696324444119,1.6463473767135324,0.004124277760016786,0.0002888445306640486,0.00023939787332406226,-1.549849312879107,-0.021823103599523108,1.5280472781713568,0.10289999842643738,0.40549999475479126,1.6497999429702759,-1.5707963267948966,0.0,1.5707963267948966,0.1148580300269763,-0.21339639134102956,1.8324311628259629
0.08183411399847278,0.418012953056131,1.6464804372495176,0.0038599132114159247,-0.00011102734772663944,0.00020736951382938887,-1.5500512126291124,-0.021776508285006102,1.5281313205892988,0.10289999842643738,0.40549999475479126,1.6497999429702759,-1.5707963267948966,0.0,1.5707963267948966,0.11500310990171742,-0.21345292654462047,1.8323913668472311
0.08176667321507804,0.4180541803178779,1.6466211008075604,0.0031110878059198194,-0.0004418166468932692,0.00032577915543981466,-1.5502513945111267,-0.021724089747737096,1.5282166501973533,0.10289999842643738,0.40549999475479126,1.6497999429702759,-1.5707963267948966,0.0,1.5707963267948966,0.11514817319517569,-0.21350961597157098,1.8323417534376019
0.08170343400164685,0.4180952022641933,1.6467608143759662,0.0036731123942770837,-0.00045202578514880144,0.000661241448377154,-1.550453222796204,-0.02168482698428731,1.5282887205146014,0.10289999842643738,0.40549999475479126,1.6497999429702759,-1.5707963267948966,0.0,1.5707963267948966,0.11530559486608116,-0.2135719509841956,1.8322778724465425
0.08164901071317313,0.41814219722766593,1.646890389118429,0.005332783703443369,-0.0003655366617056404,0.0011132085954356275,-1.5506731718940379,-0.021653559191934235,1.5283146968117605,0.10289999842643738,0.40549999475479126,1.6497999429702759,-1.5707963267948966,0.0,1.5707963267948966,0.11544794979069246,-0.21363002026206782,1.83221734272249
0.08161044928461075,0.4181887442192801,1.6470025025319122,0.005188971954716231,-0.00038814094580337576,0.001134917830818353,-1.5509019407464146,-0.021629846389870977,1.5283211020590892,0.10289999842643738,0.40549999475479126,1.6497999429702759,-1.5707963267948966,0.0,1.5707963267948966,0.11560136679262145,-0.21369363458178284,1.8321518365732143
0.08158110492600111,0.4182368355697521,1.6471051688796579,0.003525237307561258,-0.00028810772172942314,0.0008633536347566756,-1.5511531623201147,-0.021620624239347297,1.5283202799156033,0.10289999842643738,0.40549999475479126,1.6497999429702759,-1.5707963267948966,0.0,1.5707963267948966,0.11575420287131097,-0.2137573867403676,1.8320843963940139
0.08155558017904613,0.4182846040938644,1.6472096761518693,0.0007584207071245628,-0.00010379044686834911,0.00047596737046750204,-1.5514226094947217,-0.021590238227378045,1.5283361531029758,0.10289999842643738,0.40549999475479126,1.6497999429702759,-1.5707963267948966,0.0,1.5707963267948966,0.11590733976255459,-0.21382070502949702,1.8320131736498784
0.0815274147084834,0.41832745794766785,1.6473025586230967,-0.0004532800704287862,0.00011209600012739151,7.903666670537157e-05,-1.551715804261956,-0.02154239641993616,1.5283452041542325,0.10289999842643738,0.40549999475479126,1.6497999429702759,-1.5707963267948966,0.0,1.5707963267948966,0.11606250985057671,-0.21388372321951013,1.8319416250213019
0.08149579129078507,0.4183730959831634,1.6473857931307208,-0.00016237571355273453,0.000594078498447825,0.00014529677080623487,-1.5520995433999454,-0.02148552903951595,1.528304653302651,0.10289999842643738,0.40549999475479126,1.6497999429702759,-1.5707963267948966,0.0,1.5707963267948966,0.11621884108391055,-0.2139469688220523,1.8318742525580747
0.08146697928167441,0.41841167999997403,1.647448317856586,-0.00032075140059331685,0.000969861170175884,0.0002127340376927185,-1.5524950396310635,-0.021420821265138557,1.528222216207715,0.10289999842643738,0.40549999475479126,1.6497999429702759,-1.5707963267948966,0.0,1.5707963267948966,0.11634970294334869,-0.2139998897881885,1.8318176742621022
0.08143967303754195,0.4184498750833555,1.6475184880503366,-0.001823493408653507,0.0012311988587216656,0.000419423160045393,-1.5529693615282114,-0.02137339615697531,1.5281236610719824,0.10289999842643738,0.40549999475479126,1.6497999429702759,-1.5707963267948966,0.0,1.5707963267948966,0.11650675088293475,-0.21406329470917296,1.8317443956639803
0.0814190778620669,0.4184829798859017,1.6475897336067988,-0.0026205235788289392,0.0013018519487290135,0.0005911892335222044,-1.5534256601010703,-0.021348603414229395,1.5280448408457996,0.10289999842643738,0.40549999475479126,1.6497999429702759,-1.5707963267948966,0.0,1.5707963267948966,0.11665040329809001,-0.2141214906658199,1.8316714510610688
0.08140641278855387,0.4185152563492423,1.6476676655931368,-0.002301347795208825,0.001394287357788855,0.0009693930564215247,-1.5539325079805633,-0.02132545429468724,1.5279872666575347,0.10289999842643738,0.40549999475479126,1.6497999429702759,-1.5707963267948966,0.0,1.5707963267948966,0.1168059760350671,-0.21418509967176327,1.8315880040334402
0.08141491869848558,0.4185486842564324,1.6477443286610869,-0.0016646208235483234,0.0016049510611933619,0.001286373885591387,-1.5545269622175002,-0.021339050132770154,1.5279498513064058,0.10289999842643738,0.40549999475479126,1.6497999429702759,-1.5707963267948966,0.0,1.5707963267948966,0.11697177112751242,-0.2142543377151544,1.8314979368394713
0.08143245323224627,0.41857550527346576,1.6478046651018292,-0.001991344452962501,0.0016131864484789714,0.0010105196090597816,-1.5550518556964867,-0.021347820541466334,1.5279280986104342,0.10289999842643738,0.40549999475479126,1.6497999429702759,-1.5707963267948966,0.0,1.5707963267948966,0.11711096490017607,-0.2143131522589083,1.831424229848761
0.08145828448865745,0.41859765703629226,1.6478835119474542,-0.0035530287202784985,0.0014078528348127604,0.0008866984646016282,-1.5556379818603194,-0.02136756892129288,1.5279276292201036,0.10289999842643738,0.40549999475479126,1.6497999429702759,-1.5707963267948966,0.0,1.5707963267948966,0.11726239488469994,-0.2143766718126669,1.831342173570702
0.0814910008314533,0.41861045399934826,1.647973052948332,-0.00426635865556759,0.0012603112213993744,0.0008125216398621935,-1.5562070229741838,-0.021405965624200718,1.527935866616181,0.10289999842643738,0.40549999475479126,1.6497999429702759,-1.5707963267948966,0.0,1.5707963267948966,0.1174002617520529,-0.21443417933771716,1.8312623367455199
0.08152275211720213,0.41861165485748514,1.6480713434062468,-0.0029592510640991908,0.0011117850137715947,0.00026722063841965734,-1.556765971774206,-0.021422367142163612,1.5279353548566759,0.10289999842643738,0.40549999475479126,1.6497999429702759,-1.5707963267948966,0.0,1.5707963267948966,0.11753816496707245,-0.21449110463373341,1.8311789695437595
0.08154021130007433,0.41860469817754786,1.6481542221133147,0.0005735389592452103,0.0009554252775370556,-0.00032608731299211196,-1.5573332295718498,-0.021411629915853325,1.527896202750461,0.10289999842643738,0.40549999475479126,1.6497999429702759,-1.5707963267948966,0.0,1.5707963267948966,0.11769119428853861,-0.21455382311318383,1.8310945538858987
0.08154940921557557,0.4185912079701317,1.6482234532075466,0.0038713440764715306,0.0008500902363545784,-0.00018403007442806062,-1.558119092916175,-0.021372629527939946,1.527807250511998,0.10289999842643738,0.40549999475479126,1.6497999429702759,-1.5707963267948966,0.0,1.5707963267948966,0.11785920569307662,-0.214623068586905,1.8310165993577847
0.08155895931717205,0.4185749501613854,1.6482789076847515,0.0023044521832113972,0.0007990804883249692,0.0004939463466451693,-1.5588719022204112,-0.021317365120435472,1.5277376047340878,0.10289999842643738,0.40549999475479126,1.6497999429702759,-1.5707963267948966,0.0,1.5707963267948966,0.11802735619313195,-0.2146925315750085,1.8309427002163015
0.08158376283466785,0.4185616789497903,1.6483432222754248,-0.0005558176552025275,0.0008295201297733446,0.0010353951832790308,-1.559537304068394,-0.02130335655419291,1.5277152642183578,0.10289999842643738,0.40549999475479126,1.6497999429702759,-1.5707963267948966,0.0,1.5707963267948966,0.1181679079756302,-0.21475055633856013,1.8308810600401058
0.0816327827040528,0.4185417564408723,1.6484377852984924,-0.001311033683787279,0.0007699298644466131,0.0010819484978934141,-1.5603841931684397,-0.021275158004344874,1.527717111086294,0.10289999842643738,0.40549999475479126,1.6497999429702759,-1.5707963267948966,0.0,1.5707963267948966,0.11834504880592447,-0.21482335465237384,1.8308081827967986
0.08168280267091657,0.4185210782000316,1.648500589651089,0.0004155897188681179,0.0007253668796076441,0.0010561117611132351,-1.5610865039227604,-0.02122947978816514,1.527691787184266,0.10289999842643738,0.40549999475479126,1.6497999429702759,-1.5707963267948966,0.0,1.5707963267948966,0.11849596312582411,-0.21488590247437442,1.8307500064165145
0.08174502474998756,0.41850298024306865,1.6485466638199433,0.0012019294784270365,0.0007574174727628517,0.0012725173304628306,-1.5618084161101025,-0.02120160228125023,1.5276212131230922,0.10289999842643738,0.40549999475479126,1.6497999429702759,-1.5707963267948966,0.0,1.5707963267948966,0.11864563079598359,-0.2149495363877195,1.8306918119513265
0.08182558690148199,0.418488707733661,1.6485952556969186,0.0005865583715760392,0.0008617612034771399,0.0014090775062238835,-1.5625605156825364,-0.021179696778562906,1.5275267177572869,0.10289999842643738,0.40549999475479126,1.6497999429702759,-1.5707963267948966,0.0,1.5707963267948966,0.11879338857300728,-0.2150141309600526,1.8306299649470041
0.08192900543750818,0.4184820444259393,1.6486555328477615,0.00026661182645362785,0.0010836890458213674,0.0012689756905512656,-1.5634415659766419,-0.021176058339055004,1.527406381760357,0.10289999842643738,0.40549999475479126,1.6497999429702759,-1.5707963267948966,0.0,1.5707963267948966,0.11895229361817872,-0.21508556830091258,1.8305584030483268
0.0820263947092477,0.41848119318197446,1.648706990020469,0.0010526453732828721,0.0013125053240798817,0.0010930506328970652,-1.5642045118565122,-0.021183501778092584,1.5272823052376034,0.10289999842643738,0.40549999475479126,1.6497999429702759,-1.5707963267948966,0.0,1.5707963267948966,0.11909813159116038,-0.21515295918273636,1.8304876468671871
0.08215011546742251,0.4184802760962935,1.6487603433894453,0.002904585955857164,0.00107010894070269,0.0003352836984007482,-1.5651541745964448,-0.021176332164802858,1.5270865928744317,0.10289999842643738,0.40549999475479126,1.6497999429702759,-1.5707963267948966,0.0,1.5707963267948966,0.11925706370691262,-0.215227465533355,1.8304105429929804
0.0822455535682431,0.41847498355716106,1.6487986206043093,0.002513650489175016,0.0005049127538300839,5.355313623462253e-05,-1.565978141819509,-0.021157051247910452,1.5269188896962722,0.10289999842643738,0.40549999475479126,1.6497999429702759,-1.5707963267948966,0.0,1.5707963267948966,0.11940656653880118,-0.21529661119701998,1.830346337122705
0.08234371347692154,0.41846781747239864,1.6488444887281584,0.0011195807220677804,0.00010750827987299722,0.000711131030889693,-1.5667818897406365,-0.021134708320845075,1.52677929986003,0.10289999842643738,0.40549999475479126,1.6497999429702759,-1.5707963267948966,0.0,1.5707963267948966,0.11955668561956548,-0.21536557046855656,1.8302888035456952
0.08246514214749763,0.4184650653279059,1.6488874695877722,0.001041861613449241,-0.00016332791563998213,0.0013994331235365127,-1.5675524571712809,-0.02115729075252748,1.526638042716784,0.10289999842643738,0.40549999475479126,1.6497999429702759,-1.5707963267948966,0.0,1.5707963267948966,0.1197039983516329,-0.2154349617623254,1.8302414646747032
0.0826025977902299,0.4184674823651649,1.6489219266680228,0.0007475964129037241,-0.0006234994715898799,0.0012629280164628467,-1.5682907938895267,-0.021222396833032953,1.526492648781614,0.10289999842643738,0.40549999475479126,1.6497999429702759,-1.5707963267948966,0.0,1.5707963267948966,0.11984964689436681,-0.21550511616263848,1.8302073191382384
0.08273430973723675,0.41847258811469024,1.6489600934831152,-0.00047722687312999856,-0.0010514961162978625,0.0007898735442803858,-1.5689183509380176,-0.021296340790760482,1.5263713272719914,0.10289999842643738,0.40549999475479126,1.6497999429702759,-1.5707963267948966,0.0,1.5707963267948966,0.11998282535811393,-0.21557005278242378,1.8301785864574
0.08286620003715144,0.4184816130742038,1.6490070546057327,-0.0009007597296115474,-0.0015331327749475727,-9.52863863824113e-05,-1.5695766245362732,-0.02137694937328405,1.526221411734956,0.10289999842643738,0.40549999475479126,1.6497999429702759,-1.5707963267948966,0.0,1.5707963267948966,0.12013055638801068,-0.2156420080075928,1.8301493382703053
0.0829732815814177,0.41848982282896535,1.6490490661785777,-0.0007589393838878936,-0.001755660554161903,-0.0003025453123952514,-1.5701698715716024,-0.021443590091366982,1.5260585194907648,0.10289999842643738,0.40549999475479126,1.6497999429702759,-1.5707963267948966,0.0,1.5707963267948966,0.1202686784339599,-0.2157087441388787,1.8301306541209421
0.08308550536464379,0.418497878293728,1.6490929875522953,-0.0005496862593530753,-0.0016991783159578315,0.0002795218215616659,-1.5707703293624924,-0.021494597136860527,1.5258536601223434,0.10289999842643738,0.40549999475479126,1.6497999429702759,-1.5707963267948966,0.0,1.5707963267948966,0.12042034349948302,-0.21578225365309728,1.8301168333382383
0.08320323854786091,0.4185052608746786,1.6491357577853953,-0.0006654819084480735,-0.0014977656629120224,0.0010806665836228062,-1.5713051351406948,-0.021554786970880535,1.525667842226526,0.10289999842643738,0.40549999475479126,1.6497999429702759,-1.5707963267948966,0.0,1.5707963267948966,0.12055726469934434,-0.2158499304032899,1.8301094182848976
0.08334760471880245,0.41850839863999656,1.6491897271177793,-0.0008740287324017931,-0.0015396577552425578,0.0012517049783385785,-1.5718856931425669,-0.02160563335974741,1.5254986249964935,0.10289999842643738,0.40549999475479126,1.6497999429702759,-1.5707963267948966,0.0,1.5707963267948966,0.12070431969441474,-0.21592330494407827,1.830110215564842
0.08350290008355013,0.41851030656248217,1.649243255522701,-2.174142939849464e-05,-0.0017260804251997826,0.001124875647339631,-1.5724713590845,-0.021627935953540955,1.5253404263418904,0.10289999842643738,0.40549999475479126,1.6497999429702759,-1.5707963267948966,0.0,1.5707963267948966,0.12084991810154956,-0.21599705201219652,1.8301146914389166
0.08367998558850255,0.41851646479726695,1.6492822146518162,0.002007269239189102,-0.0018620102383651409,0.0006871860127239992,-1.5731731137329228,-0.021653917714602677,1.5251261803060583,0.10289999842643738,0.40549999475479126,1.6497999429702759,-1.5707963267948966,0.0,1.5707963267948966,0.12100724048549608,-0.21607875912692337,1.8301201047523574
0.08383571855353247,0.4185224639854638,1.6493053286359232,0.0029644424539403908,-0.0018603670247229432,-3.529440693220418e-05,-1.5738370648814461,-0.02163146852534714,1.5248986420715427,0.10289999842643738,0.40549999475479126,1.6497999429702759,-1.5707963267948966,0.0,1.5707963267948966,0.12115462996599899,-0.2161556517856473,1.8301259953965212
0.083979462975775,0.4185293556450719,1.649316782674233,0.0034253261430208896,-0.001621815948220386,-0.00024052228786303068,-1.574479397584534,-0.02157141582091171,1.524655438598168,0.10289999842643738,0.40549999475479126,1.6497999429702759,-1.5707963267948966,0.0,1.5707963267948966,0.12131745173187304,-0.21624023752841254,1.8301386853455333
0.08413070673885267,0.41853962264642997,1.649323687556602,0.00278672605224894,-0.001194399170424427,-0.0001149497022979577,-1.5751129643900068,-0.02149490447548663,1.5243842504424179,0.10289999842643738,0.40549999475479126,1.6497999429702759,-1.5707963267948966,0.0,1.5707963267948966,0.12146909366978306,-0.21631933560066782,1.8301521272532582
0.08427083825209607,0.4185508589638607,1.649329505494598,0.002035709082256375,-0.000705799947096063,-0.00025028496912328794,-1.5756726603430364,-0.021380277589928554,1.5240859894328682,0.10289999842643738,0.40549999475479126,1.6497999429702759,-1.5707963267948966,0.0,1.5707963267948966,0.12163529985075225,-0.21640599845472022,1.8301628966360257
0.08437969965936451,0.4185615114855142,1.6493281758261453,0.001717343553013522,-0.00035236946979622726,-0.00021910074468872574,-1.5761187557303276,-0.021287985979282276,1.5238006436461682,0.10289999842643738,0.40549999475479126,1.6497999429702759,-1.5707963267948966,0.0,1.5707963267948966,0.12177744395084697,-0.21648030536551555,1.8301664918414944
0.08449159119228092,0.4185738879379567,1.6493294393383022,0.000720325316996768,-0.00017365209431604355,-0.00012639341003220714,-1.5765793830542778,-0.02116920641850628,1.5234815754230449,0.10289999842643738,0.40549999475479126,1.6497999429702759,-1.5707963267948966,0.0,1.5707963267948966,0.12194656764122513,-0.21656927326163095,1.8301604366645714
0.08460306615325595,0.4185862907586828,1.6493432163800037,-9.702098527334813e-05,-0.0007194005143159303,-0.0002124426633759713,-1.577062006734528,-0.02102331548829106,1.5231502314908028,0.10289999842643738,0.40549999475479126,1.6497999429702759,-1.5707963267948966,0.0,1.5707963267948966,0.12210418926456726,-0.21665238903976927,1.8301434908344605
0.08469433756491405,0.41859257652135695,1.6493611081325916,0.0009003052457567635,-0.0010607390182083623,-0.0003151683642784017,-1.5775079468288844,-0.020876595178032087,1.5228771720180332,0.10289999842643738,0.40549999475479126,1.6497999429702759,-1.5707963267948966,0.0,1.5707963267948966,0.12226368361135655,-0.2167363267275608,1.8301175335447708
0.08476799577809273,0.41858709320573984,1.649371735692105,0.0024052067581080377,-0.0012295691626857913,-0.0002544825346553021,-1.5778990074298984,-0.020700658642764047,1.5226690159108307,0.10289999842643738,0.40549999475479126,1.6497999429702759,-1.5707963267948966,0.0,1.5707963267948966,0.12241136915284981,-0.2168135615367599,1.8300885209750173
0.08483716731428084,0.41857081505159893,1.6493778762750708,0.002812863871915175,-0.0011640318465211941,-2.3514311736005176e-05,-1.5782995688857364,-0.020517921589155996,1.5224981047039963,0.10289999842643738,0.40549999475479126,1.6497999429702759,-1.5707963267948966,0.0,1.5707963267948966,0.12256000255725519,-0.21689077410008634,1.8300540930703137
0.08491924792523448,0.41854499697588904,1.6493909662600605,0.0018742933431926967,-0.0009360187441463296,0.00015756110535427464,-1.5787800207992073,-0.020302014439792515,1.5223575825896523,0.10289999842643738,0.40549999475479126,1.6497999429702759,-1.5707963267948966,0.0,1.5707963267948966,0.12273616427392393,-0.21698223243422554,1.8300063596305278
0.08499325066227452,0.4185149967121254,1.6494126671140832,0.001300656006871713,-0.0008662886632950732,-0.0002036721727021466,-1.5792422167407711,-0.020058623228764283,1.522269485044217,0.10289999842643738,0.40549999475479126,1.6497999429702759,-1.5707963267948966,0.0,1.5707963267948966,0.1229141616017169,-0.21707440864389507,1.8299529955157883
0.08504296009950936,0.4184857945551572,1.649430604298189,0.0013730579161870767,-0.0010583906729788746,-0.0004664037587198087,-1.5796687427251692,-0.019818536921767826,1.5222032424311172,0.10289999842643738,0.40549999475479126,1.6497999429702759,-1.5707963267948966,0.0,1.5707963267948966,0.12308191386027593,-0.21716066148208812,1.829902775153957
0.08508537551458419,0.41845469309849787,1.6494393704506964,0.0019124472019404499,-0.0013173333617204257,0.0002042637272398396,-1.5800827139629352,-0.01955476558072844,1.5221405699200607,0.10289999842643738,0.40549999475479126,1.6497999429702759,-1.5707963267948966,0.0,1.5707963267948966,0.12325113043673623,-0.2172479604078398,1.8298572344392248
0.08514496842155174,0.41842565824245626,1.6494360203524827,0.0014534714016849798,-0.001744319651034633,0.0008819274355635442,-1.5805404704300865,-0.019278620013863268,1.5220431810155572,0.10289999842643738,0.40549999475479126,1.6497999429702759,-1.5707963267948966,0.0,1.5707963267948966,0.12343270085900598,-0.21734405851542543,1.829818198972795
0.08523464419240816,0.41840118616301036,1.6494338259467187,-0.0016098466079811854,-0.0023185703022899603,0.0011350386153057945,-1.5811181343027387,-0.01900262468088698,1.5218816986321395,0.10289999842643738,0.40549999475479126,1.6497999429702759,-1.5707963267948966,0.0,1.5707963267948966,0.12365458543024738,-0.2174642373115083,1.8297821434544599
0.08532437766445389,0.4183915184064859,1.6494471542382045,-0.003898967690743143,-0.0022492049310672666,0.0013932142491816224,-1.5815521249265885,-0.018848900840462868,1.5217320326476413,0.10289999842643738,0.40549999475479126,1.6497999429702759,-1.5707963267948966,0.0,1.5707963267948966,0.12383303889761699,-0.21756346802595267,1.8297517735193016
0.08541455031660071,0.4183869179017433,1.6494614826228549,-0.003971794844267114,-0.0020357356379433313,0.0013483170415565225,-1.5818991372934785,-0.018783079303197336,1.5215873287079877,0.10289999842643738,0.40549999475479126,1.6497999429702759,-1.5707963267948966,0.0,1.5707963267948966,0.12399572387849099,-0.2176561564003204,1.829722040256766
0.08551919095364821,0.4183737676356898,1.6494681738584605,-0.0028499449379678723,-0.0019163803691604388,0.0006913914309206606,-1.5822338066358406,-0.01871024608599825,1.5213890070380047,0.10289999842643738,0.40549999475479126,1.6497999429702759,-1.5707963267948966,0.0,1.5707963267948966,0.1241585409396589,-0.21774937291414856,1.8296953644211384
0.08560089495843941,0.4183548991609025,1.6494699013504526,-0.002837125217525871,-0.0017425617869832517,0.0005423602119726643,-1.5824529249018104,-0.01864122008318425,1.5211972007519996,0.10289999842643738,0.40549999475479126,1.6497999429702759,-1.5707963267948966,0.0,1.5707963267948966,0.1243086323624192,-0.21783506476696188,1.8296748086659396
0.08570588885842935,0.4183323992279835,1.6494800273009336,-0.0036362726922441004,-0.0015906175652989538,0.0010726738926540647,-1.5826681851012068,-0.01859255528804038,1.52095585762167,0.10289999842643738,0.40549999475479126,1.6497999429702759,-1.5707963267948966,0.0,1.5707963267948966,0.12448464907836483,-0.2179370766321863,1.8296526283043448
0.08581800269219843,0.4183142943821426,1.6494964377085364,-0.003721558649656714,-0.0015039878164857588,0.0013821135341861553,-1.5828232008283516,-0.018559825354852677,1.520735899408289,0.10289999842643738,0.40549999475479126,1.6497999429702759,-1.5707963267948966,0.0,1.5707963267948966,0.12464453068013931,-0.21803225175246047,1.8296347402549047
0.08593354814205313,0.4182985632666626,1.649514806690246,-0.0031946705726531278,-0.0013757042985661331,0.001499411022396202,-1.5829685457115816,-0.018551507759118735,1.5205517223888425,0.10289999842643738,0.40549999475479126,1.6497999429702759,-1.5707963267948966,0.0,1.5707963267948966,0.12480181322135933,-0.21812829343167053,1.8296178868858304
0.08610078681680701,0.4182733226597815,1.649549649259816,-0.002126868614795683,-0.0012155691586375854,0.0015110926993815031,-1.5831876683953945,-0.018557370433923914,1.5203580155254048,0.10289999842643738,0.40549999475479126,1.6497999429702759,-1.5707963267948966,0.0,1.5707963267948966,0.12496879973680673,-0.21823288797603083,1.8295962034319426
0.0862800057772073,0.4182403732368092,1.6495937197839439,-6.841891854524329e-05,-0.0014074716458228249,0.0010826332809906916,-1.583438052461916,-0.0185315071695058,1.520187134817059,0.10289999842643738,0.40549999475479126,1.6497999429702759,-1.5707963267948966,0.0,1.5707963267948966,0.12514636646257757,-0.2183465369013365,1.82956895285648
0.08642603374336996,0.4182133671766769,1.6496260612538194,0.0016474554593236648,-0.0015872130682009257,0.0007565111457151121,-1.5836857533028241,-0.018508958743521653,1.5200527106557087,0.10289999842643738,0.40549999475479126,1.6497999429702759,-1.5707963267948966,0.0,1.5707963267948966,0.12528513451222745,-0.2184372241689761,1.8295460265104588
0.08658490503876089,0.41818334991679057,1.64966165510883,0.0025513912188830255,-0.0016132489878062078,0.0003953444552488324,-1.5839824295936695,-0.018449236865617724,1.5199052859124114,0.10289999842643738,0.40549999475479126,1.6497999429702759,-1.5707963267948966,0.0,1.5707963267948966,0.12543665616288066,-0.2185375472599008,1.8295190810134878
0.08675437844405395,0.4181520810793369,1.6496999047781438,0.0022555701518160187,-0.0014911490006628266,-5.6903280674442185e-05,-1.584348088286127,-0.018376370892579708,1.5197355573435305,0.10289999842643738,0.40549999475479126,1.6497999429702759,-1.5707963267948966,0.0,1.5707963267948966,0.12560138527888848,-0.2186475883245083,1.8294869664723232
0.08688510402365214,0.41812636775673917,1.649733999270407,0.0010123262580564684,-0.0015723635337796457,-0.000476776809182017,-1.5846926593247601,-0.018284962260971316,1.5195829356085138,0.10289999842643738,0.40549999475479126,1.6497999429702759,-1.5707963267948966,0.0,1.5707963267948966,0.12575571318003517,-0.21874992472358012,1.829455662302711
0.08702043587559453,0.418095311980722,1.6497748626344484,-0.00021389184802408218,-0.0016187470079324774,-0.00016501492614971736,-1.5850512297183545,-0.018143042673250065,1.5194327340054,0.10289999842643738,0.40549999475479126,1.6497999429702759,-1.5707963267948966,0.0,1.5707963267948966,0.12589792581348294,-0.2188436674612388,1.8294283146672177
0.08715811065605888,0.4180609399211942,1.6498146181619766,-0.00035525972116726904,-0.0015902422001088602,0.00014636109823337173,-1.5854118627048173,-0.018002170250063454,1.5192953047028241,0.10289999842643738,0.40549999475479126,1.6497999429702759,-1.5707963267948966,0.0,1.5707963267948966,0.1260523282294706,-0.21894586327409363,1.8293994887942377
